video_uid,dimension,split,prompt_id,group_id,generator,relative_video_path,score,status,elapsed_s,error,official_video_boolean
v_1bcd2cc9351ccd2c9b08,subject_consistency,dev,a bear catching a salmon in its powerful jaws,310,cogvideo,cogvideo/subject_consistency/a bear catching a salmon in its powerful jaws-0.gif,0.9365653991699219,success,0.543590,,
v_40af60d15a5fe4489d2f,subject_consistency,dev,a bear catching a salmon in its powerful jaws,311,cogvideo,cogvideo/subject_consistency/a bear catching a salmon in its powerful jaws-1.gif,0.8618593215942383,success,0.258038,,
v_a514203d6907cc109969,subject_consistency,dev,a bear catching a salmon in its powerful jaws,312,cogvideo,cogvideo/subject_consistency/a bear catching a salmon in its powerful jaws-2.gif,0.9528404474258423,success,0.310150,,
v_c7a13cd1b0105832b4cb,subject_consistency,dev,a bear catching a salmon in its powerful jaws,313,cogvideo,cogvideo/subject_consistency/a bear catching a salmon in its powerful jaws-3.gif,0.9121244549751282,success,0.270917,,
v_478bfe0a811095b671b5,subject_consistency,dev,a bear catching a salmon in its powerful jaws,314,cogvideo,cogvideo/subject_consistency/a bear catching a salmon in its powerful jaws-4.gif,0.9300997257232666,success,0.306380,,
v_397d9d448f656e2c2be3,subject_consistency,dev,a bear climbing a tree,320,cogvideo,cogvideo/subject_consistency/a bear climbing a tree-0.gif,0.9063711166381836,success,0.346911,,
v_37fb2493796fa7decfc2,subject_consistency,dev,a bear climbing a tree,321,cogvideo,cogvideo/subject_consistency/a bear climbing a tree-1.gif,0.9628565907478333,success,0.303836,,
v_27fef6e2c96b2bb7e078,subject_consistency,dev,a bear climbing a tree,322,cogvideo,cogvideo/subject_consistency/a bear climbing a tree-2.gif,0.913580596446991,success,0.305363,,
v_5cf8bedb5ae590fc5d4b,subject_consistency,dev,a bear climbing a tree,323,cogvideo,cogvideo/subject_consistency/a bear climbing a tree-3.gif,0.9621225595474243,success,0.293527,,
v_1efa301355559cdf78bf,subject_consistency,dev,a bear climbing a tree,324,cogvideo,cogvideo/subject_consistency/a bear climbing a tree-4.gif,0.9119125604629517,success,0.315631,,
v_2fd49741ef949a78b517,subject_consistency,dev,a bear hunting for prey,325,cogvideo,cogvideo/subject_consistency/a bear hunting for prey-0.gif,0.9304238557815552,success,0.284531,,
v_8cd43f56708611f37006,subject_consistency,dev,a bear hunting for prey,326,cogvideo,cogvideo/subject_consistency/a bear hunting for prey-1.gif,0.9313339591026306,success,0.290313,,
v_b2ca2f44f656f84a0f8f,subject_consistency,dev,a bear hunting for prey,327,cogvideo,cogvideo/subject_consistency/a bear hunting for prey-2.gif,0.9554002285003662,success,0.308060,,
v_a26e7f3437bf1e33ef6f,subject_consistency,dev,a bear hunting for prey,328,cogvideo,cogvideo/subject_consistency/a bear hunting for prey-3.gif,0.9793095588684082,success,0.297818,,
v_412ac98cee7e4e1491bb,subject_consistency,dev,a bear hunting for prey,329,cogvideo,cogvideo/subject_consistency/a bear hunting for prey-4.gif,0.954190194606781,success,0.296363,,
v_8b611ca31b73bf4df6a3,subject_consistency,test,a bear sniffing the air for scents of food,315,cogvideo,cogvideo/subject_consistency/a bear sniffing the air for scents of food-0.gif,0.9494287967681885,success,0.301614,,
v_8f701efdd48856104d63,subject_consistency,test,a bear sniffing the air for scents of food,316,cogvideo,cogvideo/subject_consistency/a bear sniffing the air for scents of food-1.gif,0.9270738363265991,success,0.295011,,
v_b56f72c0fbb9f67025c8,subject_consistency,test,a bear sniffing the air for scents of food,317,cogvideo,cogvideo/subject_consistency/a bear sniffing the air for scents of food-2.gif,0.9434618353843689,success,0.302291,,
v_d348204b32e98b76ce75,subject_consistency,test,a bear sniffing the air for scents of food,318,cogvideo,cogvideo/subject_consistency/a bear sniffing the air for scents of food-3.gif,0.9578003883361816,success,0.292965,,
v_c74ee2a926a007e6e96b,subject_consistency,test,a bear sniffing the air for scents of food,319,cogvideo,cogvideo/subject_consistency/a bear sniffing the air for scents of food-4.gif,0.9280143976211548,success,0.365627,,
v_e1ec4612f9422d97c01c,subject_consistency,dev,a bicycle accelerating to gain speed,50,cogvideo,cogvideo/subject_consistency/a bicycle accelerating to gain speed-0.gif,0.9281547665596008,success,0.300871,,
v_915b60d230d41bcb9e1d,subject_consistency,dev,a bicycle accelerating to gain speed,51,cogvideo,cogvideo/subject_consistency/a bicycle accelerating to gain speed-1.gif,0.9499682188034058,success,0.301211,,
v_0dce429f781236e50a48,subject_consistency,dev,a bicycle accelerating to gain speed,52,cogvideo,cogvideo/subject_consistency/a bicycle accelerating to gain speed-2.gif,0.9200985431671143,success,0.296949,,
v_378a0fdc6787554a6ab4,subject_consistency,dev,a bicycle accelerating to gain speed,53,cogvideo,cogvideo/subject_consistency/a bicycle accelerating to gain speed-3.gif,0.9731805920600891,success,0.296136,,
v_29b412ebea7684ce62a8,subject_consistency,dev,a bicycle accelerating to gain speed,54,cogvideo,cogvideo/subject_consistency/a bicycle accelerating to gain speed-4.gif,0.8433184623718262,success,0.340286,,
v_74c3a91e1cd5ac167338,subject_consistency,test,a bicycle gliding through a snowy field,40,cogvideo,cogvideo/subject_consistency/a bicycle gliding through a snowy field-0.gif,0.9683824777603149,success,0.324094,,
v_893f7c94ef10310ec00a,subject_consistency,test,a bicycle gliding through a snowy field,41,cogvideo,cogvideo/subject_consistency/a bicycle gliding through a snowy field-1.gif,0.9066212177276611,success,0.323328,,
v_e1be09b002a67535b5d8,subject_consistency,test,a bicycle gliding through a snowy field,42,cogvideo,cogvideo/subject_consistency/a bicycle gliding through a snowy field-2.gif,0.9388113021850586,success,0.306378,,
v_8742d1a4254a0af032e8,subject_consistency,test,a bicycle gliding through a snowy field,43,cogvideo,cogvideo/subject_consistency/a bicycle gliding through a snowy field-3.gif,0.8866657614707947,success,0.298864,,
v_46b26c8cf8664e93ac89,subject_consistency,test,a bicycle gliding through a snowy field,44,cogvideo,cogvideo/subject_consistency/a bicycle gliding through a snowy field-4.gif,0.9368734359741211,success,0.296788,,
v_7a15ece21d814f0fce0f,subject_consistency,dev,a bicycle leaning against a tree,35,cogvideo,cogvideo/subject_consistency/a bicycle leaning against a tree-0.gif,0.9489574432373047,success,0.294739,,
v_fc1e1f0a75a851a954e8,subject_consistency,dev,a bicycle leaning against a tree,36,cogvideo,cogvideo/subject_consistency/a bicycle leaning against a tree-1.gif,0.9679906368255615,success,0.299967,,
v_ce2a79063c7f8da7f8de,subject_consistency,dev,a bicycle leaning against a tree,37,cogvideo,cogvideo/subject_consistency/a bicycle leaning against a tree-2.gif,0.9679452180862427,success,0.302723,,
v_4c9f4767895b0f66b455,subject_consistency,dev,a bicycle leaning against a tree,38,cogvideo,cogvideo/subject_consistency/a bicycle leaning against a tree-3.gif,0.9639053344726562,success,0.291176,,
v_7131bd5f5f3357bdf255,subject_consistency,dev,a bicycle leaning against a tree,39,cogvideo,cogvideo/subject_consistency/a bicycle leaning against a tree-4.gif,0.9687427282333374,success,0.283996,,
v_3b2fd2033b30ae6084c1,subject_consistency,test,a bicycle slowing down to stop,45,cogvideo,cogvideo/subject_consistency/a bicycle slowing down to stop-0.gif,0.9337478876113892,success,0.297557,,
v_0d9dd2ebbeb1e4814586,subject_consistency,test,a bicycle slowing down to stop,46,cogvideo,cogvideo/subject_consistency/a bicycle slowing down to stop-1.gif,0.9681574106216431,success,0.276616,,
v_92a21d7119089d076f03,subject_consistency,test,a bicycle slowing down to stop,47,cogvideo,cogvideo/subject_consistency/a bicycle slowing down to stop-2.gif,0.9227749705314636,success,0.294725,,
v_4ce154be4723a61cf846,subject_consistency,test,a bicycle slowing down to stop,48,cogvideo,cogvideo/subject_consistency/a bicycle slowing down to stop-3.gif,0.9786943197250366,success,0.298657,,
v_64f3cfe021a9db95e524,subject_consistency,test,a bicycle slowing down to stop,49,cogvideo,cogvideo/subject_consistency/a bicycle slowing down to stop-4.gif,0.9700745344161987,success,0.299677,,
v_091fae8307752238c8e8,subject_consistency,test,a bird building a nest from twigs and leaves,195,cogvideo,cogvideo/subject_consistency/a bird building a nest from twigs and leaves-0.gif,0.9353880882263184,success,0.297942,,
v_41ff39bd30f173605f66,subject_consistency,test,a bird building a nest from twigs and leaves,196,cogvideo,cogvideo/subject_consistency/a bird building a nest from twigs and leaves-1.gif,0.9089972376823425,success,0.296325,,
v_deafc769e681f45e251d,subject_consistency,test,a bird building a nest from twigs and leaves,197,cogvideo,cogvideo/subject_consistency/a bird building a nest from twigs and leaves-2.gif,0.8780289888381958,success,0.309739,,
v_5cfba9a5806fa6ced1c3,subject_consistency,test,a bird building a nest from twigs and leaves,198,cogvideo,cogvideo/subject_consistency/a bird building a nest from twigs and leaves-3.gif,0.8988014459609985,success,0.292153,,
v_21622f0d0ba10b7185b9,subject_consistency,test,a bird building a nest from twigs and leaves,199,cogvideo,cogvideo/subject_consistency/a bird building a nest from twigs and leaves-4.gif,0.9358192682266235,success,0.293007,,
v_bb5e247e8ac8a3649437,subject_consistency,dev,a bird flying over a snowy forest,200,cogvideo,cogvideo/subject_consistency/a bird flying over a snowy forest-0.gif,0.9506858587265015,success,0.296135,,
v_ad6a0426a4f788b59523,subject_consistency,dev,a bird flying over a snowy forest,201,cogvideo,cogvideo/subject_consistency/a bird flying over a snowy forest-1.gif,0.7679996490478516,success,0.302116,,
v_c3212269aced4aba5be6,subject_consistency,dev,a bird flying over a snowy forest,202,cogvideo,cogvideo/subject_consistency/a bird flying over a snowy forest-2.gif,0.8131049275398254,success,0.292989,,
v_9c1a0bc0acf69ed47c39,subject_consistency,dev,a bird flying over a snowy forest,203,cogvideo,cogvideo/subject_consistency/a bird flying over a snowy forest-3.gif,0.8097355365753174,success,0.296581,,
v_ea22f107cb375f3c7f03,subject_consistency,dev,a bird flying over a snowy forest,204,cogvideo,cogvideo/subject_consistency/a bird flying over a snowy forest-4.gif,0.9731005430221558,success,0.299840,,
v_17cea62f6e29378e0f1f,subject_consistency,test,a bird soaring gracefully in the sky,190,cogvideo,cogvideo/subject_consistency/a bird soaring gracefully in the sky-0.gif,0.7981463670730591,success,0.298605,,
v_bd611d680990039397b3,subject_consistency,test,a bird soaring gracefully in the sky,191,cogvideo,cogvideo/subject_consistency/a bird soaring gracefully in the sky-1.gif,0.8336600065231323,success,0.303328,,
v_588997bd89075c3015f0,subject_consistency,test,a bird soaring gracefully in the sky,192,cogvideo,cogvideo/subject_consistency/a bird soaring gracefully in the sky-2.gif,0.8225721716880798,success,0.282914,,
v_91e6e0b782e73051fdc5,subject_consistency,test,a bird soaring gracefully in the sky,193,cogvideo,cogvideo/subject_consistency/a bird soaring gracefully in the sky-3.gif,0.8115358352661133,success,0.287970,,
v_ee6130d46685e41ac975,subject_consistency,test,a bird soaring gracefully in the sky,194,cogvideo,cogvideo/subject_consistency/a bird soaring gracefully in the sky-4.gif,0.7610265612602234,success,0.297515,,
v_038af9e85946208b9d08,subject_consistency,dev,a boat accelerating to gain speed,185,cogvideo,cogvideo/subject_consistency/a boat accelerating to gain speed-0.gif,0.9640581011772156,success,0.267399,,
v_55e05fdef66c408d5694,subject_consistency,dev,a boat accelerating to gain speed,186,cogvideo,cogvideo/subject_consistency/a boat accelerating to gain speed-1.gif,0.9504660367965698,success,0.292564,,
v_1b2723dc5bb964004bfa,subject_consistency,dev,a boat accelerating to gain speed,187,cogvideo,cogvideo/subject_consistency/a boat accelerating to gain speed-2.gif,0.9628919959068298,success,0.307969,,
v_35602bfcd0920d6b2cf3,subject_consistency,dev,a boat accelerating to gain speed,188,cogvideo,cogvideo/subject_consistency/a boat accelerating to gain speed-3.gif,0.9477037787437439,success,0.295737,,
v_7582b880c948a83a99e6,subject_consistency,dev,a boat accelerating to gain speed,189,cogvideo,cogvideo/subject_consistency/a boat accelerating to gain speed-4.gif,0.9647760987281799,success,0.297540,,
v_a63619f925c723599ad0,subject_consistency,test,a boat sailing smoothly on a calm lake,175,cogvideo,cogvideo/subject_consistency/a boat sailing smoothly on a calm lake-0.gif,0.9830979704856873,success,0.386013,,
v_e337c54106552fa71973,subject_consistency,test,a boat sailing smoothly on a calm lake,176,cogvideo,cogvideo/subject_consistency/a boat sailing smoothly on a calm lake-1.gif,0.9256473779678345,success,0.311292,,
v_68459813cdb370c2e1bf,subject_consistency,test,a boat sailing smoothly on a calm lake,177,cogvideo,cogvideo/subject_consistency/a boat sailing smoothly on a calm lake-2.gif,0.9352283477783203,success,0.295735,,
v_c4461cff5dee07dc1684,subject_consistency,test,a boat sailing smoothly on a calm lake,178,cogvideo,cogvideo/subject_consistency/a boat sailing smoothly on a calm lake-3.gif,0.9484653472900391,success,0.298057,,
v_e9637325bccf604ae908,subject_consistency,test,a boat sailing smoothly on a calm lake,179,cogvideo,cogvideo/subject_consistency/a boat sailing smoothly on a calm lake-4.gif,0.9601431488990784,success,0.299696,,
v_650318bcf59562dde892,subject_consistency,test,a boat slowing down to stop,180,cogvideo,cogvideo/subject_consistency/a boat slowing down to stop-0.gif,0.8826471567153931,success,0.293967,,
v_ccdad40e785411777704,subject_consistency,test,a boat slowing down to stop,181,cogvideo,cogvideo/subject_consistency/a boat slowing down to stop-1.gif,0.9547479152679443,success,0.300728,,
v_87db067a69b55e0aaf2a,subject_consistency,test,a boat slowing down to stop,182,cogvideo,cogvideo/subject_consistency/a boat slowing down to stop-2.gif,0.889918327331543,success,0.299447,,
v_e76666eff30ca76a506b,subject_consistency,test,a boat slowing down to stop,183,cogvideo,cogvideo/subject_consistency/a boat slowing down to stop-3.gif,0.9524345993995667,success,0.302111,,
v_795485f49c337261440b,subject_consistency,test,a boat slowing down to stop,184,cogvideo,cogvideo/subject_consistency/a boat slowing down to stop-4.gif,0.9706593751907349,success,0.294230,,
v_a190581dc62d2a840af1,subject_consistency,test,a bus accelerating to gain speed,130,cogvideo,cogvideo/subject_consistency/a bus accelerating to gain speed-0.gif,0.983324408531189,success,0.295872,,
v_25f57beab655d38adfd4,subject_consistency,test,a bus accelerating to gain speed,131,cogvideo,cogvideo/subject_consistency/a bus accelerating to gain speed-1.gif,0.9821480512619019,success,0.289725,,
v_091b0202e840296c4e3f,subject_consistency,test,a bus accelerating to gain speed,132,cogvideo,cogvideo/subject_consistency/a bus accelerating to gain speed-2.gif,0.9639537334442139,success,0.290898,,
v_8a02be07d967ed95355e,subject_consistency,test,a bus accelerating to gain speed,133,cogvideo,cogvideo/subject_consistency/a bus accelerating to gain speed-3.gif,0.9233152866363525,success,0.345978,,
v_d92243a40ade8a91598b,subject_consistency,test,a bus accelerating to gain speed,134,cogvideo,cogvideo/subject_consistency/a bus accelerating to gain speed-4.gif,0.9726355075836182,success,0.319899,,
v_9df60217d7d2d27e6966,subject_consistency,test,a bus stuck in traffic during rush hour,125,cogvideo,cogvideo/subject_consistency/a bus stuck in traffic during rush hour-0.gif,0.8180265426635742,success,0.303608,,
v_94f9b9e41a998cd67fe0,subject_consistency,test,a bus stuck in traffic during rush hour,126,cogvideo,cogvideo/subject_consistency/a bus stuck in traffic during rush hour-1.gif,0.968278169631958,success,0.263721,,
v_1433d7956b4107caa73d,subject_consistency,test,a bus stuck in traffic during rush hour,127,cogvideo,cogvideo/subject_consistency/a bus stuck in traffic during rush hour-2.gif,0.7439034581184387,success,0.296273,,
v_88075aa4f29745253555,subject_consistency,test,a bus stuck in traffic during rush hour,128,cogvideo,cogvideo/subject_consistency/a bus stuck in traffic during rush hour-3.gif,0.9449587464332581,success,0.293855,,
v_6cb5732950d4880c2be6,subject_consistency,test,a bus stuck in traffic during rush hour,129,cogvideo,cogvideo/subject_consistency/a bus stuck in traffic during rush hour-4.gif,0.8787500858306885,success,0.293204,,
v_4f6246de363a4189bf81,subject_consistency,test,a bus turning a corner,120,cogvideo,cogvideo/subject_consistency/a bus turning a corner-0.gif,0.864708662033081,success,0.287741,,
v_a9261160284d13fab408,subject_consistency,test,a bus turning a corner,121,cogvideo,cogvideo/subject_consistency/a bus turning a corner-1.gif,0.9596891403198242,success,0.372080,,
v_2860710e1ca794e753a9,subject_consistency,test,a bus turning a corner,122,cogvideo,cogvideo/subject_consistency/a bus turning a corner-2.gif,0.9712397456169128,success,0.326358,,
v_9e06725772eeb590015b,subject_consistency,test,a bus turning a corner,123,cogvideo,cogvideo/subject_consistency/a bus turning a corner-3.gif,0.9499514698982239,success,0.281749,,
v_639f2f86f78b111cb53d,subject_consistency,test,a bus turning a corner,124,cogvideo,cogvideo/subject_consistency/a bus turning a corner-4.gif,0.987605094909668,success,0.306504,,
v_c410fdabcfd0369bfbeb,subject_consistency,dev,a car accelerating to gain speed,70,cogvideo,cogvideo/subject_consistency/a car accelerating to gain speed-0.gif,0.9558497667312622,success,0.311126,,
v_0e7253d6abe155f18829,subject_consistency,dev,a car accelerating to gain speed,71,cogvideo,cogvideo/subject_consistency/a car accelerating to gain speed-1.gif,0.9788998365402222,success,0.304448,,
v_f197911b8fe2bc1a08d6,subject_consistency,dev,a car accelerating to gain speed,72,cogvideo,cogvideo/subject_consistency/a car accelerating to gain speed-2.gif,0.9670283794403076,success,0.283340,,
v_afd2d6f3ca2e50c1a3be,subject_consistency,dev,a car accelerating to gain speed,73,cogvideo,cogvideo/subject_consistency/a car accelerating to gain speed-3.gif,0.8936313390731812,success,0.297629,,
v_141b35f39a9fe2929d76,subject_consistency,dev,a car accelerating to gain speed,74,cogvideo,cogvideo/subject_consistency/a car accelerating to gain speed-4.gif,0.9677321910858154,success,0.300730,,
v_6f81e6f7549ad2c51c99,subject_consistency,dev,a car slowing down to stop,65,cogvideo,cogvideo/subject_consistency/a car slowing down to stop-0.gif,0.9641484022140503,success,0.304867,,
v_300e129dbcfb1d3e852c,subject_consistency,dev,a car slowing down to stop,66,cogvideo,cogvideo/subject_consistency/a car slowing down to stop-1.gif,0.9314218163490295,success,0.296870,,
v_b41013b962f3a2fb053e,subject_consistency,dev,a car slowing down to stop,67,cogvideo,cogvideo/subject_consistency/a car slowing down to stop-2.gif,0.9707233309745789,success,0.287190,,
v_ba745f9ff1026e875124,subject_consistency,dev,a car slowing down to stop,68,cogvideo,cogvideo/subject_consistency/a car slowing down to stop-3.gif,0.9864974021911621,success,0.296587,,
v_7b69ed86646cba6c381f,subject_consistency,dev,a car slowing down to stop,69,cogvideo,cogvideo/subject_consistency/a car slowing down to stop-4.gif,0.7507935762405396,success,0.298473,,
v_02f56a14167df823ae9a,subject_consistency,dev,a car stuck in traffic during rush hour,55,cogvideo,cogvideo/subject_consistency/a car stuck in traffic during rush hour-0.gif,0.9261994361877441,success,0.383749,,
v_1b49377c5cd859c1f4e5,subject_consistency,dev,a car stuck in traffic during rush hour,56,cogvideo,cogvideo/subject_consistency/a car stuck in traffic during rush hour-1.gif,0.9085520505905151,success,0.300737,,
v_ec39cc1b1b917122fc51,subject_consistency,dev,a car stuck in traffic during rush hour,57,cogvideo,cogvideo/subject_consistency/a car stuck in traffic during rush hour-2.gif,0.895685076713562,success,0.305568,,
v_a18341b2a02d443946b4,subject_consistency,dev,a car stuck in traffic during rush hour,58,cogvideo,cogvideo/subject_consistency/a car stuck in traffic during rush hour-3.gif,0.9391511678695679,success,0.304419,,
v_fb775904e2563eab18eb,subject_consistency,dev,a car stuck in traffic during rush hour,59,cogvideo,cogvideo/subject_consistency/a car stuck in traffic during rush hour-4.gif,0.9397608041763306,success,0.281609,,
v_dd7862fabf855ca4a7a0,subject_consistency,test,a car turning a corner,60,cogvideo,cogvideo/subject_consistency/a car turning a corner-0.gif,0.7665368318557739,success,0.292041,,
v_517253842a7ccbbcaa84,subject_consistency,test,a car turning a corner,61,cogvideo,cogvideo/subject_consistency/a car turning a corner-1.gif,0.9604662656784058,success,0.297036,,
v_68058dfac3d0ab52d2d8,subject_consistency,test,a car turning a corner,62,cogvideo,cogvideo/subject_consistency/a car turning a corner-2.gif,0.9412890672683716,success,0.297212,,
v_fc35aebc1eba569f3819,subject_consistency,test,a car turning a corner,63,cogvideo,cogvideo/subject_consistency/a car turning a corner-3.gif,0.8045844435691833,success,0.297601,,
v_a8fd9a3cc81cdaef9788,subject_consistency,test,a car turning a corner,64,cogvideo,cogvideo/subject_consistency/a car turning a corner-4.gif,0.8839252591133118,success,0.297452,,
v_cc46b7a37810ad9e22b7,subject_consistency,test,a cat drinking water,215,cogvideo,cogvideo/subject_consistency/a cat drinking water-0.gif,0.9753652811050415,success,0.296925,,
v_a94919deb6672647daba,subject_consistency,test,a cat drinking water,216,cogvideo,cogvideo/subject_consistency/a cat drinking water-1.gif,0.9711695909500122,success,0.302551,,
v_4e00ff53c3b5b264078c,subject_consistency,test,a cat drinking water,217,cogvideo,cogvideo/subject_consistency/a cat drinking water-2.gif,0.9642483592033386,success,0.296661,,
v_fc88b77b220c06862bb2,subject_consistency,test,a cat drinking water,218,cogvideo,cogvideo/subject_consistency/a cat drinking water-3.gif,0.9098832607269287,success,0.296840,,
v_cef029ecc3f8135d7964,subject_consistency,test,a cat drinking water,219,cogvideo,cogvideo/subject_consistency/a cat drinking water-4.gif,0.926488995552063,success,0.294256,,
v_70815c6349a2ff7f9dd1,subject_consistency,test,a cat grooming itself meticulously with its tongue,205,cogvideo,cogvideo/subject_consistency/a cat grooming itself meticulously with its tongue-0.gif,0.8898407816886902,success,0.299522,,
v_da180c6756874fd879df,subject_consistency,test,a cat grooming itself meticulously with its tongue,206,cogvideo,cogvideo/subject_consistency/a cat grooming itself meticulously with its tongue-1.gif,0.9365600943565369,success,0.297453,,
v_3a7b6af76eee5bfb697f,subject_consistency,test,a cat grooming itself meticulously with its tongue,207,cogvideo,cogvideo/subject_consistency/a cat grooming itself meticulously with its tongue-2.gif,0.9404737949371338,success,0.299050,,
v_7494955434a9f8e18987,subject_consistency,test,a cat grooming itself meticulously with its tongue,208,cogvideo,cogvideo/subject_consistency/a cat grooming itself meticulously with its tongue-3.gif,0.9048528075218201,success,0.295483,,
v_43f9836139b6b6a94e18,subject_consistency,test,a cat grooming itself meticulously with its tongue,209,cogvideo,cogvideo/subject_consistency/a cat grooming itself meticulously with its tongue-4.gif,0.8572502732276917,success,0.292923,,
v_75b9ba2842fbf7ba0a63,subject_consistency,test,a cat playing in park,210,cogvideo,cogvideo/subject_consistency/a cat playing in park-0.gif,0.8241455554962158,success,0.300217,,
v_8652c7fe9769cf4b156d,subject_consistency,test,a cat playing in park,211,cogvideo,cogvideo/subject_consistency/a cat playing in park-1.gif,0.9366631507873535,success,0.297692,,
v_b1275cacdbe2134778cb,subject_consistency,test,a cat playing in park,212,cogvideo,cogvideo/subject_consistency/a cat playing in park-2.gif,0.9377716779708862,success,0.293225,,
v_6ee06f601aed232b6fc7,subject_consistency,test,a cat playing in park,213,cogvideo,cogvideo/subject_consistency/a cat playing in park-3.gif,0.8686352372169495,success,0.278859,,
v_01005173d1a9b587bffb,subject_consistency,test,a cat playing in park,214,cogvideo,cogvideo/subject_consistency/a cat playing in park-4.gif,0.972065269947052,success,0.297128,,
v_40f33a5769811c8066be,subject_consistency,test,a cat running happily,220,cogvideo,cogvideo/subject_consistency/a cat running happily-0.gif,0.8156131505966187,success,0.256616,,
v_7fe60830dafbc4c32cd5,subject_consistency,test,a cat running happily,221,cogvideo,cogvideo/subject_consistency/a cat running happily-1.gif,0.7815945148468018,success,0.300034,,
v_471bcb94d1da393b2015,subject_consistency,test,a cat running happily,222,cogvideo,cogvideo/subject_consistency/a cat running happily-2.gif,0.8387795090675354,success,0.296870,,
v_1f307e15ba9e8b8d78b7,subject_consistency,test,a cat running happily,223,cogvideo,cogvideo/subject_consistency/a cat running happily-3.gif,0.8986471891403198,success,0.300751,,
v_c07112b0b769772c6f58,subject_consistency,test,a cat running happily,224,cogvideo,cogvideo/subject_consistency/a cat running happily-4.gif,0.874819278717041,success,0.291321,,
v_17db5ef832c126cdd6fb,subject_consistency,test,a cow bending down to drink water from a river,280,cogvideo,cogvideo/subject_consistency/a cow bending down to drink water from a river-0.gif,0.9541867971420288,success,0.294593,,
v_aad17ac9cfde5a7d5331,subject_consistency,test,a cow bending down to drink water from a river,281,cogvideo,cogvideo/subject_consistency/a cow bending down to drink water from a river-1.gif,0.9665631651878357,success,0.300171,,
v_dde25b9a2d9bb410f39f,subject_consistency,test,a cow bending down to drink water from a river,282,cogvideo,cogvideo/subject_consistency/a cow bending down to drink water from a river-2.gif,0.9377104640007019,success,0.296858,,
v_a9579f042b389a96c407,subject_consistency,test,a cow bending down to drink water from a river,283,cogvideo,cogvideo/subject_consistency/a cow bending down to drink water from a river-3.gif,0.9670820236206055,success,0.299134,,
v_5cc92fd85e36452c5b6d,subject_consistency,test,a cow bending down to drink water from a river,284,cogvideo,cogvideo/subject_consistency/a cow bending down to drink water from a river-4.gif,0.9372014999389648,success,0.292477,,
v_4883398b1364ec334875,subject_consistency,test,a cow chewing cud while resting in a tranquil barn,285,cogvideo,cogvideo/subject_consistency/a cow chewing cud while resting in a tranquil barn-0.gif,0.956808865070343,success,0.298087,,
v_bbe17813258a0fae34c4,subject_consistency,test,a cow chewing cud while resting in a tranquil barn,286,cogvideo,cogvideo/subject_consistency/a cow chewing cud while resting in a tranquil barn-1.gif,0.9551429748535156,success,0.297888,,
v_e2fa80895bc385cb03ee,subject_consistency,test,a cow chewing cud while resting in a tranquil barn,287,cogvideo,cogvideo/subject_consistency/a cow chewing cud while resting in a tranquil barn-2.gif,0.9503458738327026,success,0.303816,,
v_d5d66e2880d3f22edca6,subject_consistency,test,a cow chewing cud while resting in a tranquil barn,288,cogvideo,cogvideo/subject_consistency/a cow chewing cud while resting in a tranquil barn-3.gif,0.9275860786437988,success,0.284437,,
v_6bffcee4e5fa6d2a9c71,subject_consistency,test,a cow chewing cud while resting in a tranquil barn,289,cogvideo,cogvideo/subject_consistency/a cow chewing cud while resting in a tranquil barn-4.gif,0.9208755493164062,success,0.293817,,
v_092cb52b48881f3a785d,subject_consistency,dev,a cow running to join a herd of its kind,290,cogvideo,cogvideo/subject_consistency/a cow running to join a herd of its kind-0.gif,0.8623964786529541,success,0.294537,,
v_7c8923be4e46593a1d90,subject_consistency,dev,a cow running to join a herd of its kind,291,cogvideo,cogvideo/subject_consistency/a cow running to join a herd of its kind-1.gif,0.9046748876571655,success,0.296720,,
v_a18cdea6bd26987ddbc4,subject_consistency,dev,a cow running to join a herd of its kind,292,cogvideo,cogvideo/subject_consistency/a cow running to join a herd of its kind-2.gif,0.9539318084716797,success,0.275458,,
v_21c54f188a77d613c3b7,subject_consistency,dev,a cow running to join a herd of its kind,293,cogvideo,cogvideo/subject_consistency/a cow running to join a herd of its kind-3.gif,0.9250578284263611,success,0.298202,,
v_d0553a70ea2830a9aef7,subject_consistency,dev,a cow running to join a herd of its kind,294,cogvideo,cogvideo/subject_consistency/a cow running to join a herd of its kind-4.gif,0.9448903799057007,success,0.303811,,
v_aba241851c8613c108d8,subject_consistency,test,a dog drinking water,235,cogvideo,cogvideo/subject_consistency/a dog drinking water-0.gif,0.9503518342971802,success,0.296137,,
v_0aaef44e82b40bfd35d1,subject_consistency,test,a dog drinking water,236,cogvideo,cogvideo/subject_consistency/a dog drinking water-1.gif,0.9264405965805054,success,0.300457,,
v_e667d5603d57aa847f13,subject_consistency,test,a dog drinking water,237,cogvideo,cogvideo/subject_consistency/a dog drinking water-2.gif,0.9488309621810913,success,0.295209,,
v_cee5f7bfe925cf22a770,subject_consistency,test,a dog drinking water,238,cogvideo,cogvideo/subject_consistency/a dog drinking water-3.gif,0.9366030693054199,success,0.292950,,
v_23be5e26f49bfcdaeb8d,subject_consistency,test,a dog drinking water,239,cogvideo,cogvideo/subject_consistency/a dog drinking water-4.gif,0.9360746741294861,success,0.291781,,
v_970e4823ec95b7082b60,subject_consistency,dev,a dog enjoying a peaceful walk,225,cogvideo,cogvideo/subject_consistency/a dog enjoying a peaceful walk-0.gif,0.8623946905136108,success,0.303416,,
v_21a0593b0aed580b598b,subject_consistency,dev,a dog enjoying a peaceful walk,226,cogvideo,cogvideo/subject_consistency/a dog enjoying a peaceful walk-1.gif,0.9231109619140625,success,0.282677,,
v_d144a4ae6901d55982d5,subject_consistency,dev,a dog enjoying a peaceful walk,227,cogvideo,cogvideo/subject_consistency/a dog enjoying a peaceful walk-2.gif,0.9608651995658875,success,0.301398,,
v_885dd93c5b478049d71a,subject_consistency,dev,a dog enjoying a peaceful walk,228,cogvideo,cogvideo/subject_consistency/a dog enjoying a peaceful walk-3.gif,0.8242486119270325,success,0.299011,,
v_42f866f0fe5339afdcac,subject_consistency,dev,a dog enjoying a peaceful walk,229,cogvideo,cogvideo/subject_consistency/a dog enjoying a peaceful walk-4.gif,0.9362750053405762,success,0.312328,,
v_805183981ff0df857d9b,subject_consistency,dev,a dog playing in park,230,cogvideo,cogvideo/subject_consistency/a dog playing in park-0.gif,0.7785345315933228,success,0.282028,,
v_8e141248075692a1dc0b,subject_consistency,dev,a dog playing in park,231,cogvideo,cogvideo/subject_consistency/a dog playing in park-1.gif,0.885119616985321,success,0.298145,,
v_e15a68c018364a36c609,subject_consistency,dev,a dog playing in park,232,cogvideo,cogvideo/subject_consistency/a dog playing in park-2.gif,0.8070922493934631,success,0.277991,,
v_2540d2d9a888348abcb5,subject_consistency,dev,a dog playing in park,233,cogvideo,cogvideo/subject_consistency/a dog playing in park-3.gif,0.8049100041389465,success,0.291293,,
v_22cc994ff1ebe45245b2,subject_consistency,dev,a dog playing in park,234,cogvideo,cogvideo/subject_consistency/a dog playing in park-4.gif,0.9676976799964905,success,0.298068,,
v_d45bde1c2325f4eb096f,subject_consistency,dev,a dog running happily,240,cogvideo,cogvideo/subject_consistency/a dog running happily-0.gif,0.8772687911987305,success,0.300104,,
v_b09c768fa921e9decbd2,subject_consistency,dev,a dog running happily,241,cogvideo,cogvideo/subject_consistency/a dog running happily-1.gif,0.8984739184379578,success,0.291067,,
v_7de14f1e3e6096f64abc,subject_consistency,dev,a dog running happily,242,cogvideo,cogvideo/subject_consistency/a dog running happily-2.gif,0.7214747667312622,success,0.295191,,
v_f46d633d464db31b326b,subject_consistency,dev,a dog running happily,243,cogvideo,cogvideo/subject_consistency/a dog running happily-3.gif,0.7433497309684753,success,0.300340,,
v_f049cd35ccfa5aab97c4,subject_consistency,dev,a dog running happily,244,cogvideo,cogvideo/subject_consistency/a dog running happily-4.gif,0.9197571277618408,success,0.293881,,
v_7f277fe414e2cc65630d,subject_consistency,test,a giraffe bending down to drink water from a river,345,cogvideo,cogvideo/subject_consistency/a giraffe bending down to drink water from a river-0.gif,0.9249764680862427,success,0.382403,,
v_06700ac8d4affc32ae9a,subject_consistency,test,a giraffe bending down to drink water from a river,346,cogvideo,cogvideo/subject_consistency/a giraffe bending down to drink water from a river-1.gif,0.8548538088798523,success,0.304250,,
v_d577368f52a31a7d4b16,subject_consistency,test,a giraffe bending down to drink water from a river,347,cogvideo,cogvideo/subject_consistency/a giraffe bending down to drink water from a river-2.gif,0.92647385597229,success,0.298207,,
v_a4b4802c86b35dcf952f,subject_consistency,test,a giraffe bending down to drink water from a river,348,cogvideo,cogvideo/subject_consistency/a giraffe bending down to drink water from a river-3.gif,0.9606691598892212,success,0.304953,,
v_76c997147ad2a15d1903,subject_consistency,test,a giraffe bending down to drink water from a river,349,cogvideo,cogvideo/subject_consistency/a giraffe bending down to drink water from a river-4.gif,0.9368829727172852,success,0.297209,,
v_e0c054adf4377ba44432,subject_consistency,dev,a giraffe running to join a herd of its kind,355,cogvideo,cogvideo/subject_consistency/a giraffe running to join a herd of its kind-0.gif,0.8709425926208496,success,0.293879,,
v_03781311faab25ccda01,subject_consistency,dev,a giraffe running to join a herd of its kind,356,cogvideo,cogvideo/subject_consistency/a giraffe running to join a herd of its kind-1.gif,0.8642680644989014,success,0.301684,,
v_56ca30c4ecd438abb8a4,subject_consistency,dev,a giraffe running to join a herd of its kind,357,cogvideo,cogvideo/subject_consistency/a giraffe running to join a herd of its kind-2.gif,0.9130721092224121,success,0.294449,,
v_9dba423f62df2330d195,subject_consistency,dev,a giraffe running to join a herd of its kind,358,cogvideo,cogvideo/subject_consistency/a giraffe running to join a herd of its kind-3.gif,0.896040678024292,success,0.274173,,
v_b7e73dd2cdcf73be8d7e,subject_consistency,dev,a giraffe running to join a herd of its kind,359,cogvideo,cogvideo/subject_consistency/a giraffe running to join a herd of its kind-4.gif,0.8830273747444153,success,0.294334,,
v_c3c095191101f8eadde1,subject_consistency,test,a giraffe taking a peaceful walk,350,cogvideo,cogvideo/subject_consistency/a giraffe taking a peaceful walk-0.gif,0.9604284763336182,success,0.308135,,
v_1142621aa0c44cc7658d,subject_consistency,test,a giraffe taking a peaceful walk,351,cogvideo,cogvideo/subject_consistency/a giraffe taking a peaceful walk-1.gif,0.8367207050323486,success,0.281262,,
v_32b38e13998e9b304229,subject_consistency,test,a giraffe taking a peaceful walk,352,cogvideo,cogvideo/subject_consistency/a giraffe taking a peaceful walk-2.gif,0.911191999912262,success,0.299111,,
v_96e1dabee606165bf069,subject_consistency,test,a giraffe taking a peaceful walk,353,cogvideo,cogvideo/subject_consistency/a giraffe taking a peaceful walk-3.gif,0.9078568816184998,success,0.289445,,
v_70cdecd48805aa351f36,subject_consistency,test,a giraffe taking a peaceful walk,354,cogvideo,cogvideo/subject_consistency/a giraffe taking a peaceful walk-4.gif,0.953310489654541,success,0.302951,,
v_55295417910644bf4613,subject_consistency,dev,a horse bending down to drink water from a river,245,cogvideo,cogvideo/subject_consistency/a horse bending down to drink water from a river-0.gif,0.9619230031967163,success,0.286406,,
v_705374d13c7430c32ce5,subject_consistency,dev,a horse bending down to drink water from a river,246,cogvideo,cogvideo/subject_consistency/a horse bending down to drink water from a river-1.gif,0.9079143404960632,success,0.294581,,
v_7f2fb4d68f4b2a0ab561,subject_consistency,dev,a horse bending down to drink water from a river,247,cogvideo,cogvideo/subject_consistency/a horse bending down to drink water from a river-2.gif,0.9704532623291016,success,0.295168,,
v_b4ce46d94515fc317bef,subject_consistency,dev,a horse bending down to drink water from a river,248,cogvideo,cogvideo/subject_consistency/a horse bending down to drink water from a river-3.gif,0.9721639156341553,success,0.306428,,
v_da38de780a54cec5641e,subject_consistency,dev,a horse bending down to drink water from a river,249,cogvideo,cogvideo/subject_consistency/a horse bending down to drink water from a river-4.gif,0.9785709381103516,success,0.284050,,
v_98bd5314c4cd4a0f40b8,subject_consistency,test,a horse galloping across an open field,250,cogvideo,cogvideo/subject_consistency/a horse galloping across an open field-0.gif,0.9249796271324158,success,0.304737,,
v_96bf21fc824e4be7ba51,subject_consistency,test,a horse galloping across an open field,251,cogvideo,cogvideo/subject_consistency/a horse galloping across an open field-1.gif,0.8752526044845581,success,0.293969,,
v_ed0a86dea830dba93d5d,subject_consistency,test,a horse galloping across an open field,252,cogvideo,cogvideo/subject_consistency/a horse galloping across an open field-2.gif,0.9107128977775574,success,0.297195,,
v_cc729eae389b03f289b6,subject_consistency,test,a horse galloping across an open field,253,cogvideo,cogvideo/subject_consistency/a horse galloping across an open field-3.gif,0.8828424215316772,success,0.292008,,
v_4f5383cf0237a170f662,subject_consistency,test,a horse galloping across an open field,254,cogvideo,cogvideo/subject_consistency/a horse galloping across an open field-4.gif,0.9398469924926758,success,0.298267,,
v_818f1a3a4c10f4e66aef,subject_consistency,dev,a horse running to join a herd of its kind,260,cogvideo,cogvideo/subject_consistency/a horse running to join a herd of its kind-0.gif,0.8654095530509949,success,0.348941,,
v_34317c5e3ba640c89a0a,subject_consistency,dev,a horse running to join a herd of its kind,261,cogvideo,cogvideo/subject_consistency/a horse running to join a herd of its kind-1.gif,0.9010878801345825,success,0.304820,,
v_76f88ea6b17c659da976,subject_consistency,dev,a horse running to join a herd of its kind,262,cogvideo,cogvideo/subject_consistency/a horse running to join a herd of its kind-2.gif,0.8897755146026611,success,0.280764,,
v_ed9e03152d193a2a8b88,subject_consistency,dev,a horse running to join a herd of its kind,263,cogvideo,cogvideo/subject_consistency/a horse running to join a herd of its kind-3.gif,0.8232293128967285,success,0.286372,,
v_673585fc78275d6533c5,subject_consistency,dev,a horse running to join a herd of its kind,264,cogvideo,cogvideo/subject_consistency/a horse running to join a herd of its kind-4.gif,0.920157253742218,success,0.302778,,
v_2437456b66b7ab70a0f7,subject_consistency,test,a horse taking a peaceful walk,255,cogvideo,cogvideo/subject_consistency/a horse taking a peaceful walk-0.gif,0.9715458154678345,success,0.295674,,
v_9822382a6f0edf291e0e,subject_consistency,test,a horse taking a peaceful walk,256,cogvideo,cogvideo/subject_consistency/a horse taking a peaceful walk-1.gif,0.8029582500457764,success,0.296179,,
v_1ef00672950232d25564,subject_consistency,test,a horse taking a peaceful walk,257,cogvideo,cogvideo/subject_consistency/a horse taking a peaceful walk-2.gif,0.9283599257469177,success,0.300455,,
v_08630543ab0021e6bd60,subject_consistency,test,a horse taking a peaceful walk,258,cogvideo,cogvideo/subject_consistency/a horse taking a peaceful walk-3.gif,0.7953033447265625,success,0.299920,,
v_34fe9f9d1ef1a44a8eef,subject_consistency,test,a horse taking a peaceful walk,259,cogvideo,cogvideo/subject_consistency/a horse taking a peaceful walk-4.gif,0.9581997394561768,success,0.279350,,
v_c2f71407d97ce15231d6,subject_consistency,test,a motorcycle accelerating to gain speed,95,cogvideo,cogvideo/subject_consistency/a motorcycle accelerating to gain speed-0.gif,0.79035484790802,success,0.297634,,
v_d153c0ca847cf3a7e88b,subject_consistency,test,a motorcycle accelerating to gain speed,96,cogvideo,cogvideo/subject_consistency/a motorcycle accelerating to gain speed-1.gif,0.8983185291290283,success,0.307796,,
v_208318e600a9f036f466,subject_consistency,test,a motorcycle accelerating to gain speed,97,cogvideo,cogvideo/subject_consistency/a motorcycle accelerating to gain speed-2.gif,0.9389894008636475,success,0.291532,,
v_34025bb5b4d01c898f92,subject_consistency,test,a motorcycle accelerating to gain speed,98,cogvideo,cogvideo/subject_consistency/a motorcycle accelerating to gain speed-3.gif,0.9416208267211914,success,0.293516,,
v_dea5d11513d898554bf4,subject_consistency,test,a motorcycle accelerating to gain speed,99,cogvideo,cogvideo/subject_consistency/a motorcycle accelerating to gain speed-4.gif,0.6526926755905151,success,0.310333,,
v_ecc480b5b2ec7064a0ec,subject_consistency,test,a motorcycle cruising along a coastal highway,75,cogvideo,cogvideo/subject_consistency/a motorcycle cruising along a coastal highway-0.gif,0.8036226034164429,success,0.298960,,
v_f4228e04852bff575857,subject_consistency,test,a motorcycle cruising along a coastal highway,76,cogvideo,cogvideo/subject_consistency/a motorcycle cruising along a coastal highway-1.gif,0.8365780711174011,success,0.299482,,
v_0eabd775a8af3e72ef8d,subject_consistency,test,a motorcycle cruising along a coastal highway,77,cogvideo,cogvideo/subject_consistency/a motorcycle cruising along a coastal highway-2.gif,0.9403066635131836,success,0.294316,,
v_0c235c8835e0cbf2bf1d,subject_consistency,test,a motorcycle cruising along a coastal highway,78,cogvideo,cogvideo/subject_consistency/a motorcycle cruising along a coastal highway-3.gif,0.9024914503097534,success,0.273475,,
v_c8c0c8940c259544fdb4,subject_consistency,test,a motorcycle cruising along a coastal highway,79,cogvideo,cogvideo/subject_consistency/a motorcycle cruising along a coastal highway-4.gif,0.9265139698982239,success,0.332147,,
v_b770debfcba7b43b302b,subject_consistency,test,a motorcycle gliding through a snowy field,90,cogvideo,cogvideo/subject_consistency/a motorcycle gliding through a snowy field-0.gif,0.9499800801277161,success,0.262185,,
v_166632233e1ab84f488b,subject_consistency,test,a motorcycle gliding through a snowy field,91,cogvideo,cogvideo/subject_consistency/a motorcycle gliding through a snowy field-1.gif,0.9059280157089233,success,0.293414,,
v_fc16006c6b161e2ef9de,subject_consistency,test,a motorcycle gliding through a snowy field,92,cogvideo,cogvideo/subject_consistency/a motorcycle gliding through a snowy field-2.gif,0.9061986207962036,success,0.289692,,
v_fc60a037a35fc584018c,subject_consistency,test,a motorcycle gliding through a snowy field,93,cogvideo,cogvideo/subject_consistency/a motorcycle gliding through a snowy field-3.gif,0.917089581489563,success,0.303127,,
v_6e7389555c83806bfd04,subject_consistency,test,a motorcycle gliding through a snowy field,94,cogvideo,cogvideo/subject_consistency/a motorcycle gliding through a snowy field-4.gif,0.7580274343490601,success,0.297023,,
v_65eda38a930dde85883d,subject_consistency,test,a motorcycle slowing down to stop,85,cogvideo,cogvideo/subject_consistency/a motorcycle slowing down to stop-0.gif,0.9621946811676025,success,0.304532,,
v_ca12a13dbe8803bef483,subject_consistency,test,a motorcycle slowing down to stop,86,cogvideo,cogvideo/subject_consistency/a motorcycle slowing down to stop-1.gif,0.9785791039466858,success,0.287438,,
v_95832cbbc3615469597e,subject_consistency,test,a motorcycle slowing down to stop,87,cogvideo,cogvideo/subject_consistency/a motorcycle slowing down to stop-2.gif,0.9705072641372681,success,0.297137,,
v_66253cccb24974a1cb0d,subject_consistency,test,a motorcycle slowing down to stop,88,cogvideo,cogvideo/subject_consistency/a motorcycle slowing down to stop-3.gif,0.9519936442375183,success,0.299960,,
v_fd4ac57350a1cb49d2d6,subject_consistency,test,a motorcycle slowing down to stop,89,cogvideo,cogvideo/subject_consistency/a motorcycle slowing down to stop-4.gif,0.9607247114181519,success,0.296376,,
v_70f85e6bd1a5f5a6064a,subject_consistency,dev,a motorcycle turning a corner,80,cogvideo,cogvideo/subject_consistency/a motorcycle turning a corner-0.gif,0.7117937803268433,success,0.295628,,
v_01b01089b58b5213857f,subject_consistency,dev,a motorcycle turning a corner,81,cogvideo,cogvideo/subject_consistency/a motorcycle turning a corner-1.gif,0.9621150493621826,success,0.301065,,
v_e5a5ec06c0a08c02b04d,subject_consistency,dev,a motorcycle turning a corner,82,cogvideo,cogvideo/subject_consistency/a motorcycle turning a corner-2.gif,0.8786402940750122,success,0.290100,,
v_6a98cd6f7359ce9b5e2d,subject_consistency,dev,a motorcycle turning a corner,83,cogvideo,cogvideo/subject_consistency/a motorcycle turning a corner-3.gif,0.8966015577316284,success,0.294193,,
v_a1a56539b554687d51ca,subject_consistency,dev,a motorcycle turning a corner,84,cogvideo,cogvideo/subject_consistency/a motorcycle turning a corner-4.gif,0.9491622447967529,success,0.291660,,
v_27ab15adad82f288ba5d,subject_consistency,test,a person drinking coffee in a cafe,25,cogvideo,cogvideo/subject_consistency/a person drinking coffee in a cafe-0.gif,0.9696048498153687,success,0.299260,,
v_efcaebb07fd75f5b3f50,subject_consistency,test,a person drinking coffee in a cafe,26,cogvideo,cogvideo/subject_consistency/a person drinking coffee in a cafe-1.gif,0.962968647480011,success,0.293866,,
v_a794fdd243a1f4116545,subject_consistency,test,a person drinking coffee in a cafe,27,cogvideo,cogvideo/subject_consistency/a person drinking coffee in a cafe-2.gif,0.9651705026626587,success,0.310475,,
v_fe7ce03c7f8be38c9ec5,subject_consistency,test,a person drinking coffee in a cafe,28,cogvideo,cogvideo/subject_consistency/a person drinking coffee in a cafe-3.gif,0.9716193079948425,success,0.279344,,
v_c687e40fa7d96c89860d,subject_consistency,test,a person drinking coffee in a cafe,29,cogvideo,cogvideo/subject_consistency/a person drinking coffee in a cafe-4.gif,0.8227777481079102,success,0.299577,,
v_3e0e478175044cb2ea97,subject_consistency,test,a person eating a burger,15,cogvideo,cogvideo/subject_consistency/a person eating a burger-0.gif,0.9099656939506531,success,0.284071,,
v_21e504d9dfe3b9a26a03,subject_consistency,test,a person eating a burger,16,cogvideo,cogvideo/subject_consistency/a person eating a burger-1.gif,0.8775208592414856,success,0.304679,,
v_50c3e70f52ae96da1898,subject_consistency,test,a person eating a burger,17,cogvideo,cogvideo/subject_consistency/a person eating a burger-2.gif,0.96519935131073,success,0.286186,,
v_b905c9036f7eac99cb06,subject_consistency,test,a person eating a burger,18,cogvideo,cogvideo/subject_consistency/a person eating a burger-3.gif,0.9467344880104065,success,0.311821,,
v_3150cfb815ff7618abc5,subject_consistency,test,a person eating a burger,19,cogvideo,cogvideo/subject_consistency/a person eating a burger-4.gif,0.9081389307975769,success,0.292550,,
v_e9cc23e6e032e0839ecb,subject_consistency,test,a person giving a presentation to a room full of colleagues,5,cogvideo,cogvideo/subject_consistency/a person giving a presentation to a room full of colleagues-0.gif,0.9672319889068604,success,0.286324,,
v_792db8d484aed91e226d,subject_consistency,test,a person giving a presentation to a room full of colleagues,6,cogvideo,cogvideo/subject_consistency/a person giving a presentation to a room full of colleagues-1.gif,0.9449483156204224,success,0.320764,,
v_2cecd2a40fd239ff5078,subject_consistency,test,a person giving a presentation to a room full of colleagues,7,cogvideo,cogvideo/subject_consistency/a person giving a presentation to a room full of colleagues-2.gif,0.9544007778167725,success,0.277349,,
v_b6129c851121f2016650,subject_consistency,test,a person giving a presentation to a room full of colleagues,8,cogvideo,cogvideo/subject_consistency/a person giving a presentation to a room full of colleagues-3.gif,0.9582513570785522,success,0.287676,,
v_bae6f835be9fb84f7e16,subject_consistency,test,a person giving a presentation to a room full of colleagues,9,cogvideo,cogvideo/subject_consistency/a person giving a presentation to a room full of colleagues-4.gif,0.9383893013000488,success,0.289775,,
v_6ec80b4ce6c53c0847ca,subject_consistency,test,a person playing guitar,30,cogvideo,cogvideo/subject_consistency/a person playing guitar-0.gif,0.9579986333847046,success,0.286399,,
v_bdbf33e26933efd589bc,subject_consistency,test,a person playing guitar,31,cogvideo,cogvideo/subject_consistency/a person playing guitar-1.gif,0.9541791677474976,success,0.303136,,
v_d7ac9547607d9ff0c77f,subject_consistency,test,a person playing guitar,32,cogvideo,cogvideo/subject_consistency/a person playing guitar-2.gif,0.9273720979690552,success,0.292069,,
v_c9bed48dae6bf0fc2df3,subject_consistency,test,a person playing guitar,33,cogvideo,cogvideo/subject_consistency/a person playing guitar-3.gif,0.9405801296234131,success,0.299944,,
v_b14a489c24304136ee05,subject_consistency,test,a person playing guitar,34,cogvideo,cogvideo/subject_consistency/a person playing guitar-4.gif,0.9543771147727966,success,0.287432,,
v_7fb6bc01eb1537c0c8e5,subject_consistency,dev,a person swimming in ocean,0,cogvideo,cogvideo/subject_consistency/a person swimming in ocean-0.gif,0.9202591180801392,success,0.302061,,
v_9161d8f6c74230c8aa5b,subject_consistency,dev,a person swimming in ocean,1,cogvideo,cogvideo/subject_consistency/a person swimming in ocean-1.gif,0.9359291791915894,success,0.298212,,
v_e31831bf78bb9c9434f7,subject_consistency,dev,a person swimming in ocean,2,cogvideo,cogvideo/subject_consistency/a person swimming in ocean-2.gif,0.8006983995437622,success,0.299550,,
v_52e92ac59370eaa67e4b,subject_consistency,dev,a person swimming in ocean,3,cogvideo,cogvideo/subject_consistency/a person swimming in ocean-3.gif,0.91038578748703,success,0.292782,,
v_e9a07a2892cfdd83e7ab,subject_consistency,dev,a person swimming in ocean,4,cogvideo,cogvideo/subject_consistency/a person swimming in ocean-4.gif,0.8454796671867371,success,0.295723,,
v_2541a276b12785e4ded5,subject_consistency,test,a person walking in the snowstorm,20,cogvideo,cogvideo/subject_consistency/a person walking in the snowstorm-0.gif,0.9550679922103882,success,0.307906,,
v_f9fb6f72a767ac089941,subject_consistency,test,a person walking in the snowstorm,21,cogvideo,cogvideo/subject_consistency/a person walking in the snowstorm-1.gif,0.9416770935058594,success,0.279962,,
v_78b89d8019675a6d531e,subject_consistency,test,a person walking in the snowstorm,22,cogvideo,cogvideo/subject_consistency/a person walking in the snowstorm-2.gif,0.953855574131012,success,0.298494,,
v_33edfbd7fc5f91788769,subject_consistency,test,a person walking in the snowstorm,23,cogvideo,cogvideo/subject_consistency/a person walking in the snowstorm-3.gif,0.9255177974700928,success,0.303742,,
v_dbbc503817483eec7192,subject_consistency,test,a person walking in the snowstorm,24,cogvideo,cogvideo/subject_consistency/a person walking in the snowstorm-4.gif,0.9250309467315674,success,0.310541,,
v_185e9363d64084600dc5,subject_consistency,dev,a person washing the dishes,10,cogvideo,cogvideo/subject_consistency/a person washing the dishes-0.gif,0.8697692155838013,success,0.268275,,
v_d596d058b778cc9df6f2,subject_consistency,dev,a person washing the dishes,11,cogvideo,cogvideo/subject_consistency/a person washing the dishes-1.gif,0.8927590847015381,success,0.285906,,
v_c06bd2731aa59e245c73,subject_consistency,dev,a person washing the dishes,12,cogvideo,cogvideo/subject_consistency/a person washing the dishes-2.gif,0.9425596594810486,success,0.282241,,
v_64afd5377bc2f7f4ae9e,subject_consistency,dev,a person washing the dishes,13,cogvideo,cogvideo/subject_consistency/a person washing the dishes-3.gif,0.9451354742050171,success,0.286124,,
v_ee379897c02b1b94d221,subject_consistency,dev,a person washing the dishes,14,cogvideo,cogvideo/subject_consistency/a person washing the dishes-4.gif,0.9361116886138916,success,0.281186,,
v_f56a13cd272b5caecfe4,subject_consistency,test,a sheep bending down to drink water from a river,265,cogvideo,cogvideo/subject_consistency/a sheep bending down to drink water from a river-0.gif,0.9683307409286499,success,0.297667,,
v_c1cd46ab0d7527337957,subject_consistency,test,a sheep bending down to drink water from a river,266,cogvideo,cogvideo/subject_consistency/a sheep bending down to drink water from a river-1.gif,0.9582214951515198,success,0.262812,,
v_906d3792d15e0719110b,subject_consistency,test,a sheep bending down to drink water from a river,267,cogvideo,cogvideo/subject_consistency/a sheep bending down to drink water from a river-2.gif,0.9435415267944336,success,0.303868,,
v_f1d3d6c70926e73fed80,subject_consistency,test,a sheep bending down to drink water from a river,268,cogvideo,cogvideo/subject_consistency/a sheep bending down to drink water from a river-3.gif,0.940008282661438,success,0.289088,,
v_75ef4aa9d008ff39c829,subject_consistency,test,a sheep bending down to drink water from a river,269,cogvideo,cogvideo/subject_consistency/a sheep bending down to drink water from a river-4.gif,0.9703981280326843,success,0.296797,,
v_7ec58387dfaff3e76443,subject_consistency,test,a sheep running to join a herd of its kind,275,cogvideo,cogvideo/subject_consistency/a sheep running to join a herd of its kind-0.gif,0.9277222752571106,success,0.277978,,
v_80bc2c096ec58e6beee3,subject_consistency,test,a sheep running to join a herd of its kind,276,cogvideo,cogvideo/subject_consistency/a sheep running to join a herd of its kind-1.gif,0.8788284063339233,success,0.298191,,
v_49dc5c0bf8a76c734bb0,subject_consistency,test,a sheep running to join a herd of its kind,277,cogvideo,cogvideo/subject_consistency/a sheep running to join a herd of its kind-2.gif,0.8829371333122253,success,0.291162,,
v_79c16cf57aed2b5ee88f,subject_consistency,test,a sheep running to join a herd of its kind,278,cogvideo,cogvideo/subject_consistency/a sheep running to join a herd of its kind-3.gif,0.8654994964599609,success,0.307220,,
v_5312ac5e0e6ec17804ec,subject_consistency,test,a sheep running to join a herd of its kind,279,cogvideo,cogvideo/subject_consistency/a sheep running to join a herd of its kind-4.gif,0.9322752952575684,success,0.283834,,
v_fc1ebecf7482562d2b4c,subject_consistency,test,a sheep taking a peaceful walk,270,cogvideo,cogvideo/subject_consistency/a sheep taking a peaceful walk-0.gif,0.956993579864502,success,0.301269,,
v_c7ee021ba58031e1826d,subject_consistency,test,a sheep taking a peaceful walk,271,cogvideo,cogvideo/subject_consistency/a sheep taking a peaceful walk-1.gif,0.9479008913040161,success,0.295254,,
v_a6624e668f41afc616f5,subject_consistency,test,a sheep taking a peaceful walk,272,cogvideo,cogvideo/subject_consistency/a sheep taking a peaceful walk-2.gif,0.903249979019165,success,0.297432,,
v_431ebf3fce61be196945,subject_consistency,test,a sheep taking a peaceful walk,273,cogvideo,cogvideo/subject_consistency/a sheep taking a peaceful walk-3.gif,0.9247175455093384,success,0.284377,,
v_dd1e6799c85fa427395f,subject_consistency,test,a sheep taking a peaceful walk,274,cogvideo,cogvideo/subject_consistency/a sheep taking a peaceful walk-4.gif,0.952002227306366,success,0.294240,,
v_45bdd460cbc01bffb22a,subject_consistency,dev,a train accelerating to gain speed,145,cogvideo,cogvideo/subject_consistency/a train accelerating to gain speed-0.gif,0.982251763343811,success,0.297408,,
v_a6711c09f6110b63b62d,subject_consistency,dev,a train accelerating to gain speed,146,cogvideo,cogvideo/subject_consistency/a train accelerating to gain speed-1.gif,0.9580547213554382,success,0.293226,,
v_5644632120fc1d74f6c1,subject_consistency,dev,a train accelerating to gain speed,147,cogvideo,cogvideo/subject_consistency/a train accelerating to gain speed-2.gif,0.8901470899581909,success,0.318423,,
v_1541e523cf26746db18c,subject_consistency,dev,a train accelerating to gain speed,148,cogvideo,cogvideo/subject_consistency/a train accelerating to gain speed-3.gif,0.8913500308990479,success,0.363561,,
v_c18fd1e48d0fbe72facf,subject_consistency,dev,a train accelerating to gain speed,149,cogvideo,cogvideo/subject_consistency/a train accelerating to gain speed-4.gif,0.7820472717285156,success,0.278170,,
v_698756953e2f437cefe8,subject_consistency,test,a train crossing over a tall bridge,140,cogvideo,cogvideo/subject_consistency/a train crossing over a tall bridge-0.gif,0.9301574230194092,success,0.300152,,
v_66eca4cd9d25719a5127,subject_consistency,test,a train crossing over a tall bridge,141,cogvideo,cogvideo/subject_consistency/a train crossing over a tall bridge-1.gif,0.9684727191925049,success,0.290355,,
v_c568dd148881fec3e244,subject_consistency,test,a train crossing over a tall bridge,142,cogvideo,cogvideo/subject_consistency/a train crossing over a tall bridge-2.gif,0.879695475101471,success,0.289030,,
v_bccecd4365e969a29073,subject_consistency,test,a train crossing over a tall bridge,143,cogvideo,cogvideo/subject_consistency/a train crossing over a tall bridge-3.gif,0.8591444492340088,success,0.298424,,
v_fbf25a6b1b852a2ce43b,subject_consistency,test,a train crossing over a tall bridge,144,cogvideo,cogvideo/subject_consistency/a train crossing over a tall bridge-4.gif,0.9537672996520996,success,0.290324,,
v_1fa5ce1713a03893538d,subject_consistency,test,a train speeding down the tracks,135,cogvideo,cogvideo/subject_consistency/a train speeding down the tracks-0.gif,0.803555428981781,success,0.300629,,
v_e731a7961476fd34b132,subject_consistency,test,a train speeding down the tracks,136,cogvideo,cogvideo/subject_consistency/a train speeding down the tracks-1.gif,0.9549240469932556,success,0.296220,,
v_84127181b31e3fd66c27,subject_consistency,test,a train speeding down the tracks,137,cogvideo,cogvideo/subject_consistency/a train speeding down the tracks-2.gif,0.947846531867981,success,0.297831,,
v_d33c4cdf28bc3707203a,subject_consistency,test,a train speeding down the tracks,138,cogvideo,cogvideo/subject_consistency/a train speeding down the tracks-3.gif,0.9037438631057739,success,0.291968,,
v_34b1095f00569af25a6a,subject_consistency,test,a train speeding down the tracks,139,cogvideo,cogvideo/subject_consistency/a train speeding down the tracks-4.gif,0.9523182511329651,success,0.298690,,
v_b544d5f0aedacf630657,subject_consistency,test,a truck accelerating to gain speed,170,cogvideo,cogvideo/subject_consistency/a truck accelerating to gain speed-0.gif,0.8706827759742737,success,0.261815,,
v_772db90c5ac0600b8b6a,subject_consistency,test,a truck accelerating to gain speed,171,cogvideo,cogvideo/subject_consistency/a truck accelerating to gain speed-1.gif,0.8865227699279785,success,0.287880,,
v_fe4746f38daf85689f6d,subject_consistency,test,a truck accelerating to gain speed,172,cogvideo,cogvideo/subject_consistency/a truck accelerating to gain speed-2.gif,0.951636016368866,success,0.300876,,
v_7bed626cc105e73cf302,subject_consistency,test,a truck accelerating to gain speed,173,cogvideo,cogvideo/subject_consistency/a truck accelerating to gain speed-3.gif,0.8844665288925171,success,0.292133,,
v_da22c29bcd96502c93d4,subject_consistency,test,a truck accelerating to gain speed,174,cogvideo,cogvideo/subject_consistency/a truck accelerating to gain speed-4.gif,0.8981615304946899,success,0.293511,,
v_6af3c561aa678c66f02d,subject_consistency,test,a truck anchored in a tranquil bay,155,cogvideo,cogvideo/subject_consistency/a truck anchored in a tranquil bay-0.gif,0.9127867817878723,success,0.292592,,
v_9f2511a157885c2f0a3f,subject_consistency,test,a truck anchored in a tranquil bay,156,cogvideo,cogvideo/subject_consistency/a truck anchored in a tranquil bay-1.gif,0.9462312459945679,success,0.300123,,
v_7cbc448f15a95c85f669,subject_consistency,test,a truck anchored in a tranquil bay,157,cogvideo,cogvideo/subject_consistency/a truck anchored in a tranquil bay-2.gif,0.9226861000061035,success,0.302754,,
v_8690d2984a2aeba77483,subject_consistency,test,a truck anchored in a tranquil bay,158,cogvideo,cogvideo/subject_consistency/a truck anchored in a tranquil bay-3.gif,0.9673106074333191,success,0.292532,,
v_45150348c54ab33c135b,subject_consistency,test,a truck anchored in a tranquil bay,159,cogvideo,cogvideo/subject_consistency/a truck anchored in a tranquil bay-4.gif,0.9714986085891724,success,0.291343,,
v_ae0cc127bcc7ad136c01,subject_consistency,dev,a truck slowing down to stop,165,cogvideo,cogvideo/subject_consistency/a truck slowing down to stop-0.gif,0.9665933847427368,success,0.331790,,
v_ce4524560ea9f68d38dc,subject_consistency,dev,a truck slowing down to stop,166,cogvideo,cogvideo/subject_consistency/a truck slowing down to stop-1.gif,0.8698442578315735,success,0.306508,,
v_c41543fe72d2e5493d15,subject_consistency,dev,a truck slowing down to stop,167,cogvideo,cogvideo/subject_consistency/a truck slowing down to stop-2.gif,0.9530027508735657,success,0.282744,,
v_60854445101b2e2730b4,subject_consistency,dev,a truck slowing down to stop,168,cogvideo,cogvideo/subject_consistency/a truck slowing down to stop-3.gif,0.9172219038009644,success,0.294676,,
v_4f8abc7bb931501fb862,subject_consistency,dev,a truck slowing down to stop,169,cogvideo,cogvideo/subject_consistency/a truck slowing down to stop-4.gif,0.9710508584976196,success,0.291723,,
v_2e4a46895d4115790e13,subject_consistency,dev,a truck stuck in traffic during rush hour,160,cogvideo,cogvideo/subject_consistency/a truck stuck in traffic during rush hour-0.gif,0.971914529800415,success,0.301407,,
v_9c1681fd8b44c456fc71,subject_consistency,dev,a truck stuck in traffic during rush hour,161,cogvideo,cogvideo/subject_consistency/a truck stuck in traffic during rush hour-1.gif,0.8777616620063782,success,0.294704,,
v_f454de0261f84c2c383a,subject_consistency,dev,a truck stuck in traffic during rush hour,162,cogvideo,cogvideo/subject_consistency/a truck stuck in traffic during rush hour-2.gif,0.9245863556861877,success,0.273152,,
v_5357bc3c6bcbe0ad0b91,subject_consistency,dev,a truck stuck in traffic during rush hour,163,cogvideo,cogvideo/subject_consistency/a truck stuck in traffic during rush hour-3.gif,0.8693588972091675,success,0.302135,,
v_9663f1b40f6241534474,subject_consistency,dev,a truck stuck in traffic during rush hour,164,cogvideo,cogvideo/subject_consistency/a truck stuck in traffic during rush hour-4.gif,0.9097042083740234,success,0.265892,,
v_cd605ccd5c572253126d,subject_consistency,test,a truck turning a corner,150,cogvideo,cogvideo/subject_consistency/a truck turning a corner-0.gif,0.8458636999130249,success,0.289476,,
v_d781e5262dd47bc1b12c,subject_consistency,test,a truck turning a corner,151,cogvideo,cogvideo/subject_consistency/a truck turning a corner-1.gif,0.8942743539810181,success,0.294419,,
v_23d0a3b56990d4e642df,subject_consistency,test,a truck turning a corner,152,cogvideo,cogvideo/subject_consistency/a truck turning a corner-2.gif,0.9409252405166626,success,0.297193,,
v_8cdf024c036d4abc7983,subject_consistency,test,a truck turning a corner,153,cogvideo,cogvideo/subject_consistency/a truck turning a corner-3.gif,0.9541015028953552,success,0.293174,,
v_737c05c4b6ef9aefc4d5,subject_consistency,test,a truck turning a corner,154,cogvideo,cogvideo/subject_consistency/a truck turning a corner-4.gif,0.9653115272521973,success,0.297972,,
v_c1642479cf474aa202af,subject_consistency,test,a zebra bending down to drink water from a river,330,cogvideo,cogvideo/subject_consistency/a zebra bending down to drink water from a river-0.gif,0.9679784774780273,success,0.286013,,
v_4d76a76426a219a5f1bb,subject_consistency,test,a zebra bending down to drink water from a river,331,cogvideo,cogvideo/subject_consistency/a zebra bending down to drink water from a river-1.gif,0.9762669801712036,success,0.301399,,
v_7959de66f76bf5fc41d9,subject_consistency,test,a zebra bending down to drink water from a river,332,cogvideo,cogvideo/subject_consistency/a zebra bending down to drink water from a river-2.gif,0.9712667465209961,success,0.295433,,
v_6ee4476dec8615e1535f,subject_consistency,test,a zebra bending down to drink water from a river,333,cogvideo,cogvideo/subject_consistency/a zebra bending down to drink water from a river-3.gif,0.9644339680671692,success,0.293969,,
v_6015d56a898aa0948639,subject_consistency,test,a zebra bending down to drink water from a river,334,cogvideo,cogvideo/subject_consistency/a zebra bending down to drink water from a river-4.gif,0.9774531722068787,success,0.300238,,
v_014d4612ab7db5662f3d,subject_consistency,dev,a zebra running to join a herd of its kind,335,cogvideo,cogvideo/subject_consistency/a zebra running to join a herd of its kind-0.gif,0.962475061416626,success,0.289623,,
v_167b0b1299df97f1785e,subject_consistency,dev,a zebra running to join a herd of its kind,336,cogvideo,cogvideo/subject_consistency/a zebra running to join a herd of its kind-1.gif,0.9038601517677307,success,0.297246,,
v_705c1e5f7c381a648498,subject_consistency,dev,a zebra running to join a herd of its kind,337,cogvideo,cogvideo/subject_consistency/a zebra running to join a herd of its kind-2.gif,0.9707847237586975,success,0.292667,,
v_cc51c114af2787d29f80,subject_consistency,dev,a zebra running to join a herd of its kind,338,cogvideo,cogvideo/subject_consistency/a zebra running to join a herd of its kind-3.gif,0.9405865669250488,success,0.297539,,
v_7a8752dfb7517b198c8c,subject_consistency,dev,a zebra running to join a herd of its kind,339,cogvideo,cogvideo/subject_consistency/a zebra running to join a herd of its kind-4.gif,0.9734138250350952,success,0.272938,,
v_d5f14df0949d296ab74b,subject_consistency,test,a zebra taking a peaceful walk,340,cogvideo,cogvideo/subject_consistency/a zebra taking a peaceful walk-0.gif,0.9661632180213928,success,0.301431,,
v_9fe800677c7f8ee57052,subject_consistency,test,a zebra taking a peaceful walk,341,cogvideo,cogvideo/subject_consistency/a zebra taking a peaceful walk-1.gif,0.9523035883903503,success,0.273623,,
v_fef8070abcd8dcd3af47,subject_consistency,test,a zebra taking a peaceful walk,342,cogvideo,cogvideo/subject_consistency/a zebra taking a peaceful walk-2.gif,0.8663416504859924,success,0.289964,,
v_748a5de87bf78f21147d,subject_consistency,test,a zebra taking a peaceful walk,343,cogvideo,cogvideo/subject_consistency/a zebra taking a peaceful walk-3.gif,0.9118454456329346,success,0.296473,,
v_8e6a21dfeb7a106dae22,subject_consistency,test,a zebra taking a peaceful walk,344,cogvideo,cogvideo/subject_consistency/a zebra taking a peaceful walk-4.gif,0.9702401757240295,success,0.291292,,
v_2390b54e0d7162ecc8e1,subject_consistency,dev,an airplane accelerating to gain speed,115,cogvideo,cogvideo/subject_consistency/an airplane accelerating to gain speed-0.gif,0.9747323393821716,success,0.302869,,
v_71b832c76e5b65b37d5d,subject_consistency,dev,an airplane accelerating to gain speed,116,cogvideo,cogvideo/subject_consistency/an airplane accelerating to gain speed-1.gif,0.9381824731826782,success,0.293115,,
v_d89c01d8813192fd15c3,subject_consistency,dev,an airplane accelerating to gain speed,117,cogvideo,cogvideo/subject_consistency/an airplane accelerating to gain speed-2.gif,0.9588140249252319,success,0.291632,,
v_34fbf3bc2ddb309b4c7c,subject_consistency,dev,an airplane accelerating to gain speed,118,cogvideo,cogvideo/subject_consistency/an airplane accelerating to gain speed-3.gif,0.8917730450630188,success,0.293818,,
v_ca65fa7f41f9451ecbeb,subject_consistency,dev,an airplane accelerating to gain speed,119,cogvideo,cogvideo/subject_consistency/an airplane accelerating to gain speed-4.gif,0.9716546535491943,success,0.284578,,
v_425065ae2beb7ec16285,subject_consistency,dev,an airplane landing smoothly on a runway,110,cogvideo,cogvideo/subject_consistency/an airplane landing smoothly on a runway-0.gif,0.9661704301834106,success,0.304090,,
v_7d8c994d19aa637c8799,subject_consistency,dev,an airplane landing smoothly on a runway,111,cogvideo,cogvideo/subject_consistency/an airplane landing smoothly on a runway-1.gif,0.9260711669921875,success,0.300947,,
v_26578c5d0174c2dcbbff,subject_consistency,dev,an airplane landing smoothly on a runway,112,cogvideo,cogvideo/subject_consistency/an airplane landing smoothly on a runway-2.gif,0.9217524528503418,success,0.294260,,
v_92b858094cbd86d30727,subject_consistency,dev,an airplane landing smoothly on a runway,113,cogvideo,cogvideo/subject_consistency/an airplane landing smoothly on a runway-3.gif,0.8274916410446167,success,0.287963,,
v_91a0d6bac3f590a77e49,subject_consistency,dev,an airplane landing smoothly on a runway,114,cogvideo,cogvideo/subject_consistency/an airplane landing smoothly on a runway-4.gif,0.9257981777191162,success,0.294626,,
v_7c4027623c361b35ec12,subject_consistency,dev,an airplane soaring through a clear blue sky,100,cogvideo,cogvideo/subject_consistency/an airplane soaring through a clear blue sky-0.gif,0.9606388807296753,success,0.292696,,
v_752ebe990339cb30c106,subject_consistency,dev,an airplane soaring through a clear blue sky,101,cogvideo,cogvideo/subject_consistency/an airplane soaring through a clear blue sky-1.gif,0.8239135146141052,success,0.285576,,
v_0589769524377bc30e23,subject_consistency,dev,an airplane soaring through a clear blue sky,102,cogvideo,cogvideo/subject_consistency/an airplane soaring through a clear blue sky-2.gif,0.7184722423553467,success,0.292725,,
v_a4df9d20d7fa87ca420c,subject_consistency,dev,an airplane soaring through a clear blue sky,103,cogvideo,cogvideo/subject_consistency/an airplane soaring through a clear blue sky-3.gif,0.9517590999603271,success,0.302427,,
v_11735fb0ac80a46acbc1,subject_consistency,dev,an airplane soaring through a clear blue sky,104,cogvideo,cogvideo/subject_consistency/an airplane soaring through a clear blue sky-4.gif,0.9480703473091125,success,0.271735,,
v_e3ac9d38cb8ebbad7180,subject_consistency,test,an airplane taking off,105,cogvideo,cogvideo/subject_consistency/an airplane taking off-0.gif,0.9733335971832275,success,0.282193,,
v_797e44969836e1d4d5d8,subject_consistency,test,an airplane taking off,106,cogvideo,cogvideo/subject_consistency/an airplane taking off-1.gif,0.9699863195419312,success,0.231396,,
v_f5a49a15d9292fa38bc3,subject_consistency,test,an airplane taking off,107,cogvideo,cogvideo/subject_consistency/an airplane taking off-2.gif,0.9446316957473755,success,0.278888,,
v_fc5bd57713b10183f5e7,subject_consistency,test,an airplane taking off,108,cogvideo,cogvideo/subject_consistency/an airplane taking off-3.gif,0.9299295544624329,success,0.307570,,
v_c20098360809821f9275,subject_consistency,test,an airplane taking off,109,cogvideo,cogvideo/subject_consistency/an airplane taking off-4.gif,0.8934487700462341,success,0.289187,,
v_c83691d4193303e7d971,subject_consistency,dev,an elephant running to join a herd of its kind,305,cogvideo,cogvideo/subject_consistency/an elephant running to join a herd of its kind-0.gif,0.9468916654586792,success,0.289133,,
v_1814b4d5b25ffa156aa6,subject_consistency,dev,an elephant running to join a herd of its kind,306,cogvideo,cogvideo/subject_consistency/an elephant running to join a herd of its kind-1.gif,0.9329218864440918,success,0.295592,,
v_a5b4d7c4b2a095c9e6cc,subject_consistency,dev,an elephant running to join a herd of its kind,307,cogvideo,cogvideo/subject_consistency/an elephant running to join a herd of its kind-2.gif,0.9782154560089111,success,0.299937,,
v_1f2829f902aae18516dd,subject_consistency,dev,an elephant running to join a herd of its kind,308,cogvideo,cogvideo/subject_consistency/an elephant running to join a herd of its kind-3.gif,0.9688841104507446,success,0.295244,,
v_4ad45984cf97631fdd43,subject_consistency,dev,an elephant running to join a herd of its kind,309,cogvideo,cogvideo/subject_consistency/an elephant running to join a herd of its kind-4.gif,0.8985323309898376,success,0.287811,,
v_14a461ebcb603eda9e16,subject_consistency,test,an elephant spraying itself with water using its trunk to cool down,295,cogvideo,cogvideo/subject_consistency/an elephant spraying itself with water using its trunk to cool down-0.gif,0.9688296318054199,success,0.304988,,
v_2f1e75b34a879d5ba45c,subject_consistency,test,an elephant spraying itself with water using its trunk to cool down,296,cogvideo,cogvideo/subject_consistency/an elephant spraying itself with water using its trunk to cool down-1.gif,0.9749894142150879,success,0.290844,,
v_38921ecc7a312a07e6e7,subject_consistency,test,an elephant spraying itself with water using its trunk to cool down,297,cogvideo,cogvideo/subject_consistency/an elephant spraying itself with water using its trunk to cool down-2.gif,0.9453330636024475,success,0.271311,,
v_795022cc03907dc7489e,subject_consistency,test,an elephant spraying itself with water using its trunk to cool down,298,cogvideo,cogvideo/subject_consistency/an elephant spraying itself with water using its trunk to cool down-3.gif,0.9006173610687256,success,0.295220,,
v_6bee77846ce628e11d94,subject_consistency,test,an elephant spraying itself with water using its trunk to cool down,299,cogvideo,cogvideo/subject_consistency/an elephant spraying itself with water using its trunk to cool down-4.gif,0.9801599979400635,success,0.272134,,
v_726d4a965fc0ebcdf09c,subject_consistency,dev,an elephant taking a peaceful walk,300,cogvideo,cogvideo/subject_consistency/an elephant taking a peaceful walk-0.gif,0.9665777683258057,success,0.293621,,
v_e06686485fa922f913da,subject_consistency,dev,an elephant taking a peaceful walk,301,cogvideo,cogvideo/subject_consistency/an elephant taking a peaceful walk-1.gif,0.9686770439147949,success,0.295446,,
v_a50615cb55b8e4b7b503,subject_consistency,dev,an elephant taking a peaceful walk,302,cogvideo,cogvideo/subject_consistency/an elephant taking a peaceful walk-2.gif,0.9563264846801758,success,0.295526,,
v_de016d46eea9f834344f,subject_consistency,dev,an elephant taking a peaceful walk,303,cogvideo,cogvideo/subject_consistency/an elephant taking a peaceful walk-3.gif,0.9659628868103027,success,0.385356,,
v_7c9b2234a2a952cf9d88,subject_consistency,dev,an elephant taking a peaceful walk,304,cogvideo,cogvideo/subject_consistency/an elephant taking a peaceful walk-4.gif,0.9795563220977783,success,0.299093,,
v_670c3cd94ae2a4abd50a,subject_consistency,dev,a bear catching a salmon in its powerful jaws,310,lavie,lavie/subject_consistency/a bear catching a salmon in its powerful jaws-0.mp4,0.9200990796089172,success,0.220296,,
v_7f257443c67371c1a216,subject_consistency,dev,a bear catching a salmon in its powerful jaws,311,lavie,lavie/subject_consistency/a bear catching a salmon in its powerful jaws-1.mp4,0.8645358085632324,success,0.258918,,
v_e96d1e11f412128fa085,subject_consistency,dev,a bear catching a salmon in its powerful jaws,312,lavie,lavie/subject_consistency/a bear catching a salmon in its powerful jaws-2.mp4,0.8255769610404968,success,0.302039,,
v_70fa95699ce52a579097,subject_consistency,dev,a bear catching a salmon in its powerful jaws,313,lavie,lavie/subject_consistency/a bear catching a salmon in its powerful jaws-3.mp4,0.9342207908630371,success,0.299212,,
v_94f467f9c85c83db392c,subject_consistency,dev,a bear catching a salmon in its powerful jaws,314,lavie,lavie/subject_consistency/a bear catching a salmon in its powerful jaws-4.mp4,0.9262610673904419,success,0.293516,,
v_4f73a21ad744e231690b,subject_consistency,dev,a bear climbing a tree,320,lavie,lavie/subject_consistency/a bear climbing a tree-0.mp4,0.9181679487228394,success,0.289896,,
v_d5fe916346b80cec0b98,subject_consistency,dev,a bear climbing a tree,321,lavie,lavie/subject_consistency/a bear climbing a tree-1.mp4,0.9507942795753479,success,0.300772,,
v_602f8a328d76fbe76618,subject_consistency,dev,a bear climbing a tree,322,lavie,lavie/subject_consistency/a bear climbing a tree-2.mp4,0.9793683886528015,success,0.213247,,
v_2245de5950826f146c2e,subject_consistency,dev,a bear climbing a tree,323,lavie,lavie/subject_consistency/a bear climbing a tree-3.mp4,0.8615050315856934,success,0.223936,,
v_a4d3454205bc0d07160c,subject_consistency,dev,a bear climbing a tree,324,lavie,lavie/subject_consistency/a bear climbing a tree-4.mp4,0.9887658953666687,success,0.217472,,
v_8815e5c3ec306cc18c52,subject_consistency,dev,a bear hunting for prey,325,lavie,lavie/subject_consistency/a bear hunting for prey-0.mp4,0.9545640349388123,success,0.328183,,
v_1bc46f0aaf360cc54f39,subject_consistency,dev,a bear hunting for prey,326,lavie,lavie/subject_consistency/a bear hunting for prey-1.mp4,0.8935133814811707,success,0.278659,,
v_fcc7352ebaa715ef8dd6,subject_consistency,dev,a bear hunting for prey,327,lavie,lavie/subject_consistency/a bear hunting for prey-2.mp4,0.9446997046470642,success,0.280185,,
v_40b140b8a6ef48126767,subject_consistency,dev,a bear hunting for prey,328,lavie,lavie/subject_consistency/a bear hunting for prey-3.mp4,0.8724047541618347,success,0.281470,,
v_c0f1e343a1fc84fc30bb,subject_consistency,dev,a bear hunting for prey,329,lavie,lavie/subject_consistency/a bear hunting for prey-4.mp4,0.8932804465293884,success,0.315567,,
v_3590e39dd1e718c11efe,subject_consistency,test,a bear sniffing the air for scents of food,315,lavie,lavie/subject_consistency/a bear sniffing the air for scents of food-0.mp4,0.9609917998313904,success,0.290562,,
v_24146fc0b609f5690b24,subject_consistency,test,a bear sniffing the air for scents of food,316,lavie,lavie/subject_consistency/a bear sniffing the air for scents of food-1.mp4,0.9973428845405579,success,0.270183,,
v_ae956ea5955e69a1c93c,subject_consistency,test,a bear sniffing the air for scents of food,317,lavie,lavie/subject_consistency/a bear sniffing the air for scents of food-2.mp4,0.9422732591629028,success,0.313948,,
v_527315e26d1597228cf7,subject_consistency,test,a bear sniffing the air for scents of food,318,lavie,lavie/subject_consistency/a bear sniffing the air for scents of food-3.mp4,0.9969338178634644,success,0.294237,,
v_95541f27e63b3fa732aa,subject_consistency,test,a bear sniffing the air for scents of food,319,lavie,lavie/subject_consistency/a bear sniffing the air for scents of food-4.mp4,0.9851182103157043,success,0.224124,,
v_1239bee23fc8e895a602,subject_consistency,dev,a bicycle accelerating to gain speed,50,lavie,lavie/subject_consistency/a bicycle accelerating to gain speed-0.mp4,0.7371148467063904,success,0.244727,,
v_72db2fb7e05e75f8bebe,subject_consistency,dev,a bicycle accelerating to gain speed,51,lavie,lavie/subject_consistency/a bicycle accelerating to gain speed-1.mp4,0.8661011457443237,success,0.315118,,
v_62a08b68e33a02f94f0c,subject_consistency,dev,a bicycle accelerating to gain speed,52,lavie,lavie/subject_consistency/a bicycle accelerating to gain speed-2.mp4,0.8001008033752441,success,0.208171,,
v_54076175a5659236d32b,subject_consistency,dev,a bicycle accelerating to gain speed,53,lavie,lavie/subject_consistency/a bicycle accelerating to gain speed-3.mp4,0.8914027214050293,success,0.199037,,
v_96f94f232e8ad2fe304a,subject_consistency,dev,a bicycle accelerating to gain speed,54,lavie,lavie/subject_consistency/a bicycle accelerating to gain speed-4.mp4,0.5930758118629456,success,0.209969,,
v_a5e1893c148cdcaf891a,subject_consistency,test,a bicycle gliding through a snowy field,40,lavie,lavie/subject_consistency/a bicycle gliding through a snowy field-0.mp4,0.8257057070732117,success,0.180045,,
v_386c76f79b10699d5ff0,subject_consistency,test,a bicycle gliding through a snowy field,41,lavie,lavie/subject_consistency/a bicycle gliding through a snowy field-1.mp4,0.8834435343742371,success,0.196212,,
v_24910cd42aa4e6c4e8a3,subject_consistency,test,a bicycle gliding through a snowy field,42,lavie,lavie/subject_consistency/a bicycle gliding through a snowy field-2.mp4,0.8750820755958557,success,0.189686,,
v_3750741f0f19218e7bc2,subject_consistency,test,a bicycle gliding through a snowy field,43,lavie,lavie/subject_consistency/a bicycle gliding through a snowy field-3.mp4,0.9564716815948486,success,0.194990,,
v_23398fc59bcfa030946d,subject_consistency,test,a bicycle gliding through a snowy field,44,lavie,lavie/subject_consistency/a bicycle gliding through a snowy field-4.mp4,0.9578801989555359,success,0.216692,,
v_1186bbd18aefd21b2303,subject_consistency,dev,a bicycle leaning against a tree,35,lavie,lavie/subject_consistency/a bicycle leaning against a tree-0.mp4,0.7280051708221436,success,0.203917,,
v_01abf460f7827906385c,subject_consistency,dev,a bicycle leaning against a tree,36,lavie,lavie/subject_consistency/a bicycle leaning against a tree-1.mp4,0.9738638401031494,success,0.301749,,
v_eba8fe49cb0c1e1eb2aa,subject_consistency,dev,a bicycle leaning against a tree,37,lavie,lavie/subject_consistency/a bicycle leaning against a tree-2.mp4,0.9945762157440186,success,0.329428,,
v_66a885f34ee6e3dd1e27,subject_consistency,dev,a bicycle leaning against a tree,38,lavie,lavie/subject_consistency/a bicycle leaning against a tree-3.mp4,0.8273359537124634,success,0.290456,,
v_8625e7f8a9e709462804,subject_consistency,dev,a bicycle leaning against a tree,39,lavie,lavie/subject_consistency/a bicycle leaning against a tree-4.mp4,0.9920281171798706,success,0.290296,,
v_a4057cebc86fe0509c61,subject_consistency,test,a bicycle slowing down to stop,45,lavie,lavie/subject_consistency/a bicycle slowing down to stop-0.mp4,0.7553883790969849,success,0.292903,,
v_96d7d491f40f62d8ed90,subject_consistency,test,a bicycle slowing down to stop,46,lavie,lavie/subject_consistency/a bicycle slowing down to stop-1.mp4,0.9856690168380737,success,0.291991,,
v_8c753fd8e1bcc33f75f1,subject_consistency,test,a bicycle slowing down to stop,47,lavie,lavie/subject_consistency/a bicycle slowing down to stop-2.mp4,0.9857310652732849,success,0.288395,,
v_0e5c82c16b453c56a3ae,subject_consistency,test,a bicycle slowing down to stop,48,lavie,lavie/subject_consistency/a bicycle slowing down to stop-3.mp4,0.9418990015983582,success,0.287344,,
v_27702f1a523e24168e77,subject_consistency,test,a bicycle slowing down to stop,49,lavie,lavie/subject_consistency/a bicycle slowing down to stop-4.mp4,0.8093047142028809,success,0.269572,,
v_ac8726d0253c6e108972,subject_consistency,test,a bird building a nest from twigs and leaves,195,lavie,lavie/subject_consistency/a bird building a nest from twigs and leaves-0.mp4,0.9597471356391907,success,0.317092,,
v_082adab5f258966efa0e,subject_consistency,test,a bird building a nest from twigs and leaves,196,lavie,lavie/subject_consistency/a bird building a nest from twigs and leaves-1.mp4,0.9916201233863831,success,0.383790,,
v_ad6c0319d2da704ad88f,subject_consistency,test,a bird building a nest from twigs and leaves,197,lavie,lavie/subject_consistency/a bird building a nest from twigs and leaves-2.mp4,0.9926050305366516,success,0.266272,,
v_983846a7d68f5a56fcf4,subject_consistency,test,a bird building a nest from twigs and leaves,198,lavie,lavie/subject_consistency/a bird building a nest from twigs and leaves-3.mp4,0.9466964602470398,success,0.305611,,
v_edcd69eeacb9b349c55e,subject_consistency,test,a bird building a nest from twigs and leaves,199,lavie,lavie/subject_consistency/a bird building a nest from twigs and leaves-4.mp4,0.97879558801651,success,0.298731,,
v_88219b30ca1897227a91,subject_consistency,dev,a bird flying over a snowy forest,200,lavie,lavie/subject_consistency/a bird flying over a snowy forest-0.mp4,0.7957144975662231,success,0.284338,,
v_bc63ad9759282a82203b,subject_consistency,dev,a bird flying over a snowy forest,201,lavie,lavie/subject_consistency/a bird flying over a snowy forest-1.mp4,0.906545102596283,success,0.296108,,
v_b901661396c22f49699e,subject_consistency,dev,a bird flying over a snowy forest,202,lavie,lavie/subject_consistency/a bird flying over a snowy forest-2.mp4,0.9610520005226135,success,0.260664,,
v_d057fb39ab9b383ca510,subject_consistency,dev,a bird flying over a snowy forest,203,lavie,lavie/subject_consistency/a bird flying over a snowy forest-3.mp4,0.9534733891487122,success,0.185824,,
v_1000ad496983c5d44b85,subject_consistency,dev,a bird flying over a snowy forest,204,lavie,lavie/subject_consistency/a bird flying over a snowy forest-4.mp4,0.8773836493492126,success,0.276076,,
v_a0c310d71623d0c29090,subject_consistency,test,a bird soaring gracefully in the sky,190,lavie,lavie/subject_consistency/a bird soaring gracefully in the sky-0.mp4,0.9127033948898315,success,0.200810,,
v_8c39feded48d78898542,subject_consistency,test,a bird soaring gracefully in the sky,191,lavie,lavie/subject_consistency/a bird soaring gracefully in the sky-1.mp4,0.8368349075317383,success,0.182957,,
v_a0db47f6b23ad10c2b47,subject_consistency,test,a bird soaring gracefully in the sky,192,lavie,lavie/subject_consistency/a bird soaring gracefully in the sky-2.mp4,0.8969487547874451,success,0.200460,,
v_1dfd6f5274f9a925aec6,subject_consistency,test,a bird soaring gracefully in the sky,193,lavie,lavie/subject_consistency/a bird soaring gracefully in the sky-3.mp4,0.8973363041877747,success,0.167257,,
v_46377fbed64f77093f57,subject_consistency,test,a bird soaring gracefully in the sky,194,lavie,lavie/subject_consistency/a bird soaring gracefully in the sky-4.mp4,0.8615226745605469,success,0.188118,,
v_658e0bd650e60a9f5bdb,subject_consistency,dev,a boat accelerating to gain speed,185,lavie,lavie/subject_consistency/a boat accelerating to gain speed-0.mp4,0.8356322050094604,success,0.270064,,
v_2775ba91c3539092032e,subject_consistency,dev,a boat accelerating to gain speed,186,lavie,lavie/subject_consistency/a boat accelerating to gain speed-1.mp4,0.9435825943946838,success,0.244108,,
v_dd58e4e664933dede229,subject_consistency,dev,a boat accelerating to gain speed,187,lavie,lavie/subject_consistency/a boat accelerating to gain speed-2.mp4,0.7611327767372131,success,0.290022,,
v_1729c3f1ce72852576a4,subject_consistency,dev,a boat accelerating to gain speed,188,lavie,lavie/subject_consistency/a boat accelerating to gain speed-3.mp4,0.9526515007019043,success,0.304026,,
v_f50b61c526df441000bb,subject_consistency,dev,a boat accelerating to gain speed,189,lavie,lavie/subject_consistency/a boat accelerating to gain speed-4.mp4,0.8457407355308533,success,0.291772,,
v_2cdef48a4a2db12ef605,subject_consistency,test,a boat sailing smoothly on a calm lake,175,lavie,lavie/subject_consistency/a boat sailing smoothly on a calm lake-0.mp4,0.9863479733467102,success,0.287243,,
v_58dcc67486e36e0e2112,subject_consistency,test,a boat sailing smoothly on a calm lake,176,lavie,lavie/subject_consistency/a boat sailing smoothly on a calm lake-1.mp4,0.9804983139038086,success,0.293114,,
v_436dd7c0a1c8711f9c46,subject_consistency,test,a boat sailing smoothly on a calm lake,177,lavie,lavie/subject_consistency/a boat sailing smoothly on a calm lake-2.mp4,0.9861124753952026,success,0.287765,,
v_51af4cb4347af6add620,subject_consistency,test,a boat sailing smoothly on a calm lake,178,lavie,lavie/subject_consistency/a boat sailing smoothly on a calm lake-3.mp4,0.9672991037368774,success,0.297900,,
v_5fa3ebab7f3784b4bc63,subject_consistency,test,a boat sailing smoothly on a calm lake,179,lavie,lavie/subject_consistency/a boat sailing smoothly on a calm lake-4.mp4,0.9660170674324036,success,0.300529,,
v_3bafe1a68f58180c7d17,subject_consistency,test,a boat slowing down to stop,180,lavie,lavie/subject_consistency/a boat slowing down to stop-0.mp4,0.959306538105011,success,0.256298,,
v_b4fb3a362f067c80de37,subject_consistency,test,a boat slowing down to stop,181,lavie,lavie/subject_consistency/a boat slowing down to stop-1.mp4,0.9708768129348755,success,0.278613,,
v_e27676df8aac91709b07,subject_consistency,test,a boat slowing down to stop,182,lavie,lavie/subject_consistency/a boat slowing down to stop-2.mp4,0.9625325798988342,success,0.299358,,
v_069819895f09e4cbae7b,subject_consistency,test,a boat slowing down to stop,183,lavie,lavie/subject_consistency/a boat slowing down to stop-3.mp4,0.9781286120414734,success,0.276992,,
v_dae8d895122a0bdbf1da,subject_consistency,test,a boat slowing down to stop,184,lavie,lavie/subject_consistency/a boat slowing down to stop-4.mp4,0.9712579250335693,success,0.292507,,
v_b331ab7495899c875d19,subject_consistency,test,a bus accelerating to gain speed,130,lavie,lavie/subject_consistency/a bus accelerating to gain speed-0.mp4,0.766480565071106,success,0.291184,,
v_e9de72f8c7b99a1df6df,subject_consistency,test,a bus accelerating to gain speed,131,lavie,lavie/subject_consistency/a bus accelerating to gain speed-1.mp4,0.8908544182777405,success,0.288509,,
v_488cb18c99f7427b4e6e,subject_consistency,test,a bus accelerating to gain speed,132,lavie,lavie/subject_consistency/a bus accelerating to gain speed-2.mp4,0.6489580869674683,success,0.293906,,
v_ba39cd3e96c82a0532fe,subject_consistency,test,a bus accelerating to gain speed,133,lavie,lavie/subject_consistency/a bus accelerating to gain speed-3.mp4,0.7511419653892517,success,0.291276,,
v_029d84af67613cdb8c41,subject_consistency,test,a bus accelerating to gain speed,134,lavie,lavie/subject_consistency/a bus accelerating to gain speed-4.mp4,0.793140172958374,success,0.291014,,
v_d2ee18ac7fcbfacafcfa,subject_consistency,test,a bus stuck in traffic during rush hour,125,lavie,lavie/subject_consistency/a bus stuck in traffic during rush hour-0.mp4,0.9385741353034973,success,0.288678,,
v_089e2ba2f09dd2aefd05,subject_consistency,test,a bus stuck in traffic during rush hour,126,lavie,lavie/subject_consistency/a bus stuck in traffic during rush hour-1.mp4,0.9147249460220337,success,0.290965,,
v_5acd4bba1cbdec9c1424,subject_consistency,test,a bus stuck in traffic during rush hour,127,lavie,lavie/subject_consistency/a bus stuck in traffic during rush hour-2.mp4,0.9834466576576233,success,0.244323,,
v_7c189bb0185e3aec515e,subject_consistency,test,a bus stuck in traffic during rush hour,128,lavie,lavie/subject_consistency/a bus stuck in traffic during rush hour-3.mp4,0.9582514762878418,success,0.176563,,
v_b7016755ed89cf20096a,subject_consistency,test,a bus stuck in traffic during rush hour,129,lavie,lavie/subject_consistency/a bus stuck in traffic during rush hour-4.mp4,0.9454860091209412,success,0.244828,,
v_625c29fd396a6573aa6b,subject_consistency,test,a bus turning a corner,120,lavie,lavie/subject_consistency/a bus turning a corner-0.mp4,0.8229737281799316,success,0.307239,,
v_67d1ddd32f1f323250b4,subject_consistency,test,a bus turning a corner,121,lavie,lavie/subject_consistency/a bus turning a corner-1.mp4,0.9661852121353149,success,0.287602,,
v_b99bc825370d165a326d,subject_consistency,test,a bus turning a corner,122,lavie,lavie/subject_consistency/a bus turning a corner-2.mp4,0.986497700214386,success,0.296741,,
v_f9f7fa3bdcf25189e023,subject_consistency,test,a bus turning a corner,123,lavie,lavie/subject_consistency/a bus turning a corner-3.mp4,0.9454903602600098,success,0.283134,,
v_2b2e193cdcb387d9ab77,subject_consistency,test,a bus turning a corner,124,lavie,lavie/subject_consistency/a bus turning a corner-4.mp4,0.9245862364768982,success,0.294200,,
v_5dc90b9bd9f638abd082,subject_consistency,dev,a car accelerating to gain speed,70,lavie,lavie/subject_consistency/a car accelerating to gain speed-0.mp4,0.5898966789245605,success,0.289846,,
v_d61710271e20e354852c,subject_consistency,dev,a car accelerating to gain speed,71,lavie,lavie/subject_consistency/a car accelerating to gain speed-1.mp4,0.8992127180099487,success,0.292867,,
v_09e8b02d3ff99c73d116,subject_consistency,dev,a car accelerating to gain speed,72,lavie,lavie/subject_consistency/a car accelerating to gain speed-2.mp4,0.7136725187301636,success,0.284439,,
v_9154d5058b7a0d2eda34,subject_consistency,dev,a car accelerating to gain speed,73,lavie,lavie/subject_consistency/a car accelerating to gain speed-3.mp4,0.7289607524871826,success,0.253368,,
v_50cc5a7356346ef8e806,subject_consistency,dev,a car accelerating to gain speed,74,lavie,lavie/subject_consistency/a car accelerating to gain speed-4.mp4,0.7107340097427368,success,0.220213,,
v_5054c5414a363dab8171,subject_consistency,dev,a car slowing down to stop,65,lavie,lavie/subject_consistency/a car slowing down to stop-0.mp4,0.9419843554496765,success,0.199474,,
v_92e477eef8db0e72f3ca,subject_consistency,dev,a car slowing down to stop,66,lavie,lavie/subject_consistency/a car slowing down to stop-1.mp4,0.972764253616333,success,0.295706,,
v_772abd754160c472d237,subject_consistency,dev,a car slowing down to stop,67,lavie,lavie/subject_consistency/a car slowing down to stop-2.mp4,0.9570375680923462,success,0.296268,,
v_52adef868a83a0a6c0c6,subject_consistency,dev,a car slowing down to stop,68,lavie,lavie/subject_consistency/a car slowing down to stop-3.mp4,0.8972854018211365,success,0.293322,,
v_d76d746535f0d71a75f8,subject_consistency,dev,a car slowing down to stop,69,lavie,lavie/subject_consistency/a car slowing down to stop-4.mp4,0.7788964509963989,success,0.292253,,
v_8068225d72879682c850,subject_consistency,dev,a car stuck in traffic during rush hour,55,lavie,lavie/subject_consistency/a car stuck in traffic during rush hour-0.mp4,0.9182541370391846,success,0.288260,,
v_b8342e78da07cadf31a6,subject_consistency,dev,a car stuck in traffic during rush hour,56,lavie,lavie/subject_consistency/a car stuck in traffic during rush hour-1.mp4,0.9958533644676208,success,0.291406,,
v_d45cf7a36f1482ff0c73,subject_consistency,dev,a car stuck in traffic during rush hour,57,lavie,lavie/subject_consistency/a car stuck in traffic during rush hour-2.mp4,0.988447368144989,success,0.291094,,
v_2dcd775e3442ed3cc5d4,subject_consistency,dev,a car stuck in traffic during rush hour,58,lavie,lavie/subject_consistency/a car stuck in traffic during rush hour-3.mp4,0.963177502155304,success,0.285542,,
v_dbb6b6d24ec813dbf721,subject_consistency,dev,a car stuck in traffic during rush hour,59,lavie,lavie/subject_consistency/a car stuck in traffic during rush hour-4.mp4,0.8842666745185852,success,0.295584,,
v_24aff3375dfcba813f6e,subject_consistency,test,a car turning a corner,60,lavie,lavie/subject_consistency/a car turning a corner-0.mp4,0.9699603319168091,success,0.270469,,
v_c4b1c4b509e37a38c01c,subject_consistency,test,a car turning a corner,61,lavie,lavie/subject_consistency/a car turning a corner-1.mp4,0.8719989061355591,success,0.301820,,
v_7c127677207e24cfebc6,subject_consistency,test,a car turning a corner,62,lavie,lavie/subject_consistency/a car turning a corner-2.mp4,0.8196146488189697,success,0.281424,,
v_ea21d22517f3f51b0294,subject_consistency,test,a car turning a corner,63,lavie,lavie/subject_consistency/a car turning a corner-3.mp4,0.9224297404289246,success,0.293257,,
v_d30cebce262615683d80,subject_consistency,test,a car turning a corner,64,lavie,lavie/subject_consistency/a car turning a corner-4.mp4,0.7847347855567932,success,0.263490,,
v_7272bffff8e443828922,subject_consistency,test,a cat drinking water,215,lavie,lavie/subject_consistency/a cat drinking water-0.mp4,0.9803052544593811,success,0.223857,,
v_7fab0f2db75b0b240878,subject_consistency,test,a cat drinking water,216,lavie,lavie/subject_consistency/a cat drinking water-1.mp4,0.9788634777069092,success,0.254036,,
v_db647f242451a0d70be5,subject_consistency,test,a cat drinking water,217,lavie,lavie/subject_consistency/a cat drinking water-2.mp4,0.9945145845413208,success,0.182846,,
v_d50c92cdc69aac9c8649,subject_consistency,test,a cat drinking water,218,lavie,lavie/subject_consistency/a cat drinking water-3.mp4,0.955581784248352,success,0.185251,,
v_edd490cd549f66487e14,subject_consistency,test,a cat drinking water,219,lavie,lavie/subject_consistency/a cat drinking water-4.mp4,0.9909944534301758,success,0.230783,,
v_355c28a8d65219f8c029,subject_consistency,test,a cat grooming itself meticulously with its tongue,205,lavie,lavie/subject_consistency/a cat grooming itself meticulously with its tongue-0.mp4,0.967380940914154,success,0.266094,,
v_d55129a31bbf54ca6afc,subject_consistency,test,a cat grooming itself meticulously with its tongue,206,lavie,lavie/subject_consistency/a cat grooming itself meticulously with its tongue-1.mp4,0.9683817625045776,success,0.218271,,
v_13f301bc6c164786e2c2,subject_consistency,test,a cat grooming itself meticulously with its tongue,207,lavie,lavie/subject_consistency/a cat grooming itself meticulously with its tongue-2.mp4,0.996797502040863,success,0.309131,,
v_a8427a2726e3c7d2eac3,subject_consistency,test,a cat grooming itself meticulously with its tongue,208,lavie,lavie/subject_consistency/a cat grooming itself meticulously with its tongue-3.mp4,0.9967213273048401,success,0.289379,,
v_f0da471042ff11709a80,subject_consistency,test,a cat grooming itself meticulously with its tongue,209,lavie,lavie/subject_consistency/a cat grooming itself meticulously with its tongue-4.mp4,0.9710903763771057,success,0.292984,,
v_4cce7371f3d7b186a633,subject_consistency,test,a cat playing in park,210,lavie,lavie/subject_consistency/a cat playing in park-0.mp4,0.9348524212837219,success,0.271488,,
v_9c270f5b5e01c7f63add,subject_consistency,test,a cat playing in park,211,lavie,lavie/subject_consistency/a cat playing in park-1.mp4,0.6949267387390137,success,0.310657,,
v_34fe689022d3089a6359,subject_consistency,test,a cat playing in park,212,lavie,lavie/subject_consistency/a cat playing in park-2.mp4,0.8128820061683655,success,0.287539,,
v_27d11524eeef097817a7,subject_consistency,test,a cat playing in park,213,lavie,lavie/subject_consistency/a cat playing in park-3.mp4,0.7118948101997375,success,0.285105,,
v_91c7aa2891403b0ec61c,subject_consistency,test,a cat playing in park,214,lavie,lavie/subject_consistency/a cat playing in park-4.mp4,0.7893677353858948,success,0.278804,,
v_757ac439858e05c27773,subject_consistency,test,a cat running happily,220,lavie,lavie/subject_consistency/a cat running happily-0.mp4,0.9056989550590515,success,0.304727,,
v_8901966fd56921b5bf4a,subject_consistency,test,a cat running happily,221,lavie,lavie/subject_consistency/a cat running happily-1.mp4,0.7257611751556396,success,0.289031,,
v_9383cd88b74cbe1115e0,subject_consistency,test,a cat running happily,222,lavie,lavie/subject_consistency/a cat running happily-2.mp4,0.7734089493751526,success,0.289418,,
v_ffeb57e31ce57a5d6821,subject_consistency,test,a cat running happily,223,lavie,lavie/subject_consistency/a cat running happily-3.mp4,0.9067922234535217,success,0.275161,,
v_bb22b791b15ee4205423,subject_consistency,test,a cat running happily,224,lavie,lavie/subject_consistency/a cat running happily-4.mp4,0.7452436089515686,success,0.320274,,
v_2f70fa0f1b64c71e590f,subject_consistency,test,a cow bending down to drink water from a river,280,lavie,lavie/subject_consistency/a cow bending down to drink water from a river-0.mp4,0.9776234030723572,success,0.284797,,
v_af3a20eb3d96eb8bea11,subject_consistency,test,a cow bending down to drink water from a river,281,lavie,lavie/subject_consistency/a cow bending down to drink water from a river-1.mp4,0.9929186105728149,success,0.294102,,
v_dc0d0b798c38751a580e,subject_consistency,test,a cow bending down to drink water from a river,282,lavie,lavie/subject_consistency/a cow bending down to drink water from a river-2.mp4,0.9916980266571045,success,0.277542,,
v_cf36520719678a64a9b5,subject_consistency,test,a cow bending down to drink water from a river,283,lavie,lavie/subject_consistency/a cow bending down to drink water from a river-3.mp4,0.9787028431892395,success,0.300230,,
v_919fefa8413d85ceba62,subject_consistency,test,a cow bending down to drink water from a river,284,lavie,lavie/subject_consistency/a cow bending down to drink water from a river-4.mp4,0.9874103665351868,success,0.291312,,
v_66ecbd70fef73dfe2910,subject_consistency,test,a cow chewing cud while resting in a tranquil barn,285,lavie,lavie/subject_consistency/a cow chewing cud while resting in a tranquil barn-0.mp4,0.9957530498504639,success,0.290465,,
v_1a4ba2db016d245dd706,subject_consistency,test,a cow chewing cud while resting in a tranquil barn,286,lavie,lavie/subject_consistency/a cow chewing cud while resting in a tranquil barn-1.mp4,0.9964737296104431,success,0.291503,,
v_a8927072b10564f39cac,subject_consistency,test,a cow chewing cud while resting in a tranquil barn,287,lavie,lavie/subject_consistency/a cow chewing cud while resting in a tranquil barn-2.mp4,0.9908498525619507,success,0.286048,,
v_5163b246df26668d640d,subject_consistency,test,a cow chewing cud while resting in a tranquil barn,288,lavie,lavie/subject_consistency/a cow chewing cud while resting in a tranquil barn-3.mp4,0.9937691688537598,success,0.289553,,
v_9b7c0c54565861178ec2,subject_consistency,test,a cow chewing cud while resting in a tranquil barn,289,lavie,lavie/subject_consistency/a cow chewing cud while resting in a tranquil barn-4.mp4,0.9868813157081604,success,0.292156,,
v_1c46ef6d851575174f98,subject_consistency,dev,a cow running to join a herd of its kind,290,lavie,lavie/subject_consistency/a cow running to join a herd of its kind-0.mp4,0.9788682460784912,success,0.264229,,
v_10d250e1b4b4a6ec0a82,subject_consistency,dev,a cow running to join a herd of its kind,291,lavie,lavie/subject_consistency/a cow running to join a herd of its kind-1.mp4,0.9442958831787109,success,0.299699,,
v_646040551adeb266f819,subject_consistency,dev,a cow running to join a herd of its kind,292,lavie,lavie/subject_consistency/a cow running to join a herd of its kind-2.mp4,0.9568790197372437,success,0.290656,,
v_c424c7aceaf2046394ad,subject_consistency,dev,a cow running to join a herd of its kind,293,lavie,lavie/subject_consistency/a cow running to join a herd of its kind-3.mp4,0.9669449925422668,success,0.263183,,
v_fb03b6a21df9c0a51627,subject_consistency,dev,a cow running to join a herd of its kind,294,lavie,lavie/subject_consistency/a cow running to join a herd of its kind-4.mp4,0.9386007189750671,success,0.323392,,
v_aa27788a3f4162118a71,subject_consistency,test,a dog drinking water,235,lavie,lavie/subject_consistency/a dog drinking water-0.mp4,0.9910824298858643,success,0.284414,,
v_a79dafd432c70600e9f2,subject_consistency,test,a dog drinking water,236,lavie,lavie/subject_consistency/a dog drinking water-1.mp4,0.9650413990020752,success,0.294874,,
v_f677ce619fc4b91ad3bc,subject_consistency,test,a dog drinking water,237,lavie,lavie/subject_consistency/a dog drinking water-2.mp4,0.9838669300079346,success,0.286278,,
v_60242ccb583ca9fe4cbe,subject_consistency,test,a dog drinking water,238,lavie,lavie/subject_consistency/a dog drinking water-3.mp4,0.9773516654968262,success,0.295071,,
v_3a761c6efa2e72825566,subject_consistency,test,a dog drinking water,239,lavie,lavie/subject_consistency/a dog drinking water-4.mp4,0.9751138687133789,success,0.293840,,
v_7797ec72c96c2a22a25c,subject_consistency,dev,a dog enjoying a peaceful walk,225,lavie,lavie/subject_consistency/a dog enjoying a peaceful walk-0.mp4,0.9693237543106079,success,0.294000,,
v_d60252327275fa0be28c,subject_consistency,dev,a dog enjoying a peaceful walk,226,lavie,lavie/subject_consistency/a dog enjoying a peaceful walk-1.mp4,0.8552638292312622,success,0.200352,,
v_6c061a9012093335d0d8,subject_consistency,dev,a dog enjoying a peaceful walk,227,lavie,lavie/subject_consistency/a dog enjoying a peaceful walk-2.mp4,0.9887759685516357,success,0.195526,,
v_281bdfe3bc6f646584a3,subject_consistency,dev,a dog enjoying a peaceful walk,228,lavie,lavie/subject_consistency/a dog enjoying a peaceful walk-3.mp4,0.8785919547080994,success,0.244580,,
v_f56bdce96bc39df2791f,subject_consistency,dev,a dog enjoying a peaceful walk,229,lavie,lavie/subject_consistency/a dog enjoying a peaceful walk-4.mp4,0.9197496175765991,success,0.301600,,
v_7973103910599b86668f,subject_consistency,dev,a dog playing in park,230,lavie,lavie/subject_consistency/a dog playing in park-0.mp4,0.7423920631408691,success,0.296777,,
v_048d6335bee8503b88ad,subject_consistency,dev,a dog playing in park,231,lavie,lavie/subject_consistency/a dog playing in park-1.mp4,0.7603623867034912,success,0.282894,,
v_2dc2db60fbd14a835402,subject_consistency,dev,a dog playing in park,232,lavie,lavie/subject_consistency/a dog playing in park-2.mp4,0.8070106506347656,success,0.281517,,
v_7e0cd3556f6f75d8e9b4,subject_consistency,dev,a dog playing in park,233,lavie,lavie/subject_consistency/a dog playing in park-3.mp4,0.828355073928833,success,0.292064,,
v_d9f84c6d10d1d0ab156a,subject_consistency,dev,a dog playing in park,234,lavie,lavie/subject_consistency/a dog playing in park-4.mp4,0.713009238243103,success,0.291733,,
v_a055f3f16047ab40ff23,subject_consistency,dev,a dog running happily,240,lavie,lavie/subject_consistency/a dog running happily-0.mp4,0.7528753280639648,success,0.296239,,
v_f1e3f2594819b2581cb5,subject_consistency,dev,a dog running happily,241,lavie,lavie/subject_consistency/a dog running happily-1.mp4,0.6837773323059082,success,0.266286,,
v_ae7c67a9284e44f1f86c,subject_consistency,dev,a dog running happily,242,lavie,lavie/subject_consistency/a dog running happily-2.mp4,0.7419156432151794,success,0.290999,,
v_828a260e3a72285675db,subject_consistency,dev,a dog running happily,243,lavie,lavie/subject_consistency/a dog running happily-3.mp4,0.7946105003356934,success,0.254914,,
v_6c2e1a9470a89e080e90,subject_consistency,dev,a dog running happily,244,lavie,lavie/subject_consistency/a dog running happily-4.mp4,0.7782418727874756,success,0.235900,,
v_cb1836e3c56693f46f6b,subject_consistency,test,a giraffe bending down to drink water from a river,345,lavie,lavie/subject_consistency/a giraffe bending down to drink water from a river-0.mp4,0.992121160030365,success,0.229414,,
v_c9071789b40c0dbc03b9,subject_consistency,test,a giraffe bending down to drink water from a river,346,lavie,lavie/subject_consistency/a giraffe bending down to drink water from a river-1.mp4,0.9895532727241516,success,0.307928,,
v_76b707d4aac35d4488b1,subject_consistency,test,a giraffe bending down to drink water from a river,347,lavie,lavie/subject_consistency/a giraffe bending down to drink water from a river-2.mp4,0.9884436726570129,success,0.302893,,
v_f98e9ec4a38a120fa58c,subject_consistency,test,a giraffe bending down to drink water from a river,348,lavie,lavie/subject_consistency/a giraffe bending down to drink water from a river-3.mp4,0.994965136051178,success,0.281879,,
v_ba9523d9fad842950de0,subject_consistency,test,a giraffe bending down to drink water from a river,349,lavie,lavie/subject_consistency/a giraffe bending down to drink water from a river-4.mp4,0.9888308644294739,success,0.297132,,
v_7760687d0de55827666e,subject_consistency,dev,a giraffe running to join a herd of its kind,355,lavie,lavie/subject_consistency/a giraffe running to join a herd of its kind-0.mp4,0.9499653577804565,success,0.287831,,
v_b8c24eb3204db675d869,subject_consistency,dev,a giraffe running to join a herd of its kind,356,lavie,lavie/subject_consistency/a giraffe running to join a herd of its kind-1.mp4,0.9341181516647339,success,0.286347,,
v_fa56e86f4b1d399eaee3,subject_consistency,dev,a giraffe running to join a herd of its kind,357,lavie,lavie/subject_consistency/a giraffe running to join a herd of its kind-2.mp4,0.9571083188056946,success,0.295951,,
v_5c62d4959469c7dbd0d7,subject_consistency,dev,a giraffe running to join a herd of its kind,358,lavie,lavie/subject_consistency/a giraffe running to join a herd of its kind-3.mp4,0.9438357353210449,success,0.291917,,
v_002b98ccf572f273350b,subject_consistency,dev,a giraffe running to join a herd of its kind,359,lavie,lavie/subject_consistency/a giraffe running to join a herd of its kind-4.mp4,0.950115978717804,success,0.236163,,
v_c5ebf46d44713edac045,subject_consistency,test,a giraffe taking a peaceful walk,350,lavie,lavie/subject_consistency/a giraffe taking a peaceful walk-0.mp4,0.9745229482650757,success,0.262651,,
v_0a51555b6ca06a7fb37a,subject_consistency,test,a giraffe taking a peaceful walk,351,lavie,lavie/subject_consistency/a giraffe taking a peaceful walk-1.mp4,0.9685295820236206,success,0.174001,,
v_87b1cc47c68216236bba,subject_consistency,test,a giraffe taking a peaceful walk,352,lavie,lavie/subject_consistency/a giraffe taking a peaceful walk-2.mp4,0.9940255284309387,success,0.308649,,
v_30057f5990079eccf9ed,subject_consistency,test,a giraffe taking a peaceful walk,353,lavie,lavie/subject_consistency/a giraffe taking a peaceful walk-3.mp4,0.9863754510879517,success,0.296398,,
v_6df07487671c82403a7c,subject_consistency,test,a giraffe taking a peaceful walk,354,lavie,lavie/subject_consistency/a giraffe taking a peaceful walk-4.mp4,0.9882784485816956,success,0.246450,,
v_acad3809e0a2b0dd452b,subject_consistency,dev,a horse bending down to drink water from a river,245,lavie,lavie/subject_consistency/a horse bending down to drink water from a river-0.mp4,0.985392153263092,success,0.306914,,
v_08397a5eca2986883aff,subject_consistency,dev,a horse bending down to drink water from a river,246,lavie,lavie/subject_consistency/a horse bending down to drink water from a river-1.mp4,0.967409074306488,success,0.285556,,
v_986e7ed1fe4942e30107,subject_consistency,dev,a horse bending down to drink water from a river,247,lavie,lavie/subject_consistency/a horse bending down to drink water from a river-2.mp4,0.9875179529190063,success,0.276665,,
v_fd74bf14f15b33a66435,subject_consistency,dev,a horse bending down to drink water from a river,248,lavie,lavie/subject_consistency/a horse bending down to drink water from a river-3.mp4,0.9927341938018799,success,0.277425,,
v_525b64e4e5a4fc46f5a4,subject_consistency,dev,a horse bending down to drink water from a river,249,lavie,lavie/subject_consistency/a horse bending down to drink water from a river-4.mp4,0.9910476803779602,success,0.211855,,
v_2bc7819b26cd1f86e448,subject_consistency,test,a horse galloping across an open field,250,lavie,lavie/subject_consistency/a horse galloping across an open field-0.mp4,0.9353479743003845,success,0.203489,,
v_4219c888e5820af41ada,subject_consistency,test,a horse galloping across an open field,251,lavie,lavie/subject_consistency/a horse galloping across an open field-1.mp4,0.8472407460212708,success,0.294773,,
v_db4f4ca22e6defc60df2,subject_consistency,test,a horse galloping across an open field,252,lavie,lavie/subject_consistency/a horse galloping across an open field-2.mp4,0.849296510219574,success,0.290059,,
v_a90f050bfba3eec0785b,subject_consistency,test,a horse galloping across an open field,253,lavie,lavie/subject_consistency/a horse galloping across an open field-3.mp4,0.9270451068878174,success,0.218757,,
v_6a7ce568d2d987ec2429,subject_consistency,test,a horse galloping across an open field,254,lavie,lavie/subject_consistency/a horse galloping across an open field-4.mp4,0.9569990038871765,success,0.235905,,
v_f81edd0c67dfb12a9d30,subject_consistency,dev,a horse running to join a herd of its kind,260,lavie,lavie/subject_consistency/a horse running to join a herd of its kind-0.mp4,0.9371951222419739,success,0.314089,,
v_256b6e9f34b2a17e89dc,subject_consistency,dev,a horse running to join a herd of its kind,261,lavie,lavie/subject_consistency/a horse running to join a herd of its kind-1.mp4,0.918159008026123,success,0.300992,,
v_9949d8992b9f466856e5,subject_consistency,dev,a horse running to join a herd of its kind,262,lavie,lavie/subject_consistency/a horse running to join a herd of its kind-2.mp4,0.9172514081001282,success,0.269261,,
v_37dd5d849790c9068f8b,subject_consistency,dev,a horse running to join a herd of its kind,263,lavie,lavie/subject_consistency/a horse running to join a herd of its kind-3.mp4,0.9501431584358215,success,0.296855,,
v_ba8888bc3f32e9daaac3,subject_consistency,dev,a horse running to join a herd of its kind,264,lavie,lavie/subject_consistency/a horse running to join a herd of its kind-4.mp4,0.8889545202255249,success,0.286240,,
v_7ba0d401ad12f86c2030,subject_consistency,test,a horse taking a peaceful walk,255,lavie,lavie/subject_consistency/a horse taking a peaceful walk-0.mp4,0.9650878310203552,success,0.290640,,
v_52676d47b5d4379b5641,subject_consistency,test,a horse taking a peaceful walk,256,lavie,lavie/subject_consistency/a horse taking a peaceful walk-1.mp4,0.9839299917221069,success,0.289655,,
v_b3958349f8705fe14d6e,subject_consistency,test,a horse taking a peaceful walk,257,lavie,lavie/subject_consistency/a horse taking a peaceful walk-2.mp4,0.9444409012794495,success,0.296142,,
v_e409f0f976f391421704,subject_consistency,test,a horse taking a peaceful walk,258,lavie,lavie/subject_consistency/a horse taking a peaceful walk-3.mp4,0.9719222187995911,success,0.286706,,
v_8f680d6edfdd536cf353,subject_consistency,test,a horse taking a peaceful walk,259,lavie,lavie/subject_consistency/a horse taking a peaceful walk-4.mp4,0.9364145994186401,success,0.290825,,
v_55729c8e84756409c7ff,subject_consistency,test,a motorcycle accelerating to gain speed,95,lavie,lavie/subject_consistency/a motorcycle accelerating to gain speed-0.mp4,0.768638014793396,success,0.288765,,
v_1228886bb0f4219fe5f4,subject_consistency,test,a motorcycle accelerating to gain speed,96,lavie,lavie/subject_consistency/a motorcycle accelerating to gain speed-1.mp4,0.8639225363731384,success,0.266937,,
v_b475e53e1ce9f345f638,subject_consistency,test,a motorcycle accelerating to gain speed,97,lavie,lavie/subject_consistency/a motorcycle accelerating to gain speed-2.mp4,0.8120592832565308,success,0.200351,,
v_405540133f4015268eb4,subject_consistency,test,a motorcycle accelerating to gain speed,98,lavie,lavie/subject_consistency/a motorcycle accelerating to gain speed-3.mp4,0.635895311832428,success,0.313160,,
v_1fec8c757416ea9544a1,subject_consistency,test,a motorcycle accelerating to gain speed,99,lavie,lavie/subject_consistency/a motorcycle accelerating to gain speed-4.mp4,0.786535918712616,success,0.284724,,
v_8e16d19bbb304865e064,subject_consistency,test,a motorcycle cruising along a coastal highway,75,lavie,lavie/subject_consistency/a motorcycle cruising along a coastal highway-0.mp4,0.8506842851638794,success,0.291687,,
v_98174cf7b7aeea65d2b7,subject_consistency,test,a motorcycle cruising along a coastal highway,76,lavie,lavie/subject_consistency/a motorcycle cruising along a coastal highway-1.mp4,0.9285475611686707,success,0.287793,,
v_c9b13e9ab73becaaef2b,subject_consistency,test,a motorcycle cruising along a coastal highway,77,lavie,lavie/subject_consistency/a motorcycle cruising along a coastal highway-2.mp4,0.8739029765129089,success,0.286923,,
v_906a0387a0dca4dadf3b,subject_consistency,test,a motorcycle cruising along a coastal highway,78,lavie,lavie/subject_consistency/a motorcycle cruising along a coastal highway-3.mp4,0.9602847695350647,success,0.288564,,
v_4d1ae351a242c57f650e,subject_consistency,test,a motorcycle cruising along a coastal highway,79,lavie,lavie/subject_consistency/a motorcycle cruising along a coastal highway-4.mp4,0.9350726008415222,success,0.299828,,
v_680ece978bb8dfcdcdaf,subject_consistency,test,a motorcycle gliding through a snowy field,90,lavie,lavie/subject_consistency/a motorcycle gliding through a snowy field-0.mp4,0.9343408346176147,success,0.284567,,
v_4a129c88032e59bd451f,subject_consistency,test,a motorcycle gliding through a snowy field,91,lavie,lavie/subject_consistency/a motorcycle gliding through a snowy field-1.mp4,0.9398296475410461,success,0.268598,,
v_19f8a70146a05c9bc7ae,subject_consistency,test,a motorcycle gliding through a snowy field,92,lavie,lavie/subject_consistency/a motorcycle gliding through a snowy field-2.mp4,0.6040279865264893,success,0.290801,,
v_b762427b714c3ef30165,subject_consistency,test,a motorcycle gliding through a snowy field,93,lavie,lavie/subject_consistency/a motorcycle gliding through a snowy field-3.mp4,0.6476042866706848,success,0.269461,,
v_30fb7623fa2516924ce1,subject_consistency,test,a motorcycle gliding through a snowy field,94,lavie,lavie/subject_consistency/a motorcycle gliding through a snowy field-4.mp4,0.768955409526825,success,0.291239,,
v_e07ec70e26f00c3b13c6,subject_consistency,test,a motorcycle slowing down to stop,85,lavie,lavie/subject_consistency/a motorcycle slowing down to stop-0.mp4,0.9237557649612427,success,0.285776,,
v_d0c4a4669957fc833315,subject_consistency,test,a motorcycle slowing down to stop,86,lavie,lavie/subject_consistency/a motorcycle slowing down to stop-1.mp4,0.9160016775131226,success,0.236417,,
v_4c5a6b9035d267bceb2a,subject_consistency,test,a motorcycle slowing down to stop,87,lavie,lavie/subject_consistency/a motorcycle slowing down to stop-2.mp4,0.9427419304847717,success,0.176494,,
v_21ce4a7290f71bfdaacc,subject_consistency,test,a motorcycle slowing down to stop,88,lavie,lavie/subject_consistency/a motorcycle slowing down to stop-3.mp4,0.9309331178665161,success,0.244976,,
v_facd42370476ec55d9e5,subject_consistency,test,a motorcycle slowing down to stop,89,lavie,lavie/subject_consistency/a motorcycle slowing down to stop-4.mp4,0.9522930383682251,success,0.316239,,
v_1ef9bbb034887ebefbbc,subject_consistency,dev,a motorcycle turning a corner,80,lavie,lavie/subject_consistency/a motorcycle turning a corner-0.mp4,0.9450646638870239,success,0.256398,,
v_289a9c58cf0cc4fedeb4,subject_consistency,dev,a motorcycle turning a corner,81,lavie,lavie/subject_consistency/a motorcycle turning a corner-1.mp4,0.8427287936210632,success,0.203748,,
v_c76de716369b096f9ce4,subject_consistency,dev,a motorcycle turning a corner,82,lavie,lavie/subject_consistency/a motorcycle turning a corner-2.mp4,0.8303688764572144,success,0.309444,,
v_9a44e9724a5f8c2f1ce7,subject_consistency,dev,a motorcycle turning a corner,83,lavie,lavie/subject_consistency/a motorcycle turning a corner-3.mp4,0.830027163028717,success,0.264294,,
v_3bcbe4cfba8d770f8ba6,subject_consistency,dev,a motorcycle turning a corner,84,lavie,lavie/subject_consistency/a motorcycle turning a corner-4.mp4,0.7868673205375671,success,0.317832,,
v_7c4ac4b90acaa2faa318,subject_consistency,test,a person drinking coffee in a cafe,25,lavie,lavie/subject_consistency/a person drinking coffee in a cafe-0.mp4,0.9791442155838013,success,0.252797,,
v_09f72955a6b112e39b4c,subject_consistency,test,a person drinking coffee in a cafe,26,lavie,lavie/subject_consistency/a person drinking coffee in a cafe-1.mp4,0.9702582359313965,success,0.207971,,
v_26e54d1686eaa22f43fd,subject_consistency,test,a person drinking coffee in a cafe,27,lavie,lavie/subject_consistency/a person drinking coffee in a cafe-2.mp4,0.9896469712257385,success,0.204260,,
v_665da4f52e79f53e1d85,subject_consistency,test,a person drinking coffee in a cafe,28,lavie,lavie/subject_consistency/a person drinking coffee in a cafe-3.mp4,0.9958304762840271,success,0.294843,,
v_e81786c5e2e8d12d57e5,subject_consistency,test,a person drinking coffee in a cafe,29,lavie,lavie/subject_consistency/a person drinking coffee in a cafe-4.mp4,0.9925015568733215,success,0.280813,,
v_4e6e34f0f85ace192464,subject_consistency,test,a person eating a burger,15,lavie,lavie/subject_consistency/a person eating a burger-0.mp4,0.9877499341964722,success,0.285200,,
v_9e88d35777de00b73da2,subject_consistency,test,a person eating a burger,16,lavie,lavie/subject_consistency/a person eating a burger-1.mp4,0.9933085441589355,success,0.265904,,
v_1b91e95c39933b9cbfb2,subject_consistency,test,a person eating a burger,17,lavie,lavie/subject_consistency/a person eating a burger-2.mp4,0.9943886995315552,success,0.268637,,
v_d3f1c9db77a076b06c27,subject_consistency,test,a person eating a burger,18,lavie,lavie/subject_consistency/a person eating a burger-3.mp4,0.8099114298820496,success,0.205629,,
v_2ecd8bd64412f65fc695,subject_consistency,test,a person eating a burger,19,lavie,lavie/subject_consistency/a person eating a burger-4.mp4,0.4808954894542694,success,0.296868,,
v_f88a0a406794823274a6,subject_consistency,test,a person giving a presentation to a room full of colleagues,5,lavie,lavie/subject_consistency/a person giving a presentation to a room full of colleagues-0.mp4,0.9959854483604431,success,0.295631,,
v_4a3566ab466b30dc7c8e,subject_consistency,test,a person giving a presentation to a room full of colleagues,6,lavie,lavie/subject_consistency/a person giving a presentation to a room full of colleagues-1.mp4,0.9701007008552551,success,0.290083,,
v_11ec5e2233ae2a68b49a,subject_consistency,test,a person giving a presentation to a room full of colleagues,7,lavie,lavie/subject_consistency/a person giving a presentation to a room full of colleagues-2.mp4,0.9401281476020813,success,0.290083,,
v_8413992c6d4148d74ef5,subject_consistency,test,a person giving a presentation to a room full of colleagues,8,lavie,lavie/subject_consistency/a person giving a presentation to a room full of colleagues-3.mp4,0.9832082390785217,success,0.287691,,
v_53ab86b38b1b0dbcdd85,subject_consistency,test,a person giving a presentation to a room full of colleagues,9,lavie,lavie/subject_consistency/a person giving a presentation to a room full of colleagues-4.mp4,0.9721072912216187,success,0.290602,,
v_b9a7e2772f70408ad106,subject_consistency,test,a person playing guitar,30,lavie,lavie/subject_consistency/a person playing guitar-0.mp4,0.9946122169494629,success,0.286525,,
v_8bd37a37fe7e47376265,subject_consistency,test,a person playing guitar,31,lavie,lavie/subject_consistency/a person playing guitar-1.mp4,0.993930995464325,success,0.289628,,
v_aad12a0841068a0279f4,subject_consistency,test,a person playing guitar,32,lavie,lavie/subject_consistency/a person playing guitar-2.mp4,0.9909328818321228,success,0.289456,,
v_3f900011570a87b2fd3d,subject_consistency,test,a person playing guitar,33,lavie,lavie/subject_consistency/a person playing guitar-3.mp4,0.9982255697250366,success,0.288793,,
v_ff966a89c5b471a38896,subject_consistency,test,a person playing guitar,34,lavie,lavie/subject_consistency/a person playing guitar-4.mp4,0.9817512035369873,success,0.289044,,
v_af0a3d4eb2ae59d3922d,subject_consistency,dev,a person swimming in ocean,0,lavie,lavie/subject_consistency/a person swimming in ocean-0.mp4,0.7345492243766785,success,0.293220,,
v_ae21d286b1b2317f7c5b,subject_consistency,dev,a person swimming in ocean,1,lavie,lavie/subject_consistency/a person swimming in ocean-1.mp4,0.6454343199729919,success,0.278593,,
v_91f45f49f45288855098,subject_consistency,dev,a person swimming in ocean,2,lavie,lavie/subject_consistency/a person swimming in ocean-2.mp4,0.8797187209129333,success,0.274125,,
v_d7a3aef41c705fd7cd12,subject_consistency,dev,a person swimming in ocean,3,lavie,lavie/subject_consistency/a person swimming in ocean-3.mp4,0.5707991123199463,success,0.294778,,
v_416aebbf5c44967ac816,subject_consistency,dev,a person swimming in ocean,4,lavie,lavie/subject_consistency/a person swimming in ocean-4.mp4,0.7186139822006226,success,0.276286,,
v_854ad0ba5a4a50d382b9,subject_consistency,test,a person walking in the snowstorm,20,lavie,lavie/subject_consistency/a person walking in the snowstorm-0.mp4,0.9291132092475891,success,0.294429,,
v_582b5256d91cc9ae74a2,subject_consistency,test,a person walking in the snowstorm,21,lavie,lavie/subject_consistency/a person walking in the snowstorm-1.mp4,0.9528019428253174,success,0.271312,,
v_e0c6715b57aa6d8625b5,subject_consistency,test,a person walking in the snowstorm,22,lavie,lavie/subject_consistency/a person walking in the snowstorm-2.mp4,0.9020906686782837,success,0.291405,,
v_15d931bbd74a357887d8,subject_consistency,test,a person walking in the snowstorm,23,lavie,lavie/subject_consistency/a person walking in the snowstorm-3.mp4,0.9559260606765747,success,0.282696,,
v_88608acb46a5b0d63055,subject_consistency,test,a person walking in the snowstorm,24,lavie,lavie/subject_consistency/a person walking in the snowstorm-4.mp4,0.9512532949447632,success,0.269385,,
v_271c63952df0de2e6cdf,subject_consistency,dev,a person washing the dishes,10,lavie,lavie/subject_consistency/a person washing the dishes-0.mp4,0.9229888319969177,success,0.207110,,
v_6378ecc5046fc918507b,subject_consistency,dev,a person washing the dishes,11,lavie,lavie/subject_consistency/a person washing the dishes-1.mp4,0.9467973709106445,success,0.300759,,
v_e9d3218bb3728e0fd752,subject_consistency,dev,a person washing the dishes,12,lavie,lavie/subject_consistency/a person washing the dishes-2.mp4,0.9444166421890259,success,0.286351,,
v_a5c8960eaa222d67f156,subject_consistency,dev,a person washing the dishes,13,lavie,lavie/subject_consistency/a person washing the dishes-3.mp4,0.9001392722129822,success,0.289690,,
v_ee5ff09547aa0fb54f7a,subject_consistency,dev,a person washing the dishes,14,lavie,lavie/subject_consistency/a person washing the dishes-4.mp4,0.9241411089897156,success,0.283277,,
v_60d70c7c58a712b69e9f,subject_consistency,test,a sheep bending down to drink water from a river,265,lavie,lavie/subject_consistency/a sheep bending down to drink water from a river-0.mp4,0.9819262623786926,success,0.281258,,
v_dad2ad452fcb4a2319db,subject_consistency,test,a sheep bending down to drink water from a river,266,lavie,lavie/subject_consistency/a sheep bending down to drink water from a river-1.mp4,0.9807201027870178,success,0.297603,,
v_c39030fdce1f5545fe86,subject_consistency,test,a sheep bending down to drink water from a river,267,lavie,lavie/subject_consistency/a sheep bending down to drink water from a river-2.mp4,0.9924666881561279,success,0.287810,,
v_1cdb34f5d4f06ac0d780,subject_consistency,test,a sheep bending down to drink water from a river,268,lavie,lavie/subject_consistency/a sheep bending down to drink water from a river-3.mp4,0.9792449474334717,success,0.272422,,
v_e10d80e497d8cab4c9a8,subject_consistency,test,a sheep bending down to drink water from a river,269,lavie,lavie/subject_consistency/a sheep bending down to drink water from a river-4.mp4,0.9857645630836487,success,0.290233,,
v_71e13f1436e01e7c2fc1,subject_consistency,test,a sheep running to join a herd of its kind,275,lavie,lavie/subject_consistency/a sheep running to join a herd of its kind-0.mp4,0.9797601699829102,success,0.264387,,
v_611254512c23d618db46,subject_consistency,test,a sheep running to join a herd of its kind,276,lavie,lavie/subject_consistency/a sheep running to join a herd of its kind-1.mp4,0.9543555378913879,success,0.295698,,
v_925d56665bcc1c46cbd6,subject_consistency,test,a sheep running to join a herd of its kind,277,lavie,lavie/subject_consistency/a sheep running to join a herd of its kind-2.mp4,0.8051896691322327,success,0.292943,,
v_9b619e681e8996504f45,subject_consistency,test,a sheep running to join a herd of its kind,278,lavie,lavie/subject_consistency/a sheep running to join a herd of its kind-3.mp4,0.9752522110939026,success,0.281897,,
v_1889db9f1bde66bb0431,subject_consistency,test,a sheep running to join a herd of its kind,279,lavie,lavie/subject_consistency/a sheep running to join a herd of its kind-4.mp4,0.9648486375808716,success,0.278433,,
v_032db7735191d5b298f7,subject_consistency,test,a sheep taking a peaceful walk,270,lavie,lavie/subject_consistency/a sheep taking a peaceful walk-0.mp4,0.9884772300720215,success,0.317697,,
v_e84990abf720d2008e85,subject_consistency,test,a sheep taking a peaceful walk,271,lavie,lavie/subject_consistency/a sheep taking a peaceful walk-1.mp4,0.9647090435028076,success,0.265124,,
v_85da5cdd0f73f7eeac32,subject_consistency,test,a sheep taking a peaceful walk,272,lavie,lavie/subject_consistency/a sheep taking a peaceful walk-2.mp4,0.9722673296928406,success,0.301734,,
v_a5f18eee243d96522768,subject_consistency,test,a sheep taking a peaceful walk,273,lavie,lavie/subject_consistency/a sheep taking a peaceful walk-3.mp4,0.9673877358436584,success,0.289400,,
v_0a3e5d9ba71e5acfdd0e,subject_consistency,test,a sheep taking a peaceful walk,274,lavie,lavie/subject_consistency/a sheep taking a peaceful walk-4.mp4,0.9766483902931213,success,0.285786,,
v_2c905329f47207de4228,subject_consistency,dev,a train accelerating to gain speed,145,lavie,lavie/subject_consistency/a train accelerating to gain speed-0.mp4,0.8985395431518555,success,0.292520,,
v_869b195a1e3c0e3ab7f3,subject_consistency,dev,a train accelerating to gain speed,146,lavie,lavie/subject_consistency/a train accelerating to gain speed-1.mp4,0.868463397026062,success,0.290626,,
v_d5ca5598273bcf953706,subject_consistency,dev,a train accelerating to gain speed,147,lavie,lavie/subject_consistency/a train accelerating to gain speed-2.mp4,0.885358452796936,success,0.293367,,
v_c4ac48fee9f3551634b7,subject_consistency,dev,a train accelerating to gain speed,148,lavie,lavie/subject_consistency/a train accelerating to gain speed-3.mp4,0.9896708130836487,success,0.282471,,
v_c472dbea0b9b1b73d886,subject_consistency,dev,a train accelerating to gain speed,149,lavie,lavie/subject_consistency/a train accelerating to gain speed-4.mp4,0.9074850082397461,success,0.359425,,
v_3672f7df53d3db2e84b4,subject_consistency,test,a train crossing over a tall bridge,140,lavie,lavie/subject_consistency/a train crossing over a tall bridge-0.mp4,0.9967243075370789,success,0.195873,,
v_6a0fbfab4e66b8bf06ab,subject_consistency,test,a train crossing over a tall bridge,141,lavie,lavie/subject_consistency/a train crossing over a tall bridge-1.mp4,0.6085842847824097,success,0.190651,,
v_99dadc13cf2e86f89a94,subject_consistency,test,a train crossing over a tall bridge,142,lavie,lavie/subject_consistency/a train crossing over a tall bridge-2.mp4,0.9750068187713623,success,0.288127,,
v_9895ee1cab2f98d9a0fb,subject_consistency,test,a train crossing over a tall bridge,143,lavie,lavie/subject_consistency/a train crossing over a tall bridge-3.mp4,0.9499402642250061,success,0.214214,,
v_7a1b3d80d5e2b63c58b5,subject_consistency,test,a train crossing over a tall bridge,144,lavie,lavie/subject_consistency/a train crossing over a tall bridge-4.mp4,0.9944530129432678,success,0.291970,,
v_3cbba5a2a46f28c2522b,subject_consistency,test,a train speeding down the tracks,135,lavie,lavie/subject_consistency/a train speeding down the tracks-0.mp4,0.9979562759399414,success,0.293641,,
v_33563f7737fa9784a5d6,subject_consistency,test,a train speeding down the tracks,136,lavie,lavie/subject_consistency/a train speeding down the tracks-1.mp4,0.9480700492858887,success,0.288644,,
v_1f423388d02d8bc7dbab,subject_consistency,test,a train speeding down the tracks,137,lavie,lavie/subject_consistency/a train speeding down the tracks-2.mp4,0.9943557977676392,success,0.290122,,
v_0c6643e6ea52d80a47e5,subject_consistency,test,a train speeding down the tracks,138,lavie,lavie/subject_consistency/a train speeding down the tracks-3.mp4,0.897828996181488,success,0.287472,,
v_f2ad9f10f8cd40cb95e0,subject_consistency,test,a train speeding down the tracks,139,lavie,lavie/subject_consistency/a train speeding down the tracks-4.mp4,0.9323126673698425,success,0.289319,,
v_0c685210bbf681909b28,subject_consistency,test,a truck accelerating to gain speed,170,lavie,lavie/subject_consistency/a truck accelerating to gain speed-0.mp4,0.9642539024353027,success,0.181863,,
v_925788d63ffedd2a2fea,subject_consistency,test,a truck accelerating to gain speed,171,lavie,lavie/subject_consistency/a truck accelerating to gain speed-1.mp4,0.794245183467865,success,0.295613,,
v_46a18b5a8f0a912e6d7e,subject_consistency,test,a truck accelerating to gain speed,172,lavie,lavie/subject_consistency/a truck accelerating to gain speed-2.mp4,0.7396815419197083,success,0.190019,,
v_eb38300b2c7d587c6fb3,subject_consistency,test,a truck accelerating to gain speed,173,lavie,lavie/subject_consistency/a truck accelerating to gain speed-3.mp4,0.8686208128929138,success,0.187136,,
v_60ed3f4cd4699e5fa616,subject_consistency,test,a truck accelerating to gain speed,174,lavie,lavie/subject_consistency/a truck accelerating to gain speed-4.mp4,0.8373896479606628,success,0.276682,,
v_87df1214256836793c63,subject_consistency,test,a truck anchored in a tranquil bay,155,lavie,lavie/subject_consistency/a truck anchored in a tranquil bay-0.mp4,0.9962980151176453,success,0.241140,,
v_737d87a7648cbf3b4f2a,subject_consistency,test,a truck anchored in a tranquil bay,156,lavie,lavie/subject_consistency/a truck anchored in a tranquil bay-1.mp4,0.9938828945159912,success,0.222334,,
v_4b4c328c0b53622ed870,subject_consistency,test,a truck anchored in a tranquil bay,157,lavie,lavie/subject_consistency/a truck anchored in a tranquil bay-2.mp4,0.99322909116745,success,0.231774,,
v_27a01798f10deb5bbc4c,subject_consistency,test,a truck anchored in a tranquil bay,158,lavie,lavie/subject_consistency/a truck anchored in a tranquil bay-3.mp4,0.993949294090271,success,0.259950,,
v_db940098a0a84251cff6,subject_consistency,test,a truck anchored in a tranquil bay,159,lavie,lavie/subject_consistency/a truck anchored in a tranquil bay-4.mp4,0.9934484958648682,success,0.298618,,
v_6efbfae4e2067af76263,subject_consistency,dev,a truck slowing down to stop,165,lavie,lavie/subject_consistency/a truck slowing down to stop-0.mp4,0.8991161584854126,success,0.271416,,
v_e883014aaf0e5e66429b,subject_consistency,dev,a truck slowing down to stop,166,lavie,lavie/subject_consistency/a truck slowing down to stop-1.mp4,0.6657960414886475,success,0.295372,,
v_d51186bcfc23e2a780ab,subject_consistency,dev,a truck slowing down to stop,167,lavie,lavie/subject_consistency/a truck slowing down to stop-2.mp4,0.9112410545349121,success,0.274057,,
v_fc2b3c3dab96156f24eb,subject_consistency,dev,a truck slowing down to stop,168,lavie,lavie/subject_consistency/a truck slowing down to stop-3.mp4,0.7690521478652954,success,0.288584,,
v_a522928f33a3f29c463c,subject_consistency,dev,a truck slowing down to stop,169,lavie,lavie/subject_consistency/a truck slowing down to stop-4.mp4,0.9741533994674683,success,0.262186,,
v_2567bc088498a76bf296,subject_consistency,dev,a truck stuck in traffic during rush hour,160,lavie,lavie/subject_consistency/a truck stuck in traffic during rush hour-0.mp4,0.9763796925544739,success,0.300205,,
v_e64497c6e9959a20fc9a,subject_consistency,dev,a truck stuck in traffic during rush hour,161,lavie,lavie/subject_consistency/a truck stuck in traffic during rush hour-1.mp4,0.9894903302192688,success,0.273008,,
v_6dc1d5de458adc6a4c82,subject_consistency,dev,a truck stuck in traffic during rush hour,162,lavie,lavie/subject_consistency/a truck stuck in traffic during rush hour-2.mp4,0.9837143421173096,success,0.262998,,
v_25ca93a2f438c00de9db,subject_consistency,dev,a truck stuck in traffic during rush hour,163,lavie,lavie/subject_consistency/a truck stuck in traffic during rush hour-3.mp4,0.9401499629020691,success,0.201199,,
v_24909bc56de73501c39b,subject_consistency,dev,a truck stuck in traffic during rush hour,164,lavie,lavie/subject_consistency/a truck stuck in traffic during rush hour-4.mp4,0.9391862750053406,success,0.280297,,
v_47d02c07b375f55dc82d,subject_consistency,test,a truck turning a corner,150,lavie,lavie/subject_consistency/a truck turning a corner-0.mp4,0.9912387132644653,success,0.323222,,
v_bf4b3df29a9616bf26ae,subject_consistency,test,a truck turning a corner,151,lavie,lavie/subject_consistency/a truck turning a corner-1.mp4,0.8850947022438049,success,0.283155,,
v_b100d257a81e48bc7aff,subject_consistency,test,a truck turning a corner,152,lavie,lavie/subject_consistency/a truck turning a corner-2.mp4,0.9634889960289001,success,0.281815,,
v_74d5bd9982ed49689599,subject_consistency,test,a truck turning a corner,153,lavie,lavie/subject_consistency/a truck turning a corner-3.mp4,0.925280749797821,success,0.294343,,
v_0a1a6db568841167f9e8,subject_consistency,test,a truck turning a corner,154,lavie,lavie/subject_consistency/a truck turning a corner-4.mp4,0.8972001075744629,success,0.288784,,
v_1d66dc97035b1ce84858,subject_consistency,test,a zebra bending down to drink water from a river,330,lavie,lavie/subject_consistency/a zebra bending down to drink water from a river-0.mp4,0.9807146191596985,success,0.303904,,
v_c4de504a244d437ac3ad,subject_consistency,test,a zebra bending down to drink water from a river,331,lavie,lavie/subject_consistency/a zebra bending down to drink water from a river-1.mp4,0.9948419332504272,success,0.270237,,
v_aa14318968934ce72fb1,subject_consistency,test,a zebra bending down to drink water from a river,332,lavie,lavie/subject_consistency/a zebra bending down to drink water from a river-2.mp4,0.9643047451972961,success,0.294223,,
v_f993f14cdb34fb8383ef,subject_consistency,test,a zebra bending down to drink water from a river,333,lavie,lavie/subject_consistency/a zebra bending down to drink water from a river-3.mp4,0.9786093235015869,success,0.261242,,
v_88720509dffa7aea9e30,subject_consistency,test,a zebra bending down to drink water from a river,334,lavie,lavie/subject_consistency/a zebra bending down to drink water from a river-4.mp4,0.9799758791923523,success,0.292646,,
v_cfba4c6a79d560fe46a4,subject_consistency,dev,a zebra running to join a herd of its kind,335,lavie,lavie/subject_consistency/a zebra running to join a herd of its kind-0.mp4,0.9547572731971741,success,0.286186,,
v_b2657298416595015a2b,subject_consistency,dev,a zebra running to join a herd of its kind,336,lavie,lavie/subject_consistency/a zebra running to join a herd of its kind-1.mp4,0.8821325302124023,success,0.292530,,
v_35d320b87cf1354b75ab,subject_consistency,dev,a zebra running to join a herd of its kind,337,lavie,lavie/subject_consistency/a zebra running to join a herd of its kind-2.mp4,0.9490301609039307,success,0.283714,,
v_53b3d43654788945925c,subject_consistency,dev,a zebra running to join a herd of its kind,338,lavie,lavie/subject_consistency/a zebra running to join a herd of its kind-3.mp4,0.9581043124198914,success,0.288467,,
v_125269dc5fc640751fa4,subject_consistency,dev,a zebra running to join a herd of its kind,339,lavie,lavie/subject_consistency/a zebra running to join a herd of its kind-4.mp4,0.9459477066993713,success,0.292506,,
v_6c2b2a634ab183e511ee,subject_consistency,test,a zebra taking a peaceful walk,340,lavie,lavie/subject_consistency/a zebra taking a peaceful walk-0.mp4,0.9786400198936462,success,0.283847,,
v_82dc1689fd289adcc0d2,subject_consistency,test,a zebra taking a peaceful walk,341,lavie,lavie/subject_consistency/a zebra taking a peaceful walk-1.mp4,0.9754855632781982,success,0.251814,,
v_13502c1b9c959957b46a,subject_consistency,test,a zebra taking a peaceful walk,342,lavie,lavie/subject_consistency/a zebra taking a peaceful walk-2.mp4,0.9971066117286682,success,0.216989,,
v_38ae4c230155beb1b259,subject_consistency,test,a zebra taking a peaceful walk,343,lavie,lavie/subject_consistency/a zebra taking a peaceful walk-3.mp4,0.9851791858673096,success,0.296240,,
v_ad2f0d6ec69f9ff90382,subject_consistency,test,a zebra taking a peaceful walk,344,lavie,lavie/subject_consistency/a zebra taking a peaceful walk-4.mp4,0.9837861657142639,success,0.295046,,
v_940b596694076fc02031,subject_consistency,dev,an airplane accelerating to gain speed,115,lavie,lavie/subject_consistency/an airplane accelerating to gain speed-0.mp4,0.9130553603172302,success,0.223359,,
v_fec42337a8c8df7ce34a,subject_consistency,dev,an airplane accelerating to gain speed,116,lavie,lavie/subject_consistency/an airplane accelerating to gain speed-1.mp4,0.9344738721847534,success,0.235412,,
v_285610c3a2c855550e48,subject_consistency,dev,an airplane accelerating to gain speed,117,lavie,lavie/subject_consistency/an airplane accelerating to gain speed-2.mp4,0.9709975719451904,success,0.201276,,
v_ed456be3b67c139c2359,subject_consistency,dev,an airplane accelerating to gain speed,118,lavie,lavie/subject_consistency/an airplane accelerating to gain speed-3.mp4,0.8592467904090881,success,0.199917,,
v_bc27be9579a2ee0575a0,subject_consistency,dev,an airplane accelerating to gain speed,119,lavie,lavie/subject_consistency/an airplane accelerating to gain speed-4.mp4,0.849502444267273,success,0.293441,,
v_f67eeea4fbf58cc411c3,subject_consistency,dev,an airplane landing smoothly on a runway,110,lavie,lavie/subject_consistency/an airplane landing smoothly on a runway-0.mp4,0.8727010488510132,success,0.254468,,
v_04760c8edf4fc6b6cabf,subject_consistency,dev,an airplane landing smoothly on a runway,111,lavie,lavie/subject_consistency/an airplane landing smoothly on a runway-1.mp4,0.8407589793205261,success,0.275695,,
v_4e95bb485f4adf419c01,subject_consistency,dev,an airplane landing smoothly on a runway,112,lavie,lavie/subject_consistency/an airplane landing smoothly on a runway-2.mp4,0.6806700825691223,success,0.141425,,
v_77be04a2a33f6482cf8f,subject_consistency,dev,an airplane landing smoothly on a runway,113,lavie,lavie/subject_consistency/an airplane landing smoothly on a runway-3.mp4,0.9198189973831177,success,0.234388,,
v_63ca2f20ae34428aa1ca,subject_consistency,dev,an airplane landing smoothly on a runway,114,lavie,lavie/subject_consistency/an airplane landing smoothly on a runway-4.mp4,0.9660047292709351,success,0.204590,,
v_04f6e576842838274674,subject_consistency,dev,an airplane soaring through a clear blue sky,100,lavie,lavie/subject_consistency/an airplane soaring through a clear blue sky-0.mp4,0.812148928642273,success,0.195978,,
v_21205ad8444076978bc5,subject_consistency,dev,an airplane soaring through a clear blue sky,101,lavie,lavie/subject_consistency/an airplane soaring through a clear blue sky-1.mp4,0.7656295895576477,success,0.293727,,
v_79ce9a9fcd2d91c86ed6,subject_consistency,dev,an airplane soaring through a clear blue sky,102,lavie,lavie/subject_consistency/an airplane soaring through a clear blue sky-2.mp4,0.9221381545066833,success,0.293618,,
v_8881fe623ab7d97c59f3,subject_consistency,dev,an airplane soaring through a clear blue sky,103,lavie,lavie/subject_consistency/an airplane soaring through a clear blue sky-3.mp4,0.9586423635482788,success,0.253698,,
v_b0a25948ab7d1753c003,subject_consistency,dev,an airplane soaring through a clear blue sky,104,lavie,lavie/subject_consistency/an airplane soaring through a clear blue sky-4.mp4,0.9228312373161316,success,0.197523,,
v_f8540067be8cdbe21ad3,subject_consistency,test,an airplane taking off,105,lavie,lavie/subject_consistency/an airplane taking off-0.mp4,0.7741718888282776,success,0.200745,,
v_c67cc4c089f05f662b73,subject_consistency,test,an airplane taking off,106,lavie,lavie/subject_consistency/an airplane taking off-1.mp4,0.964934229850769,success,0.200964,,
v_b38e0ecd10ddfd3493c8,subject_consistency,test,an airplane taking off,107,lavie,lavie/subject_consistency/an airplane taking off-2.mp4,0.8981882929801941,success,0.138616,,
v_133ecedbfb5b05b512fc,subject_consistency,test,an airplane taking off,108,lavie,lavie/subject_consistency/an airplane taking off-3.mp4,0.9650010466575623,success,0.209460,,
v_6b78127efef0a4b16f9a,subject_consistency,test,an airplane taking off,109,lavie,lavie/subject_consistency/an airplane taking off-4.mp4,0.9587656259536743,success,0.204352,,
v_5b062c85839a5a65a7dc,subject_consistency,dev,an elephant running to join a herd of its kind,305,lavie,lavie/subject_consistency/an elephant running to join a herd of its kind-0.mp4,0.9781202077865601,success,0.314223,,
v_3b6ddfc07cc98fcf9fa0,subject_consistency,dev,an elephant running to join a herd of its kind,306,lavie,lavie/subject_consistency/an elephant running to join a herd of its kind-1.mp4,0.9849029779434204,success,0.282176,,
v_55a4f07d56cda7470760,subject_consistency,dev,an elephant running to join a herd of its kind,307,lavie,lavie/subject_consistency/an elephant running to join a herd of its kind-2.mp4,0.971390962600708,success,0.290473,,
v_cdab6ebfbdf88aa1365e,subject_consistency,dev,an elephant running to join a herd of its kind,308,lavie,lavie/subject_consistency/an elephant running to join a herd of its kind-3.mp4,0.9530994296073914,success,0.288130,,
v_4719caef96c8df794757,subject_consistency,dev,an elephant running to join a herd of its kind,309,lavie,lavie/subject_consistency/an elephant running to join a herd of its kind-4.mp4,0.9699795246124268,success,0.282899,,
v_fb1d17327cf889acb8c1,subject_consistency,test,an elephant spraying itself with water using its trunk to cool down,295,lavie,lavie/subject_consistency/an elephant spraying itself with water using its trunk to cool down-0.mp4,0.9858781099319458,success,0.264636,,
v_fc9b39a4b047b2db243c,subject_consistency,test,an elephant spraying itself with water using its trunk to cool down,296,lavie,lavie/subject_consistency/an elephant spraying itself with water using its trunk to cool down-1.mp4,0.9937685132026672,success,0.322705,,
v_0925f4496cf55ade8e5d,subject_consistency,test,an elephant spraying itself with water using its trunk to cool down,297,lavie,lavie/subject_consistency/an elephant spraying itself with water using its trunk to cool down-2.mp4,0.9881947040557861,success,0.281932,,
v_880940bd2506d90070e8,subject_consistency,test,an elephant spraying itself with water using its trunk to cool down,298,lavie,lavie/subject_consistency/an elephant spraying itself with water using its trunk to cool down-3.mp4,0.9942868947982788,success,0.283899,,
v_50b265d3f9ccf281a518,subject_consistency,test,an elephant spraying itself with water using its trunk to cool down,299,lavie,lavie/subject_consistency/an elephant spraying itself with water using its trunk to cool down-4.mp4,0.9922862648963928,success,0.283806,,
v_a61c4fd55b6d14142804,subject_consistency,dev,an elephant taking a peaceful walk,300,lavie,lavie/subject_consistency/an elephant taking a peaceful walk-0.mp4,0.9816830158233643,success,0.290181,,
v_78178705d79ec90157df,subject_consistency,dev,an elephant taking a peaceful walk,301,lavie,lavie/subject_consistency/an elephant taking a peaceful walk-1.mp4,0.9920132160186768,success,0.290485,,
v_c1248e9030371b3a4c77,subject_consistency,dev,an elephant taking a peaceful walk,302,lavie,lavie/subject_consistency/an elephant taking a peaceful walk-2.mp4,0.9817628264427185,success,0.285170,,
v_dc652b0b5523975a8fa8,subject_consistency,dev,an elephant taking a peaceful walk,303,lavie,lavie/subject_consistency/an elephant taking a peaceful walk-3.mp4,0.9775009751319885,success,0.285765,,
v_fc9f2f195c54be3c8076,subject_consistency,dev,an elephant taking a peaceful walk,304,lavie,lavie/subject_consistency/an elephant taking a peaceful walk-4.mp4,0.987506628036499,success,0.292169,,
v_4188fa83a29fd432dfda,subject_consistency,dev,a bear catching a salmon in its powerful jaws,310,modelscope,modelscope/subject_consistency/a bear catching a salmon in its powerful jaws-0.mp4,0.6503102779388428,success,0.072910,,
v_34625fe37aa7a42acdc7,subject_consistency,dev,a bear catching a salmon in its powerful jaws,311,modelscope,modelscope/subject_consistency/a bear catching a salmon in its powerful jaws-1.mp4,0.7978347539901733,success,0.073682,,
v_fa270c5fdac341cb40fd,subject_consistency,dev,a bear catching a salmon in its powerful jaws,312,modelscope,modelscope/subject_consistency/a bear catching a salmon in its powerful jaws-2.mp4,0.9196885228157043,success,0.071576,,
v_75ae6ff18ca62508d8d0,subject_consistency,dev,a bear catching a salmon in its powerful jaws,313,modelscope,modelscope/subject_consistency/a bear catching a salmon in its powerful jaws-3.mp4,0.6610165238380432,success,0.078725,,
v_ab334de7ecdd101ab31d,subject_consistency,dev,a bear catching a salmon in its powerful jaws,314,modelscope,modelscope/subject_consistency/a bear catching a salmon in its powerful jaws-4.mp4,0.7852887511253357,success,0.083629,,
v_ba9c929fbc17cb8a2f8c,subject_consistency,dev,a bear climbing a tree,320,modelscope,modelscope/subject_consistency/a bear climbing a tree-0.mp4,0.9190821647644043,success,0.085993,,
v_92ef0fb8e78d5e46ee54,subject_consistency,dev,a bear climbing a tree,321,modelscope,modelscope/subject_consistency/a bear climbing a tree-1.mp4,0.7727057933807373,success,0.085744,,
v_dee4a3752f3357813f5c,subject_consistency,dev,a bear climbing a tree,322,modelscope,modelscope/subject_consistency/a bear climbing a tree-2.mp4,0.9106616377830505,success,0.088144,,
v_7d08dc0c107412a30c61,subject_consistency,dev,a bear climbing a tree,323,modelscope,modelscope/subject_consistency/a bear climbing a tree-3.mp4,0.8263677954673767,success,0.072647,,
v_b0e3fc73c0aa543d9daf,subject_consistency,dev,a bear climbing a tree,324,modelscope,modelscope/subject_consistency/a bear climbing a tree-4.mp4,0.9412897229194641,success,0.069823,,
v_eead382891e6a6460255,subject_consistency,dev,a bear hunting for prey,325,modelscope,modelscope/subject_consistency/a bear hunting for prey-0.mp4,0.9069377183914185,success,0.069824,,
v_aa60317162f58b90a5f0,subject_consistency,dev,a bear hunting for prey,326,modelscope,modelscope/subject_consistency/a bear hunting for prey-1.mp4,0.9407472610473633,success,0.077040,,
v_cf96bce5886d829da0d8,subject_consistency,dev,a bear hunting for prey,327,modelscope,modelscope/subject_consistency/a bear hunting for prey-2.mp4,0.8756493926048279,success,0.083792,,
v_04497c9e403ce5df38cb,subject_consistency,dev,a bear hunting for prey,328,modelscope,modelscope/subject_consistency/a bear hunting for prey-3.mp4,0.9224448204040527,success,0.088551,,
v_a26df473caf9f3f7e1c1,subject_consistency,dev,a bear hunting for prey,329,modelscope,modelscope/subject_consistency/a bear hunting for prey-4.mp4,0.9735656380653381,success,0.084799,,
v_2c332e5f9025aadf5040,subject_consistency,test,a bear sniffing the air for scents of food,315,modelscope,modelscope/subject_consistency/a bear sniffing the air for scents of food-0.mp4,0.938278317451477,success,0.092028,,
v_d473963439a1a6354995,subject_consistency,test,a bear sniffing the air for scents of food,316,modelscope,modelscope/subject_consistency/a bear sniffing the air for scents of food-1.mp4,0.936526358127594,success,0.070919,,
v_537212330784c0eafc8c,subject_consistency,test,a bear sniffing the air for scents of food,317,modelscope,modelscope/subject_consistency/a bear sniffing the air for scents of food-2.mp4,0.8990035057067871,success,0.071092,,
v_f731df1f09529d8e6e74,subject_consistency,test,a bear sniffing the air for scents of food,318,modelscope,modelscope/subject_consistency/a bear sniffing the air for scents of food-3.mp4,0.9890498518943787,success,0.071860,,
v_13c1cabddc227ece3d48,subject_consistency,test,a bear sniffing the air for scents of food,319,modelscope,modelscope/subject_consistency/a bear sniffing the air for scents of food-4.mp4,0.9783486127853394,success,0.072486,,
v_22198fc0eb29ccf872ca,subject_consistency,dev,a bicycle accelerating to gain speed,50,modelscope,modelscope/subject_consistency/a bicycle accelerating to gain speed-0.mp4,0.8188527822494507,success,0.086521,,
v_4cc61aeefcdbe5a4954a,subject_consistency,dev,a bicycle accelerating to gain speed,51,modelscope,modelscope/subject_consistency/a bicycle accelerating to gain speed-1.mp4,0.7173870205879211,success,0.088879,,
v_6ece532e548d7f27342c,subject_consistency,dev,a bicycle accelerating to gain speed,52,modelscope,modelscope/subject_consistency/a bicycle accelerating to gain speed-2.mp4,0.5818774104118347,success,0.081639,,
v_9b0c0f03a19de87dd743,subject_consistency,dev,a bicycle accelerating to gain speed,53,modelscope,modelscope/subject_consistency/a bicycle accelerating to gain speed-3.mp4,0.8544381260871887,success,0.111811,,
v_62cfc6bd17e42d4fadf5,subject_consistency,dev,a bicycle accelerating to gain speed,54,modelscope,modelscope/subject_consistency/a bicycle accelerating to gain speed-4.mp4,0.9362632632255554,success,0.072095,,
v_2211afa97c13b0d7479c,subject_consistency,test,a bicycle gliding through a snowy field,40,modelscope,modelscope/subject_consistency/a bicycle gliding through a snowy field-0.mp4,0.9195920825004578,success,0.086789,,
v_f7430098901d683c2916,subject_consistency,test,a bicycle gliding through a snowy field,41,modelscope,modelscope/subject_consistency/a bicycle gliding through a snowy field-1.mp4,0.7613255381584167,success,0.070241,,
v_59fac8f6dbc11129ee16,subject_consistency,test,a bicycle gliding through a snowy field,42,modelscope,modelscope/subject_consistency/a bicycle gliding through a snowy field-2.mp4,0.915208637714386,success,0.073252,,
v_0fe95d931f8b0e163fc1,subject_consistency,test,a bicycle gliding through a snowy field,43,modelscope,modelscope/subject_consistency/a bicycle gliding through a snowy field-3.mp4,0.8563422560691833,success,0.072467,,
v_557e7d9e3205231f669a,subject_consistency,test,a bicycle gliding through a snowy field,44,modelscope,modelscope/subject_consistency/a bicycle gliding through a snowy field-4.mp4,0.98357093334198,success,0.070589,,
v_627fa05e0e3d9179aec5,subject_consistency,dev,a bicycle leaning against a tree,35,modelscope,modelscope/subject_consistency/a bicycle leaning against a tree-0.mp4,0.9956744313240051,success,0.086305,,
v_cb89a173be68f8e0c318,subject_consistency,dev,a bicycle leaning against a tree,36,modelscope,modelscope/subject_consistency/a bicycle leaning against a tree-1.mp4,0.9931674003601074,success,0.090017,,
v_daddbbed7acef726b386,subject_consistency,dev,a bicycle leaning against a tree,37,modelscope,modelscope/subject_consistency/a bicycle leaning against a tree-2.mp4,0.9965295791625977,success,0.091262,,
v_a7d9a7d9f0e0fce22f17,subject_consistency,dev,a bicycle leaning against a tree,38,modelscope,modelscope/subject_consistency/a bicycle leaning against a tree-3.mp4,0.9739540219306946,success,0.076141,,
v_c43788a1b815450618c3,subject_consistency,dev,a bicycle leaning against a tree,39,modelscope,modelscope/subject_consistency/a bicycle leaning against a tree-4.mp4,0.9960588216781616,success,0.080361,,
v_c5b5fcc460045cc4a9f7,subject_consistency,test,a bicycle slowing down to stop,45,modelscope,modelscope/subject_consistency/a bicycle slowing down to stop-0.mp4,0.8049291968345642,success,0.067205,,
v_b30d48922cba7a8f1677,subject_consistency,test,a bicycle slowing down to stop,46,modelscope,modelscope/subject_consistency/a bicycle slowing down to stop-1.mp4,0.9884965419769287,success,0.069330,,
v_b01b498a8dbcbc352e84,subject_consistency,test,a bicycle slowing down to stop,47,modelscope,modelscope/subject_consistency/a bicycle slowing down to stop-2.mp4,0.8090745806694031,success,0.070018,,
v_20ce15418ef86525c6d2,subject_consistency,test,a bicycle slowing down to stop,48,modelscope,modelscope/subject_consistency/a bicycle slowing down to stop-3.mp4,0.7594284415245056,success,0.083059,,
v_9720112a57d442b8f785,subject_consistency,test,a bicycle slowing down to stop,49,modelscope,modelscope/subject_consistency/a bicycle slowing down to stop-4.mp4,0.7015157341957092,success,0.084905,,
v_bc883c10eb6f56bcea26,subject_consistency,test,a bird building a nest from twigs and leaves,195,modelscope,modelscope/subject_consistency/a bird building a nest from twigs and leaves-0.mp4,0.9826694130897522,success,0.087477,,
v_0b81075bde55136fbad4,subject_consistency,test,a bird building a nest from twigs and leaves,196,modelscope,modelscope/subject_consistency/a bird building a nest from twigs and leaves-1.mp4,0.8851826190948486,success,0.082297,,
v_e0d6d0c77b1e901eba87,subject_consistency,test,a bird building a nest from twigs and leaves,197,modelscope,modelscope/subject_consistency/a bird building a nest from twigs and leaves-2.mp4,0.9738630056381226,success,0.085664,,
v_fa9ca13235aba23061f8,subject_consistency,test,a bird building a nest from twigs and leaves,198,modelscope,modelscope/subject_consistency/a bird building a nest from twigs and leaves-3.mp4,0.9292261600494385,success,0.075513,,
v_480df7118d4fcb42277f,subject_consistency,test,a bird building a nest from twigs and leaves,199,modelscope,modelscope/subject_consistency/a bird building a nest from twigs and leaves-4.mp4,0.9587569236755371,success,0.073240,,
v_f779bac2fc38483cecd3,subject_consistency,dev,a bird flying over a snowy forest,200,modelscope,modelscope/subject_consistency/a bird flying over a snowy forest-0.mp4,0.9558066725730896,success,0.072296,,
v_0a3cf86ff1596aa436fa,subject_consistency,dev,a bird flying over a snowy forest,201,modelscope,modelscope/subject_consistency/a bird flying over a snowy forest-1.mp4,0.9877633452415466,success,0.074418,,
v_2d0504f8ea6a1b6a5018,subject_consistency,dev,a bird flying over a snowy forest,202,modelscope,modelscope/subject_consistency/a bird flying over a snowy forest-2.mp4,0.9732271432876587,success,0.085791,,
v_137612c5d06c80985526,subject_consistency,dev,a bird flying over a snowy forest,203,modelscope,modelscope/subject_consistency/a bird flying over a snowy forest-3.mp4,0.8250849843025208,success,0.091999,,
v_e7bd8beabcea0c503c31,subject_consistency,dev,a bird flying over a snowy forest,204,modelscope,modelscope/subject_consistency/a bird flying over a snowy forest-4.mp4,0.9430811405181885,success,0.088935,,
v_297212408dba846df717,subject_consistency,test,a bird soaring gracefully in the sky,190,modelscope,modelscope/subject_consistency/a bird soaring gracefully in the sky-0.mp4,0.7126789093017578,success,0.093337,,
v_5990223569e4ff71e33b,subject_consistency,test,a bird soaring gracefully in the sky,191,modelscope,modelscope/subject_consistency/a bird soaring gracefully in the sky-1.mp4,0.8010895252227783,success,0.090179,,
v_871ee69b727fc251e6e8,subject_consistency,test,a bird soaring gracefully in the sky,192,modelscope,modelscope/subject_consistency/a bird soaring gracefully in the sky-2.mp4,0.830274760723114,success,0.089927,,
v_e22d7b1db668dd655bd5,subject_consistency,test,a bird soaring gracefully in the sky,193,modelscope,modelscope/subject_consistency/a bird soaring gracefully in the sky-3.mp4,0.8413021564483643,success,0.088781,,
v_c959b67492ed7ab31e0e,subject_consistency,test,a bird soaring gracefully in the sky,194,modelscope,modelscope/subject_consistency/a bird soaring gracefully in the sky-4.mp4,0.704920768737793,success,0.076750,,
v_1dbc64ad0184d9765035,subject_consistency,dev,a boat accelerating to gain speed,185,modelscope,modelscope/subject_consistency/a boat accelerating to gain speed-0.mp4,0.9113947749137878,success,0.102685,,
v_077246ad0e9e7cd58fed,subject_consistency,dev,a boat accelerating to gain speed,186,modelscope,modelscope/subject_consistency/a boat accelerating to gain speed-1.mp4,0.9053467512130737,success,0.069803,,
v_5989c85371cab41c6cdd,subject_consistency,dev,a boat accelerating to gain speed,187,modelscope,modelscope/subject_consistency/a boat accelerating to gain speed-2.mp4,0.9520275592803955,success,0.070294,,
v_26277833978af0835716,subject_consistency,dev,a boat accelerating to gain speed,188,modelscope,modelscope/subject_consistency/a boat accelerating to gain speed-3.mp4,0.9246050119400024,success,0.071826,,
v_4edf7f73feaf71f9722a,subject_consistency,dev,a boat accelerating to gain speed,189,modelscope,modelscope/subject_consistency/a boat accelerating to gain speed-4.mp4,0.948295533657074,success,0.069392,,
v_04cd2977fc5882240b07,subject_consistency,test,a boat sailing smoothly on a calm lake,175,modelscope,modelscope/subject_consistency/a boat sailing smoothly on a calm lake-0.mp4,0.9342565536499023,success,0.079797,,
v_5a871508b070cb5f6bfd,subject_consistency,test,a boat sailing smoothly on a calm lake,176,modelscope,modelscope/subject_consistency/a boat sailing smoothly on a calm lake-1.mp4,0.9720959067344666,success,0.084982,,
v_5e2b8b93220c8a51805b,subject_consistency,test,a boat sailing smoothly on a calm lake,177,modelscope,modelscope/subject_consistency/a boat sailing smoothly on a calm lake-2.mp4,0.9876892566680908,success,0.080099,,
v_36e2fc45f08d674717e0,subject_consistency,test,a boat sailing smoothly on a calm lake,178,modelscope,modelscope/subject_consistency/a boat sailing smoothly on a calm lake-3.mp4,0.9084049463272095,success,0.105799,,
v_e27d2af12c7d17a62733,subject_consistency,test,a boat sailing smoothly on a calm lake,179,modelscope,modelscope/subject_consistency/a boat sailing smoothly on a calm lake-4.mp4,0.9678612351417542,success,0.069484,,
v_9cec858297ae985418ba,subject_consistency,test,a boat slowing down to stop,180,modelscope,modelscope/subject_consistency/a boat slowing down to stop-0.mp4,0.9065403342247009,success,0.069175,,
v_51ac5361467fd3ab3275,subject_consistency,test,a boat slowing down to stop,181,modelscope,modelscope/subject_consistency/a boat slowing down to stop-1.mp4,0.954075038433075,success,0.070596,,
v_cbe4f48d7d782f0e642b,subject_consistency,test,a boat slowing down to stop,182,modelscope,modelscope/subject_consistency/a boat slowing down to stop-2.mp4,0.9209213256835938,success,0.073637,,
v_c6d6e6a67602483ff14a,subject_consistency,test,a boat slowing down to stop,183,modelscope,modelscope/subject_consistency/a boat slowing down to stop-3.mp4,0.9606853723526001,success,0.072888,,
v_f6e3040d684ed2252785,subject_consistency,test,a boat slowing down to stop,184,modelscope,modelscope/subject_consistency/a boat slowing down to stop-4.mp4,0.7968963384628296,success,0.087467,,
v_b8b67e921555db4af51d,subject_consistency,test,a bus accelerating to gain speed,130,modelscope,modelscope/subject_consistency/a bus accelerating to gain speed-0.mp4,0.7015869617462158,success,0.083017,,
v_0d882341e5be87447465,subject_consistency,test,a bus accelerating to gain speed,131,modelscope,modelscope/subject_consistency/a bus accelerating to gain speed-1.mp4,0.9102381467819214,success,0.102448,,
v_9affcef0e96c4097efcd,subject_consistency,test,a bus accelerating to gain speed,132,modelscope,modelscope/subject_consistency/a bus accelerating to gain speed-2.mp4,0.8601623773574829,success,0.091086,,
v_f50478d54b5611ce2a37,subject_consistency,test,a bus accelerating to gain speed,133,modelscope,modelscope/subject_consistency/a bus accelerating to gain speed-3.mp4,0.9220978021621704,success,0.087297,,
v_56df2f45d654c7dd3aa3,subject_consistency,test,a bus accelerating to gain speed,134,modelscope,modelscope/subject_consistency/a bus accelerating to gain speed-4.mp4,0.7772059440612793,success,0.084301,,
v_83aa00333c9de3fa763d,subject_consistency,test,a bus stuck in traffic during rush hour,125,modelscope,modelscope/subject_consistency/a bus stuck in traffic during rush hour-0.mp4,0.9786294102668762,success,0.080142,,
v_3ad06eb6861ca8f78a84,subject_consistency,test,a bus stuck in traffic during rush hour,126,modelscope,modelscope/subject_consistency/a bus stuck in traffic during rush hour-1.mp4,0.944450318813324,success,0.082984,,
v_fc99e00cca23b220b0a7,subject_consistency,test,a bus stuck in traffic during rush hour,127,modelscope,modelscope/subject_consistency/a bus stuck in traffic during rush hour-2.mp4,0.9393702745437622,success,0.104184,,
v_d50ef253064b3b99a292,subject_consistency,test,a bus stuck in traffic during rush hour,128,modelscope,modelscope/subject_consistency/a bus stuck in traffic during rush hour-3.mp4,0.8978709578514099,success,0.073656,,
v_9dc42998c5ec7a99cedd,subject_consistency,test,a bus stuck in traffic during rush hour,129,modelscope,modelscope/subject_consistency/a bus stuck in traffic during rush hour-4.mp4,0.9608498215675354,success,0.072960,,
v_ad18126b9552ceead812,subject_consistency,test,a bus turning a corner,120,modelscope,modelscope/subject_consistency/a bus turning a corner-0.mp4,0.9602282047271729,success,0.073777,,
v_f1d8339ab138f4f15b87,subject_consistency,test,a bus turning a corner,121,modelscope,modelscope/subject_consistency/a bus turning a corner-1.mp4,0.9074770212173462,success,0.070834,,
v_546b504d1790391936c8,subject_consistency,test,a bus turning a corner,122,modelscope,modelscope/subject_consistency/a bus turning a corner-2.mp4,0.8730101585388184,success,0.162930,,
v_8f060922734190abeb7f,subject_consistency,test,a bus turning a corner,123,modelscope,modelscope/subject_consistency/a bus turning a corner-3.mp4,0.947241485118866,success,0.076188,,
v_5ce89a53e37480e30e1e,subject_consistency,test,a bus turning a corner,124,modelscope,modelscope/subject_consistency/a bus turning a corner-4.mp4,0.9669543504714966,success,0.075194,,
v_c0930358df5ed15fef8d,subject_consistency,dev,a car accelerating to gain speed,70,modelscope,modelscope/subject_consistency/a car accelerating to gain speed-0.mp4,0.9591421484947205,success,0.125721,,
v_b4606dd191847ee66adf,subject_consistency,dev,a car accelerating to gain speed,71,modelscope,modelscope/subject_consistency/a car accelerating to gain speed-1.mp4,0.9303086996078491,success,0.073003,,
v_31524a6bfdde7891d4be,subject_consistency,dev,a car accelerating to gain speed,72,modelscope,modelscope/subject_consistency/a car accelerating to gain speed-2.mp4,0.9404568076133728,success,0.079898,,
v_ecbbbe3372787055695d,subject_consistency,dev,a car accelerating to gain speed,73,modelscope,modelscope/subject_consistency/a car accelerating to gain speed-3.mp4,0.9566060900688171,success,0.071451,,
v_dbfb3551f21c6370a17a,subject_consistency,dev,a car accelerating to gain speed,74,modelscope,modelscope/subject_consistency/a car accelerating to gain speed-4.mp4,0.7765442728996277,success,0.084258,,
v_d3d5a2c1ef433650a688,subject_consistency,dev,a car slowing down to stop,65,modelscope,modelscope/subject_consistency/a car slowing down to stop-0.mp4,0.8238996267318726,success,0.145497,,
v_949bc7494acfc5c68f68,subject_consistency,dev,a car slowing down to stop,66,modelscope,modelscope/subject_consistency/a car slowing down to stop-1.mp4,0.885075569152832,success,0.091127,,
v_993bb6ec98e06bbcee5c,subject_consistency,dev,a car slowing down to stop,67,modelscope,modelscope/subject_consistency/a car slowing down to stop-2.mp4,0.9457400441169739,success,0.076561,,
v_a27d2d769f636886b1b7,subject_consistency,dev,a car slowing down to stop,68,modelscope,modelscope/subject_consistency/a car slowing down to stop-3.mp4,0.881156325340271,success,0.083578,,
v_695dfd1177dc38558f8a,subject_consistency,dev,a car slowing down to stop,69,modelscope,modelscope/subject_consistency/a car slowing down to stop-4.mp4,0.965447187423706,success,0.077637,,
v_2816a886e5adcfe8a288,subject_consistency,dev,a car stuck in traffic during rush hour,55,modelscope,modelscope/subject_consistency/a car stuck in traffic during rush hour-0.mp4,0.9709293842315674,success,0.072019,,
v_7853eddef832566c0caf,subject_consistency,dev,a car stuck in traffic during rush hour,56,modelscope,modelscope/subject_consistency/a car stuck in traffic during rush hour-1.mp4,0.9811216592788696,success,0.071484,,
v_5a6d0c4b1ea9a28ba91a,subject_consistency,dev,a car stuck in traffic during rush hour,57,modelscope,modelscope/subject_consistency/a car stuck in traffic during rush hour-2.mp4,0.8689134120941162,success,0.070944,,
v_8efc885b7a1f8c165956,subject_consistency,dev,a car stuck in traffic during rush hour,58,modelscope,modelscope/subject_consistency/a car stuck in traffic during rush hour-3.mp4,0.9282716512680054,success,0.085425,,
v_6839f7d34132091d5c3e,subject_consistency,dev,a car stuck in traffic during rush hour,59,modelscope,modelscope/subject_consistency/a car stuck in traffic during rush hour-4.mp4,0.9672545790672302,success,0.083476,,
v_992245c2d6542fa4b7cc,subject_consistency,test,a car turning a corner,60,modelscope,modelscope/subject_consistency/a car turning a corner-0.mp4,0.8702150583267212,success,0.089454,,
v_f319f23c919386e103cc,subject_consistency,test,a car turning a corner,61,modelscope,modelscope/subject_consistency/a car turning a corner-1.mp4,0.9841004610061646,success,0.076032,,
v_b959dbe8beed99e7ecef,subject_consistency,test,a car turning a corner,62,modelscope,modelscope/subject_consistency/a car turning a corner-2.mp4,0.9036381244659424,success,0.087139,,
v_8ea2184081e871133bed,subject_consistency,test,a car turning a corner,63,modelscope,modelscope/subject_consistency/a car turning a corner-3.mp4,0.9292588233947754,success,0.068251,,
v_fb1da5e97daaca0c9c4e,subject_consistency,test,a car turning a corner,64,modelscope,modelscope/subject_consistency/a car turning a corner-4.mp4,0.9013919234275818,success,0.092831,,
v_9266b2eedb68a02132d7,subject_consistency,test,a cat drinking water,215,modelscope,modelscope/subject_consistency/a cat drinking water-0.mp4,0.9443937540054321,success,0.086119,,
v_1d12114e6ad444e662a5,subject_consistency,test,a cat drinking water,216,modelscope,modelscope/subject_consistency/a cat drinking water-1.mp4,0.9751042723655701,success,0.083642,,
v_ae2833929c57835dcf97,subject_consistency,test,a cat drinking water,217,modelscope,modelscope/subject_consistency/a cat drinking water-2.mp4,0.906123697757721,success,0.068286,,
v_4ee2dfbfb68155afe5ed,subject_consistency,test,a cat drinking water,218,modelscope,modelscope/subject_consistency/a cat drinking water-3.mp4,0.9732324481010437,success,0.074397,,
v_761a6db71e15806de446,subject_consistency,test,a cat drinking water,219,modelscope,modelscope/subject_consistency/a cat drinking water-4.mp4,0.9650918841362,success,0.116954,,
v_8f4841e5412d1a9183b5,subject_consistency,test,a cat grooming itself meticulously with its tongue,205,modelscope,modelscope/subject_consistency/a cat grooming itself meticulously with its tongue-0.mp4,0.8423319458961487,success,0.070137,,
v_b39bebc1b8a09ef90dd7,subject_consistency,test,a cat grooming itself meticulously with its tongue,206,modelscope,modelscope/subject_consistency/a cat grooming itself meticulously with its tongue-1.mp4,0.9055100083351135,success,0.151777,,
v_f3c19921c4910832ba26,subject_consistency,test,a cat grooming itself meticulously with its tongue,207,modelscope,modelscope/subject_consistency/a cat grooming itself meticulously with its tongue-2.mp4,0.916844367980957,success,0.079494,,
v_9f3f09459431a7ea34c0,subject_consistency,test,a cat grooming itself meticulously with its tongue,208,modelscope,modelscope/subject_consistency/a cat grooming itself meticulously with its tongue-3.mp4,0.9152010083198547,success,0.083046,,
v_4e8188dba97cf8b6f4f9,subject_consistency,test,a cat grooming itself meticulously with its tongue,209,modelscope,modelscope/subject_consistency/a cat grooming itself meticulously with its tongue-4.mp4,0.9517202377319336,success,0.071430,,
v_2cf0e31d36369c65be68,subject_consistency,test,a cat playing in park,210,modelscope,modelscope/subject_consistency/a cat playing in park-0.mp4,0.8828020095825195,success,0.105770,,
v_7ce6a973aba58ce507fa,subject_consistency,test,a cat playing in park,211,modelscope,modelscope/subject_consistency/a cat playing in park-1.mp4,0.7785691618919373,success,0.073151,,
v_acf78ee7193bc09efd37,subject_consistency,test,a cat playing in park,212,modelscope,modelscope/subject_consistency/a cat playing in park-2.mp4,0.9297933578491211,success,0.076725,,
v_b9e5163b298918db4bf1,subject_consistency,test,a cat playing in park,213,modelscope,modelscope/subject_consistency/a cat playing in park-3.mp4,0.8845515251159668,success,0.080177,,
v_b3e6c3d2c824399454e6,subject_consistency,test,a cat playing in park,214,modelscope,modelscope/subject_consistency/a cat playing in park-4.mp4,0.823607325553894,success,0.076874,,
v_06a7adb2ebd10c3e4e70,subject_consistency,test,a cat running happily,220,modelscope,modelscope/subject_consistency/a cat running happily-0.mp4,0.715604305267334,success,0.074905,,
v_e35292812b6970a71bb5,subject_consistency,test,a cat running happily,221,modelscope,modelscope/subject_consistency/a cat running happily-1.mp4,0.8194846510887146,success,0.086111,,
v_6770fc61ef3466826e34,subject_consistency,test,a cat running happily,222,modelscope,modelscope/subject_consistency/a cat running happily-2.mp4,0.7662832736968994,success,0.083123,,
v_45a88efd60a3a4455185,subject_consistency,test,a cat running happily,223,modelscope,modelscope/subject_consistency/a cat running happily-3.mp4,0.7911038398742676,success,0.081820,,
v_efcb91150e4ba83432da,subject_consistency,test,a cat running happily,224,modelscope,modelscope/subject_consistency/a cat running happily-4.mp4,0.7335374355316162,success,0.088328,,
v_297970467e5e247c40c3,subject_consistency,test,a cow bending down to drink water from a river,280,modelscope,modelscope/subject_consistency/a cow bending down to drink water from a river-0.mp4,0.804276704788208,success,0.074131,,
v_fa94323fff6a7b806cf0,subject_consistency,test,a cow bending down to drink water from a river,281,modelscope,modelscope/subject_consistency/a cow bending down to drink water from a river-1.mp4,0.9599049091339111,success,0.072476,,
v_97f0a3f9a455f78db64a,subject_consistency,test,a cow bending down to drink water from a river,282,modelscope,modelscope/subject_consistency/a cow bending down to drink water from a river-2.mp4,0.9317227005958557,success,0.080433,,
v_3287a700a4e1de9287de,subject_consistency,test,a cow bending down to drink water from a river,283,modelscope,modelscope/subject_consistency/a cow bending down to drink water from a river-3.mp4,0.9463834762573242,success,0.072958,,
v_6423f2620cb893f7797a,subject_consistency,test,a cow bending down to drink water from a river,284,modelscope,modelscope/subject_consistency/a cow bending down to drink water from a river-4.mp4,0.9451786279678345,success,0.071065,,
v_e079da94a8c9f9c7e20c,subject_consistency,test,a cow chewing cud while resting in a tranquil barn,285,modelscope,modelscope/subject_consistency/a cow chewing cud while resting in a tranquil barn-0.mp4,0.9676498770713806,success,0.085329,,
v_70c156ca45cfd68593c5,subject_consistency,test,a cow chewing cud while resting in a tranquil barn,286,modelscope,modelscope/subject_consistency/a cow chewing cud while resting in a tranquil barn-1.mp4,0.9929459691047668,success,0.087904,,
v_a8f968f3d273c820cd6f,subject_consistency,test,a cow chewing cud while resting in a tranquil barn,287,modelscope,modelscope/subject_consistency/a cow chewing cud while resting in a tranquil barn-2.mp4,0.9716058373451233,success,0.082379,,
v_73b79de37ebaa0f98830,subject_consistency,test,a cow chewing cud while resting in a tranquil barn,288,modelscope,modelscope/subject_consistency/a cow chewing cud while resting in a tranquil barn-3.mp4,0.9783749580383301,success,0.093579,,
v_b7c9adab3a7d27b0ba55,subject_consistency,test,a cow chewing cud while resting in a tranquil barn,289,modelscope,modelscope/subject_consistency/a cow chewing cud while resting in a tranquil barn-4.mp4,0.9920859336853027,success,0.081518,,
v_209ff805a6187ab0482e,subject_consistency,dev,a cow running to join a herd of its kind,290,modelscope,modelscope/subject_consistency/a cow running to join a herd of its kind-0.mp4,0.8727442622184753,success,0.088261,,
v_56ea79fc29268bd08ab9,subject_consistency,dev,a cow running to join a herd of its kind,291,modelscope,modelscope/subject_consistency/a cow running to join a herd of its kind-1.mp4,0.7938527464866638,success,0.081557,,
v_6d2af08e0301e767c719,subject_consistency,dev,a cow running to join a herd of its kind,292,modelscope,modelscope/subject_consistency/a cow running to join a herd of its kind-2.mp4,0.871242880821228,success,0.094074,,
v_f7908294f3f74404e420,subject_consistency,dev,a cow running to join a herd of its kind,293,modelscope,modelscope/subject_consistency/a cow running to join a herd of its kind-3.mp4,0.8942465782165527,success,0.070306,,
v_bc09f8afd51f3f1868a3,subject_consistency,dev,a cow running to join a herd of its kind,294,modelscope,modelscope/subject_consistency/a cow running to join a herd of its kind-4.mp4,0.9343857169151306,success,0.074562,,
v_a875db6018dcd6cbb5d5,subject_consistency,test,a dog drinking water,235,modelscope,modelscope/subject_consistency/a dog drinking water-0.mp4,0.8782888054847717,success,0.071453,,
v_2679a75b9bbaa5c936ab,subject_consistency,test,a dog drinking water,236,modelscope,modelscope/subject_consistency/a dog drinking water-1.mp4,0.9561372399330139,success,0.078014,,
v_2e58c6e18f06a1f695c6,subject_consistency,test,a dog drinking water,237,modelscope,modelscope/subject_consistency/a dog drinking water-2.mp4,0.926585853099823,success,0.072036,,
v_50e512bfc9f0cc6dec9a,subject_consistency,test,a dog drinking water,238,modelscope,modelscope/subject_consistency/a dog drinking water-3.mp4,0.9358453154563904,success,0.080958,,
v_cd1d30d35bd2b32c94b3,subject_consistency,test,a dog drinking water,239,modelscope,modelscope/subject_consistency/a dog drinking water-4.mp4,0.9778541922569275,success,0.108166,,
v_b27becd7fe73a6f4ade4,subject_consistency,dev,a dog enjoying a peaceful walk,225,modelscope,modelscope/subject_consistency/a dog enjoying a peaceful walk-0.mp4,0.681800901889801,success,0.074290,,
v_3ac034bc08c38f5bef03,subject_consistency,dev,a dog enjoying a peaceful walk,226,modelscope,modelscope/subject_consistency/a dog enjoying a peaceful walk-1.mp4,0.8872002363204956,success,0.086924,,
v_2e944fc8a76dc443e5e2,subject_consistency,dev,a dog enjoying a peaceful walk,227,modelscope,modelscope/subject_consistency/a dog enjoying a peaceful walk-2.mp4,0.9247276782989502,success,0.088842,,
v_3f0516576668a07f32fe,subject_consistency,dev,a dog enjoying a peaceful walk,228,modelscope,modelscope/subject_consistency/a dog enjoying a peaceful walk-3.mp4,0.9178959727287292,success,0.076049,,
v_8d4a2b07cb517020fb25,subject_consistency,dev,a dog enjoying a peaceful walk,229,modelscope,modelscope/subject_consistency/a dog enjoying a peaceful walk-4.mp4,0.7810598611831665,success,0.081807,,
v_f799ea15c1a6b082b228,subject_consistency,dev,a dog playing in park,230,modelscope,modelscope/subject_consistency/a dog playing in park-0.mp4,0.7618786692619324,success,0.073820,,
v_e2b4b7fd7e0b30707c55,subject_consistency,dev,a dog playing in park,231,modelscope,modelscope/subject_consistency/a dog playing in park-1.mp4,0.7490568161010742,success,0.102514,,
v_d741478b4ed76af6d99c,subject_consistency,dev,a dog playing in park,232,modelscope,modelscope/subject_consistency/a dog playing in park-2.mp4,0.8152147531509399,success,0.072187,,
v_b3f6de5cefd9663307ce,subject_consistency,dev,a dog playing in park,233,modelscope,modelscope/subject_consistency/a dog playing in park-3.mp4,0.8106729388237,success,0.083307,,
v_afe052951c7e15027d62,subject_consistency,dev,a dog playing in park,234,modelscope,modelscope/subject_consistency/a dog playing in park-4.mp4,0.8817084431648254,success,0.076328,,
v_5360a6580bdf7d1e46de,subject_consistency,dev,a dog running happily,240,modelscope,modelscope/subject_consistency/a dog running happily-0.mp4,0.8021278977394104,success,0.077845,,
v_edb77ab96db7c6c18621,subject_consistency,dev,a dog running happily,241,modelscope,modelscope/subject_consistency/a dog running happily-1.mp4,0.6266939043998718,success,0.071396,,
v_514983aa6e785dec3c24,subject_consistency,dev,a dog running happily,242,modelscope,modelscope/subject_consistency/a dog running happily-2.mp4,0.6649290323257446,success,0.080879,,
v_498bf2e8685bb6d30714,subject_consistency,dev,a dog running happily,243,modelscope,modelscope/subject_consistency/a dog running happily-3.mp4,0.6805657148361206,success,0.074214,,
v_43809d45c218d8b79ed7,subject_consistency,dev,a dog running happily,244,modelscope,modelscope/subject_consistency/a dog running happily-4.mp4,0.8167288303375244,success,0.088803,,
v_7f52be506bb09cfc934d,subject_consistency,test,a giraffe bending down to drink water from a river,345,modelscope,modelscope/subject_consistency/a giraffe bending down to drink water from a river-0.mp4,0.9651382565498352,success,0.086521,,
v_9c27f1ac75cc3465333f,subject_consistency,test,a giraffe bending down to drink water from a river,346,modelscope,modelscope/subject_consistency/a giraffe bending down to drink water from a river-1.mp4,0.9774839878082275,success,0.081685,,
v_cb7cdbbc35b289e4aaaa,subject_consistency,test,a giraffe bending down to drink water from a river,347,modelscope,modelscope/subject_consistency/a giraffe bending down to drink water from a river-2.mp4,0.9489225149154663,success,0.083693,,
v_3399481ede38e9f2117e,subject_consistency,test,a giraffe bending down to drink water from a river,348,modelscope,modelscope/subject_consistency/a giraffe bending down to drink water from a river-3.mp4,0.9558095932006836,success,0.098721,,
v_598b57c28fa47d64528e,subject_consistency,test,a giraffe bending down to drink water from a river,349,modelscope,modelscope/subject_consistency/a giraffe bending down to drink water from a river-4.mp4,0.9717125296592712,success,0.072119,,
v_d097339989f5edd77c8b,subject_consistency,dev,a giraffe running to join a herd of its kind,355,modelscope,modelscope/subject_consistency/a giraffe running to join a herd of its kind-0.mp4,0.8784289360046387,success,0.072528,,
v_d4bc2922d2d36ffbe97b,subject_consistency,dev,a giraffe running to join a herd of its kind,356,modelscope,modelscope/subject_consistency/a giraffe running to join a herd of its kind-1.mp4,0.8979323506355286,success,0.072740,,
v_daf3ff3dc7b80d2f7920,subject_consistency,dev,a giraffe running to join a herd of its kind,357,modelscope,modelscope/subject_consistency/a giraffe running to join a herd of its kind-2.mp4,0.8720346093177795,success,0.099541,,
v_9236819018da9cea3382,subject_consistency,dev,a giraffe running to join a herd of its kind,358,modelscope,modelscope/subject_consistency/a giraffe running to join a herd of its kind-3.mp4,0.8259692788124084,success,0.090261,,
v_15ee8907084356de4b5f,subject_consistency,dev,a giraffe running to join a herd of its kind,359,modelscope,modelscope/subject_consistency/a giraffe running to join a herd of its kind-4.mp4,0.9062923789024353,success,0.084416,,
v_00ff97fa4f8a2d7ab022,subject_consistency,test,a giraffe taking a peaceful walk,350,modelscope,modelscope/subject_consistency/a giraffe taking a peaceful walk-0.mp4,0.8919224143028259,success,0.085100,,
v_d9ba8e9dba813c3fa2ad,subject_consistency,test,a giraffe taking a peaceful walk,351,modelscope,modelscope/subject_consistency/a giraffe taking a peaceful walk-1.mp4,0.9435797929763794,success,0.072088,,
v_45e08dc298ba9c3ba33b,subject_consistency,test,a giraffe taking a peaceful walk,352,modelscope,modelscope/subject_consistency/a giraffe taking a peaceful walk-2.mp4,0.9457815289497375,success,0.074084,,
v_9b81de322ad81e358cbf,subject_consistency,test,a giraffe taking a peaceful walk,353,modelscope,modelscope/subject_consistency/a giraffe taking a peaceful walk-3.mp4,0.9322981834411621,success,0.068932,,
v_cc07b80a1ad01d89428b,subject_consistency,test,a giraffe taking a peaceful walk,354,modelscope,modelscope/subject_consistency/a giraffe taking a peaceful walk-4.mp4,0.92033451795578,success,0.088710,,
v_af7f736a5ee4d3d55a3b,subject_consistency,dev,a horse bending down to drink water from a river,245,modelscope,modelscope/subject_consistency/a horse bending down to drink water from a river-0.mp4,0.9353481531143188,success,0.086473,,
v_6ce56e816fdcb873a0b9,subject_consistency,dev,a horse bending down to drink water from a river,246,modelscope,modelscope/subject_consistency/a horse bending down to drink water from a river-1.mp4,0.9293723106384277,success,0.101451,,
v_f31d639a4153c9446c31,subject_consistency,dev,a horse bending down to drink water from a river,247,modelscope,modelscope/subject_consistency/a horse bending down to drink water from a river-2.mp4,0.9777748584747314,success,0.069411,,
v_53c42c3ca1a06c04487a,subject_consistency,dev,a horse bending down to drink water from a river,248,modelscope,modelscope/subject_consistency/a horse bending down to drink water from a river-3.mp4,0.8719455003738403,success,0.084690,,
v_5ede97ce29a58b8eb08a,subject_consistency,dev,a horse bending down to drink water from a river,249,modelscope,modelscope/subject_consistency/a horse bending down to drink water from a river-4.mp4,0.9800339937210083,success,0.085887,,
v_4a0a75d4f192fa67021a,subject_consistency,test,a horse galloping across an open field,250,modelscope,modelscope/subject_consistency/a horse galloping across an open field-0.mp4,0.8615771532058716,success,0.074615,,
v_e473153491c509f4871f,subject_consistency,test,a horse galloping across an open field,251,modelscope,modelscope/subject_consistency/a horse galloping across an open field-1.mp4,0.8222389221191406,success,0.071109,,
v_22f493ce7e9fd88f3410,subject_consistency,test,a horse galloping across an open field,252,modelscope,modelscope/subject_consistency/a horse galloping across an open field-2.mp4,0.8431321978569031,success,0.072917,,
v_2c01638e72452e7e042e,subject_consistency,test,a horse galloping across an open field,253,modelscope,modelscope/subject_consistency/a horse galloping across an open field-3.mp4,0.912928581237793,success,0.072110,,
v_7d9aadaf54088f86db70,subject_consistency,test,a horse galloping across an open field,254,modelscope,modelscope/subject_consistency/a horse galloping across an open field-4.mp4,0.806670069694519,success,0.075060,,
v_bcfeb829b1359ce02da6,subject_consistency,dev,a horse running to join a herd of its kind,260,modelscope,modelscope/subject_consistency/a horse running to join a herd of its kind-0.mp4,0.909284234046936,success,0.082107,,
v_d2294b009525a8dfbebb,subject_consistency,dev,a horse running to join a herd of its kind,261,modelscope,modelscope/subject_consistency/a horse running to join a herd of its kind-1.mp4,0.8662243485450745,success,0.094154,,
v_cccacbdba0c83c2e7901,subject_consistency,dev,a horse running to join a herd of its kind,262,modelscope,modelscope/subject_consistency/a horse running to join a herd of its kind-2.mp4,0.9276227951049805,success,0.093959,,
v_74a1e6b6a48c71c5537c,subject_consistency,dev,a horse running to join a herd of its kind,263,modelscope,modelscope/subject_consistency/a horse running to join a herd of its kind-3.mp4,0.8315917253494263,success,0.141956,,
v_e002a0e2949b4d2739fa,subject_consistency,dev,a horse running to join a herd of its kind,264,modelscope,modelscope/subject_consistency/a horse running to join a herd of its kind-4.mp4,0.8668861985206604,success,0.074846,,
v_976052f547deea8917f6,subject_consistency,test,a horse taking a peaceful walk,255,modelscope,modelscope/subject_consistency/a horse taking a peaceful walk-0.mp4,0.7981526255607605,success,0.073529,,
v_68466c0a7066678ad075,subject_consistency,test,a horse taking a peaceful walk,256,modelscope,modelscope/subject_consistency/a horse taking a peaceful walk-1.mp4,0.9258383512496948,success,0.071790,,
v_bd474c33da886b7c17f0,subject_consistency,test,a horse taking a peaceful walk,257,modelscope,modelscope/subject_consistency/a horse taking a peaceful walk-2.mp4,0.8299499750137329,success,0.075442,,
v_ff73f26acd87bdc18293,subject_consistency,test,a horse taking a peaceful walk,258,modelscope,modelscope/subject_consistency/a horse taking a peaceful walk-3.mp4,0.9584838151931763,success,0.072832,,
v_ea172c66267e5ba1290b,subject_consistency,test,a horse taking a peaceful walk,259,modelscope,modelscope/subject_consistency/a horse taking a peaceful walk-4.mp4,0.9450851082801819,success,0.089087,,
v_2dc53324762423dd8042,subject_consistency,test,a motorcycle accelerating to gain speed,95,modelscope,modelscope/subject_consistency/a motorcycle accelerating to gain speed-0.mp4,0.9662304520606995,success,0.090506,,
v_5bd2ff957c3ce19632fc,subject_consistency,test,a motorcycle accelerating to gain speed,96,modelscope,modelscope/subject_consistency/a motorcycle accelerating to gain speed-1.mp4,0.7695805430412292,success,0.081412,,
v_10ed5df9f2c384565e5f,subject_consistency,test,a motorcycle accelerating to gain speed,97,modelscope,modelscope/subject_consistency/a motorcycle accelerating to gain speed-2.mp4,0.864506185054779,success,0.077434,,
v_d86a4852b9a610b4e2ac,subject_consistency,test,a motorcycle accelerating to gain speed,98,modelscope,modelscope/subject_consistency/a motorcycle accelerating to gain speed-3.mp4,0.8991079330444336,success,0.078740,,
v_3b9f3f68996091b1f804,subject_consistency,test,a motorcycle accelerating to gain speed,99,modelscope,modelscope/subject_consistency/a motorcycle accelerating to gain speed-4.mp4,0.9340506792068481,success,0.075958,,
v_f08d29fc5f689db3bb68,subject_consistency,test,a motorcycle cruising along a coastal highway,75,modelscope,modelscope/subject_consistency/a motorcycle cruising along a coastal highway-0.mp4,0.9064993262290955,success,0.074883,,
v_dff42377905d63447853,subject_consistency,test,a motorcycle cruising along a coastal highway,76,modelscope,modelscope/subject_consistency/a motorcycle cruising along a coastal highway-1.mp4,0.945833146572113,success,0.075240,,
v_02e598c0c028a88d286c,subject_consistency,test,a motorcycle cruising along a coastal highway,77,modelscope,modelscope/subject_consistency/a motorcycle cruising along a coastal highway-2.mp4,0.7787589430809021,success,0.076290,,
v_e7ea60807c895b7463a7,subject_consistency,test,a motorcycle cruising along a coastal highway,78,modelscope,modelscope/subject_consistency/a motorcycle cruising along a coastal highway-3.mp4,0.966947078704834,success,0.083142,,
v_94f64984c02321fe269f,subject_consistency,test,a motorcycle cruising along a coastal highway,79,modelscope,modelscope/subject_consistency/a motorcycle cruising along a coastal highway-4.mp4,0.8178788423538208,success,0.074939,,
v_1de4f7cebdbfb5ce31d4,subject_consistency,test,a motorcycle gliding through a snowy field,90,modelscope,modelscope/subject_consistency/a motorcycle gliding through a snowy field-0.mp4,0.9455686211585999,success,0.082615,,
v_eff037500375c5eba046,subject_consistency,test,a motorcycle gliding through a snowy field,91,modelscope,modelscope/subject_consistency/a motorcycle gliding through a snowy field-1.mp4,0.9248099327087402,success,0.078793,,
v_6c270be9944264f6716a,subject_consistency,test,a motorcycle gliding through a snowy field,92,modelscope,modelscope/subject_consistency/a motorcycle gliding through a snowy field-2.mp4,0.881568431854248,success,0.091692,,
v_68a048ddc5a044597e7b,subject_consistency,test,a motorcycle gliding through a snowy field,93,modelscope,modelscope/subject_consistency/a motorcycle gliding through a snowy field-3.mp4,0.8783484697341919,success,0.088550,,
v_f48c082da1ef220685b6,subject_consistency,test,a motorcycle gliding through a snowy field,94,modelscope,modelscope/subject_consistency/a motorcycle gliding through a snowy field-4.mp4,0.8054086565971375,success,0.095826,,
v_2be9120838b178508b6a,subject_consistency,test,a motorcycle slowing down to stop,85,modelscope,modelscope/subject_consistency/a motorcycle slowing down to stop-0.mp4,0.9416718482971191,success,0.076676,,
v_f0481003e21a532ca66b,subject_consistency,test,a motorcycle slowing down to stop,86,modelscope,modelscope/subject_consistency/a motorcycle slowing down to stop-1.mp4,0.7213383316993713,success,0.074479,,
v_c8125e8ad4a05184433d,subject_consistency,test,a motorcycle slowing down to stop,87,modelscope,modelscope/subject_consistency/a motorcycle slowing down to stop-2.mp4,0.991201639175415,success,0.068085,,
v_71899d7ebb07434e0f0a,subject_consistency,test,a motorcycle slowing down to stop,88,modelscope,modelscope/subject_consistency/a motorcycle slowing down to stop-3.mp4,0.9345218539237976,success,0.068843,,
v_5b749fdda96e0d029c8d,subject_consistency,test,a motorcycle slowing down to stop,89,modelscope,modelscope/subject_consistency/a motorcycle slowing down to stop-4.mp4,0.9144430160522461,success,0.073134,,
v_ded425648503a736e5c4,subject_consistency,dev,a motorcycle turning a corner,80,modelscope,modelscope/subject_consistency/a motorcycle turning a corner-0.mp4,0.6635926961898804,success,0.073538,,
v_ac6e29539c6fded415e7,subject_consistency,dev,a motorcycle turning a corner,81,modelscope,modelscope/subject_consistency/a motorcycle turning a corner-1.mp4,0.7188078761100769,success,0.075408,,
v_bfb8cc72288d565cb983,subject_consistency,dev,a motorcycle turning a corner,82,modelscope,modelscope/subject_consistency/a motorcycle turning a corner-2.mp4,0.970539391040802,success,0.091193,,
v_a0add6661581f8e4e41b,subject_consistency,dev,a motorcycle turning a corner,83,modelscope,modelscope/subject_consistency/a motorcycle turning a corner-3.mp4,0.9195417165756226,success,0.087611,,
v_7166b696868b1a4c8b3c,subject_consistency,dev,a motorcycle turning a corner,84,modelscope,modelscope/subject_consistency/a motorcycle turning a corner-4.mp4,0.9146925806999207,success,0.072999,,
v_053dc037998dc2cf290c,subject_consistency,test,a person drinking coffee in a cafe,25,modelscope,modelscope/subject_consistency/a person drinking coffee in a cafe-0.mp4,0.827607274055481,success,0.068496,,
v_cfe72c6a6dde96994850,subject_consistency,test,a person drinking coffee in a cafe,26,modelscope,modelscope/subject_consistency/a person drinking coffee in a cafe-1.mp4,0.9483424425125122,success,0.082847,,
v_bb449cd34921acfd1ee3,subject_consistency,test,a person drinking coffee in a cafe,27,modelscope,modelscope/subject_consistency/a person drinking coffee in a cafe-2.mp4,0.9640928506851196,success,0.079244,,
v_ae0399aa7647aa3d3e06,subject_consistency,test,a person drinking coffee in a cafe,28,modelscope,modelscope/subject_consistency/a person drinking coffee in a cafe-3.mp4,0.9735870957374573,success,0.084111,,
v_2b2db5e4f5c422c502e4,subject_consistency,test,a person drinking coffee in a cafe,29,modelscope,modelscope/subject_consistency/a person drinking coffee in a cafe-4.mp4,0.8755258321762085,success,0.081581,,
v_b5ee130b761930dd2521,subject_consistency,test,a person eating a burger,15,modelscope,modelscope/subject_consistency/a person eating a burger-0.mp4,0.9795001149177551,success,0.070067,,
v_8a2f738191eb55049d20,subject_consistency,test,a person eating a burger,16,modelscope,modelscope/subject_consistency/a person eating a burger-1.mp4,0.962054967880249,success,0.084462,,
v_9788d30e5ff701720b94,subject_consistency,test,a person eating a burger,17,modelscope,modelscope/subject_consistency/a person eating a burger-2.mp4,0.9242753982543945,success,0.074654,,
v_b1efdcbdebe27f97ac83,subject_consistency,test,a person eating a burger,18,modelscope,modelscope/subject_consistency/a person eating a burger-3.mp4,0.9134688973426819,success,0.087292,,
v_98a414ac51f101bab4cd,subject_consistency,test,a person eating a burger,19,modelscope,modelscope/subject_consistency/a person eating a burger-4.mp4,0.9843062162399292,success,0.083598,,
v_8e99ea486ff07419b6c1,subject_consistency,test,a person giving a presentation to a room full of colleagues,5,modelscope,modelscope/subject_consistency/a person giving a presentation to a room full of colleagues-0.mp4,0.9944238662719727,success,0.069486,,
v_d0f256ea260f17b08e79,subject_consistency,test,a person giving a presentation to a room full of colleagues,6,modelscope,modelscope/subject_consistency/a person giving a presentation to a room full of colleagues-1.mp4,0.9879326820373535,success,0.068145,,
v_6fb9842dd377fd89c297,subject_consistency,test,a person giving a presentation to a room full of colleagues,7,modelscope,modelscope/subject_consistency/a person giving a presentation to a room full of colleagues-2.mp4,0.9973110556602478,success,0.069159,,
v_6786cd277f1f92188509,subject_consistency,test,a person giving a presentation to a room full of colleagues,8,modelscope,modelscope/subject_consistency/a person giving a presentation to a room full of colleagues-3.mp4,0.9927869439125061,success,0.072683,,
v_8e1d3c008daa9d902786,subject_consistency,test,a person giving a presentation to a room full of colleagues,9,modelscope,modelscope/subject_consistency/a person giving a presentation to a room full of colleagues-4.mp4,0.9958797693252563,success,0.109801,,
v_31b05d81c40fde05501d,subject_consistency,test,a person playing guitar,30,modelscope,modelscope/subject_consistency/a person playing guitar-0.mp4,0.9874520301818848,success,0.093764,,
v_45cd91992f0bbdc847a4,subject_consistency,test,a person playing guitar,31,modelscope,modelscope/subject_consistency/a person playing guitar-1.mp4,0.9047835469245911,success,0.069848,,
v_7ce0cfb615d3e27daba6,subject_consistency,test,a person playing guitar,32,modelscope,modelscope/subject_consistency/a person playing guitar-2.mp4,0.9707517623901367,success,0.076473,,
v_95245acb7e39dd84fac3,subject_consistency,test,a person playing guitar,33,modelscope,modelscope/subject_consistency/a person playing guitar-3.mp4,0.9962442517280579,success,0.079765,,
v_47e827930e08d3fa3727,subject_consistency,test,a person playing guitar,34,modelscope,modelscope/subject_consistency/a person playing guitar-4.mp4,0.9847643971443176,success,0.083769,,
v_ff89e80c86261f7cf15b,subject_consistency,dev,a person swimming in ocean,0,modelscope,modelscope/subject_consistency/a person swimming in ocean-0.mp4,0.8441062569618225,success,0.081711,,
v_eb0629201b2330467604,subject_consistency,dev,a person swimming in ocean,1,modelscope,modelscope/subject_consistency/a person swimming in ocean-1.mp4,0.8680748343467712,success,0.084862,,
v_42c7e9b08d022a4da421,subject_consistency,dev,a person swimming in ocean,2,modelscope,modelscope/subject_consistency/a person swimming in ocean-2.mp4,0.8038018941879272,success,0.096945,,
v_2c88f288d11347cd5662,subject_consistency,dev,a person swimming in ocean,3,modelscope,modelscope/subject_consistency/a person swimming in ocean-3.mp4,0.8551892638206482,success,0.072644,,
v_8a001ebdda0abb33097f,subject_consistency,dev,a person swimming in ocean,4,modelscope,modelscope/subject_consistency/a person swimming in ocean-4.mp4,0.8897073864936829,success,0.071592,,
v_be21998514af36992a7f,subject_consistency,test,a person walking in the snowstorm,20,modelscope,modelscope/subject_consistency/a person walking in the snowstorm-0.mp4,0.8318292498588562,success,0.070332,,
v_b7c01ca6744ee7173697,subject_consistency,test,a person walking in the snowstorm,21,modelscope,modelscope/subject_consistency/a person walking in the snowstorm-1.mp4,0.9404789209365845,success,0.069754,,
v_4b8649847f1d6e29178b,subject_consistency,test,a person walking in the snowstorm,22,modelscope,modelscope/subject_consistency/a person walking in the snowstorm-2.mp4,0.9824894666671753,success,0.072848,,
v_50904aaee8e803eb6831,subject_consistency,test,a person walking in the snowstorm,23,modelscope,modelscope/subject_consistency/a person walking in the snowstorm-3.mp4,0.9855832457542419,success,0.087023,,
v_3e3aae34a7499e02b1d7,subject_consistency,test,a person walking in the snowstorm,24,modelscope,modelscope/subject_consistency/a person walking in the snowstorm-4.mp4,0.9731140732765198,success,0.076740,,
v_313b80ecef8ab4acaddb,subject_consistency,dev,a person washing the dishes,10,modelscope,modelscope/subject_consistency/a person washing the dishes-0.mp4,0.8165194392204285,success,0.097360,,
v_6599c279120e12725b3e,subject_consistency,dev,a person washing the dishes,11,modelscope,modelscope/subject_consistency/a person washing the dishes-1.mp4,0.8719936609268188,success,0.070087,,
v_794c7fb15d772bfe1f25,subject_consistency,dev,a person washing the dishes,12,modelscope,modelscope/subject_consistency/a person washing the dishes-2.mp4,0.8566651940345764,success,0.071266,,
v_96a76d0275b9518c4f44,subject_consistency,dev,a person washing the dishes,13,modelscope,modelscope/subject_consistency/a person washing the dishes-3.mp4,0.9028505086898804,success,0.070873,,
v_f58827e8e5396421ff4c,subject_consistency,dev,a person washing the dishes,14,modelscope,modelscope/subject_consistency/a person washing the dishes-4.mp4,0.9037560224533081,success,0.090953,,
v_71f4f123148471dc2cf8,subject_consistency,test,a sheep bending down to drink water from a river,265,modelscope,modelscope/subject_consistency/a sheep bending down to drink water from a river-0.mp4,0.9099932909011841,success,0.155538,,
v_8bacb4b935e691769786,subject_consistency,test,a sheep bending down to drink water from a river,266,modelscope,modelscope/subject_consistency/a sheep bending down to drink water from a river-1.mp4,0.9070932269096375,success,0.074076,,
v_e121b070a7fdbc5d9ae5,subject_consistency,test,a sheep bending down to drink water from a river,267,modelscope,modelscope/subject_consistency/a sheep bending down to drink water from a river-2.mp4,0.9715265035629272,success,0.082585,,
v_01df5d283fabbec1c1b5,subject_consistency,test,a sheep bending down to drink water from a river,268,modelscope,modelscope/subject_consistency/a sheep bending down to drink water from a river-3.mp4,0.9042019248008728,success,0.078789,,
v_3b056af48bedcaeb7642,subject_consistency,test,a sheep bending down to drink water from a river,269,modelscope,modelscope/subject_consistency/a sheep bending down to drink water from a river-4.mp4,0.9417099952697754,success,0.089462,,
v_83bfcbea930c61c9ca46,subject_consistency,test,a sheep running to join a herd of its kind,275,modelscope,modelscope/subject_consistency/a sheep running to join a herd of its kind-0.mp4,0.690091609954834,success,0.087017,,
v_2bc2dc22c685e76563a8,subject_consistency,test,a sheep running to join a herd of its kind,276,modelscope,modelscope/subject_consistency/a sheep running to join a herd of its kind-1.mp4,0.7145513296127319,success,0.082979,,
v_888dfbbf1001a077776d,subject_consistency,test,a sheep running to join a herd of its kind,277,modelscope,modelscope/subject_consistency/a sheep running to join a herd of its kind-2.mp4,0.8932679295539856,success,0.093564,,
v_2d71b18c5cca9f69c367,subject_consistency,test,a sheep running to join a herd of its kind,278,modelscope,modelscope/subject_consistency/a sheep running to join a herd of its kind-3.mp4,0.9195385575294495,success,0.090827,,
v_7fd83bee18c99d1d8898,subject_consistency,test,a sheep running to join a herd of its kind,279,modelscope,modelscope/subject_consistency/a sheep running to join a herd of its kind-4.mp4,0.896518886089325,success,0.071802,,
v_a0369a6d464a8a7245b6,subject_consistency,test,a sheep taking a peaceful walk,270,modelscope,modelscope/subject_consistency/a sheep taking a peaceful walk-0.mp4,0.8470948934555054,success,0.070354,,
v_4fbcfde062b89b84774c,subject_consistency,test,a sheep taking a peaceful walk,271,modelscope,modelscope/subject_consistency/a sheep taking a peaceful walk-1.mp4,0.9243496656417847,success,0.072627,,
v_f7f5a19ffa0401a48fb3,subject_consistency,test,a sheep taking a peaceful walk,272,modelscope,modelscope/subject_consistency/a sheep taking a peaceful walk-2.mp4,0.9036145210266113,success,0.073030,,
v_e050c4b64905c843eb47,subject_consistency,test,a sheep taking a peaceful walk,273,modelscope,modelscope/subject_consistency/a sheep taking a peaceful walk-3.mp4,0.9293967485427856,success,0.071109,,
v_14e7d5b101c6107b0cb4,subject_consistency,test,a sheep taking a peaceful walk,274,modelscope,modelscope/subject_consistency/a sheep taking a peaceful walk-4.mp4,0.890196681022644,success,0.076088,,
v_2dfb35e34636bac1adbf,subject_consistency,dev,a train accelerating to gain speed,145,modelscope,modelscope/subject_consistency/a train accelerating to gain speed-0.mp4,0.8890437483787537,success,0.088678,,
v_d1475eb9ad714b37e18c,subject_consistency,dev,a train accelerating to gain speed,146,modelscope,modelscope/subject_consistency/a train accelerating to gain speed-1.mp4,0.9577527642250061,success,0.079883,,
v_aa5a1d64907dc1624440,subject_consistency,dev,a train accelerating to gain speed,147,modelscope,modelscope/subject_consistency/a train accelerating to gain speed-2.mp4,0.8080097436904907,success,0.087993,,
v_bad9e97d52199b3b906b,subject_consistency,dev,a train accelerating to gain speed,148,modelscope,modelscope/subject_consistency/a train accelerating to gain speed-3.mp4,0.7942025661468506,success,0.081447,,
v_7c84aadcf1204356ce1f,subject_consistency,dev,a train accelerating to gain speed,149,modelscope,modelscope/subject_consistency/a train accelerating to gain speed-4.mp4,0.7833338975906372,success,0.073560,,
v_daa994676986ef7af17e,subject_consistency,test,a train crossing over a tall bridge,140,modelscope,modelscope/subject_consistency/a train crossing over a tall bridge-0.mp4,0.9645735025405884,success,0.091290,,
v_096d9a29cc0d517cbc4c,subject_consistency,test,a train crossing over a tall bridge,141,modelscope,modelscope/subject_consistency/a train crossing over a tall bridge-1.mp4,0.9895339012145996,success,0.088175,,
v_35129b1dc755ffe4d12f,subject_consistency,test,a train crossing over a tall bridge,142,modelscope,modelscope/subject_consistency/a train crossing over a tall bridge-2.mp4,0.9877593517303467,success,0.074859,,
v_60325e87969df24a3228,subject_consistency,test,a train crossing over a tall bridge,143,modelscope,modelscope/subject_consistency/a train crossing over a tall bridge-3.mp4,0.9007217884063721,success,0.114798,,
v_958a6edb17a83ecc5355,subject_consistency,test,a train crossing over a tall bridge,144,modelscope,modelscope/subject_consistency/a train crossing over a tall bridge-4.mp4,0.9783921241760254,success,0.072341,,
v_4caadee201b63a2207f8,subject_consistency,test,a train speeding down the tracks,135,modelscope,modelscope/subject_consistency/a train speeding down the tracks-0.mp4,0.9710705280303955,success,0.092748,,
v_eff74b9cefa992955a07,subject_consistency,test,a train speeding down the tracks,136,modelscope,modelscope/subject_consistency/a train speeding down the tracks-1.mp4,0.988398551940918,success,0.087644,,
v_1cce0ef012d69a7e3abb,subject_consistency,test,a train speeding down the tracks,137,modelscope,modelscope/subject_consistency/a train speeding down the tracks-2.mp4,0.9713946580886841,success,0.074533,,
v_4ab7a0c468e2157c507e,subject_consistency,test,a train speeding down the tracks,138,modelscope,modelscope/subject_consistency/a train speeding down the tracks-3.mp4,0.9292721152305603,success,0.071545,,
v_f575bb4a9ebecebb35b2,subject_consistency,test,a train speeding down the tracks,139,modelscope,modelscope/subject_consistency/a train speeding down the tracks-4.mp4,0.965878963470459,success,0.070314,,
v_35be7a8f399803e6a110,subject_consistency,test,a truck accelerating to gain speed,170,modelscope,modelscope/subject_consistency/a truck accelerating to gain speed-0.mp4,0.7948707938194275,success,0.069161,,
v_07c3c08db3444f7e1f33,subject_consistency,test,a truck accelerating to gain speed,171,modelscope,modelscope/subject_consistency/a truck accelerating to gain speed-1.mp4,0.8701486587524414,success,0.071945,,
v_9e2270da792e9c1eea6f,subject_consistency,test,a truck accelerating to gain speed,172,modelscope,modelscope/subject_consistency/a truck accelerating to gain speed-2.mp4,0.9237099289894104,success,0.083521,,
v_d24d111ec0c4b9e2667c,subject_consistency,test,a truck accelerating to gain speed,173,modelscope,modelscope/subject_consistency/a truck accelerating to gain speed-3.mp4,0.7642154097557068,success,0.089255,,
v_832974c96e85d1bacbf6,subject_consistency,test,a truck accelerating to gain speed,174,modelscope,modelscope/subject_consistency/a truck accelerating to gain speed-4.mp4,0.873412013053894,success,0.090904,,
v_72392dc944bbfd920171,subject_consistency,test,a truck anchored in a tranquil bay,155,modelscope,modelscope/subject_consistency/a truck anchored in a tranquil bay-0.mp4,0.9916347861289978,success,0.075459,,
v_0b289f32ca91ffcba24f,subject_consistency,test,a truck anchored in a tranquil bay,156,modelscope,modelscope/subject_consistency/a truck anchored in a tranquil bay-1.mp4,0.9921983480453491,success,0.082084,,
v_d278e7f10ce5ef81e556,subject_consistency,test,a truck anchored in a tranquil bay,157,modelscope,modelscope/subject_consistency/a truck anchored in a tranquil bay-2.mp4,0.9515760540962219,success,0.092828,,
v_24693f69eda75ec4fd2c,subject_consistency,test,a truck anchored in a tranquil bay,158,modelscope,modelscope/subject_consistency/a truck anchored in a tranquil bay-3.mp4,0.9541669487953186,success,0.069160,,
v_ff7054ceed5793a6e0d5,subject_consistency,test,a truck anchored in a tranquil bay,159,modelscope,modelscope/subject_consistency/a truck anchored in a tranquil bay-4.mp4,0.9935600757598877,success,0.073571,,
v_299df606c1f4050c23ef,subject_consistency,dev,a truck slowing down to stop,165,modelscope,modelscope/subject_consistency/a truck slowing down to stop-0.mp4,0.9939608573913574,success,0.067869,,
v_e8124a3c3734ca47b92e,subject_consistency,dev,a truck slowing down to stop,166,modelscope,modelscope/subject_consistency/a truck slowing down to stop-1.mp4,0.9364482164382935,success,0.075593,,
v_6cb38001d7be0fe02ec5,subject_consistency,dev,a truck slowing down to stop,167,modelscope,modelscope/subject_consistency/a truck slowing down to stop-2.mp4,0.9267399311065674,success,0.070093,,
v_8b00eb74f6a5331e9c80,subject_consistency,dev,a truck slowing down to stop,168,modelscope,modelscope/subject_consistency/a truck slowing down to stop-3.mp4,0.9198494553565979,success,0.114682,,
v_7f2e79f19afb2c39002a,subject_consistency,dev,a truck slowing down to stop,169,modelscope,modelscope/subject_consistency/a truck slowing down to stop-4.mp4,0.9163510203361511,success,0.078298,,
v_fc3d8d1180c1b661a4b4,subject_consistency,dev,a truck stuck in traffic during rush hour,160,modelscope,modelscope/subject_consistency/a truck stuck in traffic during rush hour-0.mp4,0.8884919881820679,success,0.072810,,
v_01f95c9addefbf8aa614,subject_consistency,dev,a truck stuck in traffic during rush hour,161,modelscope,modelscope/subject_consistency/a truck stuck in traffic during rush hour-1.mp4,0.9703968167304993,success,0.079295,,
v_97c7982f4dd17dd3bd31,subject_consistency,dev,a truck stuck in traffic during rush hour,162,modelscope,modelscope/subject_consistency/a truck stuck in traffic during rush hour-2.mp4,0.8597520589828491,success,0.071825,,
v_57447d7ad4c52ef6fd69,subject_consistency,dev,a truck stuck in traffic during rush hour,163,modelscope,modelscope/subject_consistency/a truck stuck in traffic during rush hour-3.mp4,0.9630900025367737,success,0.088111,,
v_3d3730d895c9ed0299cb,subject_consistency,dev,a truck stuck in traffic during rush hour,164,modelscope,modelscope/subject_consistency/a truck stuck in traffic during rush hour-4.mp4,0.9482406973838806,success,0.079423,,
v_3509d523f5617b36af7a,subject_consistency,test,a truck turning a corner,150,modelscope,modelscope/subject_consistency/a truck turning a corner-0.mp4,0.7465140223503113,success,0.096893,,
v_f70ed145ab10a2a6adcf,subject_consistency,test,a truck turning a corner,151,modelscope,modelscope/subject_consistency/a truck turning a corner-1.mp4,0.942011296749115,success,0.085213,,
v_98a472076e62d18f5d88,subject_consistency,test,a truck turning a corner,152,modelscope,modelscope/subject_consistency/a truck turning a corner-2.mp4,0.8809991478919983,success,0.090318,,
v_53a3ea254b24d60e5ddc,subject_consistency,test,a truck turning a corner,153,modelscope,modelscope/subject_consistency/a truck turning a corner-3.mp4,0.9383315443992615,success,0.069870,,
v_80b90a658259ecadc67e,subject_consistency,test,a truck turning a corner,154,modelscope,modelscope/subject_consistency/a truck turning a corner-4.mp4,0.682857096195221,success,0.070752,,
v_e07f383cddd80e708257,subject_consistency,test,a zebra bending down to drink water from a river,330,modelscope,modelscope/subject_consistency/a zebra bending down to drink water from a river-0.mp4,0.977573812007904,success,0.075491,,
v_bc950a10e74a0a5447f1,subject_consistency,test,a zebra bending down to drink water from a river,331,modelscope,modelscope/subject_consistency/a zebra bending down to drink water from a river-1.mp4,0.9725490808486938,success,0.073032,,
v_f762ed821ba1fba906af,subject_consistency,test,a zebra bending down to drink water from a river,332,modelscope,modelscope/subject_consistency/a zebra bending down to drink water from a river-2.mp4,0.9777792096138,success,0.072389,,
v_304f65b790cd089803d4,subject_consistency,test,a zebra bending down to drink water from a river,333,modelscope,modelscope/subject_consistency/a zebra bending down to drink water from a river-3.mp4,0.9624999761581421,success,0.157992,,
v_427171327cff517973ed,subject_consistency,test,a zebra bending down to drink water from a river,334,modelscope,modelscope/subject_consistency/a zebra bending down to drink water from a river-4.mp4,0.9767623543739319,success,0.080212,,
v_a60d762537d342c8629a,subject_consistency,dev,a zebra running to join a herd of its kind,335,modelscope,modelscope/subject_consistency/a zebra running to join a herd of its kind-0.mp4,0.9043260812759399,success,0.084256,,
v_fba291f0b3910c8aa62c,subject_consistency,dev,a zebra running to join a herd of its kind,336,modelscope,modelscope/subject_consistency/a zebra running to join a herd of its kind-1.mp4,0.8148773908615112,success,0.068585,,
v_a3b6d576bc5c5ef3517f,subject_consistency,dev,a zebra running to join a herd of its kind,337,modelscope,modelscope/subject_consistency/a zebra running to join a herd of its kind-2.mp4,0.9383729696273804,success,0.075704,,
v_2ac6cf025d5e88563949,subject_consistency,dev,a zebra running to join a herd of its kind,338,modelscope,modelscope/subject_consistency/a zebra running to join a herd of its kind-3.mp4,0.9185127019882202,success,0.084359,,
v_4e7cf3a0868b1b118f55,subject_consistency,dev,a zebra running to join a herd of its kind,339,modelscope,modelscope/subject_consistency/a zebra running to join a herd of its kind-4.mp4,0.9482232928276062,success,0.073485,,
v_a14e0a81dbd4c1b71c5e,subject_consistency,test,a zebra taking a peaceful walk,340,modelscope,modelscope/subject_consistency/a zebra taking a peaceful walk-0.mp4,0.9928864240646362,success,0.070987,,
v_552d2e84149c1a69fb1b,subject_consistency,test,a zebra taking a peaceful walk,341,modelscope,modelscope/subject_consistency/a zebra taking a peaceful walk-1.mp4,0.9345460534095764,success,0.090227,,
v_2fbefa11a17758f1cd8f,subject_consistency,test,a zebra taking a peaceful walk,342,modelscope,modelscope/subject_consistency/a zebra taking a peaceful walk-2.mp4,0.9212554097175598,success,0.087046,,
v_cad870e604d8521560fe,subject_consistency,test,a zebra taking a peaceful walk,343,modelscope,modelscope/subject_consistency/a zebra taking a peaceful walk-3.mp4,0.9269837141036987,success,0.078028,,
v_e7e6381187b3421f31f4,subject_consistency,test,a zebra taking a peaceful walk,344,modelscope,modelscope/subject_consistency/a zebra taking a peaceful walk-4.mp4,0.9502308964729309,success,0.080558,,
v_5d569341e92795012936,subject_consistency,dev,an airplane accelerating to gain speed,115,modelscope,modelscope/subject_consistency/an airplane accelerating to gain speed-0.mp4,0.8972324728965759,success,0.090008,,
v_440dabd0694cfbd1035e,subject_consistency,dev,an airplane accelerating to gain speed,116,modelscope,modelscope/subject_consistency/an airplane accelerating to gain speed-1.mp4,0.7132728695869446,success,0.079459,,
v_db739ac3cf685d11afa0,subject_consistency,dev,an airplane accelerating to gain speed,117,modelscope,modelscope/subject_consistency/an airplane accelerating to gain speed-2.mp4,0.9321026802062988,success,0.067436,,
v_24c1b22276c80c36c152,subject_consistency,dev,an airplane accelerating to gain speed,118,modelscope,modelscope/subject_consistency/an airplane accelerating to gain speed-3.mp4,0.9475164413452148,success,0.074561,,
v_d89246fc55fcbf11caae,subject_consistency,dev,an airplane accelerating to gain speed,119,modelscope,modelscope/subject_consistency/an airplane accelerating to gain speed-4.mp4,0.8737097978591919,success,0.070802,,
v_9c7644cf33aa4c60d76b,subject_consistency,dev,an airplane landing smoothly on a runway,110,modelscope,modelscope/subject_consistency/an airplane landing smoothly on a runway-0.mp4,0.974934995174408,success,0.070016,,
v_6e0b6f17561ea0496d34,subject_consistency,dev,an airplane landing smoothly on a runway,111,modelscope,modelscope/subject_consistency/an airplane landing smoothly on a runway-1.mp4,0.9152255654335022,success,0.079204,,
v_0796c1376a3e4e771191,subject_consistency,dev,an airplane landing smoothly on a runway,112,modelscope,modelscope/subject_consistency/an airplane landing smoothly on a runway-2.mp4,0.9457515478134155,success,0.076179,,
v_9b8f3bf3468a514b3381,subject_consistency,dev,an airplane landing smoothly on a runway,113,modelscope,modelscope/subject_consistency/an airplane landing smoothly on a runway-3.mp4,0.9883170127868652,success,0.080486,,
v_afd0f03e2bea4ef78860,subject_consistency,dev,an airplane landing smoothly on a runway,114,modelscope,modelscope/subject_consistency/an airplane landing smoothly on a runway-4.mp4,0.7508109211921692,success,0.078603,,
v_662a6ac8b4db6953eace,subject_consistency,dev,an airplane soaring through a clear blue sky,100,modelscope,modelscope/subject_consistency/an airplane soaring through a clear blue sky-0.mp4,0.896396279335022,success,0.070004,,
v_0a10c831ad30ec1b7130,subject_consistency,dev,an airplane soaring through a clear blue sky,101,modelscope,modelscope/subject_consistency/an airplane soaring through a clear blue sky-1.mp4,0.9597479104995728,success,0.072193,,
v_108445b7757409f1e99c,subject_consistency,dev,an airplane soaring through a clear blue sky,102,modelscope,modelscope/subject_consistency/an airplane soaring through a clear blue sky-2.mp4,0.8428559303283691,success,0.075715,,
v_6b80cc587641c7455b0f,subject_consistency,dev,an airplane soaring through a clear blue sky,103,modelscope,modelscope/subject_consistency/an airplane soaring through a clear blue sky-3.mp4,0.915303111076355,success,0.082601,,
v_6ba0d483357d948ca66e,subject_consistency,dev,an airplane soaring through a clear blue sky,104,modelscope,modelscope/subject_consistency/an airplane soaring through a clear blue sky-4.mp4,0.9011675715446472,success,0.068360,,
v_1950a8f321044de8ad94,subject_consistency,test,an airplane taking off,105,modelscope,modelscope/subject_consistency/an airplane taking off-0.mp4,0.8546876907348633,success,0.084888,,
v_41ebff198e9132d3a029,subject_consistency,test,an airplane taking off,106,modelscope,modelscope/subject_consistency/an airplane taking off-1.mp4,0.7942128777503967,success,0.085685,,
v_39171ad6865c3b64a4d3,subject_consistency,test,an airplane taking off,107,modelscope,modelscope/subject_consistency/an airplane taking off-2.mp4,0.9029973149299622,success,0.076133,,
v_acbb9316e8458bbaf4b4,subject_consistency,test,an airplane taking off,108,modelscope,modelscope/subject_consistency/an airplane taking off-3.mp4,0.8932947516441345,success,0.081648,,
v_ff826a558a3485fe36d9,subject_consistency,test,an airplane taking off,109,modelscope,modelscope/subject_consistency/an airplane taking off-4.mp4,0.8679413199424744,success,0.070473,,
v_61694e9143952da328e4,subject_consistency,dev,an elephant running to join a herd of its kind,305,modelscope,modelscope/subject_consistency/an elephant running to join a herd of its kind-0.mp4,0.8701745271682739,success,0.075768,,
v_79f70b317c0deca16edb,subject_consistency,dev,an elephant running to join a herd of its kind,306,modelscope,modelscope/subject_consistency/an elephant running to join a herd of its kind-1.mp4,0.9312841296195984,success,0.068147,,
v_4ff816e35ca1960d8058,subject_consistency,dev,an elephant running to join a herd of its kind,307,modelscope,modelscope/subject_consistency/an elephant running to join a herd of its kind-2.mp4,0.9487122297286987,success,0.069620,,
v_075ccc862d1b2d4936f0,subject_consistency,dev,an elephant running to join a herd of its kind,308,modelscope,modelscope/subject_consistency/an elephant running to join a herd of its kind-3.mp4,0.9417819380760193,success,0.083068,,
v_e84cd21f77767e064452,subject_consistency,dev,an elephant running to join a herd of its kind,309,modelscope,modelscope/subject_consistency/an elephant running to join a herd of its kind-4.mp4,0.9618316292762756,success,0.082186,,
v_54adca1432a0b4a902cf,subject_consistency,test,an elephant spraying itself with water using its trunk to cool down,295,modelscope,modelscope/subject_consistency/an elephant spraying itself with water using its trunk to cool down-0.mp4,0.8945854902267456,success,0.090541,,
v_a6112d16901c6ba345e9,subject_consistency,test,an elephant spraying itself with water using its trunk to cool down,296,modelscope,modelscope/subject_consistency/an elephant spraying itself with water using its trunk to cool down-1.mp4,0.9588014483451843,success,0.081800,,
v_844f6e8b6e342477ae1e,subject_consistency,test,an elephant spraying itself with water using its trunk to cool down,297,modelscope,modelscope/subject_consistency/an elephant spraying itself with water using its trunk to cool down-2.mp4,0.8710731863975525,success,0.074112,,
v_32dc9d7d34f7c658cdf0,subject_consistency,test,an elephant spraying itself with water using its trunk to cool down,298,modelscope,modelscope/subject_consistency/an elephant spraying itself with water using its trunk to cool down-3.mp4,0.9491878747940063,success,0.121649,,
v_f2e4db39b585faa29f68,subject_consistency,test,an elephant spraying itself with water using its trunk to cool down,299,modelscope,modelscope/subject_consistency/an elephant spraying itself with water using its trunk to cool down-4.mp4,0.8963814377784729,success,0.072964,,
v_3a87a89dafa7be05f934,subject_consistency,dev,an elephant taking a peaceful walk,300,modelscope,modelscope/subject_consistency/an elephant taking a peaceful walk-0.mp4,0.9083350300788879,success,0.085461,,
v_732ece2d8de8ccc47cc3,subject_consistency,dev,an elephant taking a peaceful walk,301,modelscope,modelscope/subject_consistency/an elephant taking a peaceful walk-1.mp4,0.8840504288673401,success,0.083052,,
v_5fc6d0b68028eb00a3cf,subject_consistency,dev,an elephant taking a peaceful walk,302,modelscope,modelscope/subject_consistency/an elephant taking a peaceful walk-2.mp4,0.9507228136062622,success,0.099828,,
v_f35fa96ae7e05c1295e3,subject_consistency,dev,an elephant taking a peaceful walk,303,modelscope,modelscope/subject_consistency/an elephant taking a peaceful walk-3.mp4,0.9652224183082581,success,0.092496,,
v_6f14e9894adbb74b4124,subject_consistency,dev,an elephant taking a peaceful walk,304,modelscope,modelscope/subject_consistency/an elephant taking a peaceful walk-4.mp4,0.9417300820350647,success,0.079390,,
v_8300ddf7c171ba305f47,subject_consistency,dev,a bear catching a salmon in its powerful jaws,310,videocraft,videocrafter/subject_consistency/a bear catching a salmon in its powerful jaws-0.mp4,0.8483335375785828,success,0.205860,,
v_07c741626ecfb828f3fe,subject_consistency,dev,a bear catching a salmon in its powerful jaws,311,videocraft,videocrafter/subject_consistency/a bear catching a salmon in its powerful jaws-1.mp4,0.7976149916648865,success,0.210042,,
v_8b8f962cc830c0fc500c,subject_consistency,dev,a bear catching a salmon in its powerful jaws,312,videocraft,videocrafter/subject_consistency/a bear catching a salmon in its powerful jaws-2.mp4,0.8884771466255188,success,0.216869,,
v_c478be195947dc3fd870,subject_consistency,dev,a bear catching a salmon in its powerful jaws,313,videocraft,videocrafter/subject_consistency/a bear catching a salmon in its powerful jaws-3.mp4,0.7714129686355591,success,0.192053,,
v_da45bf8d2583b2f30978,subject_consistency,dev,a bear catching a salmon in its powerful jaws,314,videocraft,videocrafter/subject_consistency/a bear catching a salmon in its powerful jaws-4.mp4,0.82570481300354,success,0.204473,,
v_45b778368398fff8e7ed,subject_consistency,dev,a bear climbing a tree,320,videocraft,videocrafter/subject_consistency/a bear climbing a tree-0.mp4,0.8253411054611206,success,0.206493,,
v_ab6c4004715ba0f75b38,subject_consistency,dev,a bear climbing a tree,321,videocraft,videocrafter/subject_consistency/a bear climbing a tree-1.mp4,0.8575189113616943,success,0.213898,,
v_ed41b640b777edad52d6,subject_consistency,dev,a bear climbing a tree,322,videocraft,videocrafter/subject_consistency/a bear climbing a tree-2.mp4,0.7412590384483337,success,0.216265,,
v_b04d38ec52fe1398d923,subject_consistency,dev,a bear climbing a tree,323,videocraft,videocrafter/subject_consistency/a bear climbing a tree-3.mp4,0.8764329552650452,success,0.218919,,
v_f7d0ce1ba19c99b8850b,subject_consistency,dev,a bear climbing a tree,324,videocraft,videocrafter/subject_consistency/a bear climbing a tree-4.mp4,0.8170311450958252,success,0.226128,,
v_86cb9eb1162b197591be,subject_consistency,dev,a bear hunting for prey,325,videocraft,videocrafter/subject_consistency/a bear hunting for prey-0.mp4,0.855082631111145,success,0.216693,,
v_409db4c1f23e2b84ff36,subject_consistency,dev,a bear hunting for prey,326,videocraft,videocrafter/subject_consistency/a bear hunting for prey-1.mp4,0.8537266254425049,success,0.204932,,
v_178415c7ae3659ce38d5,subject_consistency,dev,a bear hunting for prey,327,videocraft,videocrafter/subject_consistency/a bear hunting for prey-2.mp4,0.7871248126029968,success,0.207311,,
v_5d2721606eb9ba30d70b,subject_consistency,dev,a bear hunting for prey,328,videocraft,videocrafter/subject_consistency/a bear hunting for prey-3.mp4,0.7854515910148621,success,0.212308,,
v_5770ee5aa44542b3ad2a,subject_consistency,dev,a bear hunting for prey,329,videocraft,videocrafter/subject_consistency/a bear hunting for prey-4.mp4,0.70941561460495,success,0.205318,,
v_f89ae7477caf6e52d03f,subject_consistency,test,a bear sniffing the air for scents of food,315,videocraft,videocrafter/subject_consistency/a bear sniffing the air for scents of food-0.mp4,0.9168875217437744,success,0.192874,,
v_cb16ca3eb024c0f978a8,subject_consistency,test,a bear sniffing the air for scents of food,316,videocraft,videocrafter/subject_consistency/a bear sniffing the air for scents of food-1.mp4,0.8315013647079468,success,0.206432,,
v_2fc715b153f76af5ec66,subject_consistency,test,a bear sniffing the air for scents of food,317,videocraft,videocrafter/subject_consistency/a bear sniffing the air for scents of food-2.mp4,0.8944646716117859,success,0.209633,,
v_ffd6fa196b3619a6eed7,subject_consistency,test,a bear sniffing the air for scents of food,318,videocraft,videocrafter/subject_consistency/a bear sniffing the air for scents of food-3.mp4,0.8270632028579712,success,0.211947,,
v_65410cc025441cc509c4,subject_consistency,test,a bear sniffing the air for scents of food,319,videocraft,videocrafter/subject_consistency/a bear sniffing the air for scents of food-4.mp4,0.9575589299201965,success,0.214582,,
v_71ee7a22275a5993fed3,subject_consistency,dev,a bicycle accelerating to gain speed,50,videocraft,videocrafter/subject_consistency/a bicycle accelerating to gain speed-0.mp4,0.8936741352081299,success,0.198201,,
v_d57227c53a9b780116d3,subject_consistency,dev,a bicycle accelerating to gain speed,51,videocraft,videocrafter/subject_consistency/a bicycle accelerating to gain speed-1.mp4,0.8454455733299255,success,0.208347,,
v_a883fa8a6477408f74b5,subject_consistency,dev,a bicycle accelerating to gain speed,52,videocraft,videocrafter/subject_consistency/a bicycle accelerating to gain speed-2.mp4,0.7450438737869263,success,0.210015,,
v_de9326d0cae6b58de93d,subject_consistency,dev,a bicycle accelerating to gain speed,53,videocraft,videocrafter/subject_consistency/a bicycle accelerating to gain speed-3.mp4,0.9290110468864441,success,0.135920,,
v_6e4c71b43dc820ceaed7,subject_consistency,dev,a bicycle accelerating to gain speed,54,videocraft,videocrafter/subject_consistency/a bicycle accelerating to gain speed-4.mp4,0.7993826866149902,success,0.109929,,
v_c819cb86a8e25dfb3e97,subject_consistency,test,a bicycle gliding through a snowy field,40,videocraft,videocrafter/subject_consistency/a bicycle gliding through a snowy field-0.mp4,0.9381075501441956,success,0.169909,,
v_945f809d8b7aa616e4e1,subject_consistency,test,a bicycle gliding through a snowy field,41,videocraft,videocrafter/subject_consistency/a bicycle gliding through a snowy field-1.mp4,0.8991705775260925,success,0.208069,,
v_462b139fa65bd7367092,subject_consistency,test,a bicycle gliding through a snowy field,42,videocraft,videocrafter/subject_consistency/a bicycle gliding through a snowy field-2.mp4,0.899934709072113,success,0.188207,,
v_5c11fcc0e84ee502f428,subject_consistency,test,a bicycle gliding through a snowy field,43,videocraft,videocrafter/subject_consistency/a bicycle gliding through a snowy field-3.mp4,0.8704086542129517,success,0.202455,,
v_b008749db2f2f797a4a6,subject_consistency,test,a bicycle gliding through a snowy field,44,videocraft,videocrafter/subject_consistency/a bicycle gliding through a snowy field-4.mp4,0.9306146502494812,success,0.202489,,
v_d38b247e9db157715244,subject_consistency,dev,a bicycle leaning against a tree,35,videocraft,videocrafter/subject_consistency/a bicycle leaning against a tree-0.mp4,0.9740362763404846,success,0.203120,,
v_37754c70cc836ee9cd5f,subject_consistency,dev,a bicycle leaning against a tree,36,videocraft,videocrafter/subject_consistency/a bicycle leaning against a tree-1.mp4,0.9313589930534363,success,0.196896,,
v_db4e1a5bef83d48a5c50,subject_consistency,dev,a bicycle leaning against a tree,37,videocraft,videocrafter/subject_consistency/a bicycle leaning against a tree-2.mp4,0.8997318744659424,success,0.141190,,
v_186de11a2cca9e1b4c0c,subject_consistency,dev,a bicycle leaning against a tree,38,videocraft,videocrafter/subject_consistency/a bicycle leaning against a tree-3.mp4,0.9878687858581543,success,0.124494,,
v_63db3a9a072ffcc56a3e,subject_consistency,dev,a bicycle leaning against a tree,39,videocraft,videocrafter/subject_consistency/a bicycle leaning against a tree-4.mp4,0.8207173347473145,success,0.182812,,
v_59a6907044e64a470dc3,subject_consistency,test,a bicycle slowing down to stop,45,videocraft,videocrafter/subject_consistency/a bicycle slowing down to stop-0.mp4,0.8415966033935547,success,0.204846,,
v_9db2ed17daac65ddf1ec,subject_consistency,test,a bicycle slowing down to stop,46,videocraft,videocrafter/subject_consistency/a bicycle slowing down to stop-1.mp4,0.9099364280700684,success,0.184584,,
v_17c7eb43717473a10d47,subject_consistency,test,a bicycle slowing down to stop,47,videocraft,videocrafter/subject_consistency/a bicycle slowing down to stop-2.mp4,0.8818981647491455,success,0.203740,,
v_e243d16e4a7f82eb2c77,subject_consistency,test,a bicycle slowing down to stop,48,videocraft,videocrafter/subject_consistency/a bicycle slowing down to stop-3.mp4,0.8599525690078735,success,0.216613,,
v_137f333eb0726979de4c,subject_consistency,test,a bicycle slowing down to stop,49,videocraft,videocrafter/subject_consistency/a bicycle slowing down to stop-4.mp4,0.8647885918617249,success,0.199389,,
v_26f7df0a15c0962525e1,subject_consistency,test,a bird building a nest from twigs and leaves,195,videocraft,videocrafter/subject_consistency/a bird building a nest from twigs and leaves-0.mp4,0.8798569440841675,success,0.179814,,
v_e8ecca9c834aa0158bbd,subject_consistency,test,a bird building a nest from twigs and leaves,196,videocraft,videocrafter/subject_consistency/a bird building a nest from twigs and leaves-1.mp4,0.8708232045173645,success,0.191680,,
v_1a0a297390169f66a2a7,subject_consistency,test,a bird building a nest from twigs and leaves,197,videocraft,videocrafter/subject_consistency/a bird building a nest from twigs and leaves-2.mp4,0.9026412963867188,success,0.190445,,
v_8e24a6821c074bab0821,subject_consistency,test,a bird building a nest from twigs and leaves,198,videocraft,videocrafter/subject_consistency/a bird building a nest from twigs and leaves-3.mp4,0.9017285704612732,success,0.179998,,
v_4ee60a7f76d079e9f723,subject_consistency,test,a bird building a nest from twigs and leaves,199,videocraft,videocrafter/subject_consistency/a bird building a nest from twigs and leaves-4.mp4,0.8880876898765564,success,0.180675,,
v_c4bd96512d122db5fd1b,subject_consistency,dev,a bird flying over a snowy forest,200,videocraft,videocrafter/subject_consistency/a bird flying over a snowy forest-0.mp4,0.9022142887115479,success,0.217936,,
v_b51328a63817cb04fb84,subject_consistency,dev,a bird flying over a snowy forest,201,videocraft,videocrafter/subject_consistency/a bird flying over a snowy forest-1.mp4,0.9406499862670898,success,0.207835,,
v_37f888e41b80e3a42bc3,subject_consistency,dev,a bird flying over a snowy forest,202,videocraft,videocrafter/subject_consistency/a bird flying over a snowy forest-2.mp4,0.8747924566268921,success,0.207346,,
v_6a490d37ab97dae24860,subject_consistency,dev,a bird flying over a snowy forest,203,videocraft,videocrafter/subject_consistency/a bird flying over a snowy forest-3.mp4,0.8777909874916077,success,0.206197,,
v_c48e3bd3266f36cfed52,subject_consistency,dev,a bird flying over a snowy forest,204,videocraft,videocrafter/subject_consistency/a bird flying over a snowy forest-4.mp4,0.9101799726486206,success,0.202965,,
v_486b83936211d4bfdac9,subject_consistency,test,a bird soaring gracefully in the sky,190,videocraft,videocrafter/subject_consistency/a bird soaring gracefully in the sky-0.mp4,0.7628529071807861,success,0.197511,,
v_2091461d0d46ca66bd3a,subject_consistency,test,a bird soaring gracefully in the sky,191,videocraft,videocrafter/subject_consistency/a bird soaring gracefully in the sky-1.mp4,0.7443249225616455,success,0.199617,,
v_aa3fa2054689c22b22c4,subject_consistency,test,a bird soaring gracefully in the sky,192,videocraft,videocrafter/subject_consistency/a bird soaring gracefully in the sky-2.mp4,0.8789815902709961,success,0.224064,,
v_498d82e014017b4f60c4,subject_consistency,test,a bird soaring gracefully in the sky,193,videocraft,videocrafter/subject_consistency/a bird soaring gracefully in the sky-3.mp4,0.831120491027832,success,0.203765,,
v_96cf3b3588f4731aceec,subject_consistency,test,a bird soaring gracefully in the sky,194,videocraft,videocrafter/subject_consistency/a bird soaring gracefully in the sky-4.mp4,0.9628010988235474,success,0.214471,,
v_14499454e08d4adb6d22,subject_consistency,dev,a boat accelerating to gain speed,185,videocraft,videocrafter/subject_consistency/a boat accelerating to gain speed-0.mp4,0.7963992953300476,success,0.215149,,
v_4400fb9f2d6a31023829,subject_consistency,dev,a boat accelerating to gain speed,186,videocraft,videocrafter/subject_consistency/a boat accelerating to gain speed-1.mp4,0.8664525747299194,success,0.211102,,
v_40814123e2c47a1a5f5a,subject_consistency,dev,a boat accelerating to gain speed,187,videocraft,videocrafter/subject_consistency/a boat accelerating to gain speed-2.mp4,0.8236133456230164,success,0.208766,,
v_dfd1e60a2ea1ad427c8c,subject_consistency,dev,a boat accelerating to gain speed,188,videocraft,videocrafter/subject_consistency/a boat accelerating to gain speed-3.mp4,0.8012824654579163,success,0.199278,,
v_766169a92c3795a2dc06,subject_consistency,dev,a boat accelerating to gain speed,189,videocraft,videocrafter/subject_consistency/a boat accelerating to gain speed-4.mp4,0.7735401391983032,success,0.204649,,
v_3051c21ac065bba2e050,subject_consistency,test,a boat sailing smoothly on a calm lake,175,videocraft,videocrafter/subject_consistency/a boat sailing smoothly on a calm lake-0.mp4,0.8800002336502075,success,0.204676,,
v_9bbf0872f7e2ee6415ae,subject_consistency,test,a boat sailing smoothly on a calm lake,176,videocraft,videocrafter/subject_consistency/a boat sailing smoothly on a calm lake-1.mp4,0.8964260816574097,success,0.205407,,
v_72b2ae58d4bec3c1ebdf,subject_consistency,test,a boat sailing smoothly on a calm lake,177,videocraft,videocrafter/subject_consistency/a boat sailing smoothly on a calm lake-2.mp4,0.9092165231704712,success,0.188798,,
v_b0e36f903a2341c9ebf6,subject_consistency,test,a boat sailing smoothly on a calm lake,178,videocraft,videocrafter/subject_consistency/a boat sailing smoothly on a calm lake-3.mp4,0.966718316078186,success,0.217811,,
v_d0917f16c016761fa7e0,subject_consistency,test,a boat sailing smoothly on a calm lake,179,videocraft,videocrafter/subject_consistency/a boat sailing smoothly on a calm lake-4.mp4,0.9147378206253052,success,0.216739,,
v_223dffdfd43f07ff254e,subject_consistency,test,a boat slowing down to stop,180,videocraft,videocrafter/subject_consistency/a boat slowing down to stop-0.mp4,0.8887083530426025,success,0.207809,,
v_aec2a5579b12831c955e,subject_consistency,test,a boat slowing down to stop,181,videocraft,videocrafter/subject_consistency/a boat slowing down to stop-1.mp4,0.7951908707618713,success,0.196288,,
v_1af7b2ab4259837d982b,subject_consistency,test,a boat slowing down to stop,182,videocraft,videocrafter/subject_consistency/a boat slowing down to stop-2.mp4,0.8889016509056091,success,0.205367,,
v_b4e9a310847b9624e168,subject_consistency,test,a boat slowing down to stop,183,videocraft,videocrafter/subject_consistency/a boat slowing down to stop-3.mp4,0.7589862942695618,success,0.203282,,
v_5d93aa36d5a6d0cef3eb,subject_consistency,test,a boat slowing down to stop,184,videocraft,videocrafter/subject_consistency/a boat slowing down to stop-4.mp4,0.8565071821212769,success,0.198977,,
v_fc937b1161e7a647214a,subject_consistency,test,a bus accelerating to gain speed,130,videocraft,videocrafter/subject_consistency/a bus accelerating to gain speed-0.mp4,0.7534162402153015,success,0.200160,,
v_541f29da115bba5c5801,subject_consistency,test,a bus accelerating to gain speed,131,videocraft,videocrafter/subject_consistency/a bus accelerating to gain speed-1.mp4,0.8651866316795349,success,0.202510,,
v_13d7b8f127dfaa8a9f8e,subject_consistency,test,a bus accelerating to gain speed,132,videocraft,videocrafter/subject_consistency/a bus accelerating to gain speed-2.mp4,0.7419994473457336,success,0.191652,,
v_239462b4a33a7562f09f,subject_consistency,test,a bus accelerating to gain speed,133,videocraft,videocrafter/subject_consistency/a bus accelerating to gain speed-3.mp4,0.8546878099441528,success,0.208758,,
v_fe222e02746a99390590,subject_consistency,test,a bus accelerating to gain speed,134,videocraft,videocrafter/subject_consistency/a bus accelerating to gain speed-4.mp4,0.8548504710197449,success,0.192269,,
v_c1a79413800d84e055e5,subject_consistency,test,a bus stuck in traffic during rush hour,125,videocraft,videocrafter/subject_consistency/a bus stuck in traffic during rush hour-0.mp4,0.7807789444923401,success,0.201297,,
v_d96f35aae670eb5782c4,subject_consistency,test,a bus stuck in traffic during rush hour,126,videocraft,videocrafter/subject_consistency/a bus stuck in traffic during rush hour-1.mp4,0.9853308796882629,success,0.198884,,
v_44fb283b2b72f6dadde5,subject_consistency,test,a bus stuck in traffic during rush hour,127,videocraft,videocrafter/subject_consistency/a bus stuck in traffic during rush hour-2.mp4,0.9426895976066589,success,0.194425,,
v_03990deb4e46ae8c1429,subject_consistency,test,a bus stuck in traffic during rush hour,128,videocraft,videocrafter/subject_consistency/a bus stuck in traffic during rush hour-3.mp4,0.9710325002670288,success,0.188571,,
v_e589ec105991cd96cb27,subject_consistency,test,a bus stuck in traffic during rush hour,129,videocraft,videocrafter/subject_consistency/a bus stuck in traffic during rush hour-4.mp4,0.8375499248504639,success,0.212523,,
v_7b6b3bcc0f3ecde11c3a,subject_consistency,test,a bus turning a corner,120,videocraft,videocrafter/subject_consistency/a bus turning a corner-0.mp4,0.9004989862442017,success,0.208020,,
v_d36712551eff6e9039d4,subject_consistency,test,a bus turning a corner,121,videocraft,videocrafter/subject_consistency/a bus turning a corner-1.mp4,0.9249705076217651,success,0.199706,,
v_f9315a529ed6fd06e599,subject_consistency,test,a bus turning a corner,122,videocraft,videocrafter/subject_consistency/a bus turning a corner-2.mp4,0.7335948348045349,success,0.198188,,
v_ca3bf5c494579409485f,subject_consistency,test,a bus turning a corner,123,videocraft,videocrafter/subject_consistency/a bus turning a corner-3.mp4,0.8021359443664551,success,0.195811,,
v_647a2deb30e6e851b210,subject_consistency,test,a bus turning a corner,124,videocraft,videocrafter/subject_consistency/a bus turning a corner-4.mp4,0.9020395874977112,success,0.201090,,
v_bc0ac2c371a024e73050,subject_consistency,dev,a car accelerating to gain speed,70,videocraft,videocrafter/subject_consistency/a car accelerating to gain speed-0.mp4,0.8402801156044006,success,0.195826,,
v_fc3232e4ba1b3c2fb152,subject_consistency,dev,a car accelerating to gain speed,71,videocraft,videocrafter/subject_consistency/a car accelerating to gain speed-1.mp4,0.9451355338096619,success,0.187595,,
v_1f98c34380caf175a20e,subject_consistency,dev,a car accelerating to gain speed,72,videocraft,videocrafter/subject_consistency/a car accelerating to gain speed-2.mp4,0.9194396734237671,success,0.200613,,
v_846a9ca9ff3d52c90a08,subject_consistency,dev,a car accelerating to gain speed,73,videocraft,videocrafter/subject_consistency/a car accelerating to gain speed-3.mp4,0.7189537882804871,success,0.204730,,
v_ee03d215f0b02b4e1d8f,subject_consistency,dev,a car accelerating to gain speed,74,videocraft,videocrafter/subject_consistency/a car accelerating to gain speed-4.mp4,0.7849953174591064,success,0.196693,,
v_0b88becab5cd91669727,subject_consistency,dev,a car slowing down to stop,65,videocraft,videocrafter/subject_consistency/a car slowing down to stop-0.mp4,0.9076696038246155,success,0.202521,,
v_a0f890dcab3b6d0bdffc,subject_consistency,dev,a car slowing down to stop,66,videocraft,videocrafter/subject_consistency/a car slowing down to stop-1.mp4,0.7669599056243896,success,0.186712,,
v_ccee7bc6debfcb824e1c,subject_consistency,dev,a car slowing down to stop,67,videocraft,videocrafter/subject_consistency/a car slowing down to stop-2.mp4,0.9073576927185059,success,0.211933,,
v_86344014a7f913c9a4d6,subject_consistency,dev,a car slowing down to stop,68,videocraft,videocrafter/subject_consistency/a car slowing down to stop-3.mp4,0.7798804640769958,success,0.197620,,
v_4cd05ffc29b69ab69144,subject_consistency,dev,a car slowing down to stop,69,videocraft,videocrafter/subject_consistency/a car slowing down to stop-4.mp4,0.6944321393966675,success,0.206686,,
v_015a48a198ce0a7a6684,subject_consistency,dev,a car stuck in traffic during rush hour,55,videocraft,videocrafter/subject_consistency/a car stuck in traffic during rush hour-0.mp4,0.9686998724937439,success,0.181036,,
v_116b8efd444edf859a7e,subject_consistency,dev,a car stuck in traffic during rush hour,56,videocraft,videocrafter/subject_consistency/a car stuck in traffic during rush hour-1.mp4,0.9218097925186157,success,0.194171,,
v_61b33c3a6f3e0c8b604b,subject_consistency,dev,a car stuck in traffic during rush hour,57,videocraft,videocrafter/subject_consistency/a car stuck in traffic during rush hour-2.mp4,0.9564162492752075,success,0.182898,,
v_285335530f3283432e49,subject_consistency,dev,a car stuck in traffic during rush hour,58,videocraft,videocrafter/subject_consistency/a car stuck in traffic during rush hour-3.mp4,0.9010711908340454,success,0.200216,,
v_e19f5d450bb5c5b9d171,subject_consistency,dev,a car stuck in traffic during rush hour,59,videocraft,videocrafter/subject_consistency/a car stuck in traffic during rush hour-4.mp4,0.8404871225357056,success,0.195689,,
v_c70339a5e603fddb0d74,subject_consistency,test,a car turning a corner,60,videocraft,videocrafter/subject_consistency/a car turning a corner-0.mp4,0.8598455190658569,success,0.207633,,
v_3dfb6590d5c2aaa69e2d,subject_consistency,test,a car turning a corner,61,videocraft,videocrafter/subject_consistency/a car turning a corner-1.mp4,0.8533051609992981,success,0.198790,,
v_e9211e6e41543e1ecc9d,subject_consistency,test,a car turning a corner,62,videocraft,videocrafter/subject_consistency/a car turning a corner-2.mp4,0.9536847472190857,success,0.201537,,
v_696b90573716e0bed7fb,subject_consistency,test,a car turning a corner,63,videocraft,videocrafter/subject_consistency/a car turning a corner-3.mp4,0.8675683736801147,success,0.200795,,
v_5e6fc4b9c3ab880a4c1f,subject_consistency,test,a car turning a corner,64,videocraft,videocrafter/subject_consistency/a car turning a corner-4.mp4,0.7737278342247009,success,0.213096,,
v_f3fc12faf2f6daf9c576,subject_consistency,test,a cat drinking water,215,videocraft,videocrafter/subject_consistency/a cat drinking water-0.mp4,0.7196691632270813,success,0.176278,,
v_6298725386c4cb908f4a,subject_consistency,test,a cat drinking water,216,videocraft,videocrafter/subject_consistency/a cat drinking water-1.mp4,0.9107464551925659,success,0.192860,,
v_9ee530b29d28ce5ca5fa,subject_consistency,test,a cat drinking water,217,videocraft,videocrafter/subject_consistency/a cat drinking water-2.mp4,0.8751757144927979,success,0.192019,,
v_87db6b0cb9e1bf0bb8d5,subject_consistency,test,a cat drinking water,218,videocraft,videocrafter/subject_consistency/a cat drinking water-3.mp4,0.9164960980415344,success,0.200589,,
v_e6a17e58c2ad21fc19ad,subject_consistency,test,a cat drinking water,219,videocraft,videocrafter/subject_consistency/a cat drinking water-4.mp4,0.7883812189102173,success,0.194204,,
v_4fbd423eaf77d86c8179,subject_consistency,test,a cat grooming itself meticulously with its tongue,205,videocraft,videocrafter/subject_consistency/a cat grooming itself meticulously with its tongue-0.mp4,0.8823103308677673,success,0.174949,,
v_bbe9677aaa8fb1356bd8,subject_consistency,test,a cat grooming itself meticulously with its tongue,206,videocraft,videocrafter/subject_consistency/a cat grooming itself meticulously with its tongue-1.mp4,0.9011791944503784,success,0.188753,,
v_e765aa92e3d0048c0f8e,subject_consistency,test,a cat grooming itself meticulously with its tongue,207,videocraft,videocrafter/subject_consistency/a cat grooming itself meticulously with its tongue-2.mp4,0.8796884417533875,success,0.193567,,
v_40a188d4cfb8faf61a51,subject_consistency,test,a cat grooming itself meticulously with its tongue,208,videocraft,videocrafter/subject_consistency/a cat grooming itself meticulously with its tongue-3.mp4,0.8829001188278198,success,0.197800,,
v_d376ba4425795e7e6f9f,subject_consistency,test,a cat grooming itself meticulously with its tongue,209,videocraft,videocrafter/subject_consistency/a cat grooming itself meticulously with its tongue-4.mp4,0.8499958515167236,success,0.191242,,
v_81390b84e0cba55812a3,subject_consistency,test,a cat playing in park,210,videocraft,videocrafter/subject_consistency/a cat playing in park-0.mp4,0.8681653141975403,success,0.206332,,
v_7af9257a900f957e8659,subject_consistency,test,a cat playing in park,211,videocraft,videocrafter/subject_consistency/a cat playing in park-1.mp4,0.7729401588439941,success,0.200919,,
v_0e23acf66d7975f441bb,subject_consistency,test,a cat playing in park,212,videocraft,videocrafter/subject_consistency/a cat playing in park-2.mp4,0.836395800113678,success,0.203487,,
v_8b93ab00eebde0667444,subject_consistency,test,a cat playing in park,213,videocraft,videocrafter/subject_consistency/a cat playing in park-3.mp4,0.7816967368125916,success,0.203197,,
v_1c37592120af54379a58,subject_consistency,test,a cat playing in park,214,videocraft,videocrafter/subject_consistency/a cat playing in park-4.mp4,0.7101930975914001,success,0.188547,,
v_cda84f4f191ef85fbc9e,subject_consistency,test,a cat running happily,220,videocraft,videocrafter/subject_consistency/a cat running happily-0.mp4,0.7305481433868408,success,0.199138,,
v_961078c74396541bf200,subject_consistency,test,a cat running happily,221,videocraft,videocrafter/subject_consistency/a cat running happily-1.mp4,0.7864307761192322,success,0.136781,,
v_826b91fc570676fee85d,subject_consistency,test,a cat running happily,222,videocraft,videocrafter/subject_consistency/a cat running happily-2.mp4,0.7064124345779419,success,0.197830,,
v_e0c8d6540f332ff33457,subject_consistency,test,a cat running happily,223,videocraft,videocrafter/subject_consistency/a cat running happily-3.mp4,0.7193238735198975,success,0.203421,,
v_13085f4190291998d8ba,subject_consistency,test,a cat running happily,224,videocraft,videocrafter/subject_consistency/a cat running happily-4.mp4,0.799042284488678,success,0.211652,,
v_764c8af3c9f1ca78e502,subject_consistency,test,a cow bending down to drink water from a river,280,videocraft,videocrafter/subject_consistency/a cow bending down to drink water from a river-0.mp4,0.8323359489440918,success,0.201163,,
v_bb8cc46b2eb81df0b468,subject_consistency,test,a cow bending down to drink water from a river,281,videocraft,videocrafter/subject_consistency/a cow bending down to drink water from a river-1.mp4,0.8369737267494202,success,0.269301,,
v_98ffbf1f38f10b1a955d,subject_consistency,test,a cow bending down to drink water from a river,282,videocraft,videocrafter/subject_consistency/a cow bending down to drink water from a river-2.mp4,0.959312379360199,success,0.195044,,
v_c2c11991dc6ea64ed6d3,subject_consistency,test,a cow bending down to drink water from a river,283,videocraft,videocrafter/subject_consistency/a cow bending down to drink water from a river-3.mp4,0.873026430606842,success,0.197983,,
v_eb8b8ead868a26d114e7,subject_consistency,test,a cow bending down to drink water from a river,284,videocraft,videocrafter/subject_consistency/a cow bending down to drink water from a river-4.mp4,0.8576592206954956,success,0.203586,,
v_059d7a6df6ed9b8bda7b,subject_consistency,test,a cow chewing cud while resting in a tranquil barn,285,videocraft,videocrafter/subject_consistency/a cow chewing cud while resting in a tranquil barn-0.mp4,0.9182597398757935,success,0.188491,,
v_da44ac6d37172117ea63,subject_consistency,test,a cow chewing cud while resting in a tranquil barn,286,videocraft,videocrafter/subject_consistency/a cow chewing cud while resting in a tranquil barn-1.mp4,0.8871731758117676,success,0.195300,,
v_0b8bbcced14cca3bafdb,subject_consistency,test,a cow chewing cud while resting in a tranquil barn,287,videocraft,videocrafter/subject_consistency/a cow chewing cud while resting in a tranquil barn-2.mp4,0.9508158564567566,success,0.190413,,
v_cd419a6eabacec16c6d6,subject_consistency,test,a cow chewing cud while resting in a tranquil barn,288,videocraft,videocrafter/subject_consistency/a cow chewing cud while resting in a tranquil barn-3.mp4,0.9013242125511169,success,0.195180,,
v_e299ec426ede9080066a,subject_consistency,test,a cow chewing cud while resting in a tranquil barn,289,videocraft,videocrafter/subject_consistency/a cow chewing cud while resting in a tranquil barn-4.mp4,0.9124986529350281,success,0.190682,,
v_5f7b25c1edd03a7af6e7,subject_consistency,dev,a cow running to join a herd of its kind,290,videocraft,videocrafter/subject_consistency/a cow running to join a herd of its kind-0.mp4,0.9237620234489441,success,0.210293,,
v_51844df2867755bae820,subject_consistency,dev,a cow running to join a herd of its kind,291,videocraft,videocrafter/subject_consistency/a cow running to join a herd of its kind-1.mp4,0.7926352024078369,success,0.210915,,
v_f7698a3ce3dee373143f,subject_consistency,dev,a cow running to join a herd of its kind,292,videocraft,videocrafter/subject_consistency/a cow running to join a herd of its kind-2.mp4,0.7302680015563965,success,0.203536,,
v_2447f2268dd4d237feed,subject_consistency,dev,a cow running to join a herd of its kind,293,videocraft,videocrafter/subject_consistency/a cow running to join a herd of its kind-3.mp4,0.8401579856872559,success,0.204068,,
v_bb29c0d8bbe6543ba24e,subject_consistency,dev,a cow running to join a herd of its kind,294,videocraft,videocrafter/subject_consistency/a cow running to join a herd of its kind-4.mp4,0.9261356592178345,success,0.219252,,
v_04cd1ed5506fcfac9bdf,subject_consistency,test,a dog drinking water,235,videocraft,videocrafter/subject_consistency/a dog drinking water-0.mp4,0.8382370471954346,success,0.187644,,
v_c6fc4a05bea92a131f82,subject_consistency,test,a dog drinking water,236,videocraft,videocrafter/subject_consistency/a dog drinking water-1.mp4,0.8618033528327942,success,0.202654,,
v_3972d6a78704711236ab,subject_consistency,test,a dog drinking water,237,videocraft,videocrafter/subject_consistency/a dog drinking water-2.mp4,0.8111124038696289,success,0.212511,,
v_f6284742c80d9fc52adc,subject_consistency,test,a dog drinking water,238,videocraft,videocrafter/subject_consistency/a dog drinking water-3.mp4,0.886805534362793,success,0.206948,,
v_ee6b21a8e4583e1d4369,subject_consistency,test,a dog drinking water,239,videocraft,videocrafter/subject_consistency/a dog drinking water-4.mp4,0.8483726978302002,success,0.210956,,
v_dad841b8913c5c287bb5,subject_consistency,dev,a dog enjoying a peaceful walk,225,videocraft,videocrafter/subject_consistency/a dog enjoying a peaceful walk-0.mp4,0.9334810972213745,success,0.196522,,
v_be21abffec4e076184f6,subject_consistency,dev,a dog enjoying a peaceful walk,226,videocraft,videocrafter/subject_consistency/a dog enjoying a peaceful walk-1.mp4,0.961877167224884,success,0.194537,,
v_474083ebb5024953d6cb,subject_consistency,dev,a dog enjoying a peaceful walk,227,videocraft,videocrafter/subject_consistency/a dog enjoying a peaceful walk-2.mp4,0.8396570682525635,success,0.198955,,
v_2509f86f126c90f4df15,subject_consistency,dev,a dog enjoying a peaceful walk,228,videocraft,videocrafter/subject_consistency/a dog enjoying a peaceful walk-3.mp4,0.8795828819274902,success,0.200355,,
v_530f83ebff0685baa0c0,subject_consistency,dev,a dog enjoying a peaceful walk,229,videocraft,videocrafter/subject_consistency/a dog enjoying a peaceful walk-4.mp4,0.8433113098144531,success,0.262264,,
v_a5022798f737c071e1bd,subject_consistency,dev,a dog playing in park,230,videocraft,videocrafter/subject_consistency/a dog playing in park-0.mp4,0.7114188075065613,success,0.209368,,
v_77860d5307419db10f66,subject_consistency,dev,a dog playing in park,231,videocraft,videocrafter/subject_consistency/a dog playing in park-1.mp4,0.8745599985122681,success,0.191886,,
v_29c144906f83c75fbfb4,subject_consistency,dev,a dog playing in park,232,videocraft,videocrafter/subject_consistency/a dog playing in park-2.mp4,0.8507063984870911,success,0.207008,,
v_49c5d5bce16d08e13379,subject_consistency,dev,a dog playing in park,233,videocraft,videocrafter/subject_consistency/a dog playing in park-3.mp4,0.8710007667541504,success,0.206615,,
v_ab2e6e07928210904576,subject_consistency,dev,a dog playing in park,234,videocraft,videocrafter/subject_consistency/a dog playing in park-4.mp4,0.7309926748275757,success,0.201624,,
v_d3e833635aa03751bd27,subject_consistency,dev,a dog running happily,240,videocraft,videocrafter/subject_consistency/a dog running happily-0.mp4,0.7168325781822205,success,0.195196,,
v_e4c55836a5a7b5e5e05f,subject_consistency,dev,a dog running happily,241,videocraft,videocrafter/subject_consistency/a dog running happily-1.mp4,0.7296697497367859,success,0.200977,,
v_2fa6c6913e99d000b2b1,subject_consistency,dev,a dog running happily,242,videocraft,videocrafter/subject_consistency/a dog running happily-2.mp4,0.6861127614974976,success,0.191327,,
v_cf09621d6af3ff386079,subject_consistency,dev,a dog running happily,243,videocraft,videocrafter/subject_consistency/a dog running happily-3.mp4,0.6620855331420898,success,0.202491,,
v_d8c8f794f51533d029c3,subject_consistency,dev,a dog running happily,244,videocraft,videocrafter/subject_consistency/a dog running happily-4.mp4,0.704303503036499,success,0.208243,,
v_c37154461e793941deaf,subject_consistency,test,a giraffe bending down to drink water from a river,345,videocraft,videocrafter/subject_consistency/a giraffe bending down to drink water from a river-0.mp4,0.9333094954490662,success,0.213947,,
v_f89becd28b70b51d0d9a,subject_consistency,test,a giraffe bending down to drink water from a river,346,videocraft,videocrafter/subject_consistency/a giraffe bending down to drink water from a river-1.mp4,0.8366104364395142,success,0.203162,,
v_c1a5b0ddc3fa862ae667,subject_consistency,test,a giraffe bending down to drink water from a river,347,videocraft,videocrafter/subject_consistency/a giraffe bending down to drink water from a river-2.mp4,0.8832303881645203,success,0.201011,,
v_b5336405a262d8b20d1b,subject_consistency,test,a giraffe bending down to drink water from a river,348,videocraft,videocrafter/subject_consistency/a giraffe bending down to drink water from a river-3.mp4,0.974652886390686,success,0.189563,,
v_ae46daa554fda6e28e19,subject_consistency,test,a giraffe bending down to drink water from a river,349,videocraft,videocrafter/subject_consistency/a giraffe bending down to drink water from a river-4.mp4,0.9184256792068481,success,0.189444,,
v_e0f9976ad4381cfdf544,subject_consistency,dev,a giraffe running to join a herd of its kind,355,videocraft,videocrafter/subject_consistency/a giraffe running to join a herd of its kind-0.mp4,0.853244960308075,success,0.211591,,
v_57c24c2f74ec4d4999e0,subject_consistency,dev,a giraffe running to join a herd of its kind,356,videocraft,videocrafter/subject_consistency/a giraffe running to join a herd of its kind-1.mp4,0.8831543922424316,success,0.172106,,
v_0c457b49043812a9e8ff,subject_consistency,dev,a giraffe running to join a herd of its kind,357,videocraft,videocrafter/subject_consistency/a giraffe running to join a herd of its kind-2.mp4,0.7902000546455383,success,0.202704,,
v_0ac16cb7b1e8d2d95b3c,subject_consistency,dev,a giraffe running to join a herd of its kind,358,videocraft,videocrafter/subject_consistency/a giraffe running to join a herd of its kind-3.mp4,0.7755681872367859,success,0.208274,,
v_f1f4db46195c6ef1ec1d,subject_consistency,dev,a giraffe running to join a herd of its kind,359,videocraft,videocrafter/subject_consistency/a giraffe running to join a herd of its kind-4.mp4,0.7818597555160522,success,0.213933,,
v_3b7a89d0c2c0bedd2b06,subject_consistency,test,a giraffe taking a peaceful walk,350,videocraft,videocrafter/subject_consistency/a giraffe taking a peaceful walk-0.mp4,0.7882307171821594,success,0.202727,,
v_2cc090e19d5179ab335b,subject_consistency,test,a giraffe taking a peaceful walk,351,videocraft,videocrafter/subject_consistency/a giraffe taking a peaceful walk-1.mp4,0.7743008136749268,success,0.201356,,
v_cb1378c1724017d5c50f,subject_consistency,test,a giraffe taking a peaceful walk,352,videocraft,videocrafter/subject_consistency/a giraffe taking a peaceful walk-2.mp4,0.8544115424156189,success,0.203116,,
v_c043846d23b2dfe50c7a,subject_consistency,test,a giraffe taking a peaceful walk,353,videocraft,videocrafter/subject_consistency/a giraffe taking a peaceful walk-3.mp4,0.7998200058937073,success,0.152702,,
v_bb67325a96d496fd5c4a,subject_consistency,test,a giraffe taking a peaceful walk,354,videocraft,videocrafter/subject_consistency/a giraffe taking a peaceful walk-4.mp4,0.8629209399223328,success,0.131148,,
v_773868a16455ebd12e39,subject_consistency,dev,a horse bending down to drink water from a river,245,videocraft,videocrafter/subject_consistency/a horse bending down to drink water from a river-0.mp4,0.8698007464408875,success,0.142847,,
v_26690504e44ffe119184,subject_consistency,dev,a horse bending down to drink water from a river,246,videocraft,videocrafter/subject_consistency/a horse bending down to drink water from a river-1.mp4,0.9047735333442688,success,0.186195,,
v_fb414ae6aa506dcf5cf7,subject_consistency,dev,a horse bending down to drink water from a river,247,videocraft,videocrafter/subject_consistency/a horse bending down to drink water from a river-2.mp4,0.8822327256202698,success,0.197601,,
v_c605581f4faf643503ac,subject_consistency,dev,a horse bending down to drink water from a river,248,videocraft,videocrafter/subject_consistency/a horse bending down to drink water from a river-3.mp4,0.8952125906944275,success,0.201410,,
v_36766181658f32a9b3af,subject_consistency,dev,a horse bending down to drink water from a river,249,videocraft,videocrafter/subject_consistency/a horse bending down to drink water from a river-4.mp4,0.9151402115821838,success,0.198408,,
v_104ed19dc71157393c49,subject_consistency,test,a horse galloping across an open field,250,videocraft,videocrafter/subject_consistency/a horse galloping across an open field-0.mp4,0.8501608371734619,success,0.204353,,
v_b328baf3e9ff5fcb6839,subject_consistency,test,a horse galloping across an open field,251,videocraft,videocrafter/subject_consistency/a horse galloping across an open field-1.mp4,0.862821638584137,success,0.205647,,
v_7e5a73c8418d714196c1,subject_consistency,test,a horse galloping across an open field,252,videocraft,videocrafter/subject_consistency/a horse galloping across an open field-2.mp4,0.8463000059127808,success,0.202681,,
v_8d2cb4feb4a2cac449cd,subject_consistency,test,a horse galloping across an open field,253,videocraft,videocrafter/subject_consistency/a horse galloping across an open field-3.mp4,0.8794224262237549,success,0.204805,,
v_2d5b8da9243f686ca7ca,subject_consistency,test,a horse galloping across an open field,254,videocraft,videocrafter/subject_consistency/a horse galloping across an open field-4.mp4,0.9063669443130493,success,0.207190,,
v_e37da709104c86f372be,subject_consistency,dev,a horse running to join a herd of its kind,260,videocraft,videocrafter/subject_consistency/a horse running to join a herd of its kind-0.mp4,0.8406254053115845,success,0.206527,,
v_86448678d647ab2af81b,subject_consistency,dev,a horse running to join a herd of its kind,261,videocraft,videocrafter/subject_consistency/a horse running to join a herd of its kind-1.mp4,0.95850670337677,success,0.209702,,
v_6f179f795ffafa3d4227,subject_consistency,dev,a horse running to join a herd of its kind,262,videocraft,videocrafter/subject_consistency/a horse running to join a herd of its kind-2.mp4,0.8078445792198181,success,0.207325,,
v_5cabaaa8cfeefde9e869,subject_consistency,dev,a horse running to join a herd of its kind,263,videocraft,videocrafter/subject_consistency/a horse running to join a herd of its kind-3.mp4,0.8616582751274109,success,0.205412,,
v_57d87c86c7519eb245d2,subject_consistency,dev,a horse running to join a herd of its kind,264,videocraft,videocrafter/subject_consistency/a horse running to join a herd of its kind-4.mp4,0.9029972553253174,success,0.211220,,
v_39a0f3ee91f8fc94fcb2,subject_consistency,test,a horse taking a peaceful walk,255,videocraft,videocrafter/subject_consistency/a horse taking a peaceful walk-0.mp4,0.8267508149147034,success,0.217119,,
v_8f13760a5d1f3c3d56cd,subject_consistency,test,a horse taking a peaceful walk,256,videocraft,videocrafter/subject_consistency/a horse taking a peaceful walk-1.mp4,0.8433048725128174,success,0.191583,,
v_429562710f66ca80fb1e,subject_consistency,test,a horse taking a peaceful walk,257,videocraft,videocrafter/subject_consistency/a horse taking a peaceful walk-2.mp4,0.8600334525108337,success,0.197956,,
v_571840e0e3939a169170,subject_consistency,test,a horse taking a peaceful walk,258,videocraft,videocrafter/subject_consistency/a horse taking a peaceful walk-3.mp4,0.9541201591491699,success,0.190908,,
v_c33c88ede1157afd12a4,subject_consistency,test,a horse taking a peaceful walk,259,videocraft,videocrafter/subject_consistency/a horse taking a peaceful walk-4.mp4,0.8513837456703186,success,0.204171,,
v_17bcbdeb21938feb789e,subject_consistency,test,a motorcycle accelerating to gain speed,95,videocraft,videocrafter/subject_consistency/a motorcycle accelerating to gain speed-0.mp4,0.89483243227005,success,0.284330,,
v_e216aa4b56e138e99928,subject_consistency,test,a motorcycle accelerating to gain speed,96,videocraft,videocrafter/subject_consistency/a motorcycle accelerating to gain speed-1.mp4,0.7962925434112549,success,0.208314,,
v_cb984070f38b6aa64a80,subject_consistency,test,a motorcycle accelerating to gain speed,97,videocraft,videocrafter/subject_consistency/a motorcycle accelerating to gain speed-2.mp4,0.804095983505249,success,0.192033,,
v_67c0894760111d0087b6,subject_consistency,test,a motorcycle accelerating to gain speed,98,videocraft,videocrafter/subject_consistency/a motorcycle accelerating to gain speed-3.mp4,0.7869535088539124,success,0.197826,,
v_1f89a356c4ba51490705,subject_consistency,test,a motorcycle accelerating to gain speed,99,videocraft,videocrafter/subject_consistency/a motorcycle accelerating to gain speed-4.mp4,0.8969421982765198,success,0.201713,,
v_d7dbda2ed307dca060f5,subject_consistency,test,a motorcycle cruising along a coastal highway,75,videocraft,videocrafter/subject_consistency/a motorcycle cruising along a coastal highway-0.mp4,0.8603205680847168,success,0.199363,,
v_0a86eacaee49ca461e9d,subject_consistency,test,a motorcycle cruising along a coastal highway,76,videocraft,videocrafter/subject_consistency/a motorcycle cruising along a coastal highway-1.mp4,0.8144639730453491,success,0.200569,,
v_c3af660b4461fb46941b,subject_consistency,test,a motorcycle cruising along a coastal highway,77,videocraft,videocrafter/subject_consistency/a motorcycle cruising along a coastal highway-2.mp4,0.8477110266685486,success,0.209503,,
v_8d725f3c885067497816,subject_consistency,test,a motorcycle cruising along a coastal highway,78,videocraft,videocrafter/subject_consistency/a motorcycle cruising along a coastal highway-3.mp4,0.8554259538650513,success,0.191493,,
v_abaa69662f3344421ac4,subject_consistency,test,a motorcycle cruising along a coastal highway,79,videocraft,videocrafter/subject_consistency/a motorcycle cruising along a coastal highway-4.mp4,0.896109938621521,success,0.190574,,
v_279ed2c18d5ed8b1f89d,subject_consistency,test,a motorcycle gliding through a snowy field,90,videocraft,videocrafter/subject_consistency/a motorcycle gliding through a snowy field-0.mp4,0.8656936883926392,success,0.194056,,
v_9213e4d24fd6266e60ba,subject_consistency,test,a motorcycle gliding through a snowy field,91,videocraft,videocrafter/subject_consistency/a motorcycle gliding through a snowy field-1.mp4,0.8486862778663635,success,0.209512,,
v_7762dbff29d09909d494,subject_consistency,test,a motorcycle gliding through a snowy field,92,videocraft,videocrafter/subject_consistency/a motorcycle gliding through a snowy field-2.mp4,0.8495607376098633,success,0.205659,,
v_508a3815d0e5c4e5dead,subject_consistency,test,a motorcycle gliding through a snowy field,93,videocraft,videocrafter/subject_consistency/a motorcycle gliding through a snowy field-3.mp4,0.770882785320282,success,0.195693,,
v_1e615a09faa448e3e94f,subject_consistency,test,a motorcycle gliding through a snowy field,94,videocraft,videocrafter/subject_consistency/a motorcycle gliding through a snowy field-4.mp4,0.7911048531532288,success,0.186875,,
v_873e953f9119cf1c59b6,subject_consistency,test,a motorcycle slowing down to stop,85,videocraft,videocrafter/subject_consistency/a motorcycle slowing down to stop-0.mp4,0.7102491855621338,success,0.244769,,
v_105f9d167ae4a093e2f9,subject_consistency,test,a motorcycle slowing down to stop,86,videocraft,videocrafter/subject_consistency/a motorcycle slowing down to stop-1.mp4,0.8091797232627869,success,0.208095,,
v_7c1adbd1f534d8f4d3c4,subject_consistency,test,a motorcycle slowing down to stop,87,videocraft,videocrafter/subject_consistency/a motorcycle slowing down to stop-2.mp4,0.8006870746612549,success,0.194122,,
v_78457d9f2787cf8735c8,subject_consistency,test,a motorcycle slowing down to stop,88,videocraft,videocrafter/subject_consistency/a motorcycle slowing down to stop-3.mp4,0.8146345019340515,success,0.190160,,
v_aa4117124db24e482601,subject_consistency,test,a motorcycle slowing down to stop,89,videocraft,videocrafter/subject_consistency/a motorcycle slowing down to stop-4.mp4,0.6936817765235901,success,0.203143,,
v_a6b35040674335658362,subject_consistency,dev,a motorcycle turning a corner,80,videocraft,videocrafter/subject_consistency/a motorcycle turning a corner-0.mp4,0.6474469900131226,success,0.197262,,
v_f94635270200e850e97e,subject_consistency,dev,a motorcycle turning a corner,81,videocraft,videocrafter/subject_consistency/a motorcycle turning a corner-1.mp4,0.8317281603813171,success,0.199681,,
v_da8201b4b6140ca184db,subject_consistency,dev,a motorcycle turning a corner,82,videocraft,videocrafter/subject_consistency/a motorcycle turning a corner-2.mp4,0.7531729936599731,success,0.168772,,
v_ab13cde4c24ad360babc,subject_consistency,dev,a motorcycle turning a corner,83,videocraft,videocrafter/subject_consistency/a motorcycle turning a corner-3.mp4,0.8397483825683594,success,0.130690,,
v_83d1e0169f3661236789,subject_consistency,dev,a motorcycle turning a corner,84,videocraft,videocrafter/subject_consistency/a motorcycle turning a corner-4.mp4,0.8220727443695068,success,0.199351,,
v_4f2d8b98e55b77fec7e4,subject_consistency,test,a person drinking coffee in a cafe,25,videocraft,videocrafter/subject_consistency/a person drinking coffee in a cafe-0.mp4,0.8729005455970764,success,0.198603,,
v_455f111577b4efc45594,subject_consistency,test,a person drinking coffee in a cafe,26,videocraft,videocrafter/subject_consistency/a person drinking coffee in a cafe-1.mp4,0.9146102070808411,success,0.195170,,
v_a54b600705a184db72a7,subject_consistency,test,a person drinking coffee in a cafe,27,videocraft,videocrafter/subject_consistency/a person drinking coffee in a cafe-2.mp4,0.9506510496139526,success,0.173281,,
v_3aacef169a11e9959283,subject_consistency,test,a person drinking coffee in a cafe,28,videocraft,videocrafter/subject_consistency/a person drinking coffee in a cafe-3.mp4,0.7654508948326111,success,0.194699,,
v_e9eaf259c4222d988bae,subject_consistency,test,a person drinking coffee in a cafe,29,videocraft,videocrafter/subject_consistency/a person drinking coffee in a cafe-4.mp4,0.9791059494018555,success,0.189992,,
v_34ae89f5afbb4409d146,subject_consistency,test,a person eating a burger,15,videocraft,videocrafter/subject_consistency/a person eating a burger-0.mp4,0.9471113681793213,success,0.182643,,
v_6f9c5eb9f15776ee2644,subject_consistency,test,a person eating a burger,16,videocraft,videocrafter/subject_consistency/a person eating a burger-1.mp4,0.9498511552810669,success,0.204731,,
v_60ba06acab2e362b9707,subject_consistency,test,a person eating a burger,17,videocraft,videocrafter/subject_consistency/a person eating a burger-2.mp4,0.9513063430786133,success,0.186225,,
v_b040a7145f3a474da7df,subject_consistency,test,a person eating a burger,18,videocraft,videocrafter/subject_consistency/a person eating a burger-3.mp4,0.9528947472572327,success,0.190925,,
v_4dc4ad0aa43839eddd64,subject_consistency,test,a person eating a burger,19,videocraft,videocrafter/subject_consistency/a person eating a burger-4.mp4,0.965250551700592,success,0.270902,,
v_e710114a4f938d3d6562,subject_consistency,test,a person giving a presentation to a room full of colleagues,5,videocraft,videocrafter/subject_consistency/a person giving a presentation to a room full of colleagues-0.mp4,0.962494969367981,success,0.201818,,
v_8524954b903ad5e5fbdb,subject_consistency,test,a person giving a presentation to a room full of colleagues,6,videocraft,videocrafter/subject_consistency/a person giving a presentation to a room full of colleagues-1.mp4,0.8899078965187073,success,0.193986,,
v_c46c5f8d4c58e5846f64,subject_consistency,test,a person giving a presentation to a room full of colleagues,7,videocraft,videocrafter/subject_consistency/a person giving a presentation to a room full of colleagues-2.mp4,0.9645708203315735,success,0.173732,,
v_dc518018839130b01a68,subject_consistency,test,a person giving a presentation to a room full of colleagues,8,videocraft,videocrafter/subject_consistency/a person giving a presentation to a room full of colleagues-3.mp4,0.9354546666145325,success,0.158530,,
v_4ce9add9eb4bc0aeb318,subject_consistency,test,a person giving a presentation to a room full of colleagues,9,videocraft,videocrafter/subject_consistency/a person giving a presentation to a room full of colleagues-4.mp4,0.9398441314697266,success,0.174004,,
v_f3ccc1d9909eb2eafed7,subject_consistency,test,a person playing guitar,30,videocraft,videocrafter/subject_consistency/a person playing guitar-0.mp4,0.975599467754364,success,0.237250,,
v_cb09f7c4c69eb30359d3,subject_consistency,test,a person playing guitar,31,videocraft,videocrafter/subject_consistency/a person playing guitar-1.mp4,0.9312674403190613,success,0.193639,,
v_ae83b1f1d55630c60a29,subject_consistency,test,a person playing guitar,32,videocraft,videocrafter/subject_consistency/a person playing guitar-2.mp4,0.9340698719024658,success,0.185755,,
v_430411c3152c1e9072f2,subject_consistency,test,a person playing guitar,33,videocraft,videocrafter/subject_consistency/a person playing guitar-3.mp4,0.9606906771659851,success,0.207875,,
v_6c07ed30a9a6fea66928,subject_consistency,test,a person playing guitar,34,videocraft,videocrafter/subject_consistency/a person playing guitar-4.mp4,0.9048482179641724,success,0.185827,,
v_f8be67805943a9517538,subject_consistency,dev,a person swimming in ocean,0,videocraft,videocrafter/subject_consistency/a person swimming in ocean-0.mp4,0.7547852396965027,success,0.208297,,
v_80bff31c0efdb65fce2f,subject_consistency,dev,a person swimming in ocean,1,videocraft,videocrafter/subject_consistency/a person swimming in ocean-1.mp4,0.7446743845939636,success,0.188205,,
v_af5c153374b9cb80fcb3,subject_consistency,dev,a person swimming in ocean,2,videocraft,videocrafter/subject_consistency/a person swimming in ocean-2.mp4,0.8045746088027954,success,0.202232,,
v_e761ff9f31f092ecc911,subject_consistency,dev,a person swimming in ocean,3,videocraft,videocrafter/subject_consistency/a person swimming in ocean-3.mp4,0.8646451830863953,success,0.202427,,
v_cc4931a7cac954546b58,subject_consistency,dev,a person swimming in ocean,4,videocraft,videocrafter/subject_consistency/a person swimming in ocean-4.mp4,0.8571420311927795,success,0.202207,,
v_2bd85ca4017801d2a923,subject_consistency,test,a person walking in the snowstorm,20,videocraft,videocrafter/subject_consistency/a person walking in the snowstorm-0.mp4,0.869879424571991,success,0.193079,,
v_67019b17a3c6a9f267f8,subject_consistency,test,a person walking in the snowstorm,21,videocraft,videocrafter/subject_consistency/a person walking in the snowstorm-1.mp4,0.9087046384811401,success,0.196861,,
v_6aa0f839cf4cd439eff1,subject_consistency,test,a person walking in the snowstorm,22,videocraft,videocrafter/subject_consistency/a person walking in the snowstorm-2.mp4,0.7288728356361389,success,0.194681,,
v_c564e53c2375ab88e7ca,subject_consistency,test,a person walking in the snowstorm,23,videocraft,videocrafter/subject_consistency/a person walking in the snowstorm-3.mp4,0.9298226237297058,success,0.201197,,
v_c4041701bd8077fdeccf,subject_consistency,test,a person walking in the snowstorm,24,videocraft,videocrafter/subject_consistency/a person walking in the snowstorm-4.mp4,0.7935214638710022,success,0.196870,,
v_0025e077e8a89de37cd6,subject_consistency,dev,a person washing the dishes,10,videocraft,videocrafter/subject_consistency/a person washing the dishes-0.mp4,0.893653154373169,success,0.184489,,
v_5e78e1e84065bf3ffa73,subject_consistency,dev,a person washing the dishes,11,videocraft,videocrafter/subject_consistency/a person washing the dishes-1.mp4,0.7950287461280823,success,0.188093,,
v_1ad96045d2e02d969a73,subject_consistency,dev,a person washing the dishes,12,videocraft,videocrafter/subject_consistency/a person washing the dishes-2.mp4,0.8481273055076599,success,0.195896,,
v_744d52a776c8f6823a1a,subject_consistency,dev,a person washing the dishes,13,videocraft,videocrafter/subject_consistency/a person washing the dishes-3.mp4,0.9131396412849426,success,0.190406,,
v_6e8227add36bfe8d57c9,subject_consistency,dev,a person washing the dishes,14,videocraft,videocrafter/subject_consistency/a person washing the dishes-4.mp4,0.942475438117981,success,0.185181,,
v_0ebe1242f2bc79bc8930,subject_consistency,test,a sheep bending down to drink water from a river,265,videocraft,videocrafter/subject_consistency/a sheep bending down to drink water from a river-0.mp4,0.8890227675437927,success,0.195332,,
v_8603cda5f006e073beaf,subject_consistency,test,a sheep bending down to drink water from a river,266,videocraft,videocrafter/subject_consistency/a sheep bending down to drink water from a river-1.mp4,0.9285520911216736,success,0.197750,,
v_dfbc6e40d8b86d5d4853,subject_consistency,test,a sheep bending down to drink water from a river,267,videocraft,videocrafter/subject_consistency/a sheep bending down to drink water from a river-2.mp4,0.8520119190216064,success,0.197987,,
v_74ad211897aae8bdb4a5,subject_consistency,test,a sheep bending down to drink water from a river,268,videocraft,videocrafter/subject_consistency/a sheep bending down to drink water from a river-3.mp4,0.8512822389602661,success,0.195211,,
v_a4644a99ffd2098669d0,subject_consistency,test,a sheep bending down to drink water from a river,269,videocraft,videocrafter/subject_consistency/a sheep bending down to drink water from a river-4.mp4,0.8769304156303406,success,0.171366,,
v_2cdc6b12e7dbc44cc0e6,subject_consistency,test,a sheep running to join a herd of its kind,275,videocraft,videocrafter/subject_consistency/a sheep running to join a herd of its kind-0.mp4,0.9331955313682556,success,0.167916,,
v_f0cdcd60da96246ce798,subject_consistency,test,a sheep running to join a herd of its kind,276,videocraft,videocrafter/subject_consistency/a sheep running to join a herd of its kind-1.mp4,0.8823286890983582,success,0.162648,,
v_c5612a1a0949f3e62068,subject_consistency,test,a sheep running to join a herd of its kind,277,videocraft,videocrafter/subject_consistency/a sheep running to join a herd of its kind-2.mp4,0.8542922735214233,success,0.162385,,
v_bbc9f4344b2d1a959564,subject_consistency,test,a sheep running to join a herd of its kind,278,videocraft,videocrafter/subject_consistency/a sheep running to join a herd of its kind-3.mp4,0.876762330532074,success,0.215671,,
v_a5addd9bb2ea6d906482,subject_consistency,test,a sheep running to join a herd of its kind,279,videocraft,videocrafter/subject_consistency/a sheep running to join a herd of its kind-4.mp4,0.7630338668823242,success,0.211357,,
v_1a3a56632e86da202e29,subject_consistency,test,a sheep taking a peaceful walk,270,videocraft,videocrafter/subject_consistency/a sheep taking a peaceful walk-0.mp4,0.8219079971313477,success,0.203537,,
v_a9b31f4584c07cd917b7,subject_consistency,test,a sheep taking a peaceful walk,271,videocraft,videocrafter/subject_consistency/a sheep taking a peaceful walk-1.mp4,0.8135201930999756,success,0.204965,,
v_58d38cf87af97d3a858b,subject_consistency,test,a sheep taking a peaceful walk,272,videocraft,videocrafter/subject_consistency/a sheep taking a peaceful walk-2.mp4,0.8457062244415283,success,0.201158,,
v_ddd9d04d0034c1151ead,subject_consistency,test,a sheep taking a peaceful walk,273,videocraft,videocrafter/subject_consistency/a sheep taking a peaceful walk-3.mp4,0.8335275650024414,success,0.212700,,
v_db9866e62a2251652ab6,subject_consistency,test,a sheep taking a peaceful walk,274,videocraft,videocrafter/subject_consistency/a sheep taking a peaceful walk-4.mp4,0.8878154158592224,success,0.202379,,
v_93a70ebe0785d8c26ff5,subject_consistency,dev,a train accelerating to gain speed,145,videocraft,videocrafter/subject_consistency/a train accelerating to gain speed-0.mp4,0.9246588945388794,success,0.209714,,
v_84bc55be838a3f058522,subject_consistency,dev,a train accelerating to gain speed,146,videocraft,videocrafter/subject_consistency/a train accelerating to gain speed-1.mp4,0.8682654500007629,success,0.205806,,
v_b94fd4e83880bc42031a,subject_consistency,dev,a train accelerating to gain speed,147,videocraft,videocrafter/subject_consistency/a train accelerating to gain speed-2.mp4,0.8806678056716919,success,0.205001,,
v_55c924feaffabb631010,subject_consistency,dev,a train accelerating to gain speed,148,videocraft,videocrafter/subject_consistency/a train accelerating to gain speed-3.mp4,0.8235738277435303,success,0.201677,,
v_be3b8d8a3d2fc845cbdf,subject_consistency,dev,a train accelerating to gain speed,149,videocraft,videocrafter/subject_consistency/a train accelerating to gain speed-4.mp4,0.8849824070930481,success,0.212957,,
v_07d7b063d961569c0416,subject_consistency,test,a train crossing over a tall bridge,140,videocraft,videocrafter/subject_consistency/a train crossing over a tall bridge-0.mp4,0.8799989819526672,success,0.193608,,
v_ed1ff146d0acd2043c65,subject_consistency,test,a train crossing over a tall bridge,141,videocraft,videocrafter/subject_consistency/a train crossing over a tall bridge-1.mp4,0.9829400777816772,success,0.196358,,
v_3ce59703b916765bb369,subject_consistency,test,a train crossing over a tall bridge,142,videocraft,videocrafter/subject_consistency/a train crossing over a tall bridge-2.mp4,0.9346982836723328,success,0.191667,,
v_c8ec7bbfb24ea6f3c91b,subject_consistency,test,a train crossing over a tall bridge,143,videocraft,videocrafter/subject_consistency/a train crossing over a tall bridge-3.mp4,0.8640273213386536,success,0.206783,,
v_079543a44220b5f7faae,subject_consistency,test,a train crossing over a tall bridge,144,videocraft,videocrafter/subject_consistency/a train crossing over a tall bridge-4.mp4,0.9077334403991699,success,0.190967,,
v_9f43706b461822494592,subject_consistency,test,a train speeding down the tracks,135,videocraft,videocrafter/subject_consistency/a train speeding down the tracks-0.mp4,0.9050658345222473,success,0.205277,,
v_2eb8d5c3acd626968689,subject_consistency,test,a train speeding down the tracks,136,videocraft,videocrafter/subject_consistency/a train speeding down the tracks-1.mp4,0.8983805775642395,success,0.198078,,
v_8396f5d05bc95fce1331,subject_consistency,test,a train speeding down the tracks,137,videocraft,videocrafter/subject_consistency/a train speeding down the tracks-2.mp4,0.8600423336029053,success,0.194733,,
v_a5ec6239d47e7ac78197,subject_consistency,test,a train speeding down the tracks,138,videocraft,videocrafter/subject_consistency/a train speeding down the tracks-3.mp4,0.7547399997711182,success,0.200306,,
v_7d11065951d9634264e2,subject_consistency,test,a train speeding down the tracks,139,videocraft,videocrafter/subject_consistency/a train speeding down the tracks-4.mp4,0.9238712787628174,success,0.194663,,
v_b1248cc2c5041b00c652,subject_consistency,test,a truck accelerating to gain speed,170,videocraft,videocrafter/subject_consistency/a truck accelerating to gain speed-0.mp4,0.8925217390060425,success,0.208006,,
v_64d9a771f1fec95a0b7a,subject_consistency,test,a truck accelerating to gain speed,171,videocraft,videocrafter/subject_consistency/a truck accelerating to gain speed-1.mp4,0.7831960320472717,success,0.210492,,
v_7b177f955ed3b1d16b6e,subject_consistency,test,a truck accelerating to gain speed,172,videocraft,videocrafter/subject_consistency/a truck accelerating to gain speed-2.mp4,0.8320518732070923,success,0.196835,,
v_83b955d03933ab4d8bd1,subject_consistency,test,a truck accelerating to gain speed,173,videocraft,videocrafter/subject_consistency/a truck accelerating to gain speed-3.mp4,0.7945725321769714,success,0.206985,,
v_80f82b0632f3062c8923,subject_consistency,test,a truck accelerating to gain speed,174,videocraft,videocrafter/subject_consistency/a truck accelerating to gain speed-4.mp4,0.9159903526306152,success,0.196017,,
v_7ee701bce3ef554db7e1,subject_consistency,test,a truck anchored in a tranquil bay,155,videocraft,videocrafter/subject_consistency/a truck anchored in a tranquil bay-0.mp4,0.8545874953269958,success,0.194812,,
v_af5c500d34248fed120c,subject_consistency,test,a truck anchored in a tranquil bay,156,videocraft,videocrafter/subject_consistency/a truck anchored in a tranquil bay-1.mp4,0.8441578149795532,success,0.202680,,
v_4ed8509482011a45333b,subject_consistency,test,a truck anchored in a tranquil bay,157,videocraft,videocrafter/subject_consistency/a truck anchored in a tranquil bay-2.mp4,0.8973135948181152,success,0.200999,,
v_d7f637a327b138a5b58c,subject_consistency,test,a truck anchored in a tranquil bay,158,videocraft,videocrafter/subject_consistency/a truck anchored in a tranquil bay-3.mp4,0.7656259536743164,success,0.200709,,
v_c45b44bd450fcb16c7aa,subject_consistency,test,a truck anchored in a tranquil bay,159,videocraft,videocrafter/subject_consistency/a truck anchored in a tranquil bay-4.mp4,0.917056679725647,success,0.206397,,
v_147bab09ce9c4ce2b0c7,subject_consistency,dev,a truck slowing down to stop,165,videocraft,videocrafter/subject_consistency/a truck slowing down to stop-0.mp4,0.8371133804321289,success,0.205377,,
v_3825ed48f8a537ee07f9,subject_consistency,dev,a truck slowing down to stop,166,videocraft,videocrafter/subject_consistency/a truck slowing down to stop-1.mp4,0.8530628681182861,success,0.214976,,
v_75b71a164b4de5557f0d,subject_consistency,dev,a truck slowing down to stop,167,videocraft,videocrafter/subject_consistency/a truck slowing down to stop-2.mp4,0.8185186982154846,success,0.196760,,
v_462a4bd4be2be3597ffc,subject_consistency,dev,a truck slowing down to stop,168,videocraft,videocrafter/subject_consistency/a truck slowing down to stop-3.mp4,0.7843261361122131,success,0.204213,,
v_22506cf5d5a1e6088fc8,subject_consistency,dev,a truck slowing down to stop,169,videocraft,videocrafter/subject_consistency/a truck slowing down to stop-4.mp4,0.7584022879600525,success,0.197072,,
v_162e52c7f6ab6e4665cf,subject_consistency,dev,a truck stuck in traffic during rush hour,160,videocraft,videocrafter/subject_consistency/a truck stuck in traffic during rush hour-0.mp4,0.8950065970420837,success,0.184841,,
v_153ae00b3e8c8aacb871,subject_consistency,dev,a truck stuck in traffic during rush hour,161,videocraft,videocrafter/subject_consistency/a truck stuck in traffic during rush hour-1.mp4,0.9149842858314514,success,0.197348,,
v_ef7ead2e7cb8a434645d,subject_consistency,dev,a truck stuck in traffic during rush hour,162,videocraft,videocrafter/subject_consistency/a truck stuck in traffic during rush hour-2.mp4,0.9739755988121033,success,0.182263,,
v_c8320e8aa869ef7f7b4d,subject_consistency,dev,a truck stuck in traffic during rush hour,163,videocraft,videocrafter/subject_consistency/a truck stuck in traffic during rush hour-3.mp4,0.7967793941497803,success,0.198505,,
v_cf151c3464f9ef1e2ded,subject_consistency,dev,a truck stuck in traffic during rush hour,164,videocraft,videocrafter/subject_consistency/a truck stuck in traffic during rush hour-4.mp4,0.7963993549346924,success,0.193979,,
v_b8fed4832cc82150706b,subject_consistency,test,a truck turning a corner,150,videocraft,videocrafter/subject_consistency/a truck turning a corner-0.mp4,0.9549398422241211,success,0.153055,,
v_7f5ac202644b9b774e50,subject_consistency,test,a truck turning a corner,151,videocraft,videocrafter/subject_consistency/a truck turning a corner-1.mp4,0.9276280999183655,success,0.179420,,
v_355010ce10f66a681b88,subject_consistency,test,a truck turning a corner,152,videocraft,videocrafter/subject_consistency/a truck turning a corner-2.mp4,0.9169106483459473,success,0.201202,,
v_5203fd9773cfaebeec68,subject_consistency,test,a truck turning a corner,153,videocraft,videocrafter/subject_consistency/a truck turning a corner-3.mp4,0.7852004170417786,success,0.200620,,
v_8dca194984971f0a1124,subject_consistency,test,a truck turning a corner,154,videocraft,videocrafter/subject_consistency/a truck turning a corner-4.mp4,0.8681206703186035,success,0.201980,,
v_3a226f2f5fe6aab1e045,subject_consistency,test,a zebra bending down to drink water from a river,330,videocraft,videocrafter/subject_consistency/a zebra bending down to drink water from a river-0.mp4,0.8883334398269653,success,0.215126,,
v_8887acf562b32cc84023,subject_consistency,test,a zebra bending down to drink water from a river,331,videocraft,videocrafter/subject_consistency/a zebra bending down to drink water from a river-1.mp4,0.9226030111312866,success,0.222803,,
v_81cb8cdf01b6c531b8d8,subject_consistency,test,a zebra bending down to drink water from a river,332,videocraft,videocrafter/subject_consistency/a zebra bending down to drink water from a river-2.mp4,0.9602449536323547,success,0.202408,,
v_4bd73da926b02101a303,subject_consistency,test,a zebra bending down to drink water from a river,333,videocraft,videocrafter/subject_consistency/a zebra bending down to drink water from a river-3.mp4,0.9430884718894958,success,0.205000,,
v_feb43e470fdc2c92a0c2,subject_consistency,test,a zebra bending down to drink water from a river,334,videocraft,videocrafter/subject_consistency/a zebra bending down to drink water from a river-4.mp4,0.9576172828674316,success,0.209075,,
v_047e7f9de6c9b8e1ea39,subject_consistency,dev,a zebra running to join a herd of its kind,335,videocraft,videocrafter/subject_consistency/a zebra running to join a herd of its kind-0.mp4,0.8137091994285583,success,0.212387,,
v_d5b9c2ba46f44228a1fd,subject_consistency,dev,a zebra running to join a herd of its kind,336,videocraft,videocrafter/subject_consistency/a zebra running to join a herd of its kind-1.mp4,0.9392315149307251,success,0.211042,,
v_a4ff15d4729afed799ac,subject_consistency,dev,a zebra running to join a herd of its kind,337,videocraft,videocrafter/subject_consistency/a zebra running to join a herd of its kind-2.mp4,0.8979206681251526,success,0.207419,,
v_0b25f7e9e902f688b320,subject_consistency,dev,a zebra running to join a herd of its kind,338,videocraft,videocrafter/subject_consistency/a zebra running to join a herd of its kind-3.mp4,0.7924928069114685,success,0.212814,,
v_1000a2e6b63d6c6742b4,subject_consistency,dev,a zebra running to join a herd of its kind,339,videocraft,videocrafter/subject_consistency/a zebra running to join a herd of its kind-4.mp4,0.8287556767463684,success,0.201728,,
v_e3835dee9d49109880f6,subject_consistency,test,a zebra taking a peaceful walk,340,videocraft,videocrafter/subject_consistency/a zebra taking a peaceful walk-0.mp4,0.8170167803764343,success,0.218507,,
v_504f5a331165ec24c565,subject_consistency,test,a zebra taking a peaceful walk,341,videocraft,videocrafter/subject_consistency/a zebra taking a peaceful walk-1.mp4,0.8782276511192322,success,0.213495,,
v_d111e2d8975fa9b850b3,subject_consistency,test,a zebra taking a peaceful walk,342,videocraft,videocrafter/subject_consistency/a zebra taking a peaceful walk-2.mp4,0.9036860466003418,success,0.148503,,
v_f902a9898df40997eeaa,subject_consistency,test,a zebra taking a peaceful walk,343,videocraft,videocrafter/subject_consistency/a zebra taking a peaceful walk-3.mp4,0.7464486956596375,success,0.152349,,
v_b96205b1792e6181cf57,subject_consistency,test,a zebra taking a peaceful walk,344,videocraft,videocrafter/subject_consistency/a zebra taking a peaceful walk-4.mp4,0.9340800046920776,success,0.209410,,
v_baf2a74fa5d7bc6bd5fb,subject_consistency,dev,an airplane accelerating to gain speed,115,videocraft,videocrafter/subject_consistency/an airplane accelerating to gain speed-0.mp4,0.9396119713783264,success,0.186701,,
v_47402338dca8f3699a90,subject_consistency,dev,an airplane accelerating to gain speed,116,videocraft,videocrafter/subject_consistency/an airplane accelerating to gain speed-1.mp4,0.8542742729187012,success,0.196938,,
v_f8456654243882e90bf9,subject_consistency,dev,an airplane accelerating to gain speed,117,videocraft,videocrafter/subject_consistency/an airplane accelerating to gain speed-2.mp4,0.8248177170753479,success,0.221195,,
v_a2a093590005c31e8580,subject_consistency,dev,an airplane accelerating to gain speed,118,videocraft,videocrafter/subject_consistency/an airplane accelerating to gain speed-3.mp4,0.8009737730026245,success,0.200153,,
v_11c640dff92efb6c06e4,subject_consistency,dev,an airplane accelerating to gain speed,119,videocraft,videocrafter/subject_consistency/an airplane accelerating to gain speed-4.mp4,0.9435548782348633,success,0.198110,,
v_2be9a6688c35336f245c,subject_consistency,dev,an airplane landing smoothly on a runway,110,videocraft,videocrafter/subject_consistency/an airplane landing smoothly on a runway-0.mp4,0.9683166742324829,success,0.188452,,
v_6797e43f68a249603229,subject_consistency,dev,an airplane landing smoothly on a runway,111,videocraft,videocrafter/subject_consistency/an airplane landing smoothly on a runway-1.mp4,0.9656844735145569,success,0.192822,,
v_b21d4d42f404479f8f8c,subject_consistency,dev,an airplane landing smoothly on a runway,112,videocraft,videocrafter/subject_consistency/an airplane landing smoothly on a runway-2.mp4,0.9516023397445679,success,0.189318,,
v_703e6632c7a74eb1f2cf,subject_consistency,dev,an airplane landing smoothly on a runway,113,videocraft,videocrafter/subject_consistency/an airplane landing smoothly on a runway-3.mp4,0.9617742896080017,success,0.190734,,
v_afcb214d6ae368a921b6,subject_consistency,dev,an airplane landing smoothly on a runway,114,videocraft,videocrafter/subject_consistency/an airplane landing smoothly on a runway-4.mp4,0.9408367872238159,success,0.198073,,
v_7cf95d9a9f8ccb42fccd,subject_consistency,dev,an airplane soaring through a clear blue sky,100,videocraft,videocrafter/subject_consistency/an airplane soaring through a clear blue sky-0.mp4,0.8367463946342468,success,0.200093,,
v_f1a3051465a40c748e9b,subject_consistency,dev,an airplane soaring through a clear blue sky,101,videocraft,videocrafter/subject_consistency/an airplane soaring through a clear blue sky-1.mp4,0.9445281028747559,success,0.213120,,
v_6f5bf3571da39a04598e,subject_consistency,dev,an airplane soaring through a clear blue sky,102,videocraft,videocrafter/subject_consistency/an airplane soaring through a clear blue sky-2.mp4,0.9121025800704956,success,0.199010,,
v_724e8b2d9f14a25349ad,subject_consistency,dev,an airplane soaring through a clear blue sky,103,videocraft,videocrafter/subject_consistency/an airplane soaring through a clear blue sky-3.mp4,0.8898178339004517,success,0.216689,,
v_9fad81a461df4daff55b,subject_consistency,dev,an airplane soaring through a clear blue sky,104,videocraft,videocrafter/subject_consistency/an airplane soaring through a clear blue sky-4.mp4,0.8297410607337952,success,0.188474,,
v_72647ca00570c054968c,subject_consistency,test,an airplane taking off,105,videocraft,videocrafter/subject_consistency/an airplane taking off-0.mp4,0.9411882758140564,success,0.200143,,
v_a195b248ee4dc1427697,subject_consistency,test,an airplane taking off,106,videocraft,videocrafter/subject_consistency/an airplane taking off-1.mp4,0.9747915267944336,success,0.195654,,
v_49712240c14d313bf827,subject_consistency,test,an airplane taking off,107,videocraft,videocrafter/subject_consistency/an airplane taking off-2.mp4,0.8969981074333191,success,0.103913,,
v_f1b199e07236cca653e2,subject_consistency,test,an airplane taking off,108,videocraft,videocrafter/subject_consistency/an airplane taking off-3.mp4,0.9709211587905884,success,0.195747,,
v_124b4e50d7035ab2f3a2,subject_consistency,test,an airplane taking off,109,videocraft,videocrafter/subject_consistency/an airplane taking off-4.mp4,0.9632587432861328,success,0.188531,,
v_6252b4e8add5621492cd,subject_consistency,dev,an elephant running to join a herd of its kind,305,videocraft,videocrafter/subject_consistency/an elephant running to join a herd of its kind-0.mp4,0.8696472644805908,success,0.217159,,
v_0f81fc12414d29b10999,subject_consistency,dev,an elephant running to join a herd of its kind,306,videocraft,videocrafter/subject_consistency/an elephant running to join a herd of its kind-1.mp4,0.9138942956924438,success,0.205967,,
v_b28d27738e9f7fdad40d,subject_consistency,dev,an elephant running to join a herd of its kind,307,videocraft,videocrafter/subject_consistency/an elephant running to join a herd of its kind-2.mp4,0.9042022824287415,success,0.201749,,
v_bf0b170c5123e99656ae,subject_consistency,dev,an elephant running to join a herd of its kind,308,videocraft,videocrafter/subject_consistency/an elephant running to join a herd of its kind-3.mp4,0.789227306842804,success,0.205780,,
v_9d916c62dd5ae046b983,subject_consistency,dev,an elephant running to join a herd of its kind,309,videocraft,videocrafter/subject_consistency/an elephant running to join a herd of its kind-4.mp4,0.8787217736244202,success,0.207176,,
v_a16b77f98a157a5514e4,subject_consistency,test,an elephant spraying itself with water using its trunk to cool down,295,videocraft,videocrafter/subject_consistency/an elephant spraying itself with water using its trunk to cool down-0.mp4,0.9291635751724243,success,0.205633,,
v_3ded40c8d5a79c228b38,subject_consistency,test,an elephant spraying itself with water using its trunk to cool down,296,videocraft,videocrafter/subject_consistency/an elephant spraying itself with water using its trunk to cool down-1.mp4,0.8774818181991577,success,0.203004,,
v_eff95c04f376a65cb513,subject_consistency,test,an elephant spraying itself with water using its trunk to cool down,297,videocraft,videocrafter/subject_consistency/an elephant spraying itself with water using its trunk to cool down-2.mp4,0.9104674458503723,success,0.206817,,
v_c01646aeff9a01d3b5cf,subject_consistency,test,an elephant spraying itself with water using its trunk to cool down,298,videocraft,videocrafter/subject_consistency/an elephant spraying itself with water using its trunk to cool down-3.mp4,0.8956043124198914,success,0.202612,,
v_4d7934f5e868f558d466,subject_consistency,test,an elephant spraying itself with water using its trunk to cool down,299,videocraft,videocrafter/subject_consistency/an elephant spraying itself with water using its trunk to cool down-4.mp4,0.9070469737052917,success,0.208442,,
v_829ad6716c5322ee410d,subject_consistency,dev,an elephant taking a peaceful walk,300,videocraft,videocrafter/subject_consistency/an elephant taking a peaceful walk-0.mp4,0.8804098963737488,success,0.195337,,
v_edf37bbfd07aeead79c6,subject_consistency,dev,an elephant taking a peaceful walk,301,videocraft,videocrafter/subject_consistency/an elephant taking a peaceful walk-1.mp4,0.9289280772209167,success,0.200771,,
v_968d23a6a61bc37466c7,subject_consistency,dev,an elephant taking a peaceful walk,302,videocraft,videocrafter/subject_consistency/an elephant taking a peaceful walk-2.mp4,0.8064204454421997,success,0.176647,,
v_30d4f53e105b1923f9cc,subject_consistency,dev,an elephant taking a peaceful walk,303,videocraft,videocrafter/subject_consistency/an elephant taking a peaceful walk-3.mp4,0.9210056066513062,success,0.199826,,
v_8eb8832d2949069de521,subject_consistency,dev,an elephant taking a peaceful walk,304,videocraft,videocrafter/subject_consistency/an elephant taking a peaceful walk-4.mp4,0.8622389435768127,success,0.205023,,
