video_uid,dimension,split,prompt_id,group_id,generator,relative_video_path,score,status,elapsed_s,error,official_video_boolean
v_b46bb170024bffb79c94,spatial_relationship,test,"a banana on the bottom of an apple, front view",285,cogvideo,"cogvideo/spatial_relationship/a banana on the bottom of an apple, front view-0.gif",0.38585347642590767,success,2.118880,,
v_de2b42ba1890ab004bba,spatial_relationship,test,"a banana on the bottom of an apple, front view",286,cogvideo,"cogvideo/spatial_relationship/a banana on the bottom of an apple, front view-1.gif",0.9490601777057999,success,1.308817,,
v_c20a87827a8eb86e8ec1,spatial_relationship,test,"a banana on the bottom of an apple, front view",287,cogvideo,"cogvideo/spatial_relationship/a banana on the bottom of an apple, front view-2.gif",0.15312445679406989,success,1.277839,,
v_81916f16233fd2c1ec7e,spatial_relationship,test,"a banana on the bottom of an apple, front view",288,cogvideo,"cogvideo/spatial_relationship/a banana on the bottom of an apple, front view-3.gif",0.36834890352898003,success,1.348931,,
v_3a8b34b219f4e4370b11,spatial_relationship,test,"a banana on the bottom of an apple, front view",289,cogvideo,"cogvideo/spatial_relationship/a banana on the bottom of an apple, front view-4.gif",0.0625,success,1.170836,,
v_2ce9442b7e1ebe247de2,spatial_relationship,test,"a banana on the top of an apple, front view",280,cogvideo,"cogvideo/spatial_relationship/a banana on the top of an apple, front view-0.gif",0.5804439458080242,success,1.418306,,
v_d7a7934527d3dd4c371b,spatial_relationship,test,"a banana on the top of an apple, front view",281,cogvideo,"cogvideo/spatial_relationship/a banana on the top of an apple, front view-1.gif",0.3125,success,1.261458,,
v_78f52ae626e82d1e36bf,spatial_relationship,test,"a banana on the top of an apple, front view",282,cogvideo,"cogvideo/spatial_relationship/a banana on the top of an apple, front view-2.gif",0.0,success,1.254522,,
v_b30fa914253603733b61,spatial_relationship,test,"a banana on the top of an apple, front view",283,cogvideo,"cogvideo/spatial_relationship/a banana on the top of an apple, front view-3.gif",0.12171284481862125,success,1.275667,,
v_26954b2a4e916d545237,spatial_relationship,test,"a banana on the top of an apple, front view",284,cogvideo,"cogvideo/spatial_relationship/a banana on the top of an apple, front view-4.gif",0.875,success,1.334766,,
v_a857cb18d0e288b0f92f,spatial_relationship,test,"a baseball bat on the left of a baseball glove, front view",175,cogvideo,"cogvideo/spatial_relationship/a baseball bat on the left of a baseball glove, front view-0.gif",0.0,success,1.599266,,
v_d204919aef947df2481c,spatial_relationship,test,"a baseball bat on the left of a baseball glove, front view",176,cogvideo,"cogvideo/spatial_relationship/a baseball bat on the left of a baseball glove, front view-1.gif",0.0,success,1.349352,,
v_67e4433a897eaa78eeb8,spatial_relationship,test,"a baseball bat on the left of a baseball glove, front view",177,cogvideo,"cogvideo/spatial_relationship/a baseball bat on the left of a baseball glove, front view-2.gif",0.0,success,1.519054,,
v_d0a97006c74a40cee015,spatial_relationship,test,"a baseball bat on the left of a baseball glove, front view",178,cogvideo,"cogvideo/spatial_relationship/a baseball bat on the left of a baseball glove, front view-3.gif",0.0,success,1.397563,,
v_0510010fc364ecaa741f,spatial_relationship,test,"a baseball bat on the left of a baseball glove, front view",179,cogvideo,"cogvideo/spatial_relationship/a baseball bat on the left of a baseball glove, front view-4.gif",0.0,success,1.380890,,
v_02885b16fad19883bdf8,spatial_relationship,test,"a baseball glove on the right of a tennis racket, front view",180,cogvideo,"cogvideo/spatial_relationship/a baseball glove on the right of a tennis racket, front view-0.gif",0.0,success,1.375180,,
v_76f2a2bb46303dd0f60f,spatial_relationship,test,"a baseball glove on the right of a tennis racket, front view",181,cogvideo,"cogvideo/spatial_relationship/a baseball glove on the right of a tennis racket, front view-1.gif",0.0,success,1.658261,,
v_9c8fe0c2de1ade99559e,spatial_relationship,test,"a baseball glove on the right of a tennis racket, front view",182,cogvideo,"cogvideo/spatial_relationship/a baseball glove on the right of a tennis racket, front view-2.gif",0.0,success,1.551777,,
v_256b06aaa4e0bd569275,spatial_relationship,test,"a baseball glove on the right of a tennis racket, front view",183,cogvideo,"cogvideo/spatial_relationship/a baseball glove on the right of a tennis racket, front view-3.gif",0.0,success,1.428265,,
v_81f784b675b5908bb46f,spatial_relationship,test,"a baseball glove on the right of a tennis racket, front view",184,cogvideo,"cogvideo/spatial_relationship/a baseball glove on the right of a tennis racket, front view-4.gif",0.025545633819527853,success,1.412001,,
v_fcde0b62bb48a57df624,spatial_relationship,dev,"a bear on the right of a zebra, front view",85,cogvideo,"cogvideo/spatial_relationship/a bear on the right of a zebra, front view-0.gif",0.0,success,1.607276,,
v_6ffd0ff93567d1a9a47e,spatial_relationship,dev,"a bear on the right of a zebra, front view",86,cogvideo,"cogvideo/spatial_relationship/a bear on the right of a zebra, front view-1.gif",0.0,success,1.372841,,
v_764af6f4de4569944eac,spatial_relationship,dev,"a bear on the right of a zebra, front view",87,cogvideo,"cogvideo/spatial_relationship/a bear on the right of a zebra, front view-2.gif",0.05056298381421535,success,1.344314,,
v_0d7aaaed89396c38541e,spatial_relationship,dev,"a bear on the right of a zebra, front view",88,cogvideo,"cogvideo/spatial_relationship/a bear on the right of a zebra, front view-3.gif",0.4118107818541008,success,1.361602,,
v_25163df4e40a75ea40d9,spatial_relationship,dev,"a bear on the right of a zebra, front view",89,cogvideo,"cogvideo/spatial_relationship/a bear on the right of a zebra, front view-4.gif",0.0,success,1.397097,,
v_c51d0372a5c85be660ab,spatial_relationship,test,"a bed on the left of a tv, front view",220,cogvideo,"cogvideo/spatial_relationship/a bed on the left of a tv, front view-0.gif",0.1100500528254548,success,1.348718,,
v_65ccedcc7dbb7d48178a,spatial_relationship,test,"a bed on the left of a tv, front view",221,cogvideo,"cogvideo/spatial_relationship/a bed on the left of a tv, front view-1.gif",0.45067008824136506,success,1.835790,,
v_bffc09cec495653fddf7,spatial_relationship,test,"a bed on the left of a tv, front view",222,cogvideo,"cogvideo/spatial_relationship/a bed on the left of a tv, front view-2.gif",0.8125,success,1.422085,,
v_85892e3a70884e5abb7d,spatial_relationship,test,"a bed on the left of a tv, front view",223,cogvideo,"cogvideo/spatial_relationship/a bed on the left of a tv, front view-3.gif",0.7169158439750589,success,1.712264,,
v_6045a0b99e26198d7f84,spatial_relationship,test,"a bed on the left of a tv, front view",224,cogvideo,"cogvideo/spatial_relationship/a bed on the left of a tv, front view-4.gif",0.75,success,1.327756,,
v_b246338d93985d52146a,spatial_relationship,dev,"a bench on the left of a truck, front view",40,cogvideo,"cogvideo/spatial_relationship/a bench on the left of a truck, front view-0.gif",0.0,success,1.307005,,
v_d38f69bcb9a2054dfdcb,spatial_relationship,dev,"a bench on the left of a truck, front view",41,cogvideo,"cogvideo/spatial_relationship/a bench on the left of a truck, front view-1.gif",0.0,success,1.395620,,
v_52bbde9f62bc9c0717a0,spatial_relationship,dev,"a bench on the left of a truck, front view",42,cogvideo,"cogvideo/spatial_relationship/a bench on the left of a truck, front view-2.gif",0.8125,success,1.345000,,
v_4c6bc36533b0e2374873,spatial_relationship,dev,"a bench on the left of a truck, front view",43,cogvideo,"cogvideo/spatial_relationship/a bench on the left of a truck, front view-3.gif",0.0,success,1.397405,,
v_e70314d533ec7e662841,spatial_relationship,dev,"a bench on the left of a truck, front view",44,cogvideo,"cogvideo/spatial_relationship/a bench on the left of a truck, front view-4.gif",0.6060311779088421,success,1.576316,,
v_5f7c8c01192178254231,spatial_relationship,dev,"a bicycle on the left of a car, front view",0,cogvideo,"cogvideo/spatial_relationship/a bicycle on the left of a car, front view-0.gif",0.0,success,1.418955,,
v_617a435bf151d6360bb3,spatial_relationship,dev,"a bicycle on the left of a car, front view",1,cogvideo,"cogvideo/spatial_relationship/a bicycle on the left of a car, front view-1.gif",0.01835752578612409,success,1.498847,,
v_936d3e8cc1835c9a9b47,spatial_relationship,dev,"a bicycle on the left of a car, front view",2,cogvideo,"cogvideo/spatial_relationship/a bicycle on the left of a car, front view-2.gif",0.875,success,1.381618,,
v_e0b352710f224ba2493f,spatial_relationship,dev,"a bicycle on the left of a car, front view",3,cogvideo,"cogvideo/spatial_relationship/a bicycle on the left of a car, front view-3.gif",1.0,success,1.399541,,
v_251c08b033a029d01ef1,spatial_relationship,dev,"a bicycle on the left of a car, front view",4,cogvideo,"cogvideo/spatial_relationship/a bicycle on the left of a car, front view-4.gif",0.0,success,1.352837,,
v_984631971d875407c13b,spatial_relationship,test,"a bird on the left of a cat, front view",50,cogvideo,"cogvideo/spatial_relationship/a bird on the left of a cat, front view-0.gif",0.0,success,1.464718,,
v_d25b99124bb8156a97ee,spatial_relationship,test,"a bird on the left of a cat, front view",51,cogvideo,"cogvideo/spatial_relationship/a bird on the left of a cat, front view-1.gif",0.0,success,1.338312,,
v_02c5ef0e8a29c8232e84,spatial_relationship,test,"a bird on the left of a cat, front view",52,cogvideo,"cogvideo/spatial_relationship/a bird on the left of a cat, front view-2.gif",0.0,success,1.348776,,
v_06ab6d452220c39d7b33,spatial_relationship,test,"a bird on the left of a cat, front view",53,cogvideo,"cogvideo/spatial_relationship/a bird on the left of a cat, front view-3.gif",0.0,success,1.387945,,
v_1398951de25b48d16626,spatial_relationship,test,"a bird on the left of a cat, front view",54,cogvideo,"cogvideo/spatial_relationship/a bird on the left of a cat, front view-4.gif",0.21891700450910975,success,1.405113,,
v_6bd9551d190f4f789e40,spatial_relationship,dev,"a boat on the left of an airplane, front view",245,cogvideo,"cogvideo/spatial_relationship/a boat on the left of an airplane, front view-0.gif",0.0,success,1.402801,,
v_b3874b5edf61aae4cb39,spatial_relationship,dev,"a boat on the left of an airplane, front view",246,cogvideo,"cogvideo/spatial_relationship/a boat on the left of an airplane, front view-1.gif",0.0,success,1.617093,,
v_ffe34a6c24a04dc272c9,spatial_relationship,dev,"a boat on the left of an airplane, front view",247,cogvideo,"cogvideo/spatial_relationship/a boat on the left of an airplane, front view-2.gif",0.11667444107235975,success,1.326861,,
v_5edd209ddf831b646bb8,spatial_relationship,dev,"a boat on the left of an airplane, front view",248,cogvideo,"cogvideo/spatial_relationship/a boat on the left of an airplane, front view-3.gif",0.014928842951839402,success,1.295446,,
v_6ba90662a4363396ff44,spatial_relationship,dev,"a boat on the left of an airplane, front view",249,cogvideo,"cogvideo/spatial_relationship/a boat on the left of an airplane, front view-4.gif",0.2436130967031202,success,1.330101,,
v_2fc24ded8a5c5d5917d8,spatial_relationship,test,"a book inside of an open backpack, top view",455,cogvideo,"cogvideo/spatial_relationship/a book inside of an open backpack, top view-0.gif",,error,0.000033,ValueError: MissingOfficialSpatialMetadata: prompt absent from locked VBench 1.0 VBench_full_info.json,
v_ce54f0892008c8e31f17,spatial_relationship,test,"a book inside of an open backpack, top view",456,cogvideo,"cogvideo/spatial_relationship/a book inside of an open backpack, top view-1.gif",,error,0.000008,ValueError: MissingOfficialSpatialMetadata: prompt absent from locked VBench 1.0 VBench_full_info.json,
v_132f7966439ce3969c35,spatial_relationship,test,"a book inside of an open backpack, top view",457,cogvideo,"cogvideo/spatial_relationship/a book inside of an open backpack, top view-2.gif",,error,0.000008,ValueError: MissingOfficialSpatialMetadata: prompt absent from locked VBench 1.0 VBench_full_info.json,
v_8dde624348c44dd62125,spatial_relationship,test,"a book inside of an open backpack, top view",458,cogvideo,"cogvideo/spatial_relationship/a book inside of an open backpack, top view-3.gif",,error,0.000007,ValueError: MissingOfficialSpatialMetadata: prompt absent from locked VBench 1.0 VBench_full_info.json,
v_0a98aacbd09bce486aa4,spatial_relationship,test,"a book inside of an open backpack, top view",459,cogvideo,"cogvideo/spatial_relationship/a book inside of an open backpack, top view-4.gif",,error,0.000007,ValueError: MissingOfficialSpatialMetadata: prompt absent from locked VBench 1.0 VBench_full_info.json,
v_327fc8747b17fe194c27,spatial_relationship,test,"a book inside of an open handbag, top view",480,cogvideo,"cogvideo/spatial_relationship/a book inside of an open handbag, top view-0.gif",,error,0.000008,ValueError: MissingOfficialSpatialMetadata: prompt absent from locked VBench 1.0 VBench_full_info.json,
v_d4141cf8639143638c50,spatial_relationship,test,"a book inside of an open handbag, top view",481,cogvideo,"cogvideo/spatial_relationship/a book inside of an open handbag, top view-1.gif",,error,0.000007,ValueError: MissingOfficialSpatialMetadata: prompt absent from locked VBench 1.0 VBench_full_info.json,
v_68bc14c32e24c1c33c35,spatial_relationship,test,"a book inside of an open handbag, top view",482,cogvideo,"cogvideo/spatial_relationship/a book inside of an open handbag, top view-2.gif",,error,0.000007,ValueError: MissingOfficialSpatialMetadata: prompt absent from locked VBench 1.0 VBench_full_info.json,
v_125e7e49ee4b977e5e4a,spatial_relationship,test,"a book inside of an open handbag, top view",483,cogvideo,"cogvideo/spatial_relationship/a book inside of an open handbag, top view-3.gif",,error,0.000008,ValueError: MissingOfficialSpatialMetadata: prompt absent from locked VBench 1.0 VBench_full_info.json,
v_cdbcdd45e721a94232b3,spatial_relationship,test,"a book inside of an open handbag, top view",484,cogvideo,"cogvideo/spatial_relationship/a book inside of an open handbag, top view-4.gif",,error,0.000007,ValueError: MissingOfficialSpatialMetadata: prompt absent from locked VBench 1.0 VBench_full_info.json,
v_28ce0745ecd37f372979,spatial_relationship,dev,"a book inside of an open suitcase, top view",505,cogvideo,"cogvideo/spatial_relationship/a book inside of an open suitcase, top view-0.gif",,error,0.000008,ValueError: MissingOfficialSpatialMetadata: prompt absent from locked VBench 1.0 VBench_full_info.json,
v_c4240a65f9734d83fadf,spatial_relationship,dev,"a book inside of an open suitcase, top view",506,cogvideo,"cogvideo/spatial_relationship/a book inside of an open suitcase, top view-1.gif",,error,0.000007,ValueError: MissingOfficialSpatialMetadata: prompt absent from locked VBench 1.0 VBench_full_info.json,
v_f475c21c6bf95ac3103a,spatial_relationship,dev,"a book inside of an open suitcase, top view",507,cogvideo,"cogvideo/spatial_relationship/a book inside of an open suitcase, top view-2.gif",,error,0.000008,ValueError: MissingOfficialSpatialMetadata: prompt absent from locked VBench 1.0 VBench_full_info.json,
v_661ba78f79c0a8f9877e,spatial_relationship,dev,"a book inside of an open suitcase, top view",508,cogvideo,"cogvideo/spatial_relationship/a book inside of an open suitcase, top view-3.gif",,error,0.000007,ValueError: MissingOfficialSpatialMetadata: prompt absent from locked VBench 1.0 VBench_full_info.json,
v_cbcc190bc401310c0016,spatial_relationship,dev,"a book inside of an open suitcase, top view",509,cogvideo,"cogvideo/spatial_relationship/a book inside of an open suitcase, top view-4.gif",,error,0.000007,ValueError: MissingOfficialSpatialMetadata: prompt absent from locked VBench 1.0 VBench_full_info.json,
v_891fb9ecd555c53e9285,spatial_relationship,test,"a bottle on the left of a wine glass, front view",100,cogvideo,"cogvideo/spatial_relationship/a bottle on the left of a wine glass, front view-0.gif",0.375,success,1.415099,,
v_09defde709649511f0c0,spatial_relationship,test,"a bottle on the left of a wine glass, front view",101,cogvideo,"cogvideo/spatial_relationship/a bottle on the left of a wine glass, front view-1.gif",0.0,success,1.492122,,
v_496aaef58c6220c9e545,spatial_relationship,test,"a bottle on the left of a wine glass, front view",102,cogvideo,"cogvideo/spatial_relationship/a bottle on the left of a wine glass, front view-2.gif",0.0,success,1.381852,,
v_babe042619e6c3fe0bb0,spatial_relationship,test,"a bottle on the left of a wine glass, front view",103,cogvideo,"cogvideo/spatial_relationship/a bottle on the left of a wine glass, front view-3.gif",1.0,success,1.365214,,
v_3c8d024458e5943fc0d5,spatial_relationship,test,"a bottle on the left of a wine glass, front view",104,cogvideo,"cogvideo/spatial_relationship/a bottle on the left of a wine glass, front view-4.gif",1.0,success,1.444274,,
v_29e35c88093324117e5d,spatial_relationship,test,"a bowl on the left of a bottle, front view",130,cogvideo,"cogvideo/spatial_relationship/a bowl on the left of a bottle, front view-0.gif",0.0,success,1.376988,,
v_31b7d8db55bae3d91dd2,spatial_relationship,test,"a bowl on the left of a bottle, front view",131,cogvideo,"cogvideo/spatial_relationship/a bowl on the left of a bottle, front view-1.gif",0.0,success,1.409099,,
v_b1ae9215bf736f0894d4,spatial_relationship,test,"a bowl on the left of a bottle, front view",132,cogvideo,"cogvideo/spatial_relationship/a bowl on the left of a bottle, front view-2.gif",1.0,success,1.549735,,
v_82701b4c9f16dd185d96,spatial_relationship,test,"a bowl on the left of a bottle, front view",133,cogvideo,"cogvideo/spatial_relationship/a bowl on the left of a bottle, front view-3.gif",0.5034114106485228,success,1.518934,,
v_9e27cf477ccbe9e1cebf,spatial_relationship,test,"a bowl on the left of a bottle, front view",134,cogvideo,"cogvideo/spatial_relationship/a bowl on the left of a bottle, front view-4.gif",0.0,success,1.386934,,
v_c0df68a480f238bfb09b,spatial_relationship,test,"a bus on the right of a traffic light, front view",15,cogvideo,"cogvideo/spatial_relationship/a bus on the right of a traffic light, front view-0.gif",0.0,success,1.418994,,
v_219575501378f571ea50,spatial_relationship,test,"a bus on the right of a traffic light, front view",16,cogvideo,"cogvideo/spatial_relationship/a bus on the right of a traffic light, front view-1.gif",0.0625,success,1.498531,,
v_928b6d7b0118aeb8d81d,spatial_relationship,test,"a bus on the right of a traffic light, front view",17,cogvideo,"cogvideo/spatial_relationship/a bus on the right of a traffic light, front view-2.gif",0.5625,success,1.401072,,
v_fd968a995edbd82ca38c,spatial_relationship,test,"a bus on the right of a traffic light, front view",18,cogvideo,"cogvideo/spatial_relationship/a bus on the right of a traffic light, front view-3.gif",0.0,success,1.368875,,
v_2fb8b7b72a3864fd2b66,spatial_relationship,test,"a bus on the right of a traffic light, front view",19,cogvideo,"cogvideo/spatial_relationship/a bus on the right of a traffic light, front view-4.gif",0.875,success,1.407765,,
v_0378233a8dee2db527c2,spatial_relationship,test,"a cake inside of a refrigerator with door open, front view",445,cogvideo,"cogvideo/spatial_relationship/a cake inside of a refrigerator with door open, front view-0.gif",,error,0.000020,ValueError: MissingOfficialSpatialMetadata: prompt absent from locked VBench 1.0 VBench_full_info.json,
v_b89ff4b9c23493deeaf2,spatial_relationship,test,"a cake inside of a refrigerator with door open, front view",446,cogvideo,"cogvideo/spatial_relationship/a cake inside of a refrigerator with door open, front view-1.gif",,error,0.000025,ValueError: MissingOfficialSpatialMetadata: prompt absent from locked VBench 1.0 VBench_full_info.json,
v_8dcc7c5c50056bfe4fda,spatial_relationship,test,"a cake inside of a refrigerator with door open, front view",447,cogvideo,"cogvideo/spatial_relationship/a cake inside of a refrigerator with door open, front view-2.gif",,error,0.000008,ValueError: MissingOfficialSpatialMetadata: prompt absent from locked VBench 1.0 VBench_full_info.json,
v_a35579bc8d49c983e0c3,spatial_relationship,test,"a cake inside of a refrigerator with door open, front view",448,cogvideo,"cogvideo/spatial_relationship/a cake inside of a refrigerator with door open, front view-3.gif",,error,0.000009,ValueError: MissingOfficialSpatialMetadata: prompt absent from locked VBench 1.0 VBench_full_info.json,
v_642b4f4cefc6cf4212f4,spatial_relationship,test,"a cake inside of a refrigerator with door open, front view",449,cogvideo,"cogvideo/spatial_relationship/a cake inside of a refrigerator with door open, front view-4.gif",,error,0.000008,ValueError: MissingOfficialSpatialMetadata: prompt absent from locked VBench 1.0 VBench_full_info.json,
v_1751d368ee94d59d4d0f,spatial_relationship,dev,"a car on the right of a motorcycle, front view",5,cogvideo,"cogvideo/spatial_relationship/a car on the right of a motorcycle, front view-0.gif",0.0,success,1.329169,,
v_693ed4a4e9ad1817c19d,spatial_relationship,dev,"a car on the right of a motorcycle, front view",6,cogvideo,"cogvideo/spatial_relationship/a car on the right of a motorcycle, front view-1.gif",0.125,success,1.436327,,
v_4a8349922f3baa690bff,spatial_relationship,dev,"a car on the right of a motorcycle, front view",7,cogvideo,"cogvideo/spatial_relationship/a car on the right of a motorcycle, front view-2.gif",0.12384230689950443,success,1.328809,,
v_d64facc24fcdccc77f57,spatial_relationship,dev,"a car on the right of a motorcycle, front view",8,cogvideo,"cogvideo/spatial_relationship/a car on the right of a motorcycle, front view-3.gif",0.0,success,1.304162,,
v_9dc3d62748fa5008516b,spatial_relationship,dev,"a car on the right of a motorcycle, front view",9,cogvideo,"cogvideo/spatial_relationship/a car on the right of a motorcycle, front view-4.gif",0.0,success,1.306384,,
v_3c489c0697f7376f042a,spatial_relationship,dev,"a carrot inside of a refrigerator with door open, front view",430,cogvideo,"cogvideo/spatial_relationship/a carrot inside of a refrigerator with door open, front view-0.gif",,error,0.000031,ValueError: MissingOfficialSpatialMetadata: prompt absent from locked VBench 1.0 VBench_full_info.json,
v_67a1e5bdaf4c1edb683b,spatial_relationship,dev,"a carrot inside of a refrigerator with door open, front view",431,cogvideo,"cogvideo/spatial_relationship/a carrot inside of a refrigerator with door open, front view-1.gif",,error,0.000011,ValueError: MissingOfficialSpatialMetadata: prompt absent from locked VBench 1.0 VBench_full_info.json,
v_c730ea796a458e836041,spatial_relationship,dev,"a carrot inside of a refrigerator with door open, front view",432,cogvideo,"cogvideo/spatial_relationship/a carrot inside of a refrigerator with door open, front view-2.gif",,error,0.000009,ValueError: MissingOfficialSpatialMetadata: prompt absent from locked VBench 1.0 VBench_full_info.json,
v_836aa3247e85e707af54,spatial_relationship,dev,"a carrot inside of a refrigerator with door open, front view",433,cogvideo,"cogvideo/spatial_relationship/a carrot inside of a refrigerator with door open, front view-3.gif",,error,0.000008,ValueError: MissingOfficialSpatialMetadata: prompt absent from locked VBench 1.0 VBench_full_info.json,
v_e0b0ef0ca2439cddf0d3,spatial_relationship,dev,"a carrot inside of a refrigerator with door open, front view",434,cogvideo,"cogvideo/spatial_relationship/a carrot inside of a refrigerator with door open, front view-4.gif",,error,0.000009,ValueError: MissingOfficialSpatialMetadata: prompt absent from locked VBench 1.0 VBench_full_info.json,
v_d5cbb13568d304bef7b6,spatial_relationship,dev,"a carrot on the bottom of a hot dog, front view",325,cogvideo,"cogvideo/spatial_relationship/a carrot on the bottom of a hot dog, front view-0.gif",0.125,success,1.432476,,
v_0ad8c1b7c17d82541f6a,spatial_relationship,dev,"a carrot on the bottom of a hot dog, front view",326,cogvideo,"cogvideo/spatial_relationship/a carrot on the bottom of a hot dog, front view-1.gif",0.125,success,1.363196,,
v_a91a6309b113748acd6c,spatial_relationship,dev,"a carrot on the bottom of a hot dog, front view",327,cogvideo,"cogvideo/spatial_relationship/a carrot on the bottom of a hot dog, front view-2.gif",0.0,success,1.532064,,
v_6dc70b8dcefa61938369,spatial_relationship,dev,"a carrot on the bottom of a hot dog, front view",328,cogvideo,"cogvideo/spatial_relationship/a carrot on the bottom of a hot dog, front view-3.gif",1.0,success,1.495683,,
v_61ecfe346449b9087ef9,spatial_relationship,dev,"a carrot on the bottom of a hot dog, front view",329,cogvideo,"cogvideo/spatial_relationship/a carrot on the bottom of a hot dog, front view-4.gif",0.49488970388909714,success,1.514394,,
v_5443975ef1c1cb855020,spatial_relationship,dev,"a carrot on the top of a hot dog, front view",320,cogvideo,"cogvideo/spatial_relationship/a carrot on the top of a hot dog, front view-0.gif",0.22095690027428172,success,1.394894,,
v_3c3b00dc7b745d1eb0f7,spatial_relationship,dev,"a carrot on the top of a hot dog, front view",321,cogvideo,"cogvideo/spatial_relationship/a carrot on the top of a hot dog, front view-1.gif",0.14647245762711864,success,1.379676,,
v_4f139d978b618b071b23,spatial_relationship,dev,"a carrot on the top of a hot dog, front view",322,cogvideo,"cogvideo/spatial_relationship/a carrot on the top of a hot dog, front view-2.gif",0.40676422504796633,success,1.640431,,
v_f52765f2b4043f9dd1b9,spatial_relationship,dev,"a carrot on the top of a hot dog, front view",323,cogvideo,"cogvideo/spatial_relationship/a carrot on the top of a hot dog, front view-3.gif",0.0,success,1.358201,,
v_545c669f07dda5eb9012,spatial_relationship,dev,"a carrot on the top of a hot dog, front view",324,cogvideo,"cogvideo/spatial_relationship/a carrot on the top of a hot dog, front view-4.gif",0.0,success,1.377678,,
v_7e8af2dca5f859e5df41,spatial_relationship,test,"a cat on the right of a dog, front view",55,cogvideo,"cogvideo/spatial_relationship/a cat on the right of a dog, front view-0.gif",0.0,success,1.332295,,
v_2f135a1a15e47232653b,spatial_relationship,test,"a cat on the right of a dog, front view",56,cogvideo,"cogvideo/spatial_relationship/a cat on the right of a dog, front view-1.gif",0.0,success,1.411502,,
v_57acfe2d5636a9b2e40d,spatial_relationship,test,"a cat on the right of a dog, front view",57,cogvideo,"cogvideo/spatial_relationship/a cat on the right of a dog, front view-2.gif",0.0,success,1.495705,,
v_0b11dfd4542fc54aa34b,spatial_relationship,test,"a cat on the right of a dog, front view",58,cogvideo,"cogvideo/spatial_relationship/a cat on the right of a dog, front view-3.gif",0.0,success,1.376857,,
v_db2dbfe800915fa937df,spatial_relationship,test,"a cat on the right of a dog, front view",59,cogvideo,"cogvideo/spatial_relationship/a cat on the right of a dog, front view-4.gif",0.0,success,1.456146,,
v_3fad06cc1493a9ea2198,spatial_relationship,test,"a cell phone inside of an open backpack, top view",465,cogvideo,"cogvideo/spatial_relationship/a cell phone inside of an open backpack, top view-0.gif",,error,0.000021,ValueError: MissingOfficialSpatialMetadata: prompt absent from locked VBench 1.0 VBench_full_info.json,
v_dedab21a4812c70e7725,spatial_relationship,test,"a cell phone inside of an open backpack, top view",466,cogvideo,"cogvideo/spatial_relationship/a cell phone inside of an open backpack, top view-1.gif",,error,0.000009,ValueError: MissingOfficialSpatialMetadata: prompt absent from locked VBench 1.0 VBench_full_info.json,
v_b4cfa91f088e572b1cc7,spatial_relationship,test,"a cell phone inside of an open backpack, top view",467,cogvideo,"cogvideo/spatial_relationship/a cell phone inside of an open backpack, top view-2.gif",,error,0.000009,ValueError: MissingOfficialSpatialMetadata: prompt absent from locked VBench 1.0 VBench_full_info.json,
v_f2f702e4a4cedae8d89d,spatial_relationship,test,"a cell phone inside of an open backpack, top view",468,cogvideo,"cogvideo/spatial_relationship/a cell phone inside of an open backpack, top view-3.gif",,error,0.000009,ValueError: MissingOfficialSpatialMetadata: prompt absent from locked VBench 1.0 VBench_full_info.json,
v_eae142cffe961bd60e37,spatial_relationship,test,"a cell phone inside of an open backpack, top view",469,cogvideo,"cogvideo/spatial_relationship/a cell phone inside of an open backpack, top view-4.gif",,error,0.000008,ValueError: MissingOfficialSpatialMetadata: prompt absent from locked VBench 1.0 VBench_full_info.json,
v_cd5f6fe044987f527d35,spatial_relationship,test,"a cell phone inside of an open handbag, top view",490,cogvideo,"cogvideo/spatial_relationship/a cell phone inside of an open handbag, top view-0.gif",,error,0.000025,ValueError: MissingOfficialSpatialMetadata: prompt absent from locked VBench 1.0 VBench_full_info.json,
v_291690e6bd6ab264f367,spatial_relationship,test,"a cell phone inside of an open handbag, top view",491,cogvideo,"cogvideo/spatial_relationship/a cell phone inside of an open handbag, top view-1.gif",,error,0.000009,ValueError: MissingOfficialSpatialMetadata: prompt absent from locked VBench 1.0 VBench_full_info.json,
v_472c0f12eabe54b3b3b3,spatial_relationship,test,"a cell phone inside of an open handbag, top view",492,cogvideo,"cogvideo/spatial_relationship/a cell phone inside of an open handbag, top view-2.gif",,error,0.000008,ValueError: MissingOfficialSpatialMetadata: prompt absent from locked VBench 1.0 VBench_full_info.json,
v_00f43a98ef932ff5c58a,spatial_relationship,test,"a cell phone inside of an open handbag, top view",493,cogvideo,"cogvideo/spatial_relationship/a cell phone inside of an open handbag, top view-3.gif",,error,0.000008,ValueError: MissingOfficialSpatialMetadata: prompt absent from locked VBench 1.0 VBench_full_info.json,
v_2a50b362c977b29509d1,spatial_relationship,test,"a cell phone inside of an open handbag, top view",494,cogvideo,"cogvideo/spatial_relationship/a cell phone inside of an open handbag, top view-4.gif",,error,0.000008,ValueError: MissingOfficialSpatialMetadata: prompt absent from locked VBench 1.0 VBench_full_info.json,
v_c39260b415a61ec9ca85,spatial_relationship,dev,"a cell phone inside of an open suitcase, top view",515,cogvideo,"cogvideo/spatial_relationship/a cell phone inside of an open suitcase, top view-0.gif",,error,0.000008,ValueError: MissingOfficialSpatialMetadata: prompt absent from locked VBench 1.0 VBench_full_info.json,
v_0e2b1fee4003ff253845,spatial_relationship,dev,"a cell phone inside of an open suitcase, top view",516,cogvideo,"cogvideo/spatial_relationship/a cell phone inside of an open suitcase, top view-1.gif",,error,0.000008,ValueError: MissingOfficialSpatialMetadata: prompt absent from locked VBench 1.0 VBench_full_info.json,
v_9c66672f0cbaf4c57c13,spatial_relationship,dev,"a cell phone inside of an open suitcase, top view",517,cogvideo,"cogvideo/spatial_relationship/a cell phone inside of an open suitcase, top view-2.gif",,error,0.000010,ValueError: MissingOfficialSpatialMetadata: prompt absent from locked VBench 1.0 VBench_full_info.json,
v_cfd785719076de11e707,spatial_relationship,dev,"a cell phone inside of an open suitcase, top view",518,cogvideo,"cogvideo/spatial_relationship/a cell phone inside of an open suitcase, top view-3.gif",,error,0.000010,ValueError: MissingOfficialSpatialMetadata: prompt absent from locked VBench 1.0 VBench_full_info.json,
v_255eb522ca235f4cb1b0,spatial_relationship,dev,"a cell phone inside of an open suitcase, top view",519,cogvideo,"cogvideo/spatial_relationship/a cell phone inside of an open suitcase, top view-4.gif",,error,0.000008,ValueError: MissingOfficialSpatialMetadata: prompt absent from locked VBench 1.0 VBench_full_info.json,
v_9c864e2ec11e76530eb3,spatial_relationship,test,"a chair on the left of a couch, front view",210,cogvideo,"cogvideo/spatial_relationship/a chair on the left of a couch, front view-0.gif",1.0,success,1.311885,,
v_feab0eeb9915848c1f67,spatial_relationship,test,"a chair on the left of a couch, front view",211,cogvideo,"cogvideo/spatial_relationship/a chair on the left of a couch, front view-1.gif",0.5625,success,1.552542,,
v_761609dd6f7888e4f86a,spatial_relationship,test,"a chair on the left of a couch, front view",212,cogvideo,"cogvideo/spatial_relationship/a chair on the left of a couch, front view-2.gif",0.0,success,1.626955,,
v_aa46ae66465f5efd0680,spatial_relationship,test,"a chair on the left of a couch, front view",213,cogvideo,"cogvideo/spatial_relationship/a chair on the left of a couch, front view-3.gif",0.0,success,1.369690,,
v_d4ffc9b5bc184dc70bed,spatial_relationship,test,"a chair on the left of a couch, front view",214,cogvideo,"cogvideo/spatial_relationship/a chair on the left of a couch, front view-4.gif",0.5625,success,1.475798,,
v_cbd13a6e5409726bf88f,spatial_relationship,test,"a clock on the left of a vase, front view",145,cogvideo,"cogvideo/spatial_relationship/a clock on the left of a vase, front view-0.gif",0.0,success,1.527837,,
v_775bd0bc604aaa916330,spatial_relationship,test,"a clock on the left of a vase, front view",146,cogvideo,"cogvideo/spatial_relationship/a clock on the left of a vase, front view-1.gif",0.0,success,1.377984,,
v_c0deb7f2ff1ca8fce7b4,spatial_relationship,test,"a clock on the left of a vase, front view",147,cogvideo,"cogvideo/spatial_relationship/a clock on the left of a vase, front view-2.gif",0.0,success,1.291582,,
v_3b3175876c7e7d5a7610,spatial_relationship,test,"a clock on the left of a vase, front view",148,cogvideo,"cogvideo/spatial_relationship/a clock on the left of a vase, front view-3.gif",0.33081689904953315,success,1.592962,,
v_37454ee155c1efd6537a,spatial_relationship,test,"a clock on the left of a vase, front view",149,cogvideo,"cogvideo/spatial_relationship/a clock on the left of a vase, front view-4.gif",1.0,success,1.454043,,
v_1d0b8e981c48b2edf6e0,spatial_relationship,test,"a couch on the right of a bed, front view",215,cogvideo,"cogvideo/spatial_relationship/a couch on the right of a bed, front view-0.gif",0.0,success,1.442421,,
v_7f8f3b8b46d68d513bb9,spatial_relationship,test,"a couch on the right of a bed, front view",216,cogvideo,"cogvideo/spatial_relationship/a couch on the right of a bed, front view-1.gif",0.0,success,1.440156,,
v_15e1af662681bb65faca,spatial_relationship,test,"a couch on the right of a bed, front view",217,cogvideo,"cogvideo/spatial_relationship/a couch on the right of a bed, front view-2.gif",0.0,success,1.751705,,
v_dd1d397704672c83db54,spatial_relationship,test,"a couch on the right of a bed, front view",218,cogvideo,"cogvideo/spatial_relationship/a couch on the right of a bed, front view-3.gif",0.2668382940063983,success,1.386490,,
v_4ae3566f459e9ceb7dd1,spatial_relationship,test,"a couch on the right of a bed, front view",219,cogvideo,"cogvideo/spatial_relationship/a couch on the right of a bed, front view-4.gif",0.017726063829787236,success,1.351490,,
v_8ed0b596e8b8a0e25f0c,spatial_relationship,dev,"a cow on the right of an elephant, front view",75,cogvideo,"cogvideo/spatial_relationship/a cow on the right of an elephant, front view-0.gif",0.24523633886523155,success,1.424868,,
v_ff5704ae88c84158a726,spatial_relationship,dev,"a cow on the right of an elephant, front view",76,cogvideo,"cogvideo/spatial_relationship/a cow on the right of an elephant, front view-1.gif",0.8817723532986058,success,1.516183,,
v_9b8675b0ae0b851fae29,spatial_relationship,dev,"a cow on the right of an elephant, front view",77,cogvideo,"cogvideo/spatial_relationship/a cow on the right of an elephant, front view-2.gif",0.0,success,1.332093,,
v_399e78229fd1781a7abb,spatial_relationship,dev,"a cow on the right of an elephant, front view",78,cogvideo,"cogvideo/spatial_relationship/a cow on the right of an elephant, front view-3.gif",0.0,success,1.520724,,
v_84cd040d7aa1cea86dc2,spatial_relationship,dev,"a cow on the right of an elephant, front view",79,cogvideo,"cogvideo/spatial_relationship/a cow on the right of an elephant, front view-4.gif",0.0,success,1.423021,,
v_f1d715919c7de876c3d5,spatial_relationship,dev,"a cup on the left of a fork, front view",110,cogvideo,"cogvideo/spatial_relationship/a cup on the left of a fork, front view-0.gif",0.0,success,1.428080,,
v_7cba34ff980bcb6d0f3e,spatial_relationship,dev,"a cup on the left of a fork, front view",111,cogvideo,"cogvideo/spatial_relationship/a cup on the left of a fork, front view-1.gif",0.875,success,1.326033,,
v_9a72c854def651c9fb25,spatial_relationship,dev,"a cup on the left of a fork, front view",112,cogvideo,"cogvideo/spatial_relationship/a cup on the left of a fork, front view-2.gif",0.015705928463593078,success,1.332848,,
v_72e884fa262784274303,spatial_relationship,dev,"a cup on the left of a fork, front view",113,cogvideo,"cogvideo/spatial_relationship/a cup on the left of a fork, front view-3.gif",0.8599610706010631,success,1.666364,,
v_b0fa6f104525455fe24a,spatial_relationship,dev,"a cup on the left of a fork, front view",114,cogvideo,"cogvideo/spatial_relationship/a cup on the left of a fork, front view-4.gif",0.0,success,1.520303,,
v_4075a1b7fc39fe178a24,spatial_relationship,dev,"a dining table on the left of a chair, front view",230,cogvideo,"cogvideo/spatial_relationship/a dining table on the left of a chair, front view-0.gif",0.6976698252764475,success,1.529965,,
v_fe769f1362c8f8615744,spatial_relationship,dev,"a dining table on the left of a chair, front view",231,cogvideo,"cogvideo/spatial_relationship/a dining table on the left of a chair, front view-1.gif",0.3125,success,1.392591,,
v_bfd77db0859cf43df71f,spatial_relationship,dev,"a dining table on the left of a chair, front view",232,cogvideo,"cogvideo/spatial_relationship/a dining table on the left of a chair, front view-2.gif",0.0,success,1.431437,,
v_5361c12003b1fbb64fc0,spatial_relationship,dev,"a dining table on the left of a chair, front view",233,cogvideo,"cogvideo/spatial_relationship/a dining table on the left of a chair, front view-3.gif",0.8125,success,1.472416,,
v_d043322c1c56e41ad2b5,spatial_relationship,dev,"a dining table on the left of a chair, front view",234,cogvideo,"cogvideo/spatial_relationship/a dining table on the left of a chair, front view-4.gif",0.0,success,1.390125,,
v_963eca6b9d487c61c563,spatial_relationship,test,"a dog on the left of a horse, front view",60,cogvideo,"cogvideo/spatial_relationship/a dog on the left of a horse, front view-0.gif",0.0625,success,1.284744,,
v_63e5706eb522ea9a6f2a,spatial_relationship,test,"a dog on the left of a horse, front view",61,cogvideo,"cogvideo/spatial_relationship/a dog on the left of a horse, front view-1.gif",0.12783905905763923,success,1.288537,,
v_f59d0d4a7ce312271b55,spatial_relationship,test,"a dog on the left of a horse, front view",62,cogvideo,"cogvideo/spatial_relationship/a dog on the left of a horse, front view-2.gif",0.0,success,1.495884,,
v_7ce0711d8e4886a0803a,spatial_relationship,test,"a dog on the left of a horse, front view",63,cogvideo,"cogvideo/spatial_relationship/a dog on the left of a horse, front view-3.gif",0.0,success,1.405207,,
v_2b32a403ed407b2b1575,spatial_relationship,test,"a dog on the left of a horse, front view",64,cogvideo,"cogvideo/spatial_relationship/a dog on the left of a horse, front view-4.gif",0.0,success,1.323430,,
v_0ba680224e30adcdecb3,spatial_relationship,test,"a donut inside of a refrigerator with door open, front view",440,cogvideo,"cogvideo/spatial_relationship/a donut inside of a refrigerator with door open, front view-0.gif",,error,0.000021,ValueError: MissingOfficialSpatialMetadata: prompt absent from locked VBench 1.0 VBench_full_info.json,
v_b23d346fa27afc95d283,spatial_relationship,test,"a donut inside of a refrigerator with door open, front view",441,cogvideo,"cogvideo/spatial_relationship/a donut inside of a refrigerator with door open, front view-1.gif",,error,0.000009,ValueError: MissingOfficialSpatialMetadata: prompt absent from locked VBench 1.0 VBench_full_info.json,
v_24eadf77acec3b4c669f,spatial_relationship,test,"a donut inside of a refrigerator with door open, front view",442,cogvideo,"cogvideo/spatial_relationship/a donut inside of a refrigerator with door open, front view-2.gif",,error,0.000009,ValueError: MissingOfficialSpatialMetadata: prompt absent from locked VBench 1.0 VBench_full_info.json,
v_a271bfec4a230bbd64c0,spatial_relationship,test,"a donut inside of a refrigerator with door open, front view",443,cogvideo,"cogvideo/spatial_relationship/a donut inside of a refrigerator with door open, front view-3.gif",,error,0.000009,ValueError: MissingOfficialSpatialMetadata: prompt absent from locked VBench 1.0 VBench_full_info.json,
v_6db502fa7e65068077ab,spatial_relationship,test,"a donut inside of a refrigerator with door open, front view",444,cogvideo,"cogvideo/spatial_relationship/a donut inside of a refrigerator with door open, front view-4.gif",,error,0.000008,ValueError: MissingOfficialSpatialMetadata: prompt absent from locked VBench 1.0 VBench_full_info.json,
v_094b557141dd1ec73f92,spatial_relationship,dev,"a donut on the bottom of broccoli, front view",355,cogvideo,"cogvideo/spatial_relationship/a donut on the bottom of broccoli, front view-0.gif",0.0,success,1.452613,,
v_1ef2afe9341de9649d08,spatial_relationship,dev,"a donut on the bottom of broccoli, front view",356,cogvideo,"cogvideo/spatial_relationship/a donut on the bottom of broccoli, front view-1.gif",0.03474080267558529,success,1.504623,,
v_0f639efbfe0679b4e6cc,spatial_relationship,dev,"a donut on the bottom of broccoli, front view",357,cogvideo,"cogvideo/spatial_relationship/a donut on the bottom of broccoli, front view-2.gif",0.0223292402979903,success,1.633726,,
v_34b1231339daac1b3915,spatial_relationship,dev,"a donut on the bottom of broccoli, front view",358,cogvideo,"cogvideo/spatial_relationship/a donut on the bottom of broccoli, front view-3.gif",0.0,success,1.351136,,
v_5a0bb7bb67644fbe3879,spatial_relationship,dev,"a donut on the bottom of broccoli, front view",359,cogvideo,"cogvideo/spatial_relationship/a donut on the bottom of broccoli, front view-4.gif",0.0,success,1.506365,,
v_6d1a7e3ed3f787042f5d,spatial_relationship,test,"a donut on the top of broccoli, front view",350,cogvideo,"cogvideo/spatial_relationship/a donut on the top of broccoli, front view-0.gif",0.0,success,1.376766,,
v_4c8573dd78d93c42835a,spatial_relationship,test,"a donut on the top of broccoli, front view",351,cogvideo,"cogvideo/spatial_relationship/a donut on the top of broccoli, front view-1.gif",0.014091981132075472,success,1.415068,,
v_d30be63effde2e5a18b2,spatial_relationship,test,"a donut on the top of broccoli, front view",352,cogvideo,"cogvideo/spatial_relationship/a donut on the top of broccoli, front view-2.gif",0.0,success,1.553201,,
v_f9df9420655074c6ffc2,spatial_relationship,test,"a donut on the top of broccoli, front view",353,cogvideo,"cogvideo/spatial_relationship/a donut on the top of broccoli, front view-3.gif",0.0,success,1.593390,,
v_761bc8643fd2a8cf9f0a,spatial_relationship,test,"a donut on the top of broccoli, front view",354,cogvideo,"cogvideo/spatial_relationship/a donut on the top of broccoli, front view-4.gif",0.1875,success,1.394698,,
v_4e3bb8a919f5c74adcc4,spatial_relationship,dev,"a fire hydrant on the right of a stop sign, front view",25,cogvideo,"cogvideo/spatial_relationship/a fire hydrant on the right of a stop sign, front view-0.gif",0.0,success,1.378361,,
v_20cb8e70ed4ea534b195,spatial_relationship,dev,"a fire hydrant on the right of a stop sign, front view",26,cogvideo,"cogvideo/spatial_relationship/a fire hydrant on the right of a stop sign, front view-1.gif",0.0,success,1.325436,,
v_e39a92d46cedcf1ff9c0,spatial_relationship,dev,"a fire hydrant on the right of a stop sign, front view",27,cogvideo,"cogvideo/spatial_relationship/a fire hydrant on the right of a stop sign, front view-2.gif",0.0,success,1.357951,,
v_f2a170aa91dec8bff6b8,spatial_relationship,dev,"a fire hydrant on the right of a stop sign, front view",28,cogvideo,"cogvideo/spatial_relationship/a fire hydrant on the right of a stop sign, front view-3.gif",0.0,success,1.636248,,
v_3064cc20a2100f0ee58c,spatial_relationship,dev,"a fire hydrant on the right of a stop sign, front view",29,cogvideo,"cogvideo/spatial_relationship/a fire hydrant on the right of a stop sign, front view-4.gif",0.0,success,1.497093,,
v_256503d59b5d1b1046f1,spatial_relationship,test,"a fork on the right of a knife, front view",115,cogvideo,"cogvideo/spatial_relationship/a fork on the right of a knife, front view-0.gif",0.3549771702643636,success,1.365695,,
v_faf050b54aeea6940270,spatial_relationship,test,"a fork on the right of a knife, front view",116,cogvideo,"cogvideo/spatial_relationship/a fork on the right of a knife, front view-1.gif",0.040411330049261084,success,1.404584,,
v_d88f9a6a9433dd9b0a8c,spatial_relationship,test,"a fork on the right of a knife, front view",117,cogvideo,"cogvideo/spatial_relationship/a fork on the right of a knife, front view-2.gif",1.0,success,1.528154,,
v_336b5f2027e89e7aaf19,spatial_relationship,test,"a fork on the right of a knife, front view",118,cogvideo,"cogvideo/spatial_relationship/a fork on the right of a knife, front view-3.gif",0.9375,success,1.356470,,
v_caece3b2f42e2c9da101,spatial_relationship,test,"a fork on the right of a knife, front view",119,cogvideo,"cogvideo/spatial_relationship/a fork on the right of a knife, front view-4.gif",0.12539440134643248,success,1.372354,,
v_0291dcb27e046086657e,spatial_relationship,dev,"a frisbee on the left of a sports ball, front view",165,cogvideo,"cogvideo/spatial_relationship/a frisbee on the left of a sports ball, front view-0.gif",0.0,success,1.437978,,
v_cd172004de666ebeae01,spatial_relationship,dev,"a frisbee on the left of a sports ball, front view",166,cogvideo,"cogvideo/spatial_relationship/a frisbee on the left of a sports ball, front view-1.gif",0.0,success,1.379817,,
v_aa83b59b171123ec0da0,spatial_relationship,dev,"a frisbee on the left of a sports ball, front view",167,cogvideo,"cogvideo/spatial_relationship/a frisbee on the left of a sports ball, front view-2.gif",0.0,success,1.373582,,
v_998a11ba7c54c7bed3cb,spatial_relationship,dev,"a frisbee on the left of a sports ball, front view",168,cogvideo,"cogvideo/spatial_relationship/a frisbee on the left of a sports ball, front view-3.gif",0.0625,success,1.568440,,
v_13ffe68c4eb9da26ef19,spatial_relationship,dev,"a frisbee on the left of a sports ball, front view",169,cogvideo,"cogvideo/spatial_relationship/a frisbee on the left of a sports ball, front view-4.gif",0.0,success,1.541291,,
v_335a94cb1daa6c3bca4e,spatial_relationship,dev,"a giraffe on the right of a bird, front view",95,cogvideo,"cogvideo/spatial_relationship/a giraffe on the right of a bird, front view-0.gif",0.0,success,1.403539,,
v_663b1950ba28e30dbdfb,spatial_relationship,dev,"a giraffe on the right of a bird, front view",96,cogvideo,"cogvideo/spatial_relationship/a giraffe on the right of a bird, front view-1.gif",0.0,success,1.422858,,
v_d337424fadeb35b66a34,spatial_relationship,dev,"a giraffe on the right of a bird, front view",97,cogvideo,"cogvideo/spatial_relationship/a giraffe on the right of a bird, front view-2.gif",0.0,success,1.460764,,
v_78b396ebc433fbacb851,spatial_relationship,dev,"a giraffe on the right of a bird, front view",98,cogvideo,"cogvideo/spatial_relationship/a giraffe on the right of a bird, front view-3.gif",0.0,success,1.374524,,
v_d3782b3843137e6fe7ba,spatial_relationship,dev,"a giraffe on the right of a bird, front view",99,cogvideo,"cogvideo/spatial_relationship/a giraffe on the right of a bird, front view-4.gif",0.0,success,1.625749,,
v_fc03fc918b7c0905d716,spatial_relationship,test,"a hair drier on the right of a toothbrush, front view",195,cogvideo,"cogvideo/spatial_relationship/a hair drier on the right of a toothbrush, front view-0.gif",0.875,success,1.470604,,
v_8b1c5f3f557d439a3807,spatial_relationship,test,"a hair drier on the right of a toothbrush, front view",196,cogvideo,"cogvideo/spatial_relationship/a hair drier on the right of a toothbrush, front view-1.gif",0.0,success,1.298831,,
v_6d50c2f8a3803b1135f5,spatial_relationship,test,"a hair drier on the right of a toothbrush, front view",197,cogvideo,"cogvideo/spatial_relationship/a hair drier on the right of a toothbrush, front view-2.gif",0.18081600886449978,success,1.346202,,
v_6be4ae0d97457e0bc7bc,spatial_relationship,test,"a hair drier on the right of a toothbrush, front view",198,cogvideo,"cogvideo/spatial_relationship/a hair drier on the right of a toothbrush, front view-3.gif",0.0,success,1.368194,,
v_6518f000212d883a3984,spatial_relationship,test,"a hair drier on the right of a toothbrush, front view",199,cogvideo,"cogvideo/spatial_relationship/a hair drier on the right of a toothbrush, front view-4.gif",0.9375,success,1.600517,,
v_ecd9a4c7b5a4a8908dad,spatial_relationship,test,"a horse on the right of a sheep, front view",65,cogvideo,"cogvideo/spatial_relationship/a horse on the right of a sheep, front view-0.gif",0.25,success,1.353700,,
v_1b2392398c33161d69b1,spatial_relationship,test,"a horse on the right of a sheep, front view",66,cogvideo,"cogvideo/spatial_relationship/a horse on the right of a sheep, front view-1.gif",0.0,success,1.369679,,
v_e19e0e6295bd87f70628,spatial_relationship,test,"a horse on the right of a sheep, front view",67,cogvideo,"cogvideo/spatial_relationship/a horse on the right of a sheep, front view-2.gif",0.35123722593904194,success,1.389395,,
v_71afa4b421a9138ccb5c,spatial_relationship,test,"a horse on the right of a sheep, front view",68,cogvideo,"cogvideo/spatial_relationship/a horse on the right of a sheep, front view-3.gif",0.0,success,1.323538,,
v_c266ee5c79c12ce42a30,spatial_relationship,test,"a horse on the right of a sheep, front view",69,cogvideo,"cogvideo/spatial_relationship/a horse on the right of a sheep, front view-4.gif",0.0,success,1.350346,,
v_6e64b448df77332df431,spatial_relationship,dev,"a hot dog inside of a refrigerator with door open, front view",435,cogvideo,"cogvideo/spatial_relationship/a hot dog inside of a refrigerator with door open, front view-0.gif",,error,0.000018,ValueError: MissingOfficialSpatialMetadata: prompt absent from locked VBench 1.0 VBench_full_info.json,
v_42848c9baf6bd4fb15e4,spatial_relationship,dev,"a hot dog inside of a refrigerator with door open, front view",436,cogvideo,"cogvideo/spatial_relationship/a hot dog inside of a refrigerator with door open, front view-1.gif",,error,0.000022,ValueError: MissingOfficialSpatialMetadata: prompt absent from locked VBench 1.0 VBench_full_info.json,
v_f3981f4234eb2340c12e,spatial_relationship,dev,"a hot dog inside of a refrigerator with door open, front view",437,cogvideo,"cogvideo/spatial_relationship/a hot dog inside of a refrigerator with door open, front view-2.gif",,error,0.000009,ValueError: MissingOfficialSpatialMetadata: prompt absent from locked VBench 1.0 VBench_full_info.json,
v_dff15336099e9e6c07a9,spatial_relationship,dev,"a hot dog inside of a refrigerator with door open, front view",438,cogvideo,"cogvideo/spatial_relationship/a hot dog inside of a refrigerator with door open, front view-3.gif",,error,0.000009,ValueError: MissingOfficialSpatialMetadata: prompt absent from locked VBench 1.0 VBench_full_info.json,
v_95b1d18347db9ce77bb9,spatial_relationship,dev,"a hot dog inside of a refrigerator with door open, front view",439,cogvideo,"cogvideo/spatial_relationship/a hot dog inside of a refrigerator with door open, front view-4.gif",,error,0.000009,ValueError: MissingOfficialSpatialMetadata: prompt absent from locked VBench 1.0 VBench_full_info.json,
v_16e4e7e8e1781ff09de8,spatial_relationship,test,"a hot dog on the bottom of a pizza, front view",335,cogvideo,"cogvideo/spatial_relationship/a hot dog on the bottom of a pizza, front view-0.gif",0.0,success,1.490630,,
v_35f6e4853ef18c0bd68a,spatial_relationship,test,"a hot dog on the bottom of a pizza, front view",336,cogvideo,"cogvideo/spatial_relationship/a hot dog on the bottom of a pizza, front view-1.gif",0.0,success,1.329884,,
v_e451b86cf5dbcd4af418,spatial_relationship,test,"a hot dog on the bottom of a pizza, front view",337,cogvideo,"cogvideo/spatial_relationship/a hot dog on the bottom of a pizza, front view-2.gif",0.0,success,1.348891,,
v_65f57517285d723ccd6a,spatial_relationship,test,"a hot dog on the bottom of a pizza, front view",338,cogvideo,"cogvideo/spatial_relationship/a hot dog on the bottom of a pizza, front view-3.gif",0.015073529411764708,success,1.411164,,
v_c9c06521ec158b0c3f3e,spatial_relationship,test,"a hot dog on the bottom of a pizza, front view",339,cogvideo,"cogvideo/spatial_relationship/a hot dog on the bottom of a pizza, front view-4.gif",0.0,success,1.579176,,
v_d1c39d76ede6e6a2553f,spatial_relationship,dev,"a hot dog on the top of a pizza, front view",330,cogvideo,"cogvideo/spatial_relationship/a hot dog on the top of a pizza, front view-0.gif",0.0,success,1.593617,,
v_f2dde51ef9403181f277,spatial_relationship,dev,"a hot dog on the top of a pizza, front view",331,cogvideo,"cogvideo/spatial_relationship/a hot dog on the top of a pizza, front view-1.gif",0.0,success,1.355185,,
v_213d74dd12a6467cafdd,spatial_relationship,dev,"a hot dog on the top of a pizza, front view",332,cogvideo,"cogvideo/spatial_relationship/a hot dog on the top of a pizza, front view-2.gif",0.0,success,1.348786,,
v_41e0fb6a809cfc076714,spatial_relationship,dev,"a hot dog on the top of a pizza, front view",333,cogvideo,"cogvideo/spatial_relationship/a hot dog on the top of a pizza, front view-3.gif",0.0,success,1.392425,,
v_21639c91cfb3f72336dd,spatial_relationship,dev,"a hot dog on the top of a pizza, front view",334,cogvideo,"cogvideo/spatial_relationship/a hot dog on the top of a pizza, front view-4.gif",0.0,success,1.382780,,
v_59b68db3c818960b794b,spatial_relationship,test,"a kite on the bottom of a skateboard, front view",395,cogvideo,"cogvideo/spatial_relationship/a kite on the bottom of a skateboard, front view-0.gif",0.1875,success,1.394851,,
v_dc86debef8fb79edaf91,spatial_relationship,test,"a kite on the bottom of a skateboard, front view",396,cogvideo,"cogvideo/spatial_relationship/a kite on the bottom of a skateboard, front view-1.gif",0.0625,success,1.508856,,
v_b4a01dc9f2a1aeba491f,spatial_relationship,test,"a kite on the bottom of a skateboard, front view",397,cogvideo,"cogvideo/spatial_relationship/a kite on the bottom of a skateboard, front view-2.gif",0.0,success,1.417148,,
v_8242f033d874b2ee6b7b,spatial_relationship,test,"a kite on the bottom of a skateboard, front view",398,cogvideo,"cogvideo/spatial_relationship/a kite on the bottom of a skateboard, front view-3.gif",0.75,success,1.458237,,
v_e9db6716321853963190,spatial_relationship,test,"a kite on the bottom of a skateboard, front view",399,cogvideo,"cogvideo/spatial_relationship/a kite on the bottom of a skateboard, front view-4.gif",0.375,success,1.362907,,
v_f8f747b82e5e95fb1623,spatial_relationship,test,"a kite on the top of a skateboard, front view",390,cogvideo,"cogvideo/spatial_relationship/a kite on the top of a skateboard, front view-0.gif",0.125,success,1.521210,,
v_3dac64ca167ad1c86e40,spatial_relationship,test,"a kite on the top of a skateboard, front view",391,cogvideo,"cogvideo/spatial_relationship/a kite on the top of a skateboard, front view-1.gif",0.1710836822161397,success,1.609586,,
v_b525b37753e044c459f9,spatial_relationship,test,"a kite on the top of a skateboard, front view",392,cogvideo,"cogvideo/spatial_relationship/a kite on the top of a skateboard, front view-2.gif",0.0625,success,1.324836,,
v_2dec9b613d3fb387dec5,spatial_relationship,test,"a kite on the top of a skateboard, front view",393,cogvideo,"cogvideo/spatial_relationship/a kite on the top of a skateboard, front view-3.gif",0.014062500000000002,success,1.415998,,
v_60d948282b1a7e480727,spatial_relationship,test,"a kite on the top of a skateboard, front view",394,cogvideo,"cogvideo/spatial_relationship/a kite on the top of a skateboard, front view-4.gif",0.0,success,1.416947,,
v_8df29f7f43b24e699ff2,spatial_relationship,test,"a knife on the left of a spoon, front view",120,cogvideo,"cogvideo/spatial_relationship/a knife on the left of a spoon, front view-0.gif",0.6026274891476711,success,1.416141,,
v_e87d2bcbfc31b3fe32b2,spatial_relationship,test,"a knife on the left of a spoon, front view",121,cogvideo,"cogvideo/spatial_relationship/a knife on the left of a spoon, front view-1.gif",0.0625,success,1.527026,,
v_8ee199ff4442268ce762,spatial_relationship,test,"a knife on the left of a spoon, front view",122,cogvideo,"cogvideo/spatial_relationship/a knife on the left of a spoon, front view-2.gif",1.0,success,1.394420,,
v_ff0d81659d134361472d,spatial_relationship,test,"a knife on the left of a spoon, front view",123,cogvideo,"cogvideo/spatial_relationship/a knife on the left of a spoon, front view-3.gif",0.1875,success,1.387717,,
v_98e6e1ff287748e92079,spatial_relationship,test,"a knife on the left of a spoon, front view",124,cogvideo,"cogvideo/spatial_relationship/a knife on the left of a spoon, front view-4.gif",0.5625,success,1.359419,,
v_f1ff96c4e068ad8950e2,spatial_relationship,dev,"a laptop inside of an open backpack, top view",460,cogvideo,"cogvideo/spatial_relationship/a laptop inside of an open backpack, top view-0.gif",,error,0.000012,ValueError: MissingOfficialSpatialMetadata: prompt absent from locked VBench 1.0 VBench_full_info.json,
v_4f2eba8a041e66bb577b,spatial_relationship,dev,"a laptop inside of an open backpack, top view",461,cogvideo,"cogvideo/spatial_relationship/a laptop inside of an open backpack, top view-1.gif",,error,0.000009,ValueError: MissingOfficialSpatialMetadata: prompt absent from locked VBench 1.0 VBench_full_info.json,
v_1e50cb74a82c2c9c2d70,spatial_relationship,dev,"a laptop inside of an open backpack, top view",462,cogvideo,"cogvideo/spatial_relationship/a laptop inside of an open backpack, top view-2.gif",,error,0.000009,ValueError: MissingOfficialSpatialMetadata: prompt absent from locked VBench 1.0 VBench_full_info.json,
v_74f0fd53808206d3a1ae,spatial_relationship,dev,"a laptop inside of an open backpack, top view",463,cogvideo,"cogvideo/spatial_relationship/a laptop inside of an open backpack, top view-3.gif",,error,0.000009,ValueError: MissingOfficialSpatialMetadata: prompt absent from locked VBench 1.0 VBench_full_info.json,
v_fa469bcb2c1fb7ba042b,spatial_relationship,dev,"a laptop inside of an open backpack, top view",464,cogvideo,"cogvideo/spatial_relationship/a laptop inside of an open backpack, top view-4.gif",,error,0.000009,ValueError: MissingOfficialSpatialMetadata: prompt absent from locked VBench 1.0 VBench_full_info.json,
v_bb4f68cb45dfa51e3981,spatial_relationship,test,"a laptop inside of an open handbag, top view",485,cogvideo,"cogvideo/spatial_relationship/a laptop inside of an open handbag, top view-0.gif",,error,0.000008,ValueError: MissingOfficialSpatialMetadata: prompt absent from locked VBench 1.0 VBench_full_info.json,
v_037009b2ba24c0745461,spatial_relationship,test,"a laptop inside of an open handbag, top view",486,cogvideo,"cogvideo/spatial_relationship/a laptop inside of an open handbag, top view-1.gif",,error,0.000009,ValueError: MissingOfficialSpatialMetadata: prompt absent from locked VBench 1.0 VBench_full_info.json,
v_004b2c022cbb36e1b374,spatial_relationship,test,"a laptop inside of an open handbag, top view",487,cogvideo,"cogvideo/spatial_relationship/a laptop inside of an open handbag, top view-2.gif",,error,0.000012,ValueError: MissingOfficialSpatialMetadata: prompt absent from locked VBench 1.0 VBench_full_info.json,
v_c88a340386393fe3a587,spatial_relationship,test,"a laptop inside of an open handbag, top view",488,cogvideo,"cogvideo/spatial_relationship/a laptop inside of an open handbag, top view-3.gif",,error,0.000009,ValueError: MissingOfficialSpatialMetadata: prompt absent from locked VBench 1.0 VBench_full_info.json,
v_f1e709b4234595ab43c9,spatial_relationship,test,"a laptop inside of an open handbag, top view",489,cogvideo,"cogvideo/spatial_relationship/a laptop inside of an open handbag, top view-4.gif",,error,0.000009,ValueError: MissingOfficialSpatialMetadata: prompt absent from locked VBench 1.0 VBench_full_info.json,
v_88f2f7de6b1aa8f16078,spatial_relationship,test,"a laptop inside of an open suitcase, top view",510,cogvideo,"cogvideo/spatial_relationship/a laptop inside of an open suitcase, top view-0.gif",,error,0.000009,ValueError: MissingOfficialSpatialMetadata: prompt absent from locked VBench 1.0 VBench_full_info.json,
v_7aefc9d9e8a6c93922aa,spatial_relationship,test,"a laptop inside of an open suitcase, top view",511,cogvideo,"cogvideo/spatial_relationship/a laptop inside of an open suitcase, top view-1.gif",,error,0.000009,ValueError: MissingOfficialSpatialMetadata: prompt absent from locked VBench 1.0 VBench_full_info.json,
v_2a42057b39516e69692c,spatial_relationship,test,"a laptop inside of an open suitcase, top view",512,cogvideo,"cogvideo/spatial_relationship/a laptop inside of an open suitcase, top view-2.gif",,error,0.000008,ValueError: MissingOfficialSpatialMetadata: prompt absent from locked VBench 1.0 VBench_full_info.json,
v_5e970e82ee5cd2404a28,spatial_relationship,test,"a laptop inside of an open suitcase, top view",513,cogvideo,"cogvideo/spatial_relationship/a laptop inside of an open suitcase, top view-3.gif",,error,0.000029,ValueError: MissingOfficialSpatialMetadata: prompt absent from locked VBench 1.0 VBench_full_info.json,
v_3ff33f556d8df5a13dad,spatial_relationship,test,"a laptop inside of an open suitcase, top view",514,cogvideo,"cogvideo/spatial_relationship/a laptop inside of an open suitcase, top view-4.gif",,error,0.000008,ValueError: MissingOfficialSpatialMetadata: prompt absent from locked VBench 1.0 VBench_full_info.json,
v_7d301f47364115b3be33,spatial_relationship,dev,"a microwave on the bottom of an oven, front view",275,cogvideo,"cogvideo/spatial_relationship/a microwave on the bottom of an oven, front view-0.gif",0.4641953208513766,success,1.651899,,
v_601729639200eaa6aab3,spatial_relationship,dev,"a microwave on the bottom of an oven, front view",276,cogvideo,"cogvideo/spatial_relationship/a microwave on the bottom of an oven, front view-1.gif",0.0,success,1.389864,,
v_2b34719dc55640c2c691,spatial_relationship,dev,"a microwave on the bottom of an oven, front view",277,cogvideo,"cogvideo/spatial_relationship/a microwave on the bottom of an oven, front view-2.gif",0.08940428627411545,success,1.453965,,
v_75328ac7b949e42836e8,spatial_relationship,dev,"a microwave on the bottom of an oven, front view",278,cogvideo,"cogvideo/spatial_relationship/a microwave on the bottom of an oven, front view-3.gif",0.0,success,1.440857,,
v_aa5f73ced4444f60ef28,spatial_relationship,dev,"a microwave on the bottom of an oven, front view",279,cogvideo,"cogvideo/spatial_relationship/a microwave on the bottom of an oven, front view-4.gif",0.0,success,1.638670,,
v_ac1632186a71006e4adc,spatial_relationship,dev,"a microwave on the top of an oven, front view",270,cogvideo,"cogvideo/spatial_relationship/a microwave on the top of an oven, front view-0.gif",0.012494567579313342,success,1.318534,,
v_0c85b1848c52c9ed3562,spatial_relationship,dev,"a microwave on the top of an oven, front view",271,cogvideo,"cogvideo/spatial_relationship/a microwave on the top of an oven, front view-1.gif",0.0,success,1.398761,,
v_826cb6a153a0382ffa03,spatial_relationship,dev,"a microwave on the top of an oven, front view",272,cogvideo,"cogvideo/spatial_relationship/a microwave on the top of an oven, front view-2.gif",0.283001505402306,success,1.416366,,
v_21bcc03664ed0e756db3,spatial_relationship,dev,"a microwave on the top of an oven, front view",273,cogvideo,"cogvideo/spatial_relationship/a microwave on the top of an oven, front view-3.gif",0.07133133961341728,success,1.301626,,
v_7062c58366e422adbcb2,spatial_relationship,dev,"a microwave on the top of an oven, front view",274,cogvideo,"cogvideo/spatial_relationship/a microwave on the top of an oven, front view-4.gif",0.0,success,1.528906,,
v_9a33b1ee6d1fdafd1efc,spatial_relationship,dev,"a motorcycle on the left of a bus, front view",10,cogvideo,"cogvideo/spatial_relationship/a motorcycle on the left of a bus, front view-0.gif",0.0625,success,1.334299,,
v_64b122c973454154288b,spatial_relationship,dev,"a motorcycle on the left of a bus, front view",11,cogvideo,"cogvideo/spatial_relationship/a motorcycle on the left of a bus, front view-1.gif",0.0625,success,1.303266,,
v_73e2b8ba44078f0fd20b,spatial_relationship,dev,"a motorcycle on the left of a bus, front view",12,cogvideo,"cogvideo/spatial_relationship/a motorcycle on the left of a bus, front view-2.gif",0.0,success,1.380226,,
v_ca5c5f9124a5e54bd577,spatial_relationship,dev,"a motorcycle on the left of a bus, front view",13,cogvideo,"cogvideo/spatial_relationship/a motorcycle on the left of a bus, front view-3.gif",0.25,success,1.407950,,
v_b6b2a018ecd9ad2d73d4,spatial_relationship,dev,"a motorcycle on the left of a bus, front view",14,cogvideo,"cogvideo/spatial_relationship/a motorcycle on the left of a bus, front view-4.gif",0.1875,success,1.627581,,
v_1f47d7ec739b9740c863,spatial_relationship,test,"a parking meter on the right of a bench, front view",35,cogvideo,"cogvideo/spatial_relationship/a parking meter on the right of a bench, front view-0.gif",0.6567114261783805,success,1.470563,,
v_5a9abe91ed17815e0cbf,spatial_relationship,test,"a parking meter on the right of a bench, front view",36,cogvideo,"cogvideo/spatial_relationship/a parking meter on the right of a bench, front view-1.gif",1.0,success,1.518669,,
v_e0193f1aee3e58ad8b19,spatial_relationship,test,"a parking meter on the right of a bench, front view",37,cogvideo,"cogvideo/spatial_relationship/a parking meter on the right of a bench, front view-2.gif",0.0,success,1.372497,,
v_03ef9e0d20365cbaf49a,spatial_relationship,test,"a parking meter on the right of a bench, front view",38,cogvideo,"cogvideo/spatial_relationship/a parking meter on the right of a bench, front view-3.gif",0.0,success,1.378762,,
v_3b8d8157c16daa02bb1e,spatial_relationship,test,"a parking meter on the right of a bench, front view",39,cogvideo,"cogvideo/spatial_relationship/a parking meter on the right of a bench, front view-4.gif",1.0,success,1.486019,,
v_40664d92afa1483e1cd6,spatial_relationship,test,"a person inside of a bus, front view",530,cogvideo,"cogvideo/spatial_relationship/a person inside of a bus, front view-0.gif",,error,0.000018,ValueError: MissingOfficialSpatialMetadata: prompt absent from locked VBench 1.0 VBench_full_info.json,
v_7184160e86bdcbb4ee58,spatial_relationship,test,"a person inside of a bus, front view",531,cogvideo,"cogvideo/spatial_relationship/a person inside of a bus, front view-1.gif",,error,0.000009,ValueError: MissingOfficialSpatialMetadata: prompt absent from locked VBench 1.0 VBench_full_info.json,
v_fd606799106241c7b3b8,spatial_relationship,test,"a person inside of a bus, front view",532,cogvideo,"cogvideo/spatial_relationship/a person inside of a bus, front view-2.gif",,error,0.000009,ValueError: MissingOfficialSpatialMetadata: prompt absent from locked VBench 1.0 VBench_full_info.json,
v_3f1fd804ac0d71004907,spatial_relationship,test,"a person inside of a bus, front view",533,cogvideo,"cogvideo/spatial_relationship/a person inside of a bus, front view-3.gif",,error,0.000008,ValueError: MissingOfficialSpatialMetadata: prompt absent from locked VBench 1.0 VBench_full_info.json,
v_601c904f22e39d096a21,spatial_relationship,test,"a person inside of a bus, front view",534,cogvideo,"cogvideo/spatial_relationship/a person inside of a bus, front view-4.gif",,error,0.000008,ValueError: MissingOfficialSpatialMetadata: prompt absent from locked VBench 1.0 VBench_full_info.json,
v_cbacecd252f6c5fc1891,spatial_relationship,dev,"a person inside of a car, front view",525,cogvideo,"cogvideo/spatial_relationship/a person inside of a car, front view-0.gif",,error,0.000008,ValueError: MissingOfficialSpatialMetadata: prompt absent from locked VBench 1.0 VBench_full_info.json,
v_284adf7ffff89cc0b325,spatial_relationship,dev,"a person inside of a car, front view",526,cogvideo,"cogvideo/spatial_relationship/a person inside of a car, front view-1.gif",,error,0.000008,ValueError: MissingOfficialSpatialMetadata: prompt absent from locked VBench 1.0 VBench_full_info.json,
v_7a9e0532128fd2361dee,spatial_relationship,dev,"a person inside of a car, front view",527,cogvideo,"cogvideo/spatial_relationship/a person inside of a car, front view-2.gif",,error,0.000008,ValueError: MissingOfficialSpatialMetadata: prompt absent from locked VBench 1.0 VBench_full_info.json,
v_05b9858c5bc42cb185c7,spatial_relationship,dev,"a person inside of a car, front view",528,cogvideo,"cogvideo/spatial_relationship/a person inside of a car, front view-3.gif",,error,0.000009,ValueError: MissingOfficialSpatialMetadata: prompt absent from locked VBench 1.0 VBench_full_info.json,
v_e8dab1fd56a4bbf67bf3,spatial_relationship,dev,"a person inside of a car, front view",529,cogvideo,"cogvideo/spatial_relationship/a person inside of a car, front view-4.gif",,error,0.000009,ValueError: MissingOfficialSpatialMetadata: prompt absent from locked VBench 1.0 VBench_full_info.json,
v_963696b1c73fb311fab5,spatial_relationship,test,"a person inside of a train, front view",535,cogvideo,"cogvideo/spatial_relationship/a person inside of a train, front view-0.gif",,error,0.000009,ValueError: MissingOfficialSpatialMetadata: prompt absent from locked VBench 1.0 VBench_full_info.json,
v_c6375d150f3cff207cdd,spatial_relationship,test,"a person inside of a train, front view",536,cogvideo,"cogvideo/spatial_relationship/a person inside of a train, front view-1.gif",,error,0.000009,ValueError: MissingOfficialSpatialMetadata: prompt absent from locked VBench 1.0 VBench_full_info.json,
v_2c9075b18ec85d65798f,spatial_relationship,test,"a person inside of a train, front view",537,cogvideo,"cogvideo/spatial_relationship/a person inside of a train, front view-2.gif",,error,0.000009,ValueError: MissingOfficialSpatialMetadata: prompt absent from locked VBench 1.0 VBench_full_info.json,
v_6f64758a574bcad14b0c,spatial_relationship,test,"a person inside of a train, front view",538,cogvideo,"cogvideo/spatial_relationship/a person inside of a train, front view-3.gif",,error,0.000008,ValueError: MissingOfficialSpatialMetadata: prompt absent from locked VBench 1.0 VBench_full_info.json,
v_456ba5e4740f6395ee35,spatial_relationship,test,"a person inside of a train, front view",539,cogvideo,"cogvideo/spatial_relationship/a person inside of a train, front view-4.gif",,error,0.000009,ValueError: MissingOfficialSpatialMetadata: prompt absent from locked VBench 1.0 VBench_full_info.json,
v_b0bf944a658ceb89106b,spatial_relationship,dev,"a pizza on the bottom of a donut, front view",345,cogvideo,"cogvideo/spatial_relationship/a pizza on the bottom of a donut, front view-0.gif",0.0,success,1.384088,,
v_c0b93c2aaf21fe558b76,spatial_relationship,dev,"a pizza on the bottom of a donut, front view",346,cogvideo,"cogvideo/spatial_relationship/a pizza on the bottom of a donut, front view-1.gif",0.0,success,1.262778,,
v_7749c2d544b2865d875d,spatial_relationship,dev,"a pizza on the bottom of a donut, front view",347,cogvideo,"cogvideo/spatial_relationship/a pizza on the bottom of a donut, front view-2.gif",0.0,success,1.336616,,
v_ffe35b2082d38accf77f,spatial_relationship,dev,"a pizza on the bottom of a donut, front view",348,cogvideo,"cogvideo/spatial_relationship/a pizza on the bottom of a donut, front view-3.gif",0.0,success,1.341249,,
v_d2a7655227304de19128,spatial_relationship,dev,"a pizza on the bottom of a donut, front view",349,cogvideo,"cogvideo/spatial_relationship/a pizza on the bottom of a donut, front view-4.gif",0.0,success,1.348179,,
v_ec67807a04a2713de32e,spatial_relationship,dev,"a pizza on the top of a donut, front view",340,cogvideo,"cogvideo/spatial_relationship/a pizza on the top of a donut, front view-0.gif",0.0,success,1.548407,,
v_14b29d146b5f90cf8e95,spatial_relationship,dev,"a pizza on the top of a donut, front view",341,cogvideo,"cogvideo/spatial_relationship/a pizza on the top of a donut, front view-1.gif",0.0,success,1.393381,,
v_d7f070002b9eb62c4b95,spatial_relationship,dev,"a pizza on the top of a donut, front view",342,cogvideo,"cogvideo/spatial_relationship/a pizza on the top of a donut, front view-2.gif",1.0,success,1.454147,,
v_92eca9e2d9e9d5264a34,spatial_relationship,dev,"a pizza on the top of a donut, front view",343,cogvideo,"cogvideo/spatial_relationship/a pizza on the top of a donut, front view-3.gif",0.0,success,1.384776,,
v_751f48c26787a1fb2c68,spatial_relationship,dev,"a pizza on the top of a donut, front view",344,cogvideo,"cogvideo/spatial_relationship/a pizza on the top of a donut, front view-4.gif",0.1875,success,1.454826,,
v_e1d3e7518fe3fb6b9837,spatial_relationship,test,"a potted plant on the left of a remote, front view",135,cogvideo,"cogvideo/spatial_relationship/a potted plant on the left of a remote, front view-0.gif",0.0,success,1.659854,,
v_6efb829ef8fbec04834c,spatial_relationship,test,"a potted plant on the left of a remote, front view",136,cogvideo,"cogvideo/spatial_relationship/a potted plant on the left of a remote, front view-1.gif",0.0625,success,1.457112,,
v_9a443fd3b7fa6a629a54,spatial_relationship,test,"a potted plant on the left of a remote, front view",137,cogvideo,"cogvideo/spatial_relationship/a potted plant on the left of a remote, front view-2.gif",0.0,success,1.459202,,
v_8fefb2297f96630dd418,spatial_relationship,test,"a potted plant on the left of a remote, front view",138,cogvideo,"cogvideo/spatial_relationship/a potted plant on the left of a remote, front view-3.gif",0.0,success,1.445336,,
v_2af66efc23ae4a269466,spatial_relationship,test,"a potted plant on the left of a remote, front view",139,cogvideo,"cogvideo/spatial_relationship/a potted plant on the left of a remote, front view-4.gif",0.0,success,1.411140,,
v_c54887b7b844c0aa9f98,spatial_relationship,test,"a remote on the right of a clock, front view",140,cogvideo,"cogvideo/spatial_relationship/a remote on the right of a clock, front view-0.gif",0.32534291405747656,success,1.623040,,
v_2fc61630d04d1ece4e9b,spatial_relationship,test,"a remote on the right of a clock, front view",141,cogvideo,"cogvideo/spatial_relationship/a remote on the right of a clock, front view-1.gif",0.5933649825074965,success,1.499697,,
v_146443a8e4408d1b5598,spatial_relationship,test,"a remote on the right of a clock, front view",142,cogvideo,"cogvideo/spatial_relationship/a remote on the right of a clock, front view-2.gif",0.0,success,1.319699,,
v_12affcb2f493addccc7a,spatial_relationship,test,"a remote on the right of a clock, front view",143,cogvideo,"cogvideo/spatial_relationship/a remote on the right of a clock, front view-3.gif",0.10975579642337284,success,1.332710,,
v_2b558d2330d6e6ac3998,spatial_relationship,test,"a remote on the right of a clock, front view",144,cogvideo,"cogvideo/spatial_relationship/a remote on the right of a clock, front view-4.gif",0.0,success,1.601972,,
v_e3cd6f5f20a2c86e0219,spatial_relationship,test,"a sandwich inside of a refrigerator with door open, front view",420,cogvideo,"cogvideo/spatial_relationship/a sandwich inside of a refrigerator with door open, front view-0.gif",,error,0.000019,ValueError: MissingOfficialSpatialMetadata: prompt absent from locked VBench 1.0 VBench_full_info.json,
v_67b5ad5e3662dc37c980,spatial_relationship,test,"a sandwich inside of a refrigerator with door open, front view",421,cogvideo,"cogvideo/spatial_relationship/a sandwich inside of a refrigerator with door open, front view-1.gif",,error,0.000010,ValueError: MissingOfficialSpatialMetadata: prompt absent from locked VBench 1.0 VBench_full_info.json,
v_339e15cccc85df92eb82,spatial_relationship,test,"a sandwich inside of a refrigerator with door open, front view",422,cogvideo,"cogvideo/spatial_relationship/a sandwich inside of a refrigerator with door open, front view-2.gif",,error,0.000009,ValueError: MissingOfficialSpatialMetadata: prompt absent from locked VBench 1.0 VBench_full_info.json,
v_83651771ce08044200fc,spatial_relationship,test,"a sandwich inside of a refrigerator with door open, front view",423,cogvideo,"cogvideo/spatial_relationship/a sandwich inside of a refrigerator with door open, front view-3.gif",,error,0.000009,ValueError: MissingOfficialSpatialMetadata: prompt absent from locked VBench 1.0 VBench_full_info.json,
v_30cd5ff28c586c6ca8c3,spatial_relationship,test,"a sandwich inside of a refrigerator with door open, front view",424,cogvideo,"cogvideo/spatial_relationship/a sandwich inside of a refrigerator with door open, front view-4.gif",,error,0.000009,ValueError: MissingOfficialSpatialMetadata: prompt absent from locked VBench 1.0 VBench_full_info.json,
v_d84d5c857a01ad31313f,spatial_relationship,test,"a sandwich on the bottom of an orange, front view",305,cogvideo,"cogvideo/spatial_relationship/a sandwich on the bottom of an orange, front view-0.gif",0.0,success,1.362371,,
v_dd0311df3462451b4f56,spatial_relationship,test,"a sandwich on the bottom of an orange, front view",306,cogvideo,"cogvideo/spatial_relationship/a sandwich on the bottom of an orange, front view-1.gif",0.22093015103916036,success,1.412013,,
v_c320e549683e05c39d49,spatial_relationship,test,"a sandwich on the bottom of an orange, front view",307,cogvideo,"cogvideo/spatial_relationship/a sandwich on the bottom of an orange, front view-2.gif",1.0,success,1.404489,,
v_2b891568c9641e89cf7b,spatial_relationship,test,"a sandwich on the bottom of an orange, front view",308,cogvideo,"cogvideo/spatial_relationship/a sandwich on the bottom of an orange, front view-3.gif",0.0,success,1.366773,,
v_7fc4c9b8647483a1879d,spatial_relationship,test,"a sandwich on the bottom of an orange, front view",309,cogvideo,"cogvideo/spatial_relationship/a sandwich on the bottom of an orange, front view-4.gif",0.6397125373497325,success,1.538154,,
v_da98834b1307d8d3f122,spatial_relationship,test,"a sandwich on the top of an orange, front view",300,cogvideo,"cogvideo/spatial_relationship/a sandwich on the top of an orange, front view-0.gif",0.0,success,1.344868,,
v_34582e6ddce2b7cb3559,spatial_relationship,test,"a sandwich on the top of an orange, front view",301,cogvideo,"cogvideo/spatial_relationship/a sandwich on the top of an orange, front view-1.gif",0.0,success,1.409537,,
v_1211436ab1f7130b6968,spatial_relationship,test,"a sandwich on the top of an orange, front view",302,cogvideo,"cogvideo/spatial_relationship/a sandwich on the top of an orange, front view-2.gif",0.11106170400427225,success,1.346439,,
v_ece9eeedb86acdd78f90,spatial_relationship,test,"a sandwich on the top of an orange, front view",303,cogvideo,"cogvideo/spatial_relationship/a sandwich on the top of an orange, front view-3.gif",0.0,success,1.487117,,
v_1ea2cdfeeb14439cd882,spatial_relationship,test,"a sandwich on the top of an orange, front view",304,cogvideo,"cogvideo/spatial_relationship/a sandwich on the top of an orange, front view-4.gif",0.0,success,1.264540,,
v_5613b34d1ca22f636562,spatial_relationship,test,"a sheep on the left of a cow, front view",70,cogvideo,"cogvideo/spatial_relationship/a sheep on the left of a cow, front view-0.gif",0.0625,success,1.324394,,
v_90d0c0e53f61441a6a1a,spatial_relationship,test,"a sheep on the left of a cow, front view",71,cogvideo,"cogvideo/spatial_relationship/a sheep on the left of a cow, front view-1.gif",0.1110700187811115,success,1.448913,,
v_ecfc2d3283e2857acbfd,spatial_relationship,test,"a sheep on the left of a cow, front view",72,cogvideo,"cogvideo/spatial_relationship/a sheep on the left of a cow, front view-2.gif",0.0625,success,1.337815,,
v_b8d7f3c9b97d2563389e,spatial_relationship,test,"a sheep on the left of a cow, front view",73,cogvideo,"cogvideo/spatial_relationship/a sheep on the left of a cow, front view-3.gif",1.0,success,1.377720,,
v_0d30643c8b64d0a43767,spatial_relationship,test,"a sheep on the left of a cow, front view",74,cogvideo,"cogvideo/spatial_relationship/a sheep on the left of a cow, front view-4.gif",0.0,success,1.476269,,
v_2e2a7efb9369f24390da,spatial_relationship,dev,"a sink on the right of a toilet, front view",205,cogvideo,"cogvideo/spatial_relationship/a sink on the right of a toilet, front view-0.gif",0.0,success,1.394566,,
v_8995a280cb473415b6aa,spatial_relationship,dev,"a sink on the right of a toilet, front view",206,cogvideo,"cogvideo/spatial_relationship/a sink on the right of a toilet, front view-1.gif",0.1875,success,1.488636,,
v_2416ff9fa4f2583eed5b,spatial_relationship,dev,"a sink on the right of a toilet, front view",207,cogvideo,"cogvideo/spatial_relationship/a sink on the right of a toilet, front view-2.gif",0.0,success,1.382833,,
v_0c2508facda8bafb0f9d,spatial_relationship,dev,"a sink on the right of a toilet, front view",208,cogvideo,"cogvideo/spatial_relationship/a sink on the right of a toilet, front view-3.gif",0.0,success,1.408331,,
v_ceb0de530def835960b4,spatial_relationship,dev,"a sink on the right of a toilet, front view",209,cogvideo,"cogvideo/spatial_relationship/a sink on the right of a toilet, front view-4.gif",0.0,success,1.383140,,
v_2e03dfd190f3068a3247,spatial_relationship,dev,"a skateboard on the bottom of a surfboard, front view",405,cogvideo,"cogvideo/spatial_relationship/a skateboard on the bottom of a surfboard, front view-0.gif",0.0,success,1.395452,,
v_1b23933262b3c483a7fc,spatial_relationship,dev,"a skateboard on the bottom of a surfboard, front view",406,cogvideo,"cogvideo/spatial_relationship/a skateboard on the bottom of a surfboard, front view-1.gif",0.0,success,1.463411,,
v_77f64c8eb9fcc67b6439,spatial_relationship,dev,"a skateboard on the bottom of a surfboard, front view",407,cogvideo,"cogvideo/spatial_relationship/a skateboard on the bottom of a surfboard, front view-2.gif",0.0,success,1.406117,,
v_b1655b87f50b93ba6c55,spatial_relationship,dev,"a skateboard on the bottom of a surfboard, front view",408,cogvideo,"cogvideo/spatial_relationship/a skateboard on the bottom of a surfboard, front view-3.gif",0.0,success,1.511122,,
v_eb47c31caecf33adea1c,spatial_relationship,dev,"a skateboard on the bottom of a surfboard, front view",409,cogvideo,"cogvideo/spatial_relationship/a skateboard on the bottom of a surfboard, front view-4.gif",0.013526503164556962,success,1.391440,,
v_774b3fc1c94009c93e30,spatial_relationship,test,"a skateboard on the top of a surfboard, front view",400,cogvideo,"cogvideo/spatial_relationship/a skateboard on the top of a surfboard, front view-0.gif",0.0,success,1.378180,,
v_04c23fcabea13a6b7da3,spatial_relationship,test,"a skateboard on the top of a surfboard, front view",401,cogvideo,"cogvideo/spatial_relationship/a skateboard on the top of a surfboard, front view-1.gif",0.3125,success,1.427367,,
v_303bb391f821d56d71b5,spatial_relationship,test,"a skateboard on the top of a surfboard, front view",402,cogvideo,"cogvideo/spatial_relationship/a skateboard on the top of a surfboard, front view-2.gif",0.17560466058274038,success,1.333012,,
v_f688357f34ed4e06020e,spatial_relationship,test,"a skateboard on the top of a surfboard, front view",403,cogvideo,"cogvideo/spatial_relationship/a skateboard on the top of a surfboard, front view-3.gif",0.0,success,1.529804,,
v_1c011a900657d7da4dee,spatial_relationship,test,"a skateboard on the top of a surfboard, front view",404,cogvideo,"cogvideo/spatial_relationship/a skateboard on the top of a surfboard, front view-4.gif",0.0,success,1.386372,,
v_701b72a6ef2a47eed003,spatial_relationship,dev,"a snowboard on the bottom of a kite, front view",385,cogvideo,"cogvideo/spatial_relationship/a snowboard on the bottom of a kite, front view-0.gif",0.13951612903225807,success,1.393732,,
v_4c7ae370fb9d327141d7,spatial_relationship,dev,"a snowboard on the bottom of a kite, front view",386,cogvideo,"cogvideo/spatial_relationship/a snowboard on the bottom of a kite, front view-1.gif",0.058083333333333334,success,1.395398,,
v_12c0217e1555d711aac9,spatial_relationship,dev,"a snowboard on the bottom of a kite, front view",387,cogvideo,"cogvideo/spatial_relationship/a snowboard on the bottom of a kite, front view-2.gif",0.0,success,1.343586,,
v_ec4acdf1690ffe1cccff,spatial_relationship,dev,"a snowboard on the bottom of a kite, front view",388,cogvideo,"cogvideo/spatial_relationship/a snowboard on the bottom of a kite, front view-3.gif",0.8125,success,1.504443,,
v_03cc200c2e8a000d8a0e,spatial_relationship,dev,"a snowboard on the bottom of a kite, front view",389,cogvideo,"cogvideo/spatial_relationship/a snowboard on the bottom of a kite, front view-4.gif",0.5625,success,1.367855,,
v_2cbd5e87aaad14ade765,spatial_relationship,test,"a snowboard on the top of a kite, front view",380,cogvideo,"cogvideo/spatial_relationship/a snowboard on the top of a kite, front view-0.gif",0.375,success,1.345781,,
v_504de0e2f94745368489,spatial_relationship,test,"a snowboard on the top of a kite, front view",381,cogvideo,"cogvideo/spatial_relationship/a snowboard on the top of a kite, front view-1.gif",0.0,success,1.391042,,
v_aa18ae0baebaee9ef08f,spatial_relationship,test,"a snowboard on the top of a kite, front view",382,cogvideo,"cogvideo/spatial_relationship/a snowboard on the top of a kite, front view-2.gif",0.0,success,1.424113,,
v_e663a4ca7f5d1ed0ec9a,spatial_relationship,test,"a snowboard on the top of a kite, front view",383,cogvideo,"cogvideo/spatial_relationship/a snowboard on the top of a kite, front view-3.gif",0.0,success,1.592306,,
v_34c84de77eb0a91feff6,spatial_relationship,test,"a snowboard on the top of a kite, front view",384,cogvideo,"cogvideo/spatial_relationship/a snowboard on the top of a kite, front view-4.gif",0.4803655243062023,success,1.418188,,
v_3c9e3a2a61772067fa34,spatial_relationship,dev,"a spoon on the right of a bowl, front view",125,cogvideo,"cogvideo/spatial_relationship/a spoon on the right of a bowl, front view-0.gif",0.9633651519690664,success,1.494002,,
v_68d711686d235947e017,spatial_relationship,dev,"a spoon on the right of a bowl, front view",126,cogvideo,"cogvideo/spatial_relationship/a spoon on the right of a bowl, front view-1.gif",0.875,success,1.618095,,
v_1d7aca1370df9b567fcb,spatial_relationship,dev,"a spoon on the right of a bowl, front view",127,cogvideo,"cogvideo/spatial_relationship/a spoon on the right of a bowl, front view-2.gif",0.7075245221857371,success,1.335221,,
v_f69ff318d70f39daf894,spatial_relationship,dev,"a spoon on the right of a bowl, front view",128,cogvideo,"cogvideo/spatial_relationship/a spoon on the right of a bowl, front view-3.gif",0.0,success,1.402469,,
v_29e56a717e32be1ebd9c,spatial_relationship,dev,"a spoon on the right of a bowl, front view",129,cogvideo,"cogvideo/spatial_relationship/a spoon on the right of a bowl, front view-4.gif",0.625,success,1.396077,,
v_d8dda73f2ef679adb273,spatial_relationship,test,"a sports ball on the right of a baseball bat, front view",170,cogvideo,"cogvideo/spatial_relationship/a sports ball on the right of a baseball bat, front view-0.gif",0.0,success,1.411412,,
v_d6eae487817e465fdd3c,spatial_relationship,test,"a sports ball on the right of a baseball bat, front view",171,cogvideo,"cogvideo/spatial_relationship/a sports ball on the right of a baseball bat, front view-1.gif",1.0,success,1.586948,,
v_5e1dc6574be9f781ba78,spatial_relationship,test,"a sports ball on the right of a baseball bat, front view",172,cogvideo,"cogvideo/spatial_relationship/a sports ball on the right of a baseball bat, front view-2.gif",0.0,success,1.492069,,
v_45aeb6c4205a41d3fcb2,spatial_relationship,test,"a sports ball on the right of a baseball bat, front view",173,cogvideo,"cogvideo/spatial_relationship/a sports ball on the right of a baseball bat, front view-3.gif",0.0,success,1.395767,,
v_39c441e3ca2f501113f6,spatial_relationship,test,"a sports ball on the right of a baseball bat, front view",174,cogvideo,"cogvideo/spatial_relationship/a sports ball on the right of a baseball bat, front view-4.gif",0.22775375095494285,success,1.493181,,
v_9aa9e78d95655e17978a,spatial_relationship,test,"a stop sign on the left of a parking meter, front view",30,cogvideo,"cogvideo/spatial_relationship/a stop sign on the left of a parking meter, front view-0.gif",0.3148394181190809,success,1.368438,,
v_9b5634aaa70c68129f8a,spatial_relationship,test,"a stop sign on the left of a parking meter, front view",31,cogvideo,"cogvideo/spatial_relationship/a stop sign on the left of a parking meter, front view-1.gif",0.05471577324563778,success,1.609708,,
v_360bb683e332703b552c,spatial_relationship,test,"a stop sign on the left of a parking meter, front view",32,cogvideo,"cogvideo/spatial_relationship/a stop sign on the left of a parking meter, front view-2.gif",0.0,success,1.450469,,
v_aac0be5a3ea555600c04,spatial_relationship,test,"a stop sign on the left of a parking meter, front view",33,cogvideo,"cogvideo/spatial_relationship/a stop sign on the left of a parking meter, front view-3.gif",0.0,success,1.398284,,
v_f030c191d1be0f1dabcb,spatial_relationship,test,"a stop sign on the left of a parking meter, front view",34,cogvideo,"cogvideo/spatial_relationship/a stop sign on the left of a parking meter, front view-4.gif",0.0,success,1.413021,,
v_be16c6cbbca9faa190a0,spatial_relationship,test,"a surfboard on the bottom of skis, front view",415,cogvideo,"cogvideo/spatial_relationship/a surfboard on the bottom of skis, front view-0.gif",0.0,success,1.393705,,
v_c4c3361cf5b598762ffc,spatial_relationship,test,"a surfboard on the bottom of skis, front view",416,cogvideo,"cogvideo/spatial_relationship/a surfboard on the bottom of skis, front view-1.gif",0.0625,success,1.636683,,
v_47533a373cf5edc1bcb7,spatial_relationship,test,"a surfboard on the bottom of skis, front view",417,cogvideo,"cogvideo/spatial_relationship/a surfboard on the bottom of skis, front view-2.gif",0.0,success,1.351210,,
v_bdbe98df578aa273f0a7,spatial_relationship,test,"a surfboard on the bottom of skis, front view",418,cogvideo,"cogvideo/spatial_relationship/a surfboard on the bottom of skis, front view-3.gif",0.0,success,1.386062,,
v_c03a2b20d7ddd32baf41,spatial_relationship,test,"a surfboard on the bottom of skis, front view",419,cogvideo,"cogvideo/spatial_relationship/a surfboard on the bottom of skis, front view-4.gif",0.0,success,1.433081,,
v_75837aa0a36343797db1,spatial_relationship,dev,"a surfboard on the top of skis, front view",410,cogvideo,"cogvideo/spatial_relationship/a surfboard on the top of skis, front view-0.gif",0.0625,success,1.372807,,
v_9039a010b09925816de5,spatial_relationship,dev,"a surfboard on the top of skis, front view",411,cogvideo,"cogvideo/spatial_relationship/a surfboard on the top of skis, front view-1.gif",0.0625,success,1.631854,,
v_a72cc4115de7ee7fa6d5,spatial_relationship,dev,"a surfboard on the top of skis, front view",412,cogvideo,"cogvideo/spatial_relationship/a surfboard on the top of skis, front view-2.gif",0.0,success,1.338579,,
v_2cc449d2acc70858e6c7,spatial_relationship,dev,"a surfboard on the top of skis, front view",413,cogvideo,"cogvideo/spatial_relationship/a surfboard on the top of skis, front view-3.gif",0.0,success,1.362372,,
v_c24a257af6f5ec0a8000,spatial_relationship,dev,"a surfboard on the top of skis, front view",414,cogvideo,"cogvideo/spatial_relationship/a surfboard on the top of skis, front view-4.gif",0.0,success,1.345013,,
v_1e58c4b4f601b9b14bae,spatial_relationship,dev,"a teddy bear on the right of a potted plant, front view",160,cogvideo,"cogvideo/spatial_relationship/a teddy bear on the right of a potted plant, front view-0.gif",0.0,success,1.439422,,
v_9ac5c3fc608d06c734b2,spatial_relationship,dev,"a teddy bear on the right of a potted plant, front view",161,cogvideo,"cogvideo/spatial_relationship/a teddy bear on the right of a potted plant, front view-1.gif",0.0,success,1.379301,,
v_adeefe7030e40dee8575,spatial_relationship,dev,"a teddy bear on the right of a potted plant, front view",162,cogvideo,"cogvideo/spatial_relationship/a teddy bear on the right of a potted plant, front view-2.gif",0.9762605891844016,success,1.629071,,
v_df215392daf7cc99e67e,spatial_relationship,dev,"a teddy bear on the right of a potted plant, front view",163,cogvideo,"cogvideo/spatial_relationship/a teddy bear on the right of a potted plant, front view-3.gif",0.0,success,1.357363,,
v_9ba97677be3dadf660a6,spatial_relationship,dev,"a teddy bear on the right of a potted plant, front view",164,cogvideo,"cogvideo/spatial_relationship/a teddy bear on the right of a potted plant, front view-4.gif",0.0,success,1.394905,,
v_46908b527ce5e7f46b30,spatial_relationship,test,"a tennis racket on the left of a frisbee, front view",185,cogvideo,"cogvideo/spatial_relationship/a tennis racket on the left of a frisbee, front view-0.gif",0.0,success,1.498064,,
v_75ce5d20658523fe1d4d,spatial_relationship,test,"a tennis racket on the left of a frisbee, front view",186,cogvideo,"cogvideo/spatial_relationship/a tennis racket on the left of a frisbee, front view-1.gif",0.0,success,1.415305,,
v_869a8ac936b4713c0b18,spatial_relationship,test,"a tennis racket on the left of a frisbee, front view",187,cogvideo,"cogvideo/spatial_relationship/a tennis racket on the left of a frisbee, front view-2.gif",0.0,success,1.816410,,
v_42c32cafe3a3d69d140f,spatial_relationship,test,"a tennis racket on the left of a frisbee, front view",188,cogvideo,"cogvideo/spatial_relationship/a tennis racket on the left of a frisbee, front view-3.gif",0.025667805559869545,success,1.358369,,
v_74fbfb65dd21041f1784,spatial_relationship,test,"a tennis racket on the left of a frisbee, front view",189,cogvideo,"cogvideo/spatial_relationship/a tennis racket on the left of a frisbee, front view-4.gif",0.0,success,1.336282,,
v_5306ff2137ce593316c3,spatial_relationship,test,"a tie inside of an open backpack, top view",470,cogvideo,"cogvideo/spatial_relationship/a tie inside of an open backpack, top view-0.gif",,error,0.000017,ValueError: MissingOfficialSpatialMetadata: prompt absent from locked VBench 1.0 VBench_full_info.json,
v_cfdd3f2ff9bb26de4c54,spatial_relationship,test,"a tie inside of an open backpack, top view",471,cogvideo,"cogvideo/spatial_relationship/a tie inside of an open backpack, top view-1.gif",,error,0.000010,ValueError: MissingOfficialSpatialMetadata: prompt absent from locked VBench 1.0 VBench_full_info.json,
v_3bf05233bafae306a89c,spatial_relationship,test,"a tie inside of an open backpack, top view",472,cogvideo,"cogvideo/spatial_relationship/a tie inside of an open backpack, top view-2.gif",,error,0.000025,ValueError: MissingOfficialSpatialMetadata: prompt absent from locked VBench 1.0 VBench_full_info.json,
v_fe4ef663ae5fc8dce204,spatial_relationship,test,"a tie inside of an open backpack, top view",473,cogvideo,"cogvideo/spatial_relationship/a tie inside of an open backpack, top view-3.gif",,error,0.000009,ValueError: MissingOfficialSpatialMetadata: prompt absent from locked VBench 1.0 VBench_full_info.json,
v_30698fc3e9c658ff12fd,spatial_relationship,test,"a tie inside of an open backpack, top view",474,cogvideo,"cogvideo/spatial_relationship/a tie inside of an open backpack, top view-4.gif",,error,0.000009,ValueError: MissingOfficialSpatialMetadata: prompt absent from locked VBench 1.0 VBench_full_info.json,
v_1ec3b62a60f464cc46ab,spatial_relationship,test,"a tie inside of an open handbag, top view",495,cogvideo,"cogvideo/spatial_relationship/a tie inside of an open handbag, top view-0.gif",,error,0.000008,ValueError: MissingOfficialSpatialMetadata: prompt absent from locked VBench 1.0 VBench_full_info.json,
v_04d3b0b0f4b67106fd47,spatial_relationship,test,"a tie inside of an open handbag, top view",496,cogvideo,"cogvideo/spatial_relationship/a tie inside of an open handbag, top view-1.gif",,error,0.000009,ValueError: MissingOfficialSpatialMetadata: prompt absent from locked VBench 1.0 VBench_full_info.json,
v_67ffbdb045572e09c093,spatial_relationship,test,"a tie inside of an open handbag, top view",497,cogvideo,"cogvideo/spatial_relationship/a tie inside of an open handbag, top view-2.gif",,error,0.000009,ValueError: MissingOfficialSpatialMetadata: prompt absent from locked VBench 1.0 VBench_full_info.json,
v_1dad4570757901166305,spatial_relationship,test,"a tie inside of an open handbag, top view",498,cogvideo,"cogvideo/spatial_relationship/a tie inside of an open handbag, top view-3.gif",,error,0.000009,ValueError: MissingOfficialSpatialMetadata: prompt absent from locked VBench 1.0 VBench_full_info.json,
v_0e8c549cad10ef4b86c2,spatial_relationship,test,"a tie inside of an open handbag, top view",499,cogvideo,"cogvideo/spatial_relationship/a tie inside of an open handbag, top view-4.gif",,error,0.000009,ValueError: MissingOfficialSpatialMetadata: prompt absent from locked VBench 1.0 VBench_full_info.json,
v_d48cc19635e02b7d8961,spatial_relationship,dev,"a tie inside of an open suitcase, top view",520,cogvideo,"cogvideo/spatial_relationship/a tie inside of an open suitcase, top view-0.gif",,error,0.000009,ValueError: MissingOfficialSpatialMetadata: prompt absent from locked VBench 1.0 VBench_full_info.json,
v_b230faa4b91c694d24d8,spatial_relationship,dev,"a tie inside of an open suitcase, top view",521,cogvideo,"cogvideo/spatial_relationship/a tie inside of an open suitcase, top view-1.gif",,error,0.000009,ValueError: MissingOfficialSpatialMetadata: prompt absent from locked VBench 1.0 VBench_full_info.json,
v_878d229c48923f9c8330,spatial_relationship,dev,"a tie inside of an open suitcase, top view",522,cogvideo,"cogvideo/spatial_relationship/a tie inside of an open suitcase, top view-2.gif",,error,0.000009,ValueError: MissingOfficialSpatialMetadata: prompt absent from locked VBench 1.0 VBench_full_info.json,
v_c3424ade00564ca8ca2f,spatial_relationship,dev,"a tie inside of an open suitcase, top view",523,cogvideo,"cogvideo/spatial_relationship/a tie inside of an open suitcase, top view-3.gif",,error,0.000009,ValueError: MissingOfficialSpatialMetadata: prompt absent from locked VBench 1.0 VBench_full_info.json,
v_4c7d675e9cbc721585b4,spatial_relationship,dev,"a tie inside of an open suitcase, top view",524,cogvideo,"cogvideo/spatial_relationship/a tie inside of an open suitcase, top view-4.gif",,error,0.000009,ValueError: MissingOfficialSpatialMetadata: prompt absent from locked VBench 1.0 VBench_full_info.json,
v_97cd95ad8d0e3c8f064a,spatial_relationship,test,"a toaster on the bottom of a microwave, front view",265,cogvideo,"cogvideo/spatial_relationship/a toaster on the bottom of a microwave, front view-0.gif",0.0,success,1.383739,,
v_ff96125b99030f1a6aa0,spatial_relationship,test,"a toaster on the bottom of a microwave, front view",266,cogvideo,"cogvideo/spatial_relationship/a toaster on the bottom of a microwave, front view-1.gif",0.0,success,1.308994,,
v_92f436cb0b3040b3c544,spatial_relationship,test,"a toaster on the bottom of a microwave, front view",267,cogvideo,"cogvideo/spatial_relationship/a toaster on the bottom of a microwave, front view-2.gif",0.0,success,1.348835,,
v_8904c5d478a91e085ac8,spatial_relationship,test,"a toaster on the bottom of a microwave, front view",268,cogvideo,"cogvideo/spatial_relationship/a toaster on the bottom of a microwave, front view-3.gif",0.0,success,1.504117,,
v_474430d4abd727b3594e,spatial_relationship,test,"a toaster on the bottom of a microwave, front view",269,cogvideo,"cogvideo/spatial_relationship/a toaster on the bottom of a microwave, front view-4.gif",0.0,success,1.485517,,
v_7ad0fe5357d2fb9faa1d,spatial_relationship,dev,"a toaster on the top of a microwave, front view",260,cogvideo,"cogvideo/spatial_relationship/a toaster on the top of a microwave, front view-0.gif",0.0,success,1.480065,,
v_c978c072b0918788439e,spatial_relationship,dev,"a toaster on the top of a microwave, front view",261,cogvideo,"cogvideo/spatial_relationship/a toaster on the top of a microwave, front view-1.gif",0.0,success,1.402334,,
v_50ad284e3bc948b633f4,spatial_relationship,dev,"a toaster on the top of a microwave, front view",262,cogvideo,"cogvideo/spatial_relationship/a toaster on the top of a microwave, front view-2.gif",0.0,success,1.511336,,
v_ca76744fce33d5ac8ab1,spatial_relationship,dev,"a toaster on the top of a microwave, front view",263,cogvideo,"cogvideo/spatial_relationship/a toaster on the top of a microwave, front view-3.gif",0.0,success,1.469404,,
v_4c9a57c1013d26a72f3d,spatial_relationship,dev,"a toaster on the top of a microwave, front view",264,cogvideo,"cogvideo/spatial_relationship/a toaster on the top of a microwave, front view-4.gif",0.0,success,1.493981,,
v_d75dd176cece5b094bdf,spatial_relationship,test,"a toilet on the left of a hair drier, front view",190,cogvideo,"cogvideo/spatial_relationship/a toilet on the left of a hair drier, front view-0.gif",0.0,success,1.410434,,
v_6d5b1e8c18c7acf03e4e,spatial_relationship,test,"a toilet on the left of a hair drier, front view",191,cogvideo,"cogvideo/spatial_relationship/a toilet on the left of a hair drier, front view-1.gif",0.21499926062004915,success,1.408847,,
v_fadf4e03b9e3379ca217,spatial_relationship,test,"a toilet on the left of a hair drier, front view",192,cogvideo,"cogvideo/spatial_relationship/a toilet on the left of a hair drier, front view-2.gif",0.0,success,1.397113,,
v_70f3ee1216a7db2a9145,spatial_relationship,test,"a toilet on the left of a hair drier, front view",193,cogvideo,"cogvideo/spatial_relationship/a toilet on the left of a hair drier, front view-3.gif",0.0,success,1.556087,,
v_1f6e1a850e17e2594ec0,spatial_relationship,test,"a toilet on the left of a hair drier, front view",194,cogvideo,"cogvideo/spatial_relationship/a toilet on the left of a hair drier, front view-4.gif",0.125,success,1.388447,,
v_39961ff0bb9834223caa,spatial_relationship,test,"a toothbrush on the left of a sink, front view",200,cogvideo,"cogvideo/spatial_relationship/a toothbrush on the left of a sink, front view-0.gif",0.0,success,1.379904,,
v_a7c70bd5a3bc87893e5e,spatial_relationship,test,"a toothbrush on the left of a sink, front view",201,cogvideo,"cogvideo/spatial_relationship/a toothbrush on the left of a sink, front view-1.gif",0.0,success,1.400612,,
v_6b1a5ca6fb5179f43519,spatial_relationship,test,"a toothbrush on the left of a sink, front view",202,cogvideo,"cogvideo/spatial_relationship/a toothbrush on the left of a sink, front view-2.gif",0.0,success,1.475397,,
v_08554dd7a94ab86e6b50,spatial_relationship,test,"a toothbrush on the left of a sink, front view",203,cogvideo,"cogvideo/spatial_relationship/a toothbrush on the left of a sink, front view-3.gif",0.0,success,1.571736,,
v_b9a20e012e9a912228f3,spatial_relationship,test,"a toothbrush on the left of a sink, front view",204,cogvideo,"cogvideo/spatial_relationship/a toothbrush on the left of a sink, front view-4.gif",0.16316247044095145,success,1.405128,,
v_6eddc85917ef7842cd4f,spatial_relationship,test,"a traffic light on the left of a fire hydrant, front view",20,cogvideo,"cogvideo/spatial_relationship/a traffic light on the left of a fire hydrant, front view-0.gif",0.1471940186680098,success,1.402005,,
v_4678be412981c6573cb1,spatial_relationship,test,"a traffic light on the left of a fire hydrant, front view",21,cogvideo,"cogvideo/spatial_relationship/a traffic light on the left of a fire hydrant, front view-1.gif",0.0,success,1.377977,,
v_8655d90049c3c7d43bb2,spatial_relationship,test,"a traffic light on the left of a fire hydrant, front view",22,cogvideo,"cogvideo/spatial_relationship/a traffic light on the left of a fire hydrant, front view-2.gif",0.0625,success,1.372389,,
v_7db14be0c8078f3631e4,spatial_relationship,test,"a traffic light on the left of a fire hydrant, front view",23,cogvideo,"cogvideo/spatial_relationship/a traffic light on the left of a fire hydrant, front view-3.gif",0.0,success,1.509854,,
v_bf74ee79b80c9a79c52f,spatial_relationship,test,"a traffic light on the left of a fire hydrant, front view",24,cogvideo,"cogvideo/spatial_relationship/a traffic light on the left of a fire hydrant, front view-4.gif",0.0,success,1.459856,,
v_117258647343d1a1f1a0,spatial_relationship,dev,"a train on the right of a boat, front view",240,cogvideo,"cogvideo/spatial_relationship/a train on the right of a boat, front view-0.gif",0.10837555635034177,success,1.479315,,
v_d68841ff1835a6fda4fc,spatial_relationship,dev,"a train on the right of a boat, front view",241,cogvideo,"cogvideo/spatial_relationship/a train on the right of a boat, front view-1.gif",0.013084262757090605,success,1.412602,,
v_08547ba6743dbd215d61,spatial_relationship,dev,"a train on the right of a boat, front view",242,cogvideo,"cogvideo/spatial_relationship/a train on the right of a boat, front view-2.gif",0.25,success,1.384135,,
v_0c0ef73c197c5454093a,spatial_relationship,dev,"a train on the right of a boat, front view",243,cogvideo,"cogvideo/spatial_relationship/a train on the right of a boat, front view-3.gif",0.125,success,1.301019,,
v_0416d052a229dc4dfcfd,spatial_relationship,dev,"a train on the right of a boat, front view",244,cogvideo,"cogvideo/spatial_relationship/a train on the right of a boat, front view-4.gif",0.022883742288764126,success,1.539038,,
v_a7dd0735e6e5362d5d34,spatial_relationship,test,"a truck on the right of a bicycle, front view",45,cogvideo,"cogvideo/spatial_relationship/a truck on the right of a bicycle, front view-0.gif",0.0,success,1.305916,,
v_26164359634b1123fc52,spatial_relationship,test,"a truck on the right of a bicycle, front view",46,cogvideo,"cogvideo/spatial_relationship/a truck on the right of a bicycle, front view-1.gif",0.0,success,1.432392,,
v_f954474c9245d6e01c67,spatial_relationship,test,"a truck on the right of a bicycle, front view",47,cogvideo,"cogvideo/spatial_relationship/a truck on the right of a bicycle, front view-2.gif",0.5249956722618849,success,1.382750,,
v_a5d1cdca5b0ae4254e51,spatial_relationship,test,"a truck on the right of a bicycle, front view",48,cogvideo,"cogvideo/spatial_relationship/a truck on the right of a bicycle, front view-3.gif",0.0,success,1.350551,,
v_b867fa7c9b37c4f19028,spatial_relationship,test,"a truck on the right of a bicycle, front view",49,cogvideo,"cogvideo/spatial_relationship/a truck on the right of a bicycle, front view-4.gif",0.02873914196186543,success,1.361814,,
v_311384999b312ae2d399,spatial_relationship,dev,"a tv on the right of a dining table, front view",225,cogvideo,"cogvideo/spatial_relationship/a tv on the right of a dining table, front view-0.gif",0.0,success,1.488833,,
v_693b53f24133ec625e24,spatial_relationship,dev,"a tv on the right of a dining table, front view",226,cogvideo,"cogvideo/spatial_relationship/a tv on the right of a dining table, front view-1.gif",0.0,success,1.301676,,
v_5f78535a10323adeb99c,spatial_relationship,dev,"a tv on the right of a dining table, front view",227,cogvideo,"cogvideo/spatial_relationship/a tv on the right of a dining table, front view-2.gif",0.0,success,1.322732,,
v_9bd94e0ae7153458c282,spatial_relationship,dev,"a tv on the right of a dining table, front view",228,cogvideo,"cogvideo/spatial_relationship/a tv on the right of a dining table, front view-3.gif",0.0,success,1.396968,,
v_81f46370ed0c5cb215f7,spatial_relationship,dev,"a tv on the right of a dining table, front view",229,cogvideo,"cogvideo/spatial_relationship/a tv on the right of a dining table, front view-4.gif",0.0,success,1.509300,,
v_7885e7dc279b781f3c90,spatial_relationship,dev,"a vase on the right of scissors, front view",150,cogvideo,"cogvideo/spatial_relationship/a vase on the right of scissors, front view-0.gif",0.875,success,1.525966,,
v_eb2e0dffa761099ee7d1,spatial_relationship,dev,"a vase on the right of scissors, front view",151,cogvideo,"cogvideo/spatial_relationship/a vase on the right of scissors, front view-1.gif",0.0,success,1.547747,,
v_2176c99eae08ae329642,spatial_relationship,dev,"a vase on the right of scissors, front view",152,cogvideo,"cogvideo/spatial_relationship/a vase on the right of scissors, front view-2.gif",0.986873973727422,success,1.582828,,
v_394ac97557f9ba143aeb,spatial_relationship,dev,"a vase on the right of scissors, front view",153,cogvideo,"cogvideo/spatial_relationship/a vase on the right of scissors, front view-3.gif",0.0,success,1.415894,,
v_c28457f597d63f3ff745,spatial_relationship,dev,"a vase on the right of scissors, front view",154,cogvideo,"cogvideo/spatial_relationship/a vase on the right of scissors, front view-4.gif",0.017269921436588103,success,1.512991,,
v_005efdaace15f5b020f1,spatial_relationship,test,"a wine glass on the right of a cup, front view",105,cogvideo,"cogvideo/spatial_relationship/a wine glass on the right of a cup, front view-0.gif",0.0,success,1.397226,,
v_f7cd37c07e64857219f9,spatial_relationship,test,"a wine glass on the right of a cup, front view",106,cogvideo,"cogvideo/spatial_relationship/a wine glass on the right of a cup, front view-1.gif",0.1553016688801248,success,1.415667,,
v_eddc0373a179314f1430,spatial_relationship,test,"a wine glass on the right of a cup, front view",107,cogvideo,"cogvideo/spatial_relationship/a wine glass on the right of a cup, front view-2.gif",0.0,success,1.358712,,
v_8c31e2343a55a9e6d851,spatial_relationship,test,"a wine glass on the right of a cup, front view",108,cogvideo,"cogvideo/spatial_relationship/a wine glass on the right of a cup, front view-3.gif",0.0,success,1.400441,,
v_7d5581fb4e772a995f33,spatial_relationship,test,"a wine glass on the right of a cup, front view",109,cogvideo,"cogvideo/spatial_relationship/a wine glass on the right of a cup, front view-4.gif",0.05187474435101441,success,1.531010,,
v_e36148af8c2f05754dab,spatial_relationship,dev,"a zebra on the left of a giraffe, front view",90,cogvideo,"cogvideo/spatial_relationship/a zebra on the left of a giraffe, front view-0.gif",0.9667653118939884,success,1.407024,,
v_5783ceded6c73cf9d2ed,spatial_relationship,dev,"a zebra on the left of a giraffe, front view",91,cogvideo,"cogvideo/spatial_relationship/a zebra on the left of a giraffe, front view-1.gif",0.75,success,1.389554,,
v_20cefd3f440adf928e68,spatial_relationship,dev,"a zebra on the left of a giraffe, front view",92,cogvideo,"cogvideo/spatial_relationship/a zebra on the left of a giraffe, front view-2.gif",0.0,success,1.361480,,
v_ff8203c99d3323787097,spatial_relationship,dev,"a zebra on the left of a giraffe, front view",93,cogvideo,"cogvideo/spatial_relationship/a zebra on the left of a giraffe, front view-3.gif",0.9709086169729912,success,1.400212,,
v_9ff1756bc46f0362c67f,spatial_relationship,dev,"a zebra on the left of a giraffe, front view",94,cogvideo,"cogvideo/spatial_relationship/a zebra on the left of a giraffe, front view-4.gif",0.7288414896972079,success,1.427872,,
v_1a6685003dc5891795f3,spatial_relationship,dev,"an airplane on the left of a train, front view",235,cogvideo,"cogvideo/spatial_relationship/an airplane on the left of a train, front view-0.gif",0.0,success,1.443485,,
v_e33c4ae0b95569375927,spatial_relationship,dev,"an airplane on the left of a train, front view",236,cogvideo,"cogvideo/spatial_relationship/an airplane on the left of a train, front view-1.gif",0.0,success,1.326207,,
v_b244893f1e60f42ac6ef,spatial_relationship,dev,"an airplane on the left of a train, front view",237,cogvideo,"cogvideo/spatial_relationship/an airplane on the left of a train, front view-2.gif",0.16142787524366473,success,1.347485,,
v_297974b88434463d52d1,spatial_relationship,dev,"an airplane on the left of a train, front view",238,cogvideo,"cogvideo/spatial_relationship/an airplane on the left of a train, front view-3.gif",0.0,success,1.497699,,
v_d43f475062ecf8ab7220,spatial_relationship,dev,"an airplane on the left of a train, front view",239,cogvideo,"cogvideo/spatial_relationship/an airplane on the left of a train, front view-4.gif",0.0,success,1.363310,,
v_82c9d37c2c5a5568300a,spatial_relationship,test,"an apple on the bottom of a sandwich, front view",295,cogvideo,"cogvideo/spatial_relationship/an apple on the bottom of a sandwich, front view-0.gif",0.0,success,1.353094,,
v_36b9dfdb30401c0c3148,spatial_relationship,test,"an apple on the bottom of a sandwich, front view",296,cogvideo,"cogvideo/spatial_relationship/an apple on the bottom of a sandwich, front view-1.gif",0.016088785046728973,success,1.502266,,
v_b3df5cd2212db0e08353,spatial_relationship,test,"an apple on the bottom of a sandwich, front view",297,cogvideo,"cogvideo/spatial_relationship/an apple on the bottom of a sandwich, front view-2.gif",1.0,success,1.338102,,
v_3bc30d7581c8d002ebbe,spatial_relationship,test,"an apple on the bottom of a sandwich, front view",298,cogvideo,"cogvideo/spatial_relationship/an apple on the bottom of a sandwich, front view-3.gif",0.0,success,1.288906,,
v_b4272f28ec941fd1cbe7,spatial_relationship,test,"an apple on the bottom of a sandwich, front view",299,cogvideo,"cogvideo/spatial_relationship/an apple on the bottom of a sandwich, front view-4.gif",0.16176854503702148,success,1.403860,,
v_ea926594f91dc6075b26,spatial_relationship,test,"an apple on the top of a sandwich, front view",290,cogvideo,"cogvideo/spatial_relationship/an apple on the top of a sandwich, front view-0.gif",0.0,success,1.565993,,
v_f9c1a26c322034ab3aee,spatial_relationship,test,"an apple on the top of a sandwich, front view",291,cogvideo,"cogvideo/spatial_relationship/an apple on the top of a sandwich, front view-1.gif",0.016890845070422534,success,1.388733,,
v_fa34c5b3a172b34ea611,spatial_relationship,test,"an apple on the top of a sandwich, front view",292,cogvideo,"cogvideo/spatial_relationship/an apple on the top of a sandwich, front view-2.gif",0.0,success,1.394900,,
v_f49a4d91b0d54a363601,spatial_relationship,test,"an apple on the top of a sandwich, front view",293,cogvideo,"cogvideo/spatial_relationship/an apple on the top of a sandwich, front view-3.gif",0.02380247420262664,success,1.408330,,
v_e76000a1869561191bae,spatial_relationship,test,"an apple on the top of a sandwich, front view",294,cogvideo,"cogvideo/spatial_relationship/an apple on the top of a sandwich, front view-4.gif",0.0,success,1.407770,,
v_e41328deb4351a91f9f7,spatial_relationship,test,"an elephant on the left of a bear, front view",80,cogvideo,"cogvideo/spatial_relationship/an elephant on the left of a bear, front view-0.gif",0.0,success,1.519273,,
v_0111afdb6869c43418c7,spatial_relationship,test,"an elephant on the left of a bear, front view",81,cogvideo,"cogvideo/spatial_relationship/an elephant on the left of a bear, front view-1.gif",0.6632208960535968,success,1.427927,,
v_a57bf163abd6b1726123,spatial_relationship,test,"an elephant on the left of a bear, front view",82,cogvideo,"cogvideo/spatial_relationship/an elephant on the left of a bear, front view-2.gif",0.03450395090213299,success,1.354562,,
v_fbf2a11d17d6fffdc70d,spatial_relationship,test,"an elephant on the left of a bear, front view",83,cogvideo,"cogvideo/spatial_relationship/an elephant on the left of a bear, front view-3.gif",1.0,success,1.363017,,
v_60c76a8ed30b6d9bd2b2,spatial_relationship,test,"an elephant on the left of a bear, front view",84,cogvideo,"cogvideo/spatial_relationship/an elephant on the left of a bear, front view-4.gif",0.0,success,1.318773,,
v_cd47c67854df0ab5ebc6,spatial_relationship,dev,"an orange on the bottom of a carrot, front view",315,cogvideo,"cogvideo/spatial_relationship/an orange on the bottom of a carrot, front view-0.gif",0.23245443394201196,success,1.456328,,
v_60201648479cec39d200,spatial_relationship,dev,"an orange on the bottom of a carrot, front view",316,cogvideo,"cogvideo/spatial_relationship/an orange on the bottom of a carrot, front view-1.gif",0.4375,success,1.586102,,
v_f33afa39902ba50dea7f,spatial_relationship,dev,"an orange on the bottom of a carrot, front view",317,cogvideo,"cogvideo/spatial_relationship/an orange on the bottom of a carrot, front view-2.gif",0.0,success,1.302407,,
v_9deadb4bd7cc740ec3a9,spatial_relationship,dev,"an orange on the bottom of a carrot, front view",318,cogvideo,"cogvideo/spatial_relationship/an orange on the bottom of a carrot, front view-3.gif",0.42559257779228943,success,1.403131,,
v_db0cbfc30cf6cc718984,spatial_relationship,dev,"an orange on the bottom of a carrot, front view",319,cogvideo,"cogvideo/spatial_relationship/an orange on the bottom of a carrot, front view-4.gif",0.0,success,1.361717,,
v_632453cfe9e86e85508d,spatial_relationship,dev,"an orange on the top of a carrot, front view",310,cogvideo,"cogvideo/spatial_relationship/an orange on the top of a carrot, front view-0.gif",1.0,success,1.663815,,
v_a9f96c496cdea5623bdb,spatial_relationship,dev,"an orange on the top of a carrot, front view",311,cogvideo,"cogvideo/spatial_relationship/an orange on the top of a carrot, front view-1.gif",1.0,success,1.377861,,
v_6733943acaf261b78cad,spatial_relationship,dev,"an orange on the top of a carrot, front view",312,cogvideo,"cogvideo/spatial_relationship/an orange on the top of a carrot, front view-2.gif",0.0,success,1.337899,,
v_f473279ccda2eb5a9062,spatial_relationship,dev,"an orange on the top of a carrot, front view",313,cogvideo,"cogvideo/spatial_relationship/an orange on the top of a carrot, front view-3.gif",0.8682116596638656,success,1.496264,,
v_42c3984f5ab41649c663,spatial_relationship,dev,"an orange on the top of a carrot, front view",314,cogvideo,"cogvideo/spatial_relationship/an orange on the top of a carrot, front view-4.gif",0.0,success,1.334003,,
v_58129d0d3ea0e9558684,spatial_relationship,test,"an oven on the bottom of a toaster, front view",255,cogvideo,"cogvideo/spatial_relationship/an oven on the bottom of a toaster, front view-0.gif",0.40073561144716113,success,1.574400,,
v_34b29d065428dfb2d7c3,spatial_relationship,test,"an oven on the bottom of a toaster, front view",256,cogvideo,"cogvideo/spatial_relationship/an oven on the bottom of a toaster, front view-1.gif",0.5251795890223621,success,1.381532,,
v_0b2da669bc47e841793a,spatial_relationship,test,"an oven on the bottom of a toaster, front view",257,cogvideo,"cogvideo/spatial_relationship/an oven on the bottom of a toaster, front view-2.gif",0.0,success,1.396319,,
v_92adae0e8004c884f2a2,spatial_relationship,test,"an oven on the bottom of a toaster, front view",258,cogvideo,"cogvideo/spatial_relationship/an oven on the bottom of a toaster, front view-3.gif",0.035473969471277934,success,1.613711,,
v_7113f962dcd5797a1d53,spatial_relationship,test,"an oven on the bottom of a toaster, front view",259,cogvideo,"cogvideo/spatial_relationship/an oven on the bottom of a toaster, front view-4.gif",0.0,success,1.373458,,
v_3dfe487b69b143a8a84c,spatial_relationship,test,"an oven on the top of a toaster, front view",250,cogvideo,"cogvideo/spatial_relationship/an oven on the top of a toaster, front view-0.gif",0.0,success,1.576667,,
v_d5a323a4f4ac6924cb5e,spatial_relationship,test,"an oven on the top of a toaster, front view",251,cogvideo,"cogvideo/spatial_relationship/an oven on the top of a toaster, front view-1.gif",0.0,success,1.412514,,
v_f8c8b97b873fc0adc986,spatial_relationship,test,"an oven on the top of a toaster, front view",252,cogvideo,"cogvideo/spatial_relationship/an oven on the top of a toaster, front view-2.gif",0.0,success,1.335715,,
v_f7e7783a03139ac4adf4,spatial_relationship,test,"an oven on the top of a toaster, front view",253,cogvideo,"cogvideo/spatial_relationship/an oven on the top of a toaster, front view-3.gif",0.0,success,1.368007,,
v_c8096a68641ea4961390,spatial_relationship,test,"an oven on the top of a toaster, front view",254,cogvideo,"cogvideo/spatial_relationship/an oven on the top of a toaster, front view-4.gif",0.0,success,1.543544,,
v_2fda6308d613e853b5eb,spatial_relationship,test,"an umbrella inside of an open backpack, top view",450,cogvideo,"cogvideo/spatial_relationship/an umbrella inside of an open backpack, top view-0.gif",,error,0.000020,ValueError: MissingOfficialSpatialMetadata: prompt absent from locked VBench 1.0 VBench_full_info.json,
v_7a3fdf79a976891aa50a,spatial_relationship,test,"an umbrella inside of an open backpack, top view",451,cogvideo,"cogvideo/spatial_relationship/an umbrella inside of an open backpack, top view-1.gif",,error,0.000010,ValueError: MissingOfficialSpatialMetadata: prompt absent from locked VBench 1.0 VBench_full_info.json,
v_d07195413563d253fcd2,spatial_relationship,test,"an umbrella inside of an open backpack, top view",452,cogvideo,"cogvideo/spatial_relationship/an umbrella inside of an open backpack, top view-2.gif",,error,0.000009,ValueError: MissingOfficialSpatialMetadata: prompt absent from locked VBench 1.0 VBench_full_info.json,
v_675a5ffc2f24dc6329e4,spatial_relationship,test,"an umbrella inside of an open backpack, top view",453,cogvideo,"cogvideo/spatial_relationship/an umbrella inside of an open backpack, top view-3.gif",,error,0.000009,ValueError: MissingOfficialSpatialMetadata: prompt absent from locked VBench 1.0 VBench_full_info.json,
v_7f156b4058087d92480a,spatial_relationship,test,"an umbrella inside of an open backpack, top view",454,cogvideo,"cogvideo/spatial_relationship/an umbrella inside of an open backpack, top view-4.gif",,error,0.000009,ValueError: MissingOfficialSpatialMetadata: prompt absent from locked VBench 1.0 VBench_full_info.json,
v_59cd1dc1a75d64302916,spatial_relationship,dev,"an umbrella inside of an open handbag, top view",475,cogvideo,"cogvideo/spatial_relationship/an umbrella inside of an open handbag, top view-0.gif",,error,0.000009,ValueError: MissingOfficialSpatialMetadata: prompt absent from locked VBench 1.0 VBench_full_info.json,
v_88d2f27a2c7837dc83f2,spatial_relationship,dev,"an umbrella inside of an open handbag, top view",476,cogvideo,"cogvideo/spatial_relationship/an umbrella inside of an open handbag, top view-1.gif",,error,0.000009,ValueError: MissingOfficialSpatialMetadata: prompt absent from locked VBench 1.0 VBench_full_info.json,
v_ff93fef0e2826255e476,spatial_relationship,dev,"an umbrella inside of an open handbag, top view",477,cogvideo,"cogvideo/spatial_relationship/an umbrella inside of an open handbag, top view-2.gif",,error,0.000008,ValueError: MissingOfficialSpatialMetadata: prompt absent from locked VBench 1.0 VBench_full_info.json,
v_41aa0b9265499536731c,spatial_relationship,dev,"an umbrella inside of an open handbag, top view",478,cogvideo,"cogvideo/spatial_relationship/an umbrella inside of an open handbag, top view-3.gif",,error,0.000008,ValueError: MissingOfficialSpatialMetadata: prompt absent from locked VBench 1.0 VBench_full_info.json,
v_faf4d9c6c4dfeb4be37a,spatial_relationship,dev,"an umbrella inside of an open handbag, top view",479,cogvideo,"cogvideo/spatial_relationship/an umbrella inside of an open handbag, top view-4.gif",,error,0.000010,ValueError: MissingOfficialSpatialMetadata: prompt absent from locked VBench 1.0 VBench_full_info.json,
v_403760780efd11e5f59b,spatial_relationship,test,"an umbrella inside of an open suitcase, top view",500,cogvideo,"cogvideo/spatial_relationship/an umbrella inside of an open suitcase, top view-0.gif",,error,0.000009,ValueError: MissingOfficialSpatialMetadata: prompt absent from locked VBench 1.0 VBench_full_info.json,
v_7b81e66abf86f2a5477e,spatial_relationship,test,"an umbrella inside of an open suitcase, top view",501,cogvideo,"cogvideo/spatial_relationship/an umbrella inside of an open suitcase, top view-1.gif",,error,0.000009,ValueError: MissingOfficialSpatialMetadata: prompt absent from locked VBench 1.0 VBench_full_info.json,
v_33c7f57cb0db2f6a989f,spatial_relationship,test,"an umbrella inside of an open suitcase, top view",502,cogvideo,"cogvideo/spatial_relationship/an umbrella inside of an open suitcase, top view-2.gif",,error,0.000009,ValueError: MissingOfficialSpatialMetadata: prompt absent from locked VBench 1.0 VBench_full_info.json,
v_528843b7af9bb4060ee1,spatial_relationship,test,"an umbrella inside of an open suitcase, top view",503,cogvideo,"cogvideo/spatial_relationship/an umbrella inside of an open suitcase, top view-3.gif",,error,0.000009,ValueError: MissingOfficialSpatialMetadata: prompt absent from locked VBench 1.0 VBench_full_info.json,
v_34d44d7530d33c164f37,spatial_relationship,test,"an umbrella inside of an open suitcase, top view",504,cogvideo,"cogvideo/spatial_relationship/an umbrella inside of an open suitcase, top view-4.gif",,error,0.000008,ValueError: MissingOfficialSpatialMetadata: prompt absent from locked VBench 1.0 VBench_full_info.json,
v_81f192f9647fafd68cf6,spatial_relationship,test,"broccoli inside of a refrigerator with door open, front view",425,cogvideo,"cogvideo/spatial_relationship/broccoli inside of a refrigerator with door open, front view-0.gif",,error,0.000012,ValueError: MissingOfficialSpatialMetadata: prompt absent from locked VBench 1.0 VBench_full_info.json,
v_f31e4e063cf220086489,spatial_relationship,test,"broccoli inside of a refrigerator with door open, front view",426,cogvideo,"cogvideo/spatial_relationship/broccoli inside of a refrigerator with door open, front view-1.gif",,error,0.000009,ValueError: MissingOfficialSpatialMetadata: prompt absent from locked VBench 1.0 VBench_full_info.json,
v_7f2bfd21f8618a798b94,spatial_relationship,test,"broccoli inside of a refrigerator with door open, front view",427,cogvideo,"cogvideo/spatial_relationship/broccoli inside of a refrigerator with door open, front view-2.gif",,error,0.000009,ValueError: MissingOfficialSpatialMetadata: prompt absent from locked VBench 1.0 VBench_full_info.json,
v_e7599719e5fb3950227a,spatial_relationship,test,"broccoli inside of a refrigerator with door open, front view",428,cogvideo,"cogvideo/spatial_relationship/broccoli inside of a refrigerator with door open, front view-3.gif",,error,0.000009,ValueError: MissingOfficialSpatialMetadata: prompt absent from locked VBench 1.0 VBench_full_info.json,
v_710120f0a84054339a99,spatial_relationship,test,"broccoli inside of a refrigerator with door open, front view",429,cogvideo,"cogvideo/spatial_relationship/broccoli inside of a refrigerator with door open, front view-4.gif",,error,0.000009,ValueError: MissingOfficialSpatialMetadata: prompt absent from locked VBench 1.0 VBench_full_info.json,
v_ce3a0f980561afa9386f,spatial_relationship,test,"broccoli on the bottom of a banana, front view",365,cogvideo,"cogvideo/spatial_relationship/broccoli on the bottom of a banana, front view-0.gif",0.19234993591206181,success,1.491044,,
v_c34606fa3956231cbcc2,spatial_relationship,test,"broccoli on the bottom of a banana, front view",366,cogvideo,"cogvideo/spatial_relationship/broccoli on the bottom of a banana, front view-1.gif",0.38671665257433036,success,1.473345,,
v_721990b1b3baf7b3c030,spatial_relationship,test,"broccoli on the bottom of a banana, front view",367,cogvideo,"cogvideo/spatial_relationship/broccoli on the bottom of a banana, front view-2.gif",0.0785976905774033,success,1.470015,,
v_9c0cf8698a9356952cac,spatial_relationship,test,"broccoli on the bottom of a banana, front view",368,cogvideo,"cogvideo/spatial_relationship/broccoli on the bottom of a banana, front view-3.gif",0.526527777949933,success,1.533036,,
v_3e9cdb2e4e01b58cebb3,spatial_relationship,test,"broccoli on the bottom of a banana, front view",369,cogvideo,"cogvideo/spatial_relationship/broccoli on the bottom of a banana, front view-4.gif",0.125,success,1.391602,,
v_0b03ff564c722f2546c1,spatial_relationship,test,"broccoli on the top of a banana, front view",360,cogvideo,"cogvideo/spatial_relationship/broccoli on the top of a banana, front view-0.gif",0.08350623401534527,success,1.462879,,
v_0231f5c5bdd8c02c6849,spatial_relationship,test,"broccoli on the top of a banana, front view",361,cogvideo,"cogvideo/spatial_relationship/broccoli on the top of a banana, front view-1.gif",0.7372365535709182,success,1.383872,,
v_39f971d38e91931fcf94,spatial_relationship,test,"broccoli on the top of a banana, front view",362,cogvideo,"cogvideo/spatial_relationship/broccoli on the top of a banana, front view-2.gif",0.20657683460189047,success,1.440729,,
v_4c42b9b166d07776b81b,spatial_relationship,test,"broccoli on the top of a banana, front view",363,cogvideo,"cogvideo/spatial_relationship/broccoli on the top of a banana, front view-3.gif",0.5541622863467899,success,1.435563,,
v_deac2321c244d89c1f1d,spatial_relationship,test,"broccoli on the top of a banana, front view",364,cogvideo,"cogvideo/spatial_relationship/broccoli on the top of a banana, front view-4.gif",0.1048192927912519,success,1.432925,,
v_15cef2a151dfbb8d4e36,spatial_relationship,test,"scissors on the left of a teddy bear, front view",155,cogvideo,"cogvideo/spatial_relationship/scissors on the left of a teddy bear, front view-0.gif",0.0,success,1.569746,,
v_281a433cec8deeb56525,spatial_relationship,test,"scissors on the left of a teddy bear, front view",156,cogvideo,"cogvideo/spatial_relationship/scissors on the left of a teddy bear, front view-1.gif",0.35061174728187866,success,1.405027,,
v_cd3204bf30ace1af488c,spatial_relationship,test,"scissors on the left of a teddy bear, front view",157,cogvideo,"cogvideo/spatial_relationship/scissors on the left of a teddy bear, front view-2.gif",0.5625,success,1.394743,,
v_713615b45ba0c5a57e87,spatial_relationship,test,"scissors on the left of a teddy bear, front view",158,cogvideo,"cogvideo/spatial_relationship/scissors on the left of a teddy bear, front view-3.gif",0.6299038036117436,success,1.383460,,
v_2d5ba3653346b8af8322,spatial_relationship,test,"scissors on the left of a teddy bear, front view",159,cogvideo,"cogvideo/spatial_relationship/scissors on the left of a teddy bear, front view-4.gif",0.11526402749911024,success,1.401687,,
v_9fc7fe7883d4db00f329,spatial_relationship,dev,"skis on the bottom of a snowboard, front view",375,cogvideo,"cogvideo/spatial_relationship/skis on the bottom of a snowboard, front view-0.gif",0.0,success,1.438542,,
v_8dab95893b8fc5322b95,spatial_relationship,dev,"skis on the bottom of a snowboard, front view",376,cogvideo,"cogvideo/spatial_relationship/skis on the bottom of a snowboard, front view-1.gif",0.0,success,1.626599,,
v_9bf58458999711fd1454,spatial_relationship,dev,"skis on the bottom of a snowboard, front view",377,cogvideo,"cogvideo/spatial_relationship/skis on the bottom of a snowboard, front view-2.gif",0.016917378364389234,success,1.410171,,
v_e6a722e331ce4599c74b,spatial_relationship,dev,"skis on the bottom of a snowboard, front view",378,cogvideo,"cogvideo/spatial_relationship/skis on the bottom of a snowboard, front view-3.gif",0.0625,success,1.397923,,
v_11b4fb09c1c28f204625,spatial_relationship,dev,"skis on the bottom of a snowboard, front view",379,cogvideo,"cogvideo/spatial_relationship/skis on the bottom of a snowboard, front view-4.gif",0.1345375566694924,success,1.465991,,
v_e15bce4c4609039502bb,spatial_relationship,test,"skis on the top of a snowboard, front view",370,cogvideo,"cogvideo/spatial_relationship/skis on the top of a snowboard, front view-0.gif",0.0,success,1.389640,,
v_12d7c011e99ab807278f,spatial_relationship,test,"skis on the top of a snowboard, front view",371,cogvideo,"cogvideo/spatial_relationship/skis on the top of a snowboard, front view-1.gif",0.0,success,1.548323,,
v_a5c6bfed8e11700b5857,spatial_relationship,test,"skis on the top of a snowboard, front view",372,cogvideo,"cogvideo/spatial_relationship/skis on the top of a snowboard, front view-2.gif",0.0,success,1.435770,,
v_54ff117a65719eab48a8,spatial_relationship,test,"skis on the top of a snowboard, front view",373,cogvideo,"cogvideo/spatial_relationship/skis on the top of a snowboard, front view-3.gif",0.0,success,1.357091,,
v_e5a881269981c743a56d,spatial_relationship,test,"skis on the top of a snowboard, front view",374,cogvideo,"cogvideo/spatial_relationship/skis on the top of a snowboard, front view-4.gif",0.03285028449502134,success,1.422770,,
v_5c6dacd16966e4471e6d,spatial_relationship,test,"a banana on the bottom of an apple, front view",285,lavie,"lavie/spatial_relationship/a banana on the bottom of an apple, front view-0.mp4",0.48491352571247553,success,1.475484,,
v_5a15473a7d0705099092,spatial_relationship,test,"a banana on the bottom of an apple, front view",286,lavie,"lavie/spatial_relationship/a banana on the bottom of an apple, front view-1.mp4",0.0,success,1.628062,,
v_f51b1971b1c88716c4cc,spatial_relationship,test,"a banana on the bottom of an apple, front view",287,lavie,"lavie/spatial_relationship/a banana on the bottom of an apple, front view-2.mp4",0.0,success,1.569551,,
v_be6d207f6886c4649c14,spatial_relationship,test,"a banana on the bottom of an apple, front view",288,lavie,"lavie/spatial_relationship/a banana on the bottom of an apple, front view-3.mp4",0.0,success,1.638642,,
v_6cb15e182cc0640e69d9,spatial_relationship,test,"a banana on the bottom of an apple, front view",289,lavie,"lavie/spatial_relationship/a banana on the bottom of an apple, front view-4.mp4",0.375,success,1.407681,,
v_393722945795a3823b95,spatial_relationship,test,"a banana on the top of an apple, front view",280,lavie,"lavie/spatial_relationship/a banana on the top of an apple, front view-0.mp4",0.0,success,1.351573,,
v_4b51fa9960818f05e6c2,spatial_relationship,test,"a banana on the top of an apple, front view",281,lavie,"lavie/spatial_relationship/a banana on the top of an apple, front view-1.mp4",0.9375,success,1.464320,,
v_eeab0fb4cfdb7f0690c9,spatial_relationship,test,"a banana on the top of an apple, front view",282,lavie,"lavie/spatial_relationship/a banana on the top of an apple, front view-2.mp4",0.0,success,1.621919,,
v_07ce6683272f109f1569,spatial_relationship,test,"a banana on the top of an apple, front view",283,lavie,"lavie/spatial_relationship/a banana on the top of an apple, front view-3.mp4",1.0,success,1.557788,,
v_32f1d0ed4938d3a8e7e5,spatial_relationship,test,"a banana on the top of an apple, front view",284,lavie,"lavie/spatial_relationship/a banana on the top of an apple, front view-4.mp4",0.05212007257142159,success,1.502166,,
v_4ac41a703f2d86fedfc8,spatial_relationship,test,"a baseball bat on the left of a baseball glove, front view",175,lavie,"lavie/spatial_relationship/a baseball bat on the left of a baseball glove, front view-0.mp4",0.0625,success,1.516310,,
v_04bb513e373c3c6f3c47,spatial_relationship,test,"a baseball bat on the left of a baseball glove, front view",176,lavie,"lavie/spatial_relationship/a baseball bat on the left of a baseball glove, front view-1.mp4",0.35756078983544426,success,1.492302,,
v_507bd02bbe88d3a12f4e,spatial_relationship,test,"a baseball bat on the left of a baseball glove, front view",177,lavie,"lavie/spatial_relationship/a baseball bat on the left of a baseball glove, front view-2.mp4",0.0,success,1.581389,,
v_ad9a730bb0a1b51de245,spatial_relationship,test,"a baseball bat on the left of a baseball glove, front view",178,lavie,"lavie/spatial_relationship/a baseball bat on the left of a baseball glove, front view-3.mp4",0.1799020257478228,success,1.421673,,
v_5e4cb7dbedecc22fcbe2,spatial_relationship,test,"a baseball bat on the left of a baseball glove, front view",179,lavie,"lavie/spatial_relationship/a baseball bat on the left of a baseball glove, front view-4.mp4",0.012701150488310152,success,1.537428,,
v_47eaccf9771081c0f5c2,spatial_relationship,test,"a baseball glove on the right of a tennis racket, front view",180,lavie,"lavie/spatial_relationship/a baseball glove on the right of a tennis racket, front view-0.mp4",0.0,success,1.761561,,
v_592ff13c166d350e7209,spatial_relationship,test,"a baseball glove on the right of a tennis racket, front view",181,lavie,"lavie/spatial_relationship/a baseball glove on the right of a tennis racket, front view-1.mp4",0.0,success,1.646334,,
v_b7a91ea184733edb6f75,spatial_relationship,test,"a baseball glove on the right of a tennis racket, front view",182,lavie,"lavie/spatial_relationship/a baseball glove on the right of a tennis racket, front view-2.mp4",0.0,success,1.467252,,
v_4e81375a1cff5cfdde3e,spatial_relationship,test,"a baseball glove on the right of a tennis racket, front view",183,lavie,"lavie/spatial_relationship/a baseball glove on the right of a tennis racket, front view-3.mp4",0.09704955623273355,success,1.588058,,
v_b2044688a527183e97ae,spatial_relationship,test,"a baseball glove on the right of a tennis racket, front view",184,lavie,"lavie/spatial_relationship/a baseball glove on the right of a tennis racket, front view-4.mp4",0.0,success,1.504469,,
v_407ddb256acdba24c160,spatial_relationship,dev,"a bear on the right of a zebra, front view",85,lavie,"lavie/spatial_relationship/a bear on the right of a zebra, front view-0.mp4",0.2578052064007421,success,1.515916,,
v_b6bae9f69d3a98cd9c95,spatial_relationship,dev,"a bear on the right of a zebra, front view",86,lavie,"lavie/spatial_relationship/a bear on the right of a zebra, front view-1.mp4",0.375,success,1.777885,,
v_4044d80799422bef24db,spatial_relationship,dev,"a bear on the right of a zebra, front view",87,lavie,"lavie/spatial_relationship/a bear on the right of a zebra, front view-2.mp4",0.5858151008579824,success,1.578607,,
v_90f1add281a29ac95674,spatial_relationship,dev,"a bear on the right of a zebra, front view",88,lavie,"lavie/spatial_relationship/a bear on the right of a zebra, front view-3.mp4",0.07664394752071366,success,1.500985,,
v_8561221048f818ec24f5,spatial_relationship,dev,"a bear on the right of a zebra, front view",89,lavie,"lavie/spatial_relationship/a bear on the right of a zebra, front view-4.mp4",0.9362482012035584,success,1.476373,,
v_dfdb757acbd22e39766d,spatial_relationship,test,"a bed on the left of a tv, front view",220,lavie,"lavie/spatial_relationship/a bed on the left of a tv, front view-0.mp4",0.6509515034818331,success,1.416300,,
v_7ebfa9ce039d834fc966,spatial_relationship,test,"a bed on the left of a tv, front view",221,lavie,"lavie/spatial_relationship/a bed on the left of a tv, front view-1.mp4",0.0625,success,1.622218,,
v_5a3fc49c45fe9c2c4f7f,spatial_relationship,test,"a bed on the left of a tv, front view",222,lavie,"lavie/spatial_relationship/a bed on the left of a tv, front view-2.mp4",0.0,success,1.446174,,
v_f40b67e52125e1c7a6f8,spatial_relationship,test,"a bed on the left of a tv, front view",223,lavie,"lavie/spatial_relationship/a bed on the left of a tv, front view-3.mp4",0.0,success,1.481694,,
v_d6a8d4031a5e99d1ab57,spatial_relationship,test,"a bed on the left of a tv, front view",224,lavie,"lavie/spatial_relationship/a bed on the left of a tv, front view-4.mp4",1.0,success,1.690473,,
v_d452e3927e09ec37bc56,spatial_relationship,dev,"a bench on the left of a truck, front view",40,lavie,"lavie/spatial_relationship/a bench on the left of a truck, front view-0.mp4",0.0,success,1.501638,,
v_22dba779128d990feec0,spatial_relationship,dev,"a bench on the left of a truck, front view",41,lavie,"lavie/spatial_relationship/a bench on the left of a truck, front view-1.mp4",0.0,success,1.511819,,
v_a1cb1dd43018fe025717,spatial_relationship,dev,"a bench on the left of a truck, front view",42,lavie,"lavie/spatial_relationship/a bench on the left of a truck, front view-2.mp4",0.1646490525642283,success,1.662321,,
v_139fe62283f9ba3ef1a4,spatial_relationship,dev,"a bench on the left of a truck, front view",43,lavie,"lavie/spatial_relationship/a bench on the left of a truck, front view-3.mp4",0.0,success,1.532921,,
v_3325ce9ffc94691ff65b,spatial_relationship,dev,"a bench on the left of a truck, front view",44,lavie,"lavie/spatial_relationship/a bench on the left of a truck, front view-4.mp4",0.1580236028031145,success,1.615765,,
v_c4854cbd3a789725db51,spatial_relationship,dev,"a bicycle on the left of a car, front view",0,lavie,"lavie/spatial_relationship/a bicycle on the left of a car, front view-0.mp4",1.0,success,1.622926,,
v_149be9687373b4d523e5,spatial_relationship,dev,"a bicycle on the left of a car, front view",1,lavie,"lavie/spatial_relationship/a bicycle on the left of a car, front view-1.mp4",0.9375,success,1.589179,,
v_db625fa31af936beaae8,spatial_relationship,dev,"a bicycle on the left of a car, front view",2,lavie,"lavie/spatial_relationship/a bicycle on the left of a car, front view-2.mp4",0.7708929297860223,success,1.391857,,
v_4fe40ceb178c78be271c,spatial_relationship,dev,"a bicycle on the left of a car, front view",3,lavie,"lavie/spatial_relationship/a bicycle on the left of a car, front view-3.mp4",0.6330810259342297,success,1.637356,,
v_2cedc04e6aa61804234a,spatial_relationship,dev,"a bicycle on the left of a car, front view",4,lavie,"lavie/spatial_relationship/a bicycle on the left of a car, front view-4.mp4",1.0,success,1.526917,,
v_0e9d8f27a7d16c04ac59,spatial_relationship,test,"a bird on the left of a cat, front view",50,lavie,"lavie/spatial_relationship/a bird on the left of a cat, front view-0.mp4",0.0,success,1.595124,,
v_e9976e801b2746e10952,spatial_relationship,test,"a bird on the left of a cat, front view",51,lavie,"lavie/spatial_relationship/a bird on the left of a cat, front view-1.mp4",0.3125,success,1.398753,,
v_5c364d437be2c7ec3a24,spatial_relationship,test,"a bird on the left of a cat, front view",52,lavie,"lavie/spatial_relationship/a bird on the left of a cat, front view-2.mp4",0.0,success,1.333745,,
v_9ebb88fd26e3dda7a06f,spatial_relationship,test,"a bird on the left of a cat, front view",53,lavie,"lavie/spatial_relationship/a bird on the left of a cat, front view-3.mp4",0.21084183673469387,success,1.671092,,
v_e3d010c0eb08ddb511be,spatial_relationship,test,"a bird on the left of a cat, front view",54,lavie,"lavie/spatial_relationship/a bird on the left of a cat, front view-4.mp4",0.0,success,1.633651,,
v_f0744b184e71b3b09a26,spatial_relationship,dev,"a boat on the left of an airplane, front view",245,lavie,"lavie/spatial_relationship/a boat on the left of an airplane, front view-0.mp4",0.9975989375253315,success,1.541175,,
v_2fe255fe433e26834265,spatial_relationship,dev,"a boat on the left of an airplane, front view",246,lavie,"lavie/spatial_relationship/a boat on the left of an airplane, front view-1.mp4",0.7189885971149939,success,1.331909,,
v_46747e3457942fd11180,spatial_relationship,dev,"a boat on the left of an airplane, front view",247,lavie,"lavie/spatial_relationship/a boat on the left of an airplane, front view-2.mp4",0.9375,success,1.392499,,
v_60c9b7739d00e31d7d6a,spatial_relationship,dev,"a boat on the left of an airplane, front view",248,lavie,"lavie/spatial_relationship/a boat on the left of an airplane, front view-3.mp4",1.0,success,1.773468,,
v_d154590e73210dbdcf6d,spatial_relationship,dev,"a boat on the left of an airplane, front view",249,lavie,"lavie/spatial_relationship/a boat on the left of an airplane, front view-4.mp4",0.5,success,1.533288,,
v_aa75ecda504d7813e28f,spatial_relationship,test,"a book inside of an open backpack, top view",455,lavie,"lavie/spatial_relationship/a book inside of an open backpack, top view-0.mp4",,error,0.000015,ValueError: MissingOfficialSpatialMetadata: prompt absent from locked VBench 1.0 VBench_full_info.json,
v_78238503c60bc2a01458,spatial_relationship,test,"a book inside of an open backpack, top view",456,lavie,"lavie/spatial_relationship/a book inside of an open backpack, top view-1.mp4",,error,0.000011,ValueError: MissingOfficialSpatialMetadata: prompt absent from locked VBench 1.0 VBench_full_info.json,
v_973519b2969790884b9b,spatial_relationship,test,"a book inside of an open backpack, top view",457,lavie,"lavie/spatial_relationship/a book inside of an open backpack, top view-2.mp4",,error,0.000010,ValueError: MissingOfficialSpatialMetadata: prompt absent from locked VBench 1.0 VBench_full_info.json,
v_4e9c043061ac1f828cdd,spatial_relationship,test,"a book inside of an open backpack, top view",458,lavie,"lavie/spatial_relationship/a book inside of an open backpack, top view-3.mp4",,error,0.000011,ValueError: MissingOfficialSpatialMetadata: prompt absent from locked VBench 1.0 VBench_full_info.json,
v_4e2f52bb73d415422392,spatial_relationship,test,"a book inside of an open backpack, top view",459,lavie,"lavie/spatial_relationship/a book inside of an open backpack, top view-4.mp4",,error,0.000012,ValueError: MissingOfficialSpatialMetadata: prompt absent from locked VBench 1.0 VBench_full_info.json,
v_c4332cb6685c6b875026,spatial_relationship,test,"a book inside of an open handbag, top view",480,lavie,"lavie/spatial_relationship/a book inside of an open handbag, top view-0.mp4",,error,0.000012,ValueError: MissingOfficialSpatialMetadata: prompt absent from locked VBench 1.0 VBench_full_info.json,
v_dbe35395e43e4e46222e,spatial_relationship,test,"a book inside of an open handbag, top view",481,lavie,"lavie/spatial_relationship/a book inside of an open handbag, top view-1.mp4",,error,0.000013,ValueError: MissingOfficialSpatialMetadata: prompt absent from locked VBench 1.0 VBench_full_info.json,
v_78548385d1cd97273e75,spatial_relationship,test,"a book inside of an open handbag, top view",482,lavie,"lavie/spatial_relationship/a book inside of an open handbag, top view-2.mp4",,error,0.000011,ValueError: MissingOfficialSpatialMetadata: prompt absent from locked VBench 1.0 VBench_full_info.json,
v_0610c814707594608d9b,spatial_relationship,test,"a book inside of an open handbag, top view",483,lavie,"lavie/spatial_relationship/a book inside of an open handbag, top view-3.mp4",,error,0.000010,ValueError: MissingOfficialSpatialMetadata: prompt absent from locked VBench 1.0 VBench_full_info.json,
v_c2d2ad8b52904232cbdb,spatial_relationship,test,"a book inside of an open handbag, top view",484,lavie,"lavie/spatial_relationship/a book inside of an open handbag, top view-4.mp4",,error,0.000012,ValueError: MissingOfficialSpatialMetadata: prompt absent from locked VBench 1.0 VBench_full_info.json,
v_71b41ad6e14476e58efd,spatial_relationship,dev,"a book inside of an open suitcase, top view",505,lavie,"lavie/spatial_relationship/a book inside of an open suitcase, top view-0.mp4",,error,0.000010,ValueError: MissingOfficialSpatialMetadata: prompt absent from locked VBench 1.0 VBench_full_info.json,
v_9aa25d3766b6093a0518,spatial_relationship,dev,"a book inside of an open suitcase, top view",506,lavie,"lavie/spatial_relationship/a book inside of an open suitcase, top view-1.mp4",,error,0.000010,ValueError: MissingOfficialSpatialMetadata: prompt absent from locked VBench 1.0 VBench_full_info.json,
v_1f2a1a1b4a1605855a9b,spatial_relationship,dev,"a book inside of an open suitcase, top view",507,lavie,"lavie/spatial_relationship/a book inside of an open suitcase, top view-2.mp4",,error,0.000010,ValueError: MissingOfficialSpatialMetadata: prompt absent from locked VBench 1.0 VBench_full_info.json,
v_521a09248e269eda772d,spatial_relationship,dev,"a book inside of an open suitcase, top view",508,lavie,"lavie/spatial_relationship/a book inside of an open suitcase, top view-3.mp4",,error,0.000012,ValueError: MissingOfficialSpatialMetadata: prompt absent from locked VBench 1.0 VBench_full_info.json,
v_ee909eb1b090cadd32f1,spatial_relationship,dev,"a book inside of an open suitcase, top view",509,lavie,"lavie/spatial_relationship/a book inside of an open suitcase, top view-4.mp4",,error,0.000012,ValueError: MissingOfficialSpatialMetadata: prompt absent from locked VBench 1.0 VBench_full_info.json,
v_71d1fcae695b0e2c76ed,spatial_relationship,test,"a bottle on the left of a wine glass, front view",100,lavie,"lavie/spatial_relationship/a bottle on the left of a wine glass, front view-0.mp4",0.0,success,1.614014,,
v_61bd8ef10eb94eaa3768,spatial_relationship,test,"a bottle on the left of a wine glass, front view",101,lavie,"lavie/spatial_relationship/a bottle on the left of a wine glass, front view-1.mp4",1.0,success,1.510243,,
v_b3f3d8750224b21ababe,spatial_relationship,test,"a bottle on the left of a wine glass, front view",102,lavie,"lavie/spatial_relationship/a bottle on the left of a wine glass, front view-2.mp4",0.0,success,1.572708,,
v_5acd1a0424c4c29132e9,spatial_relationship,test,"a bottle on the left of a wine glass, front view",103,lavie,"lavie/spatial_relationship/a bottle on the left of a wine glass, front view-3.mp4",0.0,success,1.583716,,
v_3e080755c2bc05e5ed62,spatial_relationship,test,"a bottle on the left of a wine glass, front view",104,lavie,"lavie/spatial_relationship/a bottle on the left of a wine glass, front view-4.mp4",0.125,success,1.493978,,
v_f2f960843122647c0761,spatial_relationship,test,"a bowl on the left of a bottle, front view",130,lavie,"lavie/spatial_relationship/a bowl on the left of a bottle, front view-0.mp4",0.0,success,1.461144,,
v_1f2ac5e60d819cfb661b,spatial_relationship,test,"a bowl on the left of a bottle, front view",131,lavie,"lavie/spatial_relationship/a bowl on the left of a bottle, front view-1.mp4",0.0,success,1.423846,,
v_a07f06cb5051b26b6f74,spatial_relationship,test,"a bowl on the left of a bottle, front view",132,lavie,"lavie/spatial_relationship/a bowl on the left of a bottle, front view-2.mp4",0.0,success,1.353512,,
v_c15d0ae9348b13a5bab6,spatial_relationship,test,"a bowl on the left of a bottle, front view",133,lavie,"lavie/spatial_relationship/a bowl on the left of a bottle, front view-3.mp4",0.0,success,1.658410,,
v_a44bdbc70b26ab6347b5,spatial_relationship,test,"a bowl on the left of a bottle, front view",134,lavie,"lavie/spatial_relationship/a bowl on the left of a bottle, front view-4.mp4",1.0,success,1.495290,,
v_f1f48f637df3bad235db,spatial_relationship,test,"a bus on the right of a traffic light, front view",15,lavie,"lavie/spatial_relationship/a bus on the right of a traffic light, front view-0.mp4",0.0,success,1.582609,,
v_ed5ed914c403e9b791ab,spatial_relationship,test,"a bus on the right of a traffic light, front view",16,lavie,"lavie/spatial_relationship/a bus on the right of a traffic light, front view-1.mp4",0.0,success,1.618064,,
v_f178fed8c90c64a01571,spatial_relationship,test,"a bus on the right of a traffic light, front view",17,lavie,"lavie/spatial_relationship/a bus on the right of a traffic light, front view-2.mp4",0.1572934502955156,success,1.571735,,
v_4b6c31f61c059ba039df,spatial_relationship,test,"a bus on the right of a traffic light, front view",18,lavie,"lavie/spatial_relationship/a bus on the right of a traffic light, front view-3.mp4",0.46006843343975756,success,1.767885,,
v_4606d94a05e515940018,spatial_relationship,test,"a bus on the right of a traffic light, front view",19,lavie,"lavie/spatial_relationship/a bus on the right of a traffic light, front view-4.mp4",0.0,success,1.714289,,
v_6201f2a7ac71fcc5ab3d,spatial_relationship,test,"a cake inside of a refrigerator with door open, front view",445,lavie,"lavie/spatial_relationship/a cake inside of a refrigerator with door open, front view-0.mp4",,error,0.000013,ValueError: MissingOfficialSpatialMetadata: prompt absent from locked VBench 1.0 VBench_full_info.json,
v_d814c423adefe5df5690,spatial_relationship,test,"a cake inside of a refrigerator with door open, front view",446,lavie,"lavie/spatial_relationship/a cake inside of a refrigerator with door open, front view-1.mp4",,error,0.000010,ValueError: MissingOfficialSpatialMetadata: prompt absent from locked VBench 1.0 VBench_full_info.json,
v_3525692fd1e16b1159de,spatial_relationship,test,"a cake inside of a refrigerator with door open, front view",447,lavie,"lavie/spatial_relationship/a cake inside of a refrigerator with door open, front view-2.mp4",,error,0.000009,ValueError: MissingOfficialSpatialMetadata: prompt absent from locked VBench 1.0 VBench_full_info.json,
v_2106e7417b7d38503fcf,spatial_relationship,test,"a cake inside of a refrigerator with door open, front view",448,lavie,"lavie/spatial_relationship/a cake inside of a refrigerator with door open, front view-3.mp4",,error,0.000009,ValueError: MissingOfficialSpatialMetadata: prompt absent from locked VBench 1.0 VBench_full_info.json,
v_0e059fe485dc5462773e,spatial_relationship,test,"a cake inside of a refrigerator with door open, front view",449,lavie,"lavie/spatial_relationship/a cake inside of a refrigerator with door open, front view-4.mp4",,error,0.000009,ValueError: MissingOfficialSpatialMetadata: prompt absent from locked VBench 1.0 VBench_full_info.json,
v_d8ab967f6b47cfff91f4,spatial_relationship,dev,"a car on the right of a motorcycle, front view",5,lavie,"lavie/spatial_relationship/a car on the right of a motorcycle, front view-0.mp4",0.875,success,1.653679,,
v_f702482943a8dc3dbcf2,spatial_relationship,dev,"a car on the right of a motorcycle, front view",6,lavie,"lavie/spatial_relationship/a car on the right of a motorcycle, front view-1.mp4",0.1579758374865939,success,1.381671,,
v_c0036966e93d8dacfd8e,spatial_relationship,dev,"a car on the right of a motorcycle, front view",7,lavie,"lavie/spatial_relationship/a car on the right of a motorcycle, front view-2.mp4",0.125,success,1.593108,,
v_2278c3a3c3798a755f77,spatial_relationship,dev,"a car on the right of a motorcycle, front view",8,lavie,"lavie/spatial_relationship/a car on the right of a motorcycle, front view-3.mp4",1.0,success,1.592944,,
v_c07f39acc27771616716,spatial_relationship,dev,"a car on the right of a motorcycle, front view",9,lavie,"lavie/spatial_relationship/a car on the right of a motorcycle, front view-4.mp4",0.0,success,1.385952,,
v_1628bdee616f2aa619db,spatial_relationship,dev,"a carrot inside of a refrigerator with door open, front view",430,lavie,"lavie/spatial_relationship/a carrot inside of a refrigerator with door open, front view-0.mp4",,error,0.000017,ValueError: MissingOfficialSpatialMetadata: prompt absent from locked VBench 1.0 VBench_full_info.json,
v_f65a11783859988263e0,spatial_relationship,dev,"a carrot inside of a refrigerator with door open, front view",431,lavie,"lavie/spatial_relationship/a carrot inside of a refrigerator with door open, front view-1.mp4",,error,0.000010,ValueError: MissingOfficialSpatialMetadata: prompt absent from locked VBench 1.0 VBench_full_info.json,
v_86e9456b6482d4c987cb,spatial_relationship,dev,"a carrot inside of a refrigerator with door open, front view",432,lavie,"lavie/spatial_relationship/a carrot inside of a refrigerator with door open, front view-2.mp4",,error,0.000009,ValueError: MissingOfficialSpatialMetadata: prompt absent from locked VBench 1.0 VBench_full_info.json,
v_af50bf9c22fc51213543,spatial_relationship,dev,"a carrot inside of a refrigerator with door open, front view",433,lavie,"lavie/spatial_relationship/a carrot inside of a refrigerator with door open, front view-3.mp4",,error,0.000009,ValueError: MissingOfficialSpatialMetadata: prompt absent from locked VBench 1.0 VBench_full_info.json,
v_a264284ef99e0331b47d,spatial_relationship,dev,"a carrot inside of a refrigerator with door open, front view",434,lavie,"lavie/spatial_relationship/a carrot inside of a refrigerator with door open, front view-4.mp4",,error,0.000009,ValueError: MissingOfficialSpatialMetadata: prompt absent from locked VBench 1.0 VBench_full_info.json,
v_0cbc70c0d16bb31e9966,spatial_relationship,dev,"a carrot on the bottom of a hot dog, front view",325,lavie,"lavie/spatial_relationship/a carrot on the bottom of a hot dog, front view-0.mp4",0.0,success,1.637984,,
v_5458dbdc29ea453b298a,spatial_relationship,dev,"a carrot on the bottom of a hot dog, front view",326,lavie,"lavie/spatial_relationship/a carrot on the bottom of a hot dog, front view-1.mp4",0.0,success,1.685582,,
v_b67c187b700b2390483c,spatial_relationship,dev,"a carrot on the bottom of a hot dog, front view",327,lavie,"lavie/spatial_relationship/a carrot on the bottom of a hot dog, front view-2.mp4",1.0,success,1.480701,,
v_20fbdb162b454994d3d9,spatial_relationship,dev,"a carrot on the bottom of a hot dog, front view",328,lavie,"lavie/spatial_relationship/a carrot on the bottom of a hot dog, front view-3.mp4",0.0,success,1.488738,,
v_6454f7296407dbef4ae3,spatial_relationship,dev,"a carrot on the bottom of a hot dog, front view",329,lavie,"lavie/spatial_relationship/a carrot on the bottom of a hot dog, front view-4.mp4",0.0,success,1.608365,,
v_db162f03527f6a34e09f,spatial_relationship,dev,"a carrot on the top of a hot dog, front view",320,lavie,"lavie/spatial_relationship/a carrot on the top of a hot dog, front view-0.mp4",0.0,success,1.429141,,
v_73f6561f0aa637b56a87,spatial_relationship,dev,"a carrot on the top of a hot dog, front view",321,lavie,"lavie/spatial_relationship/a carrot on the top of a hot dog, front view-1.mp4",0.0,success,1.421209,,
v_1253ffc8cf65890e8a88,spatial_relationship,dev,"a carrot on the top of a hot dog, front view",322,lavie,"lavie/spatial_relationship/a carrot on the top of a hot dog, front view-2.mp4",0.0,success,1.625876,,
v_7830d33c45af7e93b5bc,spatial_relationship,dev,"a carrot on the top of a hot dog, front view",323,lavie,"lavie/spatial_relationship/a carrot on the top of a hot dog, front view-3.mp4",0.0,success,1.291673,,
v_0880affd489b69f64a6f,spatial_relationship,dev,"a carrot on the top of a hot dog, front view",324,lavie,"lavie/spatial_relationship/a carrot on the top of a hot dog, front view-4.mp4",0.5293236267709437,success,1.480020,,
v_1b79d2b0dba18815fa02,spatial_relationship,test,"a cat on the right of a dog, front view",55,lavie,"lavie/spatial_relationship/a cat on the right of a dog, front view-0.mp4",0.8862179255252713,success,1.819130,,
v_a6398b6ac59561774645,spatial_relationship,test,"a cat on the right of a dog, front view",56,lavie,"lavie/spatial_relationship/a cat on the right of a dog, front view-1.mp4",0.9997555936303164,success,1.715704,,
v_6c6461466893a34b1ed8,spatial_relationship,test,"a cat on the right of a dog, front view",57,lavie,"lavie/spatial_relationship/a cat on the right of a dog, front view-2.mp4",1.0,success,1.525626,,
v_365bef218b3047704a7b,spatial_relationship,test,"a cat on the right of a dog, front view",58,lavie,"lavie/spatial_relationship/a cat on the right of a dog, front view-3.mp4",1.0,success,2.082696,,
v_302a01a995be2194e97e,spatial_relationship,test,"a cat on the right of a dog, front view",59,lavie,"lavie/spatial_relationship/a cat on the right of a dog, front view-4.mp4",1.0,success,1.926388,,
v_5baa1824053343349ee6,spatial_relationship,test,"a cell phone inside of an open backpack, top view",465,lavie,"lavie/spatial_relationship/a cell phone inside of an open backpack, top view-0.mp4",,error,0.000019,ValueError: MissingOfficialSpatialMetadata: prompt absent from locked VBench 1.0 VBench_full_info.json,
v_d6a44b69207d129e7c56,spatial_relationship,test,"a cell phone inside of an open backpack, top view",466,lavie,"lavie/spatial_relationship/a cell phone inside of an open backpack, top view-1.mp4",,error,0.000009,ValueError: MissingOfficialSpatialMetadata: prompt absent from locked VBench 1.0 VBench_full_info.json,
v_3ac8b568071528b98e58,spatial_relationship,test,"a cell phone inside of an open backpack, top view",467,lavie,"lavie/spatial_relationship/a cell phone inside of an open backpack, top view-2.mp4",,error,0.000009,ValueError: MissingOfficialSpatialMetadata: prompt absent from locked VBench 1.0 VBench_full_info.json,
v_1b0d36a045ba47aee6a5,spatial_relationship,test,"a cell phone inside of an open backpack, top view",468,lavie,"lavie/spatial_relationship/a cell phone inside of an open backpack, top view-3.mp4",,error,0.000009,ValueError: MissingOfficialSpatialMetadata: prompt absent from locked VBench 1.0 VBench_full_info.json,
v_0ec351788dedf25ca2d4,spatial_relationship,test,"a cell phone inside of an open backpack, top view",469,lavie,"lavie/spatial_relationship/a cell phone inside of an open backpack, top view-4.mp4",,error,0.000009,ValueError: MissingOfficialSpatialMetadata: prompt absent from locked VBench 1.0 VBench_full_info.json,
v_88f5c96119455499e7df,spatial_relationship,test,"a cell phone inside of an open handbag, top view",490,lavie,"lavie/spatial_relationship/a cell phone inside of an open handbag, top view-0.mp4",,error,0.000009,ValueError: MissingOfficialSpatialMetadata: prompt absent from locked VBench 1.0 VBench_full_info.json,
v_1f986839494f9e8d0f02,spatial_relationship,test,"a cell phone inside of an open handbag, top view",491,lavie,"lavie/spatial_relationship/a cell phone inside of an open handbag, top view-1.mp4",,error,0.000009,ValueError: MissingOfficialSpatialMetadata: prompt absent from locked VBench 1.0 VBench_full_info.json,
v_eeb8688ff1255d6535d9,spatial_relationship,test,"a cell phone inside of an open handbag, top view",492,lavie,"lavie/spatial_relationship/a cell phone inside of an open handbag, top view-2.mp4",,error,0.000009,ValueError: MissingOfficialSpatialMetadata: prompt absent from locked VBench 1.0 VBench_full_info.json,
v_2cf0390954e72af457c8,spatial_relationship,test,"a cell phone inside of an open handbag, top view",493,lavie,"lavie/spatial_relationship/a cell phone inside of an open handbag, top view-3.mp4",,error,0.000009,ValueError: MissingOfficialSpatialMetadata: prompt absent from locked VBench 1.0 VBench_full_info.json,
v_81510cdfa7acd2a656a0,spatial_relationship,test,"a cell phone inside of an open handbag, top view",494,lavie,"lavie/spatial_relationship/a cell phone inside of an open handbag, top view-4.mp4",,error,0.000009,ValueError: MissingOfficialSpatialMetadata: prompt absent from locked VBench 1.0 VBench_full_info.json,
v_41d88a8683e1ad380398,spatial_relationship,dev,"a cell phone inside of an open suitcase, top view",515,lavie,"lavie/spatial_relationship/a cell phone inside of an open suitcase, top view-0.mp4",,error,0.000009,ValueError: MissingOfficialSpatialMetadata: prompt absent from locked VBench 1.0 VBench_full_info.json,
v_9eaa556fb2c93785f3e5,spatial_relationship,dev,"a cell phone inside of an open suitcase, top view",516,lavie,"lavie/spatial_relationship/a cell phone inside of an open suitcase, top view-1.mp4",,error,0.000013,ValueError: MissingOfficialSpatialMetadata: prompt absent from locked VBench 1.0 VBench_full_info.json,
v_f0b25159bb7ea72aef1c,spatial_relationship,dev,"a cell phone inside of an open suitcase, top view",517,lavie,"lavie/spatial_relationship/a cell phone inside of an open suitcase, top view-2.mp4",,error,0.000009,ValueError: MissingOfficialSpatialMetadata: prompt absent from locked VBench 1.0 VBench_full_info.json,
v_0c7f1e4302f4060ab994,spatial_relationship,dev,"a cell phone inside of an open suitcase, top view",518,lavie,"lavie/spatial_relationship/a cell phone inside of an open suitcase, top view-3.mp4",,error,0.000009,ValueError: MissingOfficialSpatialMetadata: prompt absent from locked VBench 1.0 VBench_full_info.json,
v_4f56b2b11c6332f5552d,spatial_relationship,dev,"a cell phone inside of an open suitcase, top view",519,lavie,"lavie/spatial_relationship/a cell phone inside of an open suitcase, top view-4.mp4",,error,0.000009,ValueError: MissingOfficialSpatialMetadata: prompt absent from locked VBench 1.0 VBench_full_info.json,
v_dfacd597055e2e0966ee,spatial_relationship,test,"a chair on the left of a couch, front view",210,lavie,"lavie/spatial_relationship/a chair on the left of a couch, front view-0.mp4",1.0,success,1.923602,,
v_1b82e7d4f6d7bb54b37c,spatial_relationship,test,"a chair on the left of a couch, front view",211,lavie,"lavie/spatial_relationship/a chair on the left of a couch, front view-1.mp4",0.9375,success,1.574927,,
v_7ebfb4af17e5cdfe8edb,spatial_relationship,test,"a chair on the left of a couch, front view",212,lavie,"lavie/spatial_relationship/a chair on the left of a couch, front view-2.mp4",0.0625,success,1.612113,,
v_759c32c7a43e3057b498,spatial_relationship,test,"a chair on the left of a couch, front view",213,lavie,"lavie/spatial_relationship/a chair on the left of a couch, front view-3.mp4",1.0,success,1.686917,,
v_041da43068fa586993a5,spatial_relationship,test,"a chair on the left of a couch, front view",214,lavie,"lavie/spatial_relationship/a chair on the left of a couch, front view-4.mp4",0.0,success,1.511497,,
v_d7b3aa2ef2f41b3da631,spatial_relationship,test,"a clock on the left of a vase, front view",145,lavie,"lavie/spatial_relationship/a clock on the left of a vase, front view-0.mp4",0.0,success,1.387480,,
v_9801a363f50c863097e0,spatial_relationship,test,"a clock on the left of a vase, front view",146,lavie,"lavie/spatial_relationship/a clock on the left of a vase, front view-1.mp4",0.013275146484375002,success,1.453583,,
v_dfee2d60b288cedd5d8d,spatial_relationship,test,"a clock on the left of a vase, front view",147,lavie,"lavie/spatial_relationship/a clock on the left of a vase, front view-2.mp4",0.0,success,1.549396,,
v_bd58e34c5b5512e1c3a8,spatial_relationship,test,"a clock on the left of a vase, front view",148,lavie,"lavie/spatial_relationship/a clock on the left of a vase, front view-3.mp4",0.0,success,1.482045,,
v_271e1317d9e03d782984,spatial_relationship,test,"a clock on the left of a vase, front view",149,lavie,"lavie/spatial_relationship/a clock on the left of a vase, front view-4.mp4",0.07758826150840122,success,1.442108,,
v_490ddc1453eb7da9c18d,spatial_relationship,test,"a couch on the right of a bed, front view",215,lavie,"lavie/spatial_relationship/a couch on the right of a bed, front view-0.mp4",1.0,success,1.664789,,
v_089bf3e5e7906e19f8de,spatial_relationship,test,"a couch on the right of a bed, front view",216,lavie,"lavie/spatial_relationship/a couch on the right of a bed, front view-1.mp4",1.0,success,1.947544,,
v_6d77978fc507dd9d0ce8,spatial_relationship,test,"a couch on the right of a bed, front view",217,lavie,"lavie/spatial_relationship/a couch on the right of a bed, front view-2.mp4",0.9375,success,1.550181,,
v_9a596ea83d4217846fcc,spatial_relationship,test,"a couch on the right of a bed, front view",218,lavie,"lavie/spatial_relationship/a couch on the right of a bed, front view-3.mp4",1.0,success,1.671733,,
v_c4e6a127f412b2816d5f,spatial_relationship,test,"a couch on the right of a bed, front view",219,lavie,"lavie/spatial_relationship/a couch on the right of a bed, front view-4.mp4",1.0,success,1.684762,,
v_124c073ab2c561d15a8f,spatial_relationship,dev,"a cow on the right of an elephant, front view",75,lavie,"lavie/spatial_relationship/a cow on the right of an elephant, front view-0.mp4",1.0,success,1.708607,,
v_7d07f731af88e7b0caa7,spatial_relationship,dev,"a cow on the right of an elephant, front view",76,lavie,"lavie/spatial_relationship/a cow on the right of an elephant, front view-1.mp4",0.9783028198653199,success,1.488359,,
v_d158d853a3a95751d52c,spatial_relationship,dev,"a cow on the right of an elephant, front view",77,lavie,"lavie/spatial_relationship/a cow on the right of an elephant, front view-2.mp4",1.0,success,1.592079,,
v_8fc0b124af3457d99d91,spatial_relationship,dev,"a cow on the right of an elephant, front view",78,lavie,"lavie/spatial_relationship/a cow on the right of an elephant, front view-3.mp4",1.0,success,1.971455,,
v_0608589ec751aa3ab3f5,spatial_relationship,dev,"a cow on the right of an elephant, front view",79,lavie,"lavie/spatial_relationship/a cow on the right of an elephant, front view-4.mp4",1.0,success,1.617148,,
v_9cd1068889b8764fd496,spatial_relationship,dev,"a cup on the left of a fork, front view",110,lavie,"lavie/spatial_relationship/a cup on the left of a fork, front view-0.mp4",0.0,success,1.449534,,
v_38d23c0bb13ff0c68f24,spatial_relationship,dev,"a cup on the left of a fork, front view",111,lavie,"lavie/spatial_relationship/a cup on the left of a fork, front view-1.mp4",0.0,success,1.695435,,
v_b5c89b4937fca2ce288f,spatial_relationship,dev,"a cup on the left of a fork, front view",112,lavie,"lavie/spatial_relationship/a cup on the left of a fork, front view-2.mp4",0.0,success,1.605009,,
v_d63614af821e9c878505,spatial_relationship,dev,"a cup on the left of a fork, front view",113,lavie,"lavie/spatial_relationship/a cup on the left of a fork, front view-3.mp4",0.0,success,1.482787,,
v_2ae133c9d31c742f541f,spatial_relationship,dev,"a cup on the left of a fork, front view",114,lavie,"lavie/spatial_relationship/a cup on the left of a fork, front view-4.mp4",0.125,success,1.559987,,
v_c82edb348b4893ec193d,spatial_relationship,dev,"a dining table on the left of a chair, front view",230,lavie,"lavie/spatial_relationship/a dining table on the left of a chair, front view-0.mp4",1.0,success,2.023887,,
v_1503fe8d1b65145f0ff2,spatial_relationship,dev,"a dining table on the left of a chair, front view",231,lavie,"lavie/spatial_relationship/a dining table on the left of a chair, front view-1.mp4",1.0,success,1.865895,,
v_a47b5fe85b1d0e33a506,spatial_relationship,dev,"a dining table on the left of a chair, front view",232,lavie,"lavie/spatial_relationship/a dining table on the left of a chair, front view-2.mp4",1.0,success,1.814081,,
v_0b3a14b5bc1645e0c359,spatial_relationship,dev,"a dining table on the left of a chair, front view",233,lavie,"lavie/spatial_relationship/a dining table on the left of a chair, front view-3.mp4",1.0,success,2.081258,,
v_082705f0ed3a2ced3784,spatial_relationship,dev,"a dining table on the left of a chair, front view",234,lavie,"lavie/spatial_relationship/a dining table on the left of a chair, front view-4.mp4",1.0,success,2.197470,,
v_428292442f1acda70105,spatial_relationship,test,"a dog on the left of a horse, front view",60,lavie,"lavie/spatial_relationship/a dog on the left of a horse, front view-0.mp4",0.0,success,1.693395,,
v_3b77d6c5c412d86ee798,spatial_relationship,test,"a dog on the left of a horse, front view",61,lavie,"lavie/spatial_relationship/a dog on the left of a horse, front view-1.mp4",0.0,success,1.540771,,
v_c0cfbb430acee0c16794,spatial_relationship,test,"a dog on the left of a horse, front view",62,lavie,"lavie/spatial_relationship/a dog on the left of a horse, front view-2.mp4",0.0625,success,1.506134,,
v_2e80942fcaed91beb6a7,spatial_relationship,test,"a dog on the left of a horse, front view",63,lavie,"lavie/spatial_relationship/a dog on the left of a horse, front view-3.mp4",1.0,success,1.457712,,
v_932f4fc0af24e8f6ba5a,spatial_relationship,test,"a dog on the left of a horse, front view",64,lavie,"lavie/spatial_relationship/a dog on the left of a horse, front view-4.mp4",0.6164039062552049,success,1.646371,,
v_e93bd2900cb35e3bec7a,spatial_relationship,test,"a donut inside of a refrigerator with door open, front view",440,lavie,"lavie/spatial_relationship/a donut inside of a refrigerator with door open, front view-0.mp4",,error,0.000015,ValueError: MissingOfficialSpatialMetadata: prompt absent from locked VBench 1.0 VBench_full_info.json,
v_2cf753cf7b82892d4230,spatial_relationship,test,"a donut inside of a refrigerator with door open, front view",441,lavie,"lavie/spatial_relationship/a donut inside of a refrigerator with door open, front view-1.mp4",,error,0.000012,ValueError: MissingOfficialSpatialMetadata: prompt absent from locked VBench 1.0 VBench_full_info.json,
v_367fa01cc0bec8f9f82d,spatial_relationship,test,"a donut inside of a refrigerator with door open, front view",442,lavie,"lavie/spatial_relationship/a donut inside of a refrigerator with door open, front view-2.mp4",,error,0.000011,ValueError: MissingOfficialSpatialMetadata: prompt absent from locked VBench 1.0 VBench_full_info.json,
v_3ec05b5453e2b7728c76,spatial_relationship,test,"a donut inside of a refrigerator with door open, front view",443,lavie,"lavie/spatial_relationship/a donut inside of a refrigerator with door open, front view-3.mp4",,error,0.000010,ValueError: MissingOfficialSpatialMetadata: prompt absent from locked VBench 1.0 VBench_full_info.json,
v_0687293d54c007be0f1d,spatial_relationship,test,"a donut inside of a refrigerator with door open, front view",444,lavie,"lavie/spatial_relationship/a donut inside of a refrigerator with door open, front view-4.mp4",,error,0.000011,ValueError: MissingOfficialSpatialMetadata: prompt absent from locked VBench 1.0 VBench_full_info.json,
v_7a8da0be938b68353953,spatial_relationship,dev,"a donut on the bottom of broccoli, front view",355,lavie,"lavie/spatial_relationship/a donut on the bottom of broccoli, front view-0.mp4",0.4336282400394403,success,1.644692,,
v_45ed7e17e1a8a34ee0a9,spatial_relationship,dev,"a donut on the bottom of broccoli, front view",356,lavie,"lavie/spatial_relationship/a donut on the bottom of broccoli, front view-1.mp4",1.0,success,1.555704,,
v_f6351645997db295c292,spatial_relationship,dev,"a donut on the bottom of broccoli, front view",357,lavie,"lavie/spatial_relationship/a donut on the bottom of broccoli, front view-2.mp4",0.28592271414932446,success,1.533057,,
v_e31e25d95e43914a4f91,spatial_relationship,dev,"a donut on the bottom of broccoli, front view",358,lavie,"lavie/spatial_relationship/a donut on the bottom of broccoli, front view-3.mp4",0.0,success,1.465267,,
v_4676bd8a7c1517d8521f,spatial_relationship,dev,"a donut on the bottom of broccoli, front view",359,lavie,"lavie/spatial_relationship/a donut on the bottom of broccoli, front view-4.mp4",0.7284852693637103,success,1.509686,,
v_662621e5c2499265ef37,spatial_relationship,test,"a donut on the top of broccoli, front view",350,lavie,"lavie/spatial_relationship/a donut on the top of broccoli, front view-0.mp4",1.0,success,1.658721,,
v_5e1da498bf1fbeb793d6,spatial_relationship,test,"a donut on the top of broccoli, front view",351,lavie,"lavie/spatial_relationship/a donut on the top of broccoli, front view-1.mp4",1.0,success,1.634434,,
v_d8006b53aa44a6f2394b,spatial_relationship,test,"a donut on the top of broccoli, front view",352,lavie,"lavie/spatial_relationship/a donut on the top of broccoli, front view-2.mp4",0.21030181950748378,success,1.465581,,
v_02d380faf37ac70f8d0d,spatial_relationship,test,"a donut on the top of broccoli, front view",353,lavie,"lavie/spatial_relationship/a donut on the top of broccoli, front view-3.mp4",0.3191443190770898,success,1.504879,,
v_465ea0eb1f0b6205a348,spatial_relationship,test,"a donut on the top of broccoli, front view",354,lavie,"lavie/spatial_relationship/a donut on the top of broccoli, front view-4.mp4",1.0,success,1.664655,,
v_cc8bdab3b1a1d80b30ae,spatial_relationship,dev,"a fire hydrant on the right of a stop sign, front view",25,lavie,"lavie/spatial_relationship/a fire hydrant on the right of a stop sign, front view-0.mp4",0.0,success,1.513869,,
v_2cc99ac0a1338bf4ebea,spatial_relationship,dev,"a fire hydrant on the right of a stop sign, front view",26,lavie,"lavie/spatial_relationship/a fire hydrant on the right of a stop sign, front view-1.mp4",0.9375,success,1.583870,,
v_46c5072d2d240cd8337f,spatial_relationship,dev,"a fire hydrant on the right of a stop sign, front view",27,lavie,"lavie/spatial_relationship/a fire hydrant on the right of a stop sign, front view-2.mp4",0.0,success,1.536466,,
v_89d741f7043f45e415f2,spatial_relationship,dev,"a fire hydrant on the right of a stop sign, front view",28,lavie,"lavie/spatial_relationship/a fire hydrant on the right of a stop sign, front view-3.mp4",0.0,success,1.878094,,
v_a2cce49689d3be22b0f3,spatial_relationship,dev,"a fire hydrant on the right of a stop sign, front view",29,lavie,"lavie/spatial_relationship/a fire hydrant on the right of a stop sign, front view-4.mp4",0.0,success,1.562224,,
v_03dec61c276b4e7c087b,spatial_relationship,test,"a fork on the right of a knife, front view",115,lavie,"lavie/spatial_relationship/a fork on the right of a knife, front view-0.mp4",0.0,success,1.373193,,
v_516033d4fc3248d99da0,spatial_relationship,test,"a fork on the right of a knife, front view",116,lavie,"lavie/spatial_relationship/a fork on the right of a knife, front view-1.mp4",0.0,success,1.385746,,
v_a2599d384ea50d81c4d4,spatial_relationship,test,"a fork on the right of a knife, front view",117,lavie,"lavie/spatial_relationship/a fork on the right of a knife, front view-2.mp4",0.0,success,1.543627,,
v_8878c2c65c8d15cc0d8e,spatial_relationship,test,"a fork on the right of a knife, front view",118,lavie,"lavie/spatial_relationship/a fork on the right of a knife, front view-3.mp4",0.0,success,1.694376,,
v_e548018902af67b08b28,spatial_relationship,test,"a fork on the right of a knife, front view",119,lavie,"lavie/spatial_relationship/a fork on the right of a knife, front view-4.mp4",0.0,success,1.594707,,
v_97b882ad36674597a4f0,spatial_relationship,dev,"a frisbee on the left of a sports ball, front view",165,lavie,"lavie/spatial_relationship/a frisbee on the left of a sports ball, front view-0.mp4",0.0,success,1.434395,,
v_8fe94a50cef54cebc8f9,spatial_relationship,dev,"a frisbee on the left of a sports ball, front view",166,lavie,"lavie/spatial_relationship/a frisbee on the left of a sports ball, front view-1.mp4",0.015388291251778095,success,1.634338,,
v_45316c3c6c594ef03924,spatial_relationship,dev,"a frisbee on the left of a sports ball, front view",167,lavie,"lavie/spatial_relationship/a frisbee on the left of a sports ball, front view-2.mp4",0.0,success,1.549138,,
v_9ef4c6287e0b28270e48,spatial_relationship,dev,"a frisbee on the left of a sports ball, front view",168,lavie,"lavie/spatial_relationship/a frisbee on the left of a sports ball, front view-3.mp4",0.298470462410456,success,1.846727,,
v_08458250e3285359fa12,spatial_relationship,dev,"a frisbee on the left of a sports ball, front view",169,lavie,"lavie/spatial_relationship/a frisbee on the left of a sports ball, front view-4.mp4",0.0,success,1.483715,,
v_dfee30609a317082381e,spatial_relationship,dev,"a giraffe on the right of a bird, front view",95,lavie,"lavie/spatial_relationship/a giraffe on the right of a bird, front view-0.mp4",1.0,success,1.791468,,
v_ed74f0132777858e2a7c,spatial_relationship,dev,"a giraffe on the right of a bird, front view",96,lavie,"lavie/spatial_relationship/a giraffe on the right of a bird, front view-1.mp4",1.0,success,2.154674,,
v_99b1bc8082959146c903,spatial_relationship,dev,"a giraffe on the right of a bird, front view",97,lavie,"lavie/spatial_relationship/a giraffe on the right of a bird, front view-2.mp4",1.0,success,1.838416,,
v_9b551aeb42d1227b63a2,spatial_relationship,dev,"a giraffe on the right of a bird, front view",98,lavie,"lavie/spatial_relationship/a giraffe on the right of a bird, front view-3.mp4",1.0,success,1.590400,,
v_00a6c3914956b7b9acc6,spatial_relationship,dev,"a giraffe on the right of a bird, front view",99,lavie,"lavie/spatial_relationship/a giraffe on the right of a bird, front view-4.mp4",0.0625,success,1.507756,,
v_b927509a15667c4b7cd6,spatial_relationship,test,"a hair drier on the right of a toothbrush, front view",195,lavie,"lavie/spatial_relationship/a hair drier on the right of a toothbrush, front view-0.mp4",0.0,success,1.651562,,
v_9af06f46f8b1537abfd9,spatial_relationship,test,"a hair drier on the right of a toothbrush, front view",196,lavie,"lavie/spatial_relationship/a hair drier on the right of a toothbrush, front view-1.mp4",0.019772743656286045,success,1.520335,,
v_74d086d2e5832d60c6e0,spatial_relationship,test,"a hair drier on the right of a toothbrush, front view",197,lavie,"lavie/spatial_relationship/a hair drier on the right of a toothbrush, front view-2.mp4",0.0,success,1.415955,,
v_8a52a405209452b5feaa,spatial_relationship,test,"a hair drier on the right of a toothbrush, front view",198,lavie,"lavie/spatial_relationship/a hair drier on the right of a toothbrush, front view-3.mp4",0.0,success,1.646691,,
v_4fe9cb32fab50891a880,spatial_relationship,test,"a hair drier on the right of a toothbrush, front view",199,lavie,"lavie/spatial_relationship/a hair drier on the right of a toothbrush, front view-4.mp4",1.0,success,1.480962,,
v_33ff1d93fbceada382ba,spatial_relationship,test,"a horse on the right of a sheep, front view",65,lavie,"lavie/spatial_relationship/a horse on the right of a sheep, front view-0.mp4",0.0,success,1.677714,,
v_51be7de4054d2f067ec2,spatial_relationship,test,"a horse on the right of a sheep, front view",66,lavie,"lavie/spatial_relationship/a horse on the right of a sheep, front view-1.mp4",0.9305242873142239,success,1.519354,,
v_a79a7e9fcdcca0e3b612,spatial_relationship,test,"a horse on the right of a sheep, front view",67,lavie,"lavie/spatial_relationship/a horse on the right of a sheep, front view-2.mp4",0.0625,success,1.560826,,
v_51ec496660ce536f8ffb,spatial_relationship,test,"a horse on the right of a sheep, front view",68,lavie,"lavie/spatial_relationship/a horse on the right of a sheep, front view-3.mp4",1.0,success,1.429354,,
v_cbe2a3d77ce9afaea577,spatial_relationship,test,"a horse on the right of a sheep, front view",69,lavie,"lavie/spatial_relationship/a horse on the right of a sheep, front view-4.mp4",0.0,success,1.429382,,
v_a28109229085becd567e,spatial_relationship,dev,"a hot dog inside of a refrigerator with door open, front view",435,lavie,"lavie/spatial_relationship/a hot dog inside of a refrigerator with door open, front view-0.mp4",,error,0.000012,ValueError: MissingOfficialSpatialMetadata: prompt absent from locked VBench 1.0 VBench_full_info.json,
v_9d90720f8dd9a489921d,spatial_relationship,dev,"a hot dog inside of a refrigerator with door open, front view",436,lavie,"lavie/spatial_relationship/a hot dog inside of a refrigerator with door open, front view-1.mp4",,error,0.000009,ValueError: MissingOfficialSpatialMetadata: prompt absent from locked VBench 1.0 VBench_full_info.json,
v_29b617d9adc12a292143,spatial_relationship,dev,"a hot dog inside of a refrigerator with door open, front view",437,lavie,"lavie/spatial_relationship/a hot dog inside of a refrigerator with door open, front view-2.mp4",,error,0.000009,ValueError: MissingOfficialSpatialMetadata: prompt absent from locked VBench 1.0 VBench_full_info.json,
v_6144e96e2b63cac38c3d,spatial_relationship,dev,"a hot dog inside of a refrigerator with door open, front view",438,lavie,"lavie/spatial_relationship/a hot dog inside of a refrigerator with door open, front view-3.mp4",,error,0.000010,ValueError: MissingOfficialSpatialMetadata: prompt absent from locked VBench 1.0 VBench_full_info.json,
v_107abd96737b9881eefa,spatial_relationship,dev,"a hot dog inside of a refrigerator with door open, front view",439,lavie,"lavie/spatial_relationship/a hot dog inside of a refrigerator with door open, front view-4.mp4",,error,0.000009,ValueError: MissingOfficialSpatialMetadata: prompt absent from locked VBench 1.0 VBench_full_info.json,
v_4f055e0466ddddf70229,spatial_relationship,test,"a hot dog on the bottom of a pizza, front view",335,lavie,"lavie/spatial_relationship/a hot dog on the bottom of a pizza, front view-0.mp4",0.0,success,1.371088,,
v_5ab8dae37d3a35f81bdd,spatial_relationship,test,"a hot dog on the bottom of a pizza, front view",336,lavie,"lavie/spatial_relationship/a hot dog on the bottom of a pizza, front view-1.mp4",0.0,success,1.613728,,
v_f3a363051b274d420aa2,spatial_relationship,test,"a hot dog on the bottom of a pizza, front view",337,lavie,"lavie/spatial_relationship/a hot dog on the bottom of a pizza, front view-2.mp4",0.0,success,1.506442,,
v_5303758ef45427fbce01,spatial_relationship,test,"a hot dog on the bottom of a pizza, front view",338,lavie,"lavie/spatial_relationship/a hot dog on the bottom of a pizza, front view-3.mp4",0.0,success,1.613969,,
v_40a4b801c9b28cbe0fc3,spatial_relationship,test,"a hot dog on the bottom of a pizza, front view",339,lavie,"lavie/spatial_relationship/a hot dog on the bottom of a pizza, front view-4.mp4",0.0,success,1.487329,,
v_abf9b5b3dce66e231f7f,spatial_relationship,dev,"a hot dog on the top of a pizza, front view",330,lavie,"lavie/spatial_relationship/a hot dog on the top of a pizza, front view-0.mp4",0.0,success,1.516759,,
v_4d5d7a3f540152fa12f5,spatial_relationship,dev,"a hot dog on the top of a pizza, front view",331,lavie,"lavie/spatial_relationship/a hot dog on the top of a pizza, front view-1.mp4",0.0,success,1.473098,,
v_c252cae18af0da6f4784,spatial_relationship,dev,"a hot dog on the top of a pizza, front view",332,lavie,"lavie/spatial_relationship/a hot dog on the top of a pizza, front view-2.mp4",0.0,success,1.675894,,
v_1c534b86ec0c88144832,spatial_relationship,dev,"a hot dog on the top of a pizza, front view",333,lavie,"lavie/spatial_relationship/a hot dog on the top of a pizza, front view-3.mp4",0.0,success,1.585481,,
v_87b173508630c471afee,spatial_relationship,dev,"a hot dog on the top of a pizza, front view",334,lavie,"lavie/spatial_relationship/a hot dog on the top of a pizza, front view-4.mp4",0.0,success,1.570332,,
v_436eba231f4ca505c1f5,spatial_relationship,test,"a kite on the bottom of a skateboard, front view",395,lavie,"lavie/spatial_relationship/a kite on the bottom of a skateboard, front view-0.mp4",0.0,success,1.633279,,
v_7a98a2d7a1de8bd94b52,spatial_relationship,test,"a kite on the bottom of a skateboard, front view",396,lavie,"lavie/spatial_relationship/a kite on the bottom of a skateboard, front view-1.mp4",0.5625,success,1.378656,,
v_4066ed3d691a2abb04b9,spatial_relationship,test,"a kite on the bottom of a skateboard, front view",397,lavie,"lavie/spatial_relationship/a kite on the bottom of a skateboard, front view-2.mp4",0.625,success,1.470539,,
v_7e4a9185a9f3d943df8e,spatial_relationship,test,"a kite on the bottom of a skateboard, front view",398,lavie,"lavie/spatial_relationship/a kite on the bottom of a skateboard, front view-3.mp4",0.2679498898056058,success,1.644651,,
v_b224f01dcd99109b5970,spatial_relationship,test,"a kite on the bottom of a skateboard, front view",399,lavie,"lavie/spatial_relationship/a kite on the bottom of a skateboard, front view-4.mp4",0.75,success,1.458004,,
v_91ab53b19a4d4d1ef19c,spatial_relationship,test,"a kite on the top of a skateboard, front view",390,lavie,"lavie/spatial_relationship/a kite on the top of a skateboard, front view-0.mp4",0.3125,success,1.456160,,
v_14849118af338fb22944,spatial_relationship,test,"a kite on the top of a skateboard, front view",391,lavie,"lavie/spatial_relationship/a kite on the top of a skateboard, front view-1.mp4",0.1643332683021997,success,1.465578,,
v_fb07e915bbd5fb82b8fd,spatial_relationship,test,"a kite on the top of a skateboard, front view",392,lavie,"lavie/spatial_relationship/a kite on the top of a skateboard, front view-2.mp4",0.5258030419503624,success,1.488535,,
v_4e31894b7f40bb03f5f7,spatial_relationship,test,"a kite on the top of a skateboard, front view",393,lavie,"lavie/spatial_relationship/a kite on the top of a skateboard, front view-3.mp4",1.0,success,1.726056,,
v_44163b91732c049f3d97,spatial_relationship,test,"a kite on the top of a skateboard, front view",394,lavie,"lavie/spatial_relationship/a kite on the top of a skateboard, front view-4.mp4",1.0,success,1.405115,,
v_ed2a935ff9c5e46a68d6,spatial_relationship,test,"a knife on the left of a spoon, front view",120,lavie,"lavie/spatial_relationship/a knife on the left of a spoon, front view-0.mp4",0.0,success,1.470341,,
v_1930583d9a035f6466e7,spatial_relationship,test,"a knife on the left of a spoon, front view",121,lavie,"lavie/spatial_relationship/a knife on the left of a spoon, front view-1.mp4",0.045202592057122626,success,1.387373,,
v_bf8d9b25025e76bd4ecc,spatial_relationship,test,"a knife on the left of a spoon, front view",122,lavie,"lavie/spatial_relationship/a knife on the left of a spoon, front view-2.mp4",0.0,success,1.394830,,
v_01c126b1d83ee24e1e92,spatial_relationship,test,"a knife on the left of a spoon, front view",123,lavie,"lavie/spatial_relationship/a knife on the left of a spoon, front view-3.mp4",0.0,success,1.515577,,
v_b589bc17dc5403b014f8,spatial_relationship,test,"a knife on the left of a spoon, front view",124,lavie,"lavie/spatial_relationship/a knife on the left of a spoon, front view-4.mp4",0.0,success,1.403035,,
v_e69979dd3c27beabd8f0,spatial_relationship,dev,"a laptop inside of an open backpack, top view",460,lavie,"lavie/spatial_relationship/a laptop inside of an open backpack, top view-0.mp4",,error,0.000013,ValueError: MissingOfficialSpatialMetadata: prompt absent from locked VBench 1.0 VBench_full_info.json,
v_03ac6069dafd4cd9f06f,spatial_relationship,dev,"a laptop inside of an open backpack, top view",461,lavie,"lavie/spatial_relationship/a laptop inside of an open backpack, top view-1.mp4",,error,0.000010,ValueError: MissingOfficialSpatialMetadata: prompt absent from locked VBench 1.0 VBench_full_info.json,
v_dd2a398fe88a54ac8f96,spatial_relationship,dev,"a laptop inside of an open backpack, top view",462,lavie,"lavie/spatial_relationship/a laptop inside of an open backpack, top view-2.mp4",,error,0.000009,ValueError: MissingOfficialSpatialMetadata: prompt absent from locked VBench 1.0 VBench_full_info.json,
v_24748c8a2c0ba37c8609,spatial_relationship,dev,"a laptop inside of an open backpack, top view",463,lavie,"lavie/spatial_relationship/a laptop inside of an open backpack, top view-3.mp4",,error,0.000009,ValueError: MissingOfficialSpatialMetadata: prompt absent from locked VBench 1.0 VBench_full_info.json,
v_284317dc86bd2b3a2edd,spatial_relationship,dev,"a laptop inside of an open backpack, top view",464,lavie,"lavie/spatial_relationship/a laptop inside of an open backpack, top view-4.mp4",,error,0.000009,ValueError: MissingOfficialSpatialMetadata: prompt absent from locked VBench 1.0 VBench_full_info.json,
v_28db4288234bda0e4402,spatial_relationship,test,"a laptop inside of an open handbag, top view",485,lavie,"lavie/spatial_relationship/a laptop inside of an open handbag, top view-0.mp4",,error,0.000009,ValueError: MissingOfficialSpatialMetadata: prompt absent from locked VBench 1.0 VBench_full_info.json,
v_be1ea1dda05fa075155c,spatial_relationship,test,"a laptop inside of an open handbag, top view",486,lavie,"lavie/spatial_relationship/a laptop inside of an open handbag, top view-1.mp4",,error,0.000009,ValueError: MissingOfficialSpatialMetadata: prompt absent from locked VBench 1.0 VBench_full_info.json,
v_b430047d633a4a940e17,spatial_relationship,test,"a laptop inside of an open handbag, top view",487,lavie,"lavie/spatial_relationship/a laptop inside of an open handbag, top view-2.mp4",,error,0.000009,ValueError: MissingOfficialSpatialMetadata: prompt absent from locked VBench 1.0 VBench_full_info.json,
v_c385936965b6122d51b4,spatial_relationship,test,"a laptop inside of an open handbag, top view",488,lavie,"lavie/spatial_relationship/a laptop inside of an open handbag, top view-3.mp4",,error,0.000010,ValueError: MissingOfficialSpatialMetadata: prompt absent from locked VBench 1.0 VBench_full_info.json,
v_e0c76c230b4fcc7ee89e,spatial_relationship,test,"a laptop inside of an open handbag, top view",489,lavie,"lavie/spatial_relationship/a laptop inside of an open handbag, top view-4.mp4",,error,0.000009,ValueError: MissingOfficialSpatialMetadata: prompt absent from locked VBench 1.0 VBench_full_info.json,
v_cd910ac599fcb80fdfa9,spatial_relationship,test,"a laptop inside of an open suitcase, top view",510,lavie,"lavie/spatial_relationship/a laptop inside of an open suitcase, top view-0.mp4",,error,0.000009,ValueError: MissingOfficialSpatialMetadata: prompt absent from locked VBench 1.0 VBench_full_info.json,
v_44fc508d31ccbfd60d48,spatial_relationship,test,"a laptop inside of an open suitcase, top view",511,lavie,"lavie/spatial_relationship/a laptop inside of an open suitcase, top view-1.mp4",,error,0.000009,ValueError: MissingOfficialSpatialMetadata: prompt absent from locked VBench 1.0 VBench_full_info.json,
v_14cdb6da6479b9c15f6e,spatial_relationship,test,"a laptop inside of an open suitcase, top view",512,lavie,"lavie/spatial_relationship/a laptop inside of an open suitcase, top view-2.mp4",,error,0.000010,ValueError: MissingOfficialSpatialMetadata: prompt absent from locked VBench 1.0 VBench_full_info.json,
v_ea606bc85e8933985fb9,spatial_relationship,test,"a laptop inside of an open suitcase, top view",513,lavie,"lavie/spatial_relationship/a laptop inside of an open suitcase, top view-3.mp4",,error,0.000010,ValueError: MissingOfficialSpatialMetadata: prompt absent from locked VBench 1.0 VBench_full_info.json,
v_852574f763a3ab07a491,spatial_relationship,test,"a laptop inside of an open suitcase, top view",514,lavie,"lavie/spatial_relationship/a laptop inside of an open suitcase, top view-4.mp4",,error,0.000010,ValueError: MissingOfficialSpatialMetadata: prompt absent from locked VBench 1.0 VBench_full_info.json,
v_288a74818cf2055adba6,spatial_relationship,dev,"a microwave on the bottom of an oven, front view",275,lavie,"lavie/spatial_relationship/a microwave on the bottom of an oven, front view-0.mp4",1.0,success,1.603165,,
v_7d84272742e8ac45ced6,spatial_relationship,dev,"a microwave on the bottom of an oven, front view",276,lavie,"lavie/spatial_relationship/a microwave on the bottom of an oven, front view-1.mp4",0.0,success,1.543707,,
v_d32dd6b59c6f22d2717a,spatial_relationship,dev,"a microwave on the bottom of an oven, front view",277,lavie,"lavie/spatial_relationship/a microwave on the bottom of an oven, front view-2.mp4",0.9595991018785137,success,1.777868,,
v_233cdfaff961d5451284,spatial_relationship,dev,"a microwave on the bottom of an oven, front view",278,lavie,"lavie/spatial_relationship/a microwave on the bottom of an oven, front view-3.mp4",1.0,success,1.540958,,
v_55085235158acc5e4805,spatial_relationship,dev,"a microwave on the bottom of an oven, front view",279,lavie,"lavie/spatial_relationship/a microwave on the bottom of an oven, front view-4.mp4",1.0,success,1.490879,,
v_446429786f0f42542592,spatial_relationship,dev,"a microwave on the top of an oven, front view",270,lavie,"lavie/spatial_relationship/a microwave on the top of an oven, front view-0.mp4",0.5453137717606266,success,1.490120,,
v_ff410caa98d74a013e0f,spatial_relationship,dev,"a microwave on the top of an oven, front view",271,lavie,"lavie/spatial_relationship/a microwave on the top of an oven, front view-1.mp4",0.9437294510636054,success,1.684065,,
v_6feac03ba9cc00cbb03d,spatial_relationship,dev,"a microwave on the top of an oven, front view",272,lavie,"lavie/spatial_relationship/a microwave on the top of an oven, front view-2.mp4",0.0,success,1.497483,,
v_19b483f7a63cc22f1122,spatial_relationship,dev,"a microwave on the top of an oven, front view",273,lavie,"lavie/spatial_relationship/a microwave on the top of an oven, front view-3.mp4",1.0,success,1.489987,,
v_a01589596e85498d946f,spatial_relationship,dev,"a microwave on the top of an oven, front view",274,lavie,"lavie/spatial_relationship/a microwave on the top of an oven, front view-4.mp4",1.0,success,1.696546,,
v_03fa79f01a9dfe00a370,spatial_relationship,dev,"a motorcycle on the left of a bus, front view",10,lavie,"lavie/spatial_relationship/a motorcycle on the left of a bus, front view-0.mp4",0.0,success,1.446493,,
v_5f0c4e92d6f5da2930f3,spatial_relationship,dev,"a motorcycle on the left of a bus, front view",11,lavie,"lavie/spatial_relationship/a motorcycle on the left of a bus, front view-1.mp4",0.0,success,1.509281,,
v_cea41782b1dfc66ecddd,spatial_relationship,dev,"a motorcycle on the left of a bus, front view",12,lavie,"lavie/spatial_relationship/a motorcycle on the left of a bus, front view-2.mp4",0.4375,success,1.517374,,
v_0c7e134568023536ebb5,spatial_relationship,dev,"a motorcycle on the left of a bus, front view",13,lavie,"lavie/spatial_relationship/a motorcycle on the left of a bus, front view-3.mp4",0.0,success,1.817704,,
v_00ae5aa3e643d715c04f,spatial_relationship,dev,"a motorcycle on the left of a bus, front view",14,lavie,"lavie/spatial_relationship/a motorcycle on the left of a bus, front view-4.mp4",0.0,success,1.527498,,
v_a3f833d77b2f63d5b43f,spatial_relationship,test,"a parking meter on the right of a bench, front view",35,lavie,"lavie/spatial_relationship/a parking meter on the right of a bench, front view-0.mp4",1.0,success,1.680882,,
v_089d98e04b4151ac4b3d,spatial_relationship,test,"a parking meter on the right of a bench, front view",36,lavie,"lavie/spatial_relationship/a parking meter on the right of a bench, front view-1.mp4",1.0,success,1.812417,,
v_67fc62ad825beed51d17,spatial_relationship,test,"a parking meter on the right of a bench, front view",37,lavie,"lavie/spatial_relationship/a parking meter on the right of a bench, front view-2.mp4",1.0,success,1.509001,,
v_cedd978b222d01e1f2bb,spatial_relationship,test,"a parking meter on the right of a bench, front view",38,lavie,"lavie/spatial_relationship/a parking meter on the right of a bench, front view-3.mp4",0.875,success,1.762407,,
v_d967000f8132754e9778,spatial_relationship,test,"a parking meter on the right of a bench, front view",39,lavie,"lavie/spatial_relationship/a parking meter on the right of a bench, front view-4.mp4",1.0,success,1.967895,,
v_b7fb8ef2956f37ee992b,spatial_relationship,test,"a person inside of a bus, front view",530,lavie,"lavie/spatial_relationship/a person inside of a bus, front view-0.mp4",,error,0.000033,ValueError: MissingOfficialSpatialMetadata: prompt absent from locked VBench 1.0 VBench_full_info.json,
v_847e7bce95c291038978,spatial_relationship,test,"a person inside of a bus, front view",531,lavie,"lavie/spatial_relationship/a person inside of a bus, front view-1.mp4",,error,0.000010,ValueError: MissingOfficialSpatialMetadata: prompt absent from locked VBench 1.0 VBench_full_info.json,
v_025c9d4826d90a1e6c85,spatial_relationship,test,"a person inside of a bus, front view",532,lavie,"lavie/spatial_relationship/a person inside of a bus, front view-2.mp4",,error,0.000009,ValueError: MissingOfficialSpatialMetadata: prompt absent from locked VBench 1.0 VBench_full_info.json,
v_d4b7af02b171ba267da5,spatial_relationship,test,"a person inside of a bus, front view",533,lavie,"lavie/spatial_relationship/a person inside of a bus, front view-3.mp4",,error,0.000009,ValueError: MissingOfficialSpatialMetadata: prompt absent from locked VBench 1.0 VBench_full_info.json,
v_da9496345a64cc409f72,spatial_relationship,test,"a person inside of a bus, front view",534,lavie,"lavie/spatial_relationship/a person inside of a bus, front view-4.mp4",,error,0.000010,ValueError: MissingOfficialSpatialMetadata: prompt absent from locked VBench 1.0 VBench_full_info.json,
v_f2cb1c1a6369b29f044b,spatial_relationship,dev,"a person inside of a car, front view",525,lavie,"lavie/spatial_relationship/a person inside of a car, front view-0.mp4",,error,0.000013,ValueError: MissingOfficialSpatialMetadata: prompt absent from locked VBench 1.0 VBench_full_info.json,
v_6eb2276308d5868c53b2,spatial_relationship,dev,"a person inside of a car, front view",526,lavie,"lavie/spatial_relationship/a person inside of a car, front view-1.mp4",,error,0.000009,ValueError: MissingOfficialSpatialMetadata: prompt absent from locked VBench 1.0 VBench_full_info.json,
v_f8df3fad40e6aa538589,spatial_relationship,dev,"a person inside of a car, front view",527,lavie,"lavie/spatial_relationship/a person inside of a car, front view-2.mp4",,error,0.000009,ValueError: MissingOfficialSpatialMetadata: prompt absent from locked VBench 1.0 VBench_full_info.json,
v_f6863cb4a959485cb583,spatial_relationship,dev,"a person inside of a car, front view",528,lavie,"lavie/spatial_relationship/a person inside of a car, front view-3.mp4",,error,0.000009,ValueError: MissingOfficialSpatialMetadata: prompt absent from locked VBench 1.0 VBench_full_info.json,
v_1241589db263b9c77bf6,spatial_relationship,dev,"a person inside of a car, front view",529,lavie,"lavie/spatial_relationship/a person inside of a car, front view-4.mp4",,error,0.000009,ValueError: MissingOfficialSpatialMetadata: prompt absent from locked VBench 1.0 VBench_full_info.json,
v_481b22de2f74a4214d86,spatial_relationship,test,"a person inside of a train, front view",535,lavie,"lavie/spatial_relationship/a person inside of a train, front view-0.mp4",,error,0.000009,ValueError: MissingOfficialSpatialMetadata: prompt absent from locked VBench 1.0 VBench_full_info.json,
v_68e6418b4c1051e9118e,spatial_relationship,test,"a person inside of a train, front view",536,lavie,"lavie/spatial_relationship/a person inside of a train, front view-1.mp4",,error,0.000010,ValueError: MissingOfficialSpatialMetadata: prompt absent from locked VBench 1.0 VBench_full_info.json,
v_c972d199fd8e7db135af,spatial_relationship,test,"a person inside of a train, front view",537,lavie,"lavie/spatial_relationship/a person inside of a train, front view-2.mp4",,error,0.000009,ValueError: MissingOfficialSpatialMetadata: prompt absent from locked VBench 1.0 VBench_full_info.json,
v_33ee1ede43ca7f74357d,spatial_relationship,test,"a person inside of a train, front view",538,lavie,"lavie/spatial_relationship/a person inside of a train, front view-3.mp4",,error,0.000009,ValueError: MissingOfficialSpatialMetadata: prompt absent from locked VBench 1.0 VBench_full_info.json,
v_e3daf8c168c82528defe,spatial_relationship,test,"a person inside of a train, front view",539,lavie,"lavie/spatial_relationship/a person inside of a train, front view-4.mp4",,error,0.000010,ValueError: MissingOfficialSpatialMetadata: prompt absent from locked VBench 1.0 VBench_full_info.json,
v_0b2d8b41e32c39cef640,spatial_relationship,dev,"a pizza on the bottom of a donut, front view",345,lavie,"lavie/spatial_relationship/a pizza on the bottom of a donut, front view-0.mp4",0.0,success,1.478168,,
v_9666fea28caee0aab25b,spatial_relationship,dev,"a pizza on the bottom of a donut, front view",346,lavie,"lavie/spatial_relationship/a pizza on the bottom of a donut, front view-1.mp4",0.0,success,1.578663,,
v_2110c1ff4b89d7eb45ba,spatial_relationship,dev,"a pizza on the bottom of a donut, front view",347,lavie,"lavie/spatial_relationship/a pizza on the bottom of a donut, front view-2.mp4",0.0,success,1.480565,,
v_e57ab66d9488cdd1eec8,spatial_relationship,dev,"a pizza on the bottom of a donut, front view",348,lavie,"lavie/spatial_relationship/a pizza on the bottom of a donut, front view-3.mp4",0.0,success,1.412978,,
v_165960002256f01b8d31,spatial_relationship,dev,"a pizza on the bottom of a donut, front view",349,lavie,"lavie/spatial_relationship/a pizza on the bottom of a donut, front view-4.mp4",0.0,success,1.750244,,
v_d2c51a67fb7f8ba8d9f7,spatial_relationship,dev,"a pizza on the top of a donut, front view",340,lavie,"lavie/spatial_relationship/a pizza on the top of a donut, front view-0.mp4",0.0,success,1.677232,,
v_215e90fb462640814a35,spatial_relationship,dev,"a pizza on the top of a donut, front view",341,lavie,"lavie/spatial_relationship/a pizza on the top of a donut, front view-1.mp4",0.0,success,1.624909,,
v_ba2daef3a552fca864f7,spatial_relationship,dev,"a pizza on the top of a donut, front view",342,lavie,"lavie/spatial_relationship/a pizza on the top of a donut, front view-2.mp4",0.0,success,1.576575,,
v_15d2f6e17f506973d734,spatial_relationship,dev,"a pizza on the top of a donut, front view",343,lavie,"lavie/spatial_relationship/a pizza on the top of a donut, front view-3.mp4",0.0,success,1.481095,,
v_6f6139f9b4dea25cd184,spatial_relationship,dev,"a pizza on the top of a donut, front view",344,lavie,"lavie/spatial_relationship/a pizza on the top of a donut, front view-4.mp4",0.0,success,1.471752,,
v_d2e8319b4b5da175e32d,spatial_relationship,test,"a potted plant on the left of a remote, front view",135,lavie,"lavie/spatial_relationship/a potted plant on the left of a remote, front view-0.mp4",0.0,success,1.677641,,
v_6087fdcc80fb9e990d4f,spatial_relationship,test,"a potted plant on the left of a remote, front view",136,lavie,"lavie/spatial_relationship/a potted plant on the left of a remote, front view-1.mp4",0.0,success,1.576047,,
v_9ecc1ac6c3daa5c26173,spatial_relationship,test,"a potted plant on the left of a remote, front view",137,lavie,"lavie/spatial_relationship/a potted plant on the left of a remote, front view-2.mp4",0.0,success,1.626002,,
v_5e48516c5e521c3a3c77,spatial_relationship,test,"a potted plant on the left of a remote, front view",138,lavie,"lavie/spatial_relationship/a potted plant on the left of a remote, front view-3.mp4",0.0,success,1.563878,,
v_6c42db94e0d6174ee045,spatial_relationship,test,"a potted plant on the left of a remote, front view",139,lavie,"lavie/spatial_relationship/a potted plant on the left of a remote, front view-4.mp4",0.0,success,1.590415,,
v_7d950883c96ec47da6bd,spatial_relationship,test,"a remote on the right of a clock, front view",140,lavie,"lavie/spatial_relationship/a remote on the right of a clock, front view-0.mp4",0.0,success,1.699948,,
v_56e257eb10a61038c9f4,spatial_relationship,test,"a remote on the right of a clock, front view",141,lavie,"lavie/spatial_relationship/a remote on the right of a clock, front view-1.mp4",0.667319944598338,success,1.474498,,
v_d48cad8feb9317155ecd,spatial_relationship,test,"a remote on the right of a clock, front view",142,lavie,"lavie/spatial_relationship/a remote on the right of a clock, front view-2.mp4",0.0,success,1.627802,,
v_ee1efcad403ace19806b,spatial_relationship,test,"a remote on the right of a clock, front view",143,lavie,"lavie/spatial_relationship/a remote on the right of a clock, front view-3.mp4",0.0,success,1.456629,,
v_ba4b4b1bdc08ea161251,spatial_relationship,test,"a remote on the right of a clock, front view",144,lavie,"lavie/spatial_relationship/a remote on the right of a clock, front view-4.mp4",0.02040701415701416,success,1.636238,,
v_2bc24bc9aa8dec6e81b5,spatial_relationship,test,"a sandwich inside of a refrigerator with door open, front view",420,lavie,"lavie/spatial_relationship/a sandwich inside of a refrigerator with door open, front view-0.mp4",,error,0.000035,ValueError: MissingOfficialSpatialMetadata: prompt absent from locked VBench 1.0 VBench_full_info.json,
v_9065a70386f00b6c15af,spatial_relationship,test,"a sandwich inside of a refrigerator with door open, front view",421,lavie,"lavie/spatial_relationship/a sandwich inside of a refrigerator with door open, front view-1.mp4",,error,0.000011,ValueError: MissingOfficialSpatialMetadata: prompt absent from locked VBench 1.0 VBench_full_info.json,
v_9b3ae2644ba2196c55e5,spatial_relationship,test,"a sandwich inside of a refrigerator with door open, front view",422,lavie,"lavie/spatial_relationship/a sandwich inside of a refrigerator with door open, front view-2.mp4",,error,0.000010,ValueError: MissingOfficialSpatialMetadata: prompt absent from locked VBench 1.0 VBench_full_info.json,
v_78187798351ea8cfa279,spatial_relationship,test,"a sandwich inside of a refrigerator with door open, front view",423,lavie,"lavie/spatial_relationship/a sandwich inside of a refrigerator with door open, front view-3.mp4",,error,0.000009,ValueError: MissingOfficialSpatialMetadata: prompt absent from locked VBench 1.0 VBench_full_info.json,
v_5cca40db810723cf440e,spatial_relationship,test,"a sandwich inside of a refrigerator with door open, front view",424,lavie,"lavie/spatial_relationship/a sandwich inside of a refrigerator with door open, front view-4.mp4",,error,0.000010,ValueError: MissingOfficialSpatialMetadata: prompt absent from locked VBench 1.0 VBench_full_info.json,
v_fef6e0fadcd0e827c01f,spatial_relationship,test,"a sandwich on the bottom of an orange, front view",305,lavie,"lavie/spatial_relationship/a sandwich on the bottom of an orange, front view-0.mp4",0.7930784263199283,success,1.504690,,
v_0dc10590d43d83dee7dc,spatial_relationship,test,"a sandwich on the bottom of an orange, front view",306,lavie,"lavie/spatial_relationship/a sandwich on the bottom of an orange, front view-1.mp4",0.0,success,1.588221,,
v_e97ba9ce923d5070206a,spatial_relationship,test,"a sandwich on the bottom of an orange, front view",307,lavie,"lavie/spatial_relationship/a sandwich on the bottom of an orange, front view-2.mp4",0.3927866082616286,success,1.427618,,
v_42e9e0f0308ea7d29bb1,spatial_relationship,test,"a sandwich on the bottom of an orange, front view",308,lavie,"lavie/spatial_relationship/a sandwich on the bottom of an orange, front view-3.mp4",0.7699836453531903,success,1.463508,,
v_ba3fbf60b4d3c7e81d64,spatial_relationship,test,"a sandwich on the bottom of an orange, front view",309,lavie,"lavie/spatial_relationship/a sandwich on the bottom of an orange, front view-4.mp4",0.23518003424833292,success,1.509699,,
v_e6efe8d03a42dd735d90,spatial_relationship,test,"a sandwich on the top of an orange, front view",300,lavie,"lavie/spatial_relationship/a sandwich on the top of an orange, front view-0.mp4",0.01420942143673613,success,1.453161,,
v_56214b8202d5bab008b5,spatial_relationship,test,"a sandwich on the top of an orange, front view",301,lavie,"lavie/spatial_relationship/a sandwich on the top of an orange, front view-1.mp4",0.0,success,1.487183,,
v_1d41406afd624efa07e0,spatial_relationship,test,"a sandwich on the top of an orange, front view",302,lavie,"lavie/spatial_relationship/a sandwich on the top of an orange, front view-2.mp4",0.07945540717407865,success,1.490360,,
v_1cb8a8d7000fca8c6962,spatial_relationship,test,"a sandwich on the top of an orange, front view",303,lavie,"lavie/spatial_relationship/a sandwich on the top of an orange, front view-3.mp4",0.016184427813499176,success,1.455232,,
v_5d349032d354161bd354,spatial_relationship,test,"a sandwich on the top of an orange, front view",304,lavie,"lavie/spatial_relationship/a sandwich on the top of an orange, front view-4.mp4",0.1382438918274518,success,1.462119,,
v_a83fa47ce46381bbe818,spatial_relationship,test,"a sheep on the left of a cow, front view",70,lavie,"lavie/spatial_relationship/a sheep on the left of a cow, front view-0.mp4",0.1875,success,1.754582,,
v_c36e1fe8f3ba0a3ce530,spatial_relationship,test,"a sheep on the left of a cow, front view",71,lavie,"lavie/spatial_relationship/a sheep on the left of a cow, front view-1.mp4",1.0,success,1.494424,,
v_0f194afe16da5d0827a7,spatial_relationship,test,"a sheep on the left of a cow, front view",72,lavie,"lavie/spatial_relationship/a sheep on the left of a cow, front view-2.mp4",0.125,success,1.576626,,
v_17cdeb3351d7bc47d372,spatial_relationship,test,"a sheep on the left of a cow, front view",73,lavie,"lavie/spatial_relationship/a sheep on the left of a cow, front view-3.mp4",0.5,success,1.486142,,
v_42f0b3768065a9f5baf2,spatial_relationship,test,"a sheep on the left of a cow, front view",74,lavie,"lavie/spatial_relationship/a sheep on the left of a cow, front view-4.mp4",0.0,success,1.639866,,
v_d33f15f9c7341cbdea7a,spatial_relationship,dev,"a sink on the right of a toilet, front view",205,lavie,"lavie/spatial_relationship/a sink on the right of a toilet, front view-0.mp4",0.0,success,1.762346,,
v_337790c5cb59c99f82c9,spatial_relationship,dev,"a sink on the right of a toilet, front view",206,lavie,"lavie/spatial_relationship/a sink on the right of a toilet, front view-1.mp4",0.0,success,1.437097,,
v_71b20aa4c869e193e57f,spatial_relationship,dev,"a sink on the right of a toilet, front view",207,lavie,"lavie/spatial_relationship/a sink on the right of a toilet, front view-2.mp4",0.0625,success,1.829908,,
v_181949a2ef17645636c9,spatial_relationship,dev,"a sink on the right of a toilet, front view",208,lavie,"lavie/spatial_relationship/a sink on the right of a toilet, front view-3.mp4",0.0,success,1.542491,,
v_e91b3bf66c5a4e47004f,spatial_relationship,dev,"a sink on the right of a toilet, front view",209,lavie,"lavie/spatial_relationship/a sink on the right of a toilet, front view-4.mp4",0.75,success,1.565192,,
v_8c85a2f0b2380b39ffec,spatial_relationship,dev,"a skateboard on the bottom of a surfboard, front view",405,lavie,"lavie/spatial_relationship/a skateboard on the bottom of a surfboard, front view-0.mp4",0.026285941243879573,success,1.582236,,
v_5c6217bd7276f8666318,spatial_relationship,dev,"a skateboard on the bottom of a surfboard, front view",406,lavie,"lavie/spatial_relationship/a skateboard on the bottom of a surfboard, front view-1.mp4",0.21315613544569853,success,1.658220,,
v_98ecec6a90f8f096fe0f,spatial_relationship,dev,"a skateboard on the bottom of a surfboard, front view",407,lavie,"lavie/spatial_relationship/a skateboard on the bottom of a surfboard, front view-2.mp4",0.20658985003443003,success,1.474659,,
v_c7c592bde83b3b29b159,spatial_relationship,dev,"a skateboard on the bottom of a surfboard, front view",408,lavie,"lavie/spatial_relationship/a skateboard on the bottom of a surfboard, front view-3.mp4",0.0,success,1.471318,,
v_4748b2a347f4ec7f0e9c,spatial_relationship,dev,"a skateboard on the bottom of a surfboard, front view",409,lavie,"lavie/spatial_relationship/a skateboard on the bottom of a surfboard, front view-4.mp4",0.0,success,1.578472,,
v_00b0565a4a865cb9a2ab,spatial_relationship,test,"a skateboard on the top of a surfboard, front view",400,lavie,"lavie/spatial_relationship/a skateboard on the top of a surfboard, front view-0.mp4",0.5820617095369574,success,1.755076,,
v_2af75b79f9471898b0a7,spatial_relationship,test,"a skateboard on the top of a surfboard, front view",401,lavie,"lavie/spatial_relationship/a skateboard on the top of a surfboard, front view-1.mp4",0.9375,success,1.523632,,
v_148bc7ec40194900f290,spatial_relationship,test,"a skateboard on the top of a surfboard, front view",402,lavie,"lavie/spatial_relationship/a skateboard on the top of a surfboard, front view-2.mp4",0.4710166483637073,success,1.425767,,
v_6a24aea1ea5f1284c4ac,spatial_relationship,test,"a skateboard on the top of a surfboard, front view",403,lavie,"lavie/spatial_relationship/a skateboard on the top of a surfboard, front view-3.mp4",1.0,success,1.563547,,
v_530ae3c4fd424971f663,spatial_relationship,test,"a skateboard on the top of a surfboard, front view",404,lavie,"lavie/spatial_relationship/a skateboard on the top of a surfboard, front view-4.mp4",0.0,success,1.528178,,
v_e847add9e534bd998a6a,spatial_relationship,dev,"a snowboard on the bottom of a kite, front view",385,lavie,"lavie/spatial_relationship/a snowboard on the bottom of a kite, front view-0.mp4",1.0,success,1.846394,,
v_f8b6631fb4880dda7802,spatial_relationship,dev,"a snowboard on the bottom of a kite, front view",386,lavie,"lavie/spatial_relationship/a snowboard on the bottom of a kite, front view-1.mp4",0.9375,success,1.515052,,
v_fb844f264930a6888c55,spatial_relationship,dev,"a snowboard on the bottom of a kite, front view",387,lavie,"lavie/spatial_relationship/a snowboard on the bottom of a kite, front view-2.mp4",1.0,success,1.496957,,
v_5ca813980dd5150f8d5d,spatial_relationship,dev,"a snowboard on the bottom of a kite, front view",388,lavie,"lavie/spatial_relationship/a snowboard on the bottom of a kite, front view-3.mp4",0.5,success,1.626551,,
v_ffb5c4f834ff4c33ddbd,spatial_relationship,dev,"a snowboard on the bottom of a kite, front view",389,lavie,"lavie/spatial_relationship/a snowboard on the bottom of a kite, front view-4.mp4",0.9375,success,1.676491,,
v_45484cd26c58af8747aa,spatial_relationship,test,"a snowboard on the top of a kite, front view",380,lavie,"lavie/spatial_relationship/a snowboard on the top of a kite, front view-0.mp4",1.0,success,1.588269,,
v_634b1d3b625ded05a546,spatial_relationship,test,"a snowboard on the top of a kite, front view",381,lavie,"lavie/spatial_relationship/a snowboard on the top of a kite, front view-1.mp4",1.0,success,1.548212,,
v_b2a9f7fedee96a4ed6a4,spatial_relationship,test,"a snowboard on the top of a kite, front view",382,lavie,"lavie/spatial_relationship/a snowboard on the top of a kite, front view-2.mp4",0.5625,success,1.445178,,
v_bfec3475b8218923b11f,spatial_relationship,test,"a snowboard on the top of a kite, front view",383,lavie,"lavie/spatial_relationship/a snowboard on the top of a kite, front view-3.mp4",1.0,success,1.708957,,
v_0dd7910b69727bf7a4f9,spatial_relationship,test,"a snowboard on the top of a kite, front view",384,lavie,"lavie/spatial_relationship/a snowboard on the top of a kite, front view-4.mp4",1.0,success,1.637218,,
v_92f93adc3323f4ad709b,spatial_relationship,dev,"a spoon on the right of a bowl, front view",125,lavie,"lavie/spatial_relationship/a spoon on the right of a bowl, front view-0.mp4",0.0,success,1.613424,,
v_18b183b3b6b48bb8ee70,spatial_relationship,dev,"a spoon on the right of a bowl, front view",126,lavie,"lavie/spatial_relationship/a spoon on the right of a bowl, front view-1.mp4",0.0,success,1.485066,,
v_395d23ab74c4b74e6652,spatial_relationship,dev,"a spoon on the right of a bowl, front view",127,lavie,"lavie/spatial_relationship/a spoon on the right of a bowl, front view-2.mp4",0.9815790055737414,success,1.619879,,
v_635651ae7a9b2bc8a72c,spatial_relationship,dev,"a spoon on the right of a bowl, front view",128,lavie,"lavie/spatial_relationship/a spoon on the right of a bowl, front view-3.mp4",0.0,success,1.537351,,
v_abca7a22bf080087b8f6,spatial_relationship,dev,"a spoon on the right of a bowl, front view",129,lavie,"lavie/spatial_relationship/a spoon on the right of a bowl, front view-4.mp4",0.0,success,1.601704,,
v_2ad4dbb06f2ae31f69c2,spatial_relationship,test,"a sports ball on the right of a baseball bat, front view",170,lavie,"lavie/spatial_relationship/a sports ball on the right of a baseball bat, front view-0.mp4",0.5338117378166723,success,1.630282,,
v_796273cfcbc9cae2f035,spatial_relationship,test,"a sports ball on the right of a baseball bat, front view",171,lavie,"lavie/spatial_relationship/a sports ball on the right of a baseball bat, front view-1.mp4",0.0,success,1.535087,,
v_c6b282524cc08f512a8c,spatial_relationship,test,"a sports ball on the right of a baseball bat, front view",172,lavie,"lavie/spatial_relationship/a sports ball on the right of a baseball bat, front view-2.mp4",0.0,success,1.590772,,
v_a0f3bed0b6c1a3622a42,spatial_relationship,test,"a sports ball on the right of a baseball bat, front view",173,lavie,"lavie/spatial_relationship/a sports ball on the right of a baseball bat, front view-3.mp4",0.0,success,1.715974,,
v_c591ebcbbdcd03e78ded,spatial_relationship,test,"a sports ball on the right of a baseball bat, front view",174,lavie,"lavie/spatial_relationship/a sports ball on the right of a baseball bat, front view-4.mp4",0.0,success,1.363501,,
v_1cdd10c83bee111465bf,spatial_relationship,test,"a stop sign on the left of a parking meter, front view",30,lavie,"lavie/spatial_relationship/a stop sign on the left of a parking meter, front view-0.mp4",0.6875,success,1.507004,,
v_8e7b51bb25173f90635a,spatial_relationship,test,"a stop sign on the left of a parking meter, front view",31,lavie,"lavie/spatial_relationship/a stop sign on the left of a parking meter, front view-1.mp4",0.5625,success,1.523351,,
v_2cf8d0c7d5a4d2685559,spatial_relationship,test,"a stop sign on the left of a parking meter, front view",32,lavie,"lavie/spatial_relationship/a stop sign on the left of a parking meter, front view-2.mp4",0.0,success,1.893259,,
v_5e8bd0398db42f811e0b,spatial_relationship,test,"a stop sign on the left of a parking meter, front view",33,lavie,"lavie/spatial_relationship/a stop sign on the left of a parking meter, front view-3.mp4",0.0,success,1.535266,,
v_cdc81ef7e9fc58d68491,spatial_relationship,test,"a stop sign on the left of a parking meter, front view",34,lavie,"lavie/spatial_relationship/a stop sign on the left of a parking meter, front view-4.mp4",0.0,success,1.499272,,
v_4002b87d4790916b8a42,spatial_relationship,test,"a surfboard on the bottom of skis, front view",415,lavie,"lavie/spatial_relationship/a surfboard on the bottom of skis, front view-0.mp4",0.0,success,1.464390,,
v_9852c071f078c7b3d1a1,spatial_relationship,test,"a surfboard on the bottom of skis, front view",416,lavie,"lavie/spatial_relationship/a surfboard on the bottom of skis, front view-1.mp4",0.0,success,1.511887,,
v_7a71abc3d37d731aadfa,spatial_relationship,test,"a surfboard on the bottom of skis, front view",417,lavie,"lavie/spatial_relationship/a surfboard on the bottom of skis, front view-2.mp4",0.125,success,1.774474,,
v_233234225e08d1fcc8c6,spatial_relationship,test,"a surfboard on the bottom of skis, front view",418,lavie,"lavie/spatial_relationship/a surfboard on the bottom of skis, front view-3.mp4",0.125,success,1.480985,,
v_522dad3ada79def47bd2,spatial_relationship,test,"a surfboard on the bottom of skis, front view",419,lavie,"lavie/spatial_relationship/a surfboard on the bottom of skis, front view-4.mp4",0.25,success,1.491382,,
v_4b00ed2dcc6d4eb20dec,spatial_relationship,dev,"a surfboard on the top of skis, front view",410,lavie,"lavie/spatial_relationship/a surfboard on the top of skis, front view-0.mp4",0.09379732534893351,success,1.456979,,
v_c0b1d05daa634bfabe08,spatial_relationship,dev,"a surfboard on the top of skis, front view",411,lavie,"lavie/spatial_relationship/a surfboard on the top of skis, front view-1.mp4",0.3125,success,1.620261,,
v_58abb1370f4fd2e661d7,spatial_relationship,dev,"a surfboard on the top of skis, front view",412,lavie,"lavie/spatial_relationship/a surfboard on the top of skis, front view-2.mp4",0.0,success,1.422495,,
v_96dc78294fc119612a47,spatial_relationship,dev,"a surfboard on the top of skis, front view",413,lavie,"lavie/spatial_relationship/a surfboard on the top of skis, front view-3.mp4",0.1875,success,1.693747,,
v_2e59e092e7e8cef15b2e,spatial_relationship,dev,"a surfboard on the top of skis, front view",414,lavie,"lavie/spatial_relationship/a surfboard on the top of skis, front view-4.mp4",0.0625,success,1.545456,,
v_51d24857b962cc15e8f8,spatial_relationship,dev,"a teddy bear on the right of a potted plant, front view",160,lavie,"lavie/spatial_relationship/a teddy bear on the right of a potted plant, front view-0.mp4",0.8125,success,1.947308,,
v_5afe14c12fa858cd27ad,spatial_relationship,dev,"a teddy bear on the right of a potted plant, front view",161,lavie,"lavie/spatial_relationship/a teddy bear on the right of a potted plant, front view-1.mp4",1.0,success,2.028537,,
v_2af81f9240f2afd92812,spatial_relationship,dev,"a teddy bear on the right of a potted plant, front view",162,lavie,"lavie/spatial_relationship/a teddy bear on the right of a potted plant, front view-2.mp4",0.9168225707078974,success,1.565227,,
v_37cadcb445bae78e2f97,spatial_relationship,dev,"a teddy bear on the right of a potted plant, front view",163,lavie,"lavie/spatial_relationship/a teddy bear on the right of a potted plant, front view-3.mp4",0.1305461603254437,success,1.869384,,
v_7398bf85046686324051,spatial_relationship,dev,"a teddy bear on the right of a potted plant, front view",164,lavie,"lavie/spatial_relationship/a teddy bear on the right of a potted plant, front view-4.mp4",0.704712450783862,success,1.550092,,
v_c44e5e05b468b94dd3e6,spatial_relationship,test,"a tennis racket on the left of a frisbee, front view",185,lavie,"lavie/spatial_relationship/a tennis racket on the left of a frisbee, front view-0.mp4",0.0,success,1.493447,,
v_8e5d26b3fcb14fe171da,spatial_relationship,test,"a tennis racket on the left of a frisbee, front view",186,lavie,"lavie/spatial_relationship/a tennis racket on the left of a frisbee, front view-1.mp4",0.0380414925391655,success,1.509598,,
v_ad3f8f18992b0ba30e22,spatial_relationship,test,"a tennis racket on the left of a frisbee, front view",187,lavie,"lavie/spatial_relationship/a tennis racket on the left of a frisbee, front view-2.mp4",0.0,success,1.455770,,
v_433785a9c870a762cdf1,spatial_relationship,test,"a tennis racket on the left of a frisbee, front view",188,lavie,"lavie/spatial_relationship/a tennis racket on the left of a frisbee, front view-3.mp4",0.09247574033493133,success,1.703037,,
v_1a0ce602fd71fa7a664a,spatial_relationship,test,"a tennis racket on the left of a frisbee, front view",189,lavie,"lavie/spatial_relationship/a tennis racket on the left of a frisbee, front view-4.mp4",0.0,success,1.628064,,
v_150a714294aaee38c80d,spatial_relationship,test,"a tie inside of an open backpack, top view",470,lavie,"lavie/spatial_relationship/a tie inside of an open backpack, top view-0.mp4",,error,0.000021,ValueError: MissingOfficialSpatialMetadata: prompt absent from locked VBench 1.0 VBench_full_info.json,
v_38e2b7f0213c9979fe53,spatial_relationship,test,"a tie inside of an open backpack, top view",471,lavie,"lavie/spatial_relationship/a tie inside of an open backpack, top view-1.mp4",,error,0.000010,ValueError: MissingOfficialSpatialMetadata: prompt absent from locked VBench 1.0 VBench_full_info.json,
v_5b5b1fc8c41e679e2b09,spatial_relationship,test,"a tie inside of an open backpack, top view",472,lavie,"lavie/spatial_relationship/a tie inside of an open backpack, top view-2.mp4",,error,0.000010,ValueError: MissingOfficialSpatialMetadata: prompt absent from locked VBench 1.0 VBench_full_info.json,
v_080a50029c4ca908fb34,spatial_relationship,test,"a tie inside of an open backpack, top view",473,lavie,"lavie/spatial_relationship/a tie inside of an open backpack, top view-3.mp4",,error,0.000009,ValueError: MissingOfficialSpatialMetadata: prompt absent from locked VBench 1.0 VBench_full_info.json,
v_360a7cf79c3fae2f7b8c,spatial_relationship,test,"a tie inside of an open backpack, top view",474,lavie,"lavie/spatial_relationship/a tie inside of an open backpack, top view-4.mp4",,error,0.000009,ValueError: MissingOfficialSpatialMetadata: prompt absent from locked VBench 1.0 VBench_full_info.json,
v_66bab0321659e5c1ca01,spatial_relationship,test,"a tie inside of an open handbag, top view",495,lavie,"lavie/spatial_relationship/a tie inside of an open handbag, top view-0.mp4",,error,0.000010,ValueError: MissingOfficialSpatialMetadata: prompt absent from locked VBench 1.0 VBench_full_info.json,
v_f419633bdd135a5f09f9,spatial_relationship,test,"a tie inside of an open handbag, top view",496,lavie,"lavie/spatial_relationship/a tie inside of an open handbag, top view-1.mp4",,error,0.000010,ValueError: MissingOfficialSpatialMetadata: prompt absent from locked VBench 1.0 VBench_full_info.json,
v_25da7fdb8724d1066bcc,spatial_relationship,test,"a tie inside of an open handbag, top view",497,lavie,"lavie/spatial_relationship/a tie inside of an open handbag, top view-2.mp4",,error,0.000010,ValueError: MissingOfficialSpatialMetadata: prompt absent from locked VBench 1.0 VBench_full_info.json,
v_de3c0abd82bfb9950395,spatial_relationship,test,"a tie inside of an open handbag, top view",498,lavie,"lavie/spatial_relationship/a tie inside of an open handbag, top view-3.mp4",,error,0.000009,ValueError: MissingOfficialSpatialMetadata: prompt absent from locked VBench 1.0 VBench_full_info.json,
v_024e77e65e67843a8ec9,spatial_relationship,test,"a tie inside of an open handbag, top view",499,lavie,"lavie/spatial_relationship/a tie inside of an open handbag, top view-4.mp4",,error,0.000009,ValueError: MissingOfficialSpatialMetadata: prompt absent from locked VBench 1.0 VBench_full_info.json,
v_cb86d869738a8b8c5c17,spatial_relationship,dev,"a tie inside of an open suitcase, top view",520,lavie,"lavie/spatial_relationship/a tie inside of an open suitcase, top view-0.mp4",,error,0.000009,ValueError: MissingOfficialSpatialMetadata: prompt absent from locked VBench 1.0 VBench_full_info.json,
v_83c011869d6140f29987,spatial_relationship,dev,"a tie inside of an open suitcase, top view",521,lavie,"lavie/spatial_relationship/a tie inside of an open suitcase, top view-1.mp4",,error,0.000010,ValueError: MissingOfficialSpatialMetadata: prompt absent from locked VBench 1.0 VBench_full_info.json,
v_43b0c9a85703455fd989,spatial_relationship,dev,"a tie inside of an open suitcase, top view",522,lavie,"lavie/spatial_relationship/a tie inside of an open suitcase, top view-2.mp4",,error,0.000009,ValueError: MissingOfficialSpatialMetadata: prompt absent from locked VBench 1.0 VBench_full_info.json,
v_e48e5700eb06083c5a09,spatial_relationship,dev,"a tie inside of an open suitcase, top view",523,lavie,"lavie/spatial_relationship/a tie inside of an open suitcase, top view-3.mp4",,error,0.000009,ValueError: MissingOfficialSpatialMetadata: prompt absent from locked VBench 1.0 VBench_full_info.json,
v_7b0ae10fd23aab4d2c67,spatial_relationship,dev,"a tie inside of an open suitcase, top view",524,lavie,"lavie/spatial_relationship/a tie inside of an open suitcase, top view-4.mp4",,error,0.000010,ValueError: MissingOfficialSpatialMetadata: prompt absent from locked VBench 1.0 VBench_full_info.json,
v_880ff4ea4083a8625997,spatial_relationship,test,"a toaster on the bottom of a microwave, front view",265,lavie,"lavie/spatial_relationship/a toaster on the bottom of a microwave, front view-0.mp4",0.0,success,1.523772,,
v_fdd069c23f363f015f2e,spatial_relationship,test,"a toaster on the bottom of a microwave, front view",266,lavie,"lavie/spatial_relationship/a toaster on the bottom of a microwave, front view-1.mp4",0.0,success,1.592095,,
v_28a1be9da594a3fb2053,spatial_relationship,test,"a toaster on the bottom of a microwave, front view",267,lavie,"lavie/spatial_relationship/a toaster on the bottom of a microwave, front view-2.mp4",0.0,success,1.543370,,
v_da20a37b24e523a9c43f,spatial_relationship,test,"a toaster on the bottom of a microwave, front view",268,lavie,"lavie/spatial_relationship/a toaster on the bottom of a microwave, front view-3.mp4",0.0,success,1.548281,,
v_e4606d86e019f799bbf3,spatial_relationship,test,"a toaster on the bottom of a microwave, front view",269,lavie,"lavie/spatial_relationship/a toaster on the bottom of a microwave, front view-4.mp4",0.0,success,1.476084,,
v_7829df6ab12f56b58bf6,spatial_relationship,dev,"a toaster on the top of a microwave, front view",260,lavie,"lavie/spatial_relationship/a toaster on the top of a microwave, front view-0.mp4",0.0,success,1.487326,,
v_829e91f973076c3474ac,spatial_relationship,dev,"a toaster on the top of a microwave, front view",261,lavie,"lavie/spatial_relationship/a toaster on the top of a microwave, front view-1.mp4",0.0,success,1.476203,,
v_d8c252d27e625a88b2f5,spatial_relationship,dev,"a toaster on the top of a microwave, front view",262,lavie,"lavie/spatial_relationship/a toaster on the top of a microwave, front view-2.mp4",0.0,success,1.691372,,
v_8bd2c1bebce39e3b1402,spatial_relationship,dev,"a toaster on the top of a microwave, front view",263,lavie,"lavie/spatial_relationship/a toaster on the top of a microwave, front view-3.mp4",0.0,success,1.470872,,
v_4a1d7750a68543385870,spatial_relationship,dev,"a toaster on the top of a microwave, front view",264,lavie,"lavie/spatial_relationship/a toaster on the top of a microwave, front view-4.mp4",0.0,success,1.543293,,
v_b243d0865ad088b7be20,spatial_relationship,test,"a toilet on the left of a hair drier, front view",190,lavie,"lavie/spatial_relationship/a toilet on the left of a hair drier, front view-0.mp4",0.8765822591925329,success,1.843148,,
v_cfac7a923a6a8be0f138,spatial_relationship,test,"a toilet on the left of a hair drier, front view",191,lavie,"lavie/spatial_relationship/a toilet on the left of a hair drier, front view-1.mp4",1.0,success,1.764803,,
v_d632fbc68967cabd9d65,spatial_relationship,test,"a toilet on the left of a hair drier, front view",192,lavie,"lavie/spatial_relationship/a toilet on the left of a hair drier, front view-2.mp4",1.0,success,1.619886,,
v_a81a6007516dbecc1577,spatial_relationship,test,"a toilet on the left of a hair drier, front view",193,lavie,"lavie/spatial_relationship/a toilet on the left of a hair drier, front view-3.mp4",0.0,success,1.571698,,
v_25d1dbce5dd6424c03f0,spatial_relationship,test,"a toilet on the left of a hair drier, front view",194,lavie,"lavie/spatial_relationship/a toilet on the left of a hair drier, front view-4.mp4",0.0,success,1.444303,,
v_1ddc81d689c4cb4ca5bf,spatial_relationship,test,"a toothbrush on the left of a sink, front view",200,lavie,"lavie/spatial_relationship/a toothbrush on the left of a sink, front view-0.mp4",1.0,success,1.700747,,
v_d487e5cd248ca2ee618f,spatial_relationship,test,"a toothbrush on the left of a sink, front view",201,lavie,"lavie/spatial_relationship/a toothbrush on the left of a sink, front view-1.mp4",1.0,success,1.846001,,
v_e88409ab429cbec4f696,spatial_relationship,test,"a toothbrush on the left of a sink, front view",202,lavie,"lavie/spatial_relationship/a toothbrush on the left of a sink, front view-2.mp4",0.6597372347630589,success,1.586709,,
v_197ee92e96accd5f2a03,spatial_relationship,test,"a toothbrush on the left of a sink, front view",203,lavie,"lavie/spatial_relationship/a toothbrush on the left of a sink, front view-3.mp4",0.0,success,1.528941,,
v_ab99589d39c4bac7530f,spatial_relationship,test,"a toothbrush on the left of a sink, front view",204,lavie,"lavie/spatial_relationship/a toothbrush on the left of a sink, front view-4.mp4",1.0,success,1.606362,,
v_40b5919bb884b31e93de,spatial_relationship,test,"a traffic light on the left of a fire hydrant, front view",20,lavie,"lavie/spatial_relationship/a traffic light on the left of a fire hydrant, front view-0.mp4",0.0,success,1.709105,,
v_fa4b63f5117179c95f8e,spatial_relationship,test,"a traffic light on the left of a fire hydrant, front view",21,lavie,"lavie/spatial_relationship/a traffic light on the left of a fire hydrant, front view-1.mp4",0.0,success,1.516678,,
v_a08e0f6e156662cf7f85,spatial_relationship,test,"a traffic light on the left of a fire hydrant, front view",22,lavie,"lavie/spatial_relationship/a traffic light on the left of a fire hydrant, front view-2.mp4",0.0,success,1.478511,,
v_f7b904fb8add5eadf836,spatial_relationship,test,"a traffic light on the left of a fire hydrant, front view",23,lavie,"lavie/spatial_relationship/a traffic light on the left of a fire hydrant, front view-3.mp4",0.0,success,1.477791,,
v_f2afdb4ea665a8326398,spatial_relationship,test,"a traffic light on the left of a fire hydrant, front view",24,lavie,"lavie/spatial_relationship/a traffic light on the left of a fire hydrant, front view-4.mp4",0.0,success,1.536133,,
v_ac0e1377b327e1c5ee99,spatial_relationship,dev,"a train on the right of a boat, front view",240,lavie,"lavie/spatial_relationship/a train on the right of a boat, front view-0.mp4",0.0625,success,1.740078,,
v_31909ae735da5c0ffceb,spatial_relationship,dev,"a train on the right of a boat, front view",241,lavie,"lavie/spatial_relationship/a train on the right of a boat, front view-1.mp4",0.0,success,1.390159,,
v_cff24e1ebde95c10d83d,spatial_relationship,dev,"a train on the right of a boat, front view",242,lavie,"lavie/spatial_relationship/a train on the right of a boat, front view-2.mp4",1.0,success,1.665860,,
v_255f3bd136fd78c1d1ee,spatial_relationship,dev,"a train on the right of a boat, front view",243,lavie,"lavie/spatial_relationship/a train on the right of a boat, front view-3.mp4",1.0,success,1.814426,,
v_c93abc36547a10237691,spatial_relationship,dev,"a train on the right of a boat, front view",244,lavie,"lavie/spatial_relationship/a train on the right of a boat, front view-4.mp4",1.0,success,1.607443,,
v_e0e472e7111997312919,spatial_relationship,test,"a truck on the right of a bicycle, front view",45,lavie,"lavie/spatial_relationship/a truck on the right of a bicycle, front view-0.mp4",0.0,success,1.627896,,
v_91525a3e279841fd1014,spatial_relationship,test,"a truck on the right of a bicycle, front view",46,lavie,"lavie/spatial_relationship/a truck on the right of a bicycle, front view-1.mp4",0.0,success,1.714142,,
v_0737f003a8b70d66c931,spatial_relationship,test,"a truck on the right of a bicycle, front view",47,lavie,"lavie/spatial_relationship/a truck on the right of a bicycle, front view-2.mp4",1.0,success,1.688312,,
v_009bb7f936a278eec368,spatial_relationship,test,"a truck on the right of a bicycle, front view",48,lavie,"lavie/spatial_relationship/a truck on the right of a bicycle, front view-3.mp4",0.19154907440377514,success,1.522398,,
v_61a7aee6fe0f739239b0,spatial_relationship,test,"a truck on the right of a bicycle, front view",49,lavie,"lavie/spatial_relationship/a truck on the right of a bicycle, front view-4.mp4",0.02531901939160004,success,1.430637,,
v_c86a7cd94f1720c3726c,spatial_relationship,dev,"a tv on the right of a dining table, front view",225,lavie,"lavie/spatial_relationship/a tv on the right of a dining table, front view-0.mp4",0.0,success,1.672933,,
v_39fd6c1357db7fe08b07,spatial_relationship,dev,"a tv on the right of a dining table, front view",226,lavie,"lavie/spatial_relationship/a tv on the right of a dining table, front view-1.mp4",0.0,success,1.492291,,
v_1fce35ecfd3bf8e27a23,spatial_relationship,dev,"a tv on the right of a dining table, front view",227,lavie,"lavie/spatial_relationship/a tv on the right of a dining table, front view-2.mp4",0.0,success,1.523312,,
v_db7bfda92ec24a3cea4a,spatial_relationship,dev,"a tv on the right of a dining table, front view",228,lavie,"lavie/spatial_relationship/a tv on the right of a dining table, front view-3.mp4",0.0,success,1.640264,,
v_f2ba1813c36e4c6ea96a,spatial_relationship,dev,"a tv on the right of a dining table, front view",229,lavie,"lavie/spatial_relationship/a tv on the right of a dining table, front view-4.mp4",0.0,success,1.592427,,
v_57a268b2c218e06bde94,spatial_relationship,dev,"a vase on the right of scissors, front view",150,lavie,"lavie/spatial_relationship/a vase on the right of scissors, front view-0.mp4",1.0,success,1.341418,,
v_78da331b241a4c63eae7,spatial_relationship,dev,"a vase on the right of scissors, front view",151,lavie,"lavie/spatial_relationship/a vase on the right of scissors, front view-1.mp4",0.0,success,1.538758,,
v_d1653279f036bf0db8d9,spatial_relationship,dev,"a vase on the right of scissors, front view",152,lavie,"lavie/spatial_relationship/a vase on the right of scissors, front view-2.mp4",1.0,success,1.470638,,
v_6b543f05c0e41a0eed3c,spatial_relationship,dev,"a vase on the right of scissors, front view",153,lavie,"lavie/spatial_relationship/a vase on the right of scissors, front view-3.mp4",1.0,success,1.368252,,
v_e3570b3f07b2411e60c5,spatial_relationship,dev,"a vase on the right of scissors, front view",154,lavie,"lavie/spatial_relationship/a vase on the right of scissors, front view-4.mp4",0.0,success,1.474580,,
v_4ae6de6ce07f3a5144ad,spatial_relationship,test,"a wine glass on the right of a cup, front view",105,lavie,"lavie/spatial_relationship/a wine glass on the right of a cup, front view-0.mp4",0.0,success,1.543836,,
v_8b36b597c584d6dea403,spatial_relationship,test,"a wine glass on the right of a cup, front view",106,lavie,"lavie/spatial_relationship/a wine glass on the right of a cup, front view-1.mp4",0.0,success,1.739855,,
v_6e133d7797d4a9484514,spatial_relationship,test,"a wine glass on the right of a cup, front view",107,lavie,"lavie/spatial_relationship/a wine glass on the right of a cup, front view-2.mp4",0.0,success,1.553929,,
v_b591b59eba1a8aaaea16,spatial_relationship,test,"a wine glass on the right of a cup, front view",108,lavie,"lavie/spatial_relationship/a wine glass on the right of a cup, front view-3.mp4",0.0,success,1.527104,,
v_cc3c0f08ff6965cad1a0,spatial_relationship,test,"a wine glass on the right of a cup, front view",109,lavie,"lavie/spatial_relationship/a wine glass on the right of a cup, front view-4.mp4",0.0,success,1.465130,,
v_6ba2090e8f0ed549ce26,spatial_relationship,dev,"a zebra on the left of a giraffe, front view",90,lavie,"lavie/spatial_relationship/a zebra on the left of a giraffe, front view-0.mp4",1.0,success,1.486904,,
v_0da16467e9d09f02ad00,spatial_relationship,dev,"a zebra on the left of a giraffe, front view",91,lavie,"lavie/spatial_relationship/a zebra on the left of a giraffe, front view-1.mp4",0.3192763827082458,success,1.584807,,
v_f1c4ca04c70a01335b79,spatial_relationship,dev,"a zebra on the left of a giraffe, front view",92,lavie,"lavie/spatial_relationship/a zebra on the left of a giraffe, front view-2.mp4",0.16635388031698883,success,1.432117,,
v_547d1e622769273b99e5,spatial_relationship,dev,"a zebra on the left of a giraffe, front view",93,lavie,"lavie/spatial_relationship/a zebra on the left of a giraffe, front view-3.mp4",0.4274003525041035,success,1.507343,,
v_dd44a614c6d2150b0004,spatial_relationship,dev,"a zebra on the left of a giraffe, front view",94,lavie,"lavie/spatial_relationship/a zebra on the left of a giraffe, front view-4.mp4",1.0,success,1.434987,,
v_5a6edc4d3e62c0128641,spatial_relationship,dev,"an airplane on the left of a train, front view",235,lavie,"lavie/spatial_relationship/an airplane on the left of a train, front view-0.mp4",0.875,success,1.931169,,
v_442cf9e43379a52e6bd8,spatial_relationship,dev,"an airplane on the left of a train, front view",236,lavie,"lavie/spatial_relationship/an airplane on the left of a train, front view-1.mp4",1.0,success,1.589814,,
v_4cb75e3777dab9d9d18b,spatial_relationship,dev,"an airplane on the left of a train, front view",237,lavie,"lavie/spatial_relationship/an airplane on the left of a train, front view-2.mp4",0.18676113735583527,success,1.544813,,
v_de8d5af93023ae78ced6,spatial_relationship,dev,"an airplane on the left of a train, front view",238,lavie,"lavie/spatial_relationship/an airplane on the left of a train, front view-3.mp4",1.0,success,1.622630,,
v_11e1cccedf254751ba6d,spatial_relationship,dev,"an airplane on the left of a train, front view",239,lavie,"lavie/spatial_relationship/an airplane on the left of a train, front view-4.mp4",0.051388403263403264,success,1.623839,,
v_878d1eca3846f8374b5e,spatial_relationship,test,"an apple on the bottom of a sandwich, front view",295,lavie,"lavie/spatial_relationship/an apple on the bottom of a sandwich, front view-0.mp4",0.0,success,1.487871,,
v_9dce4032c69fec7b5dae,spatial_relationship,test,"an apple on the bottom of a sandwich, front view",296,lavie,"lavie/spatial_relationship/an apple on the bottom of a sandwich, front view-1.mp4",0.03313231763814016,success,1.559584,,
v_b9bb60b4f4a0ad20093b,spatial_relationship,test,"an apple on the bottom of a sandwich, front view",297,lavie,"lavie/spatial_relationship/an apple on the bottom of a sandwich, front view-2.mp4",0.0,success,1.410804,,
v_651d0350c365566f2978,spatial_relationship,test,"an apple on the bottom of a sandwich, front view",298,lavie,"lavie/spatial_relationship/an apple on the bottom of a sandwich, front view-3.mp4",0.9627152316341805,success,1.803213,,
v_d7d0cef8820b93d3ecee,spatial_relationship,test,"an apple on the bottom of a sandwich, front view",299,lavie,"lavie/spatial_relationship/an apple on the bottom of a sandwich, front view-4.mp4",1.0,success,1.440438,,
v_6f253094115ca501fb8d,spatial_relationship,test,"an apple on the top of a sandwich, front view",290,lavie,"lavie/spatial_relationship/an apple on the top of a sandwich, front view-0.mp4",0.7622756922854281,success,1.469292,,
v_a11d28e9f70dc2e2b9e2,spatial_relationship,test,"an apple on the top of a sandwich, front view",291,lavie,"lavie/spatial_relationship/an apple on the top of a sandwich, front view-1.mp4",1.0,success,1.595443,,
v_f46a07192f2a3dd4ae7c,spatial_relationship,test,"an apple on the top of a sandwich, front view",292,lavie,"lavie/spatial_relationship/an apple on the top of a sandwich, front view-2.mp4",0.24812321671581383,success,1.484747,,
v_8ec0bf151b552d17b7fd,spatial_relationship,test,"an apple on the top of a sandwich, front view",293,lavie,"lavie/spatial_relationship/an apple on the top of a sandwich, front view-3.mp4",0.0,success,1.431519,,
v_23ec13b610bbf272e801,spatial_relationship,test,"an apple on the top of a sandwich, front view",294,lavie,"lavie/spatial_relationship/an apple on the top of a sandwich, front view-4.mp4",0.625,success,1.557172,,
v_c6ddc68ad94446f91d5d,spatial_relationship,test,"an elephant on the left of a bear, front view",80,lavie,"lavie/spatial_relationship/an elephant on the left of a bear, front view-0.mp4",0.0,success,1.620383,,
v_f3c9bac36cdd79382d65,spatial_relationship,test,"an elephant on the left of a bear, front view",81,lavie,"lavie/spatial_relationship/an elephant on the left of a bear, front view-1.mp4",0.0,success,1.615894,,
v_9f5145f3516a14cfcbd8,spatial_relationship,test,"an elephant on the left of a bear, front view",82,lavie,"lavie/spatial_relationship/an elephant on the left of a bear, front view-2.mp4",0.0,success,1.560995,,
v_e36d11996de5a940f00b,spatial_relationship,test,"an elephant on the left of a bear, front view",83,lavie,"lavie/spatial_relationship/an elephant on the left of a bear, front view-3.mp4",0.0625,success,1.495983,,
v_8574c83ca8a18555ff55,spatial_relationship,test,"an elephant on the left of a bear, front view",84,lavie,"lavie/spatial_relationship/an elephant on the left of a bear, front view-4.mp4",0.0,success,1.692637,,
v_65e4e2f516d73a83ec7e,spatial_relationship,dev,"an orange on the bottom of a carrot, front view",315,lavie,"lavie/spatial_relationship/an orange on the bottom of a carrot, front view-0.mp4",0.0,success,1.388496,,
v_f4c8253881624fa55f47,spatial_relationship,dev,"an orange on the bottom of a carrot, front view",316,lavie,"lavie/spatial_relationship/an orange on the bottom of a carrot, front view-1.mp4",0.0,success,1.406731,,
v_752c6aa367f732c15cdd,spatial_relationship,dev,"an orange on the bottom of a carrot, front view",317,lavie,"lavie/spatial_relationship/an orange on the bottom of a carrot, front view-2.mp4",0.0,success,1.485178,,
v_436dcaa31e770fe28512,spatial_relationship,dev,"an orange on the bottom of a carrot, front view",318,lavie,"lavie/spatial_relationship/an orange on the bottom of a carrot, front view-3.mp4",0.0,success,1.834275,,
v_21fe0203cafa840d5eec,spatial_relationship,dev,"an orange on the bottom of a carrot, front view",319,lavie,"lavie/spatial_relationship/an orange on the bottom of a carrot, front view-4.mp4",0.0,success,1.527486,,
v_5880868d1048450e6210,spatial_relationship,dev,"an orange on the top of a carrot, front view",310,lavie,"lavie/spatial_relationship/an orange on the top of a carrot, front view-0.mp4",0.0,success,1.574238,,
v_b36d34929cd8fa604caf,spatial_relationship,dev,"an orange on the top of a carrot, front view",311,lavie,"lavie/spatial_relationship/an orange on the top of a carrot, front view-1.mp4",0.0,success,1.516423,,
v_12cf66cf886b0e05e210,spatial_relationship,dev,"an orange on the top of a carrot, front view",312,lavie,"lavie/spatial_relationship/an orange on the top of a carrot, front view-2.mp4",0.0,success,1.543983,,
v_bc2183a97f45c391beec,spatial_relationship,dev,"an orange on the top of a carrot, front view",313,lavie,"lavie/spatial_relationship/an orange on the top of a carrot, front view-3.mp4",0.0,success,1.494842,,
v_b2c65731d4db6bbeff5a,spatial_relationship,dev,"an orange on the top of a carrot, front view",314,lavie,"lavie/spatial_relationship/an orange on the top of a carrot, front view-4.mp4",0.0,success,1.682938,,
v_a3ce6a859a4e363ca758,spatial_relationship,test,"an oven on the bottom of a toaster, front view",255,lavie,"lavie/spatial_relationship/an oven on the bottom of a toaster, front view-0.mp4",0.7309400845049093,success,1.579006,,
v_ae0f9d4672a4d4c5d4f5,spatial_relationship,test,"an oven on the bottom of a toaster, front view",256,lavie,"lavie/spatial_relationship/an oven on the bottom of a toaster, front view-1.mp4",1.0,success,1.514959,,
v_33d0f1c569dae8e16d67,spatial_relationship,test,"an oven on the bottom of a toaster, front view",257,lavie,"lavie/spatial_relationship/an oven on the bottom of a toaster, front view-2.mp4",0.0,success,1.454708,,
v_a2d3e51d863f046a710e,spatial_relationship,test,"an oven on the bottom of a toaster, front view",258,lavie,"lavie/spatial_relationship/an oven on the bottom of a toaster, front view-3.mp4",1.0,success,1.691037,,
v_87b3112fc4d1f2cc958f,spatial_relationship,test,"an oven on the bottom of a toaster, front view",259,lavie,"lavie/spatial_relationship/an oven on the bottom of a toaster, front view-4.mp4",0.8134968776361472,success,1.361254,,
v_a54d719ddbbd59f1e1d4,spatial_relationship,test,"an oven on the top of a toaster, front view",250,lavie,"lavie/spatial_relationship/an oven on the top of a toaster, front view-0.mp4",1.0,success,1.391308,,
v_7de9b5634111a565f9b1,spatial_relationship,test,"an oven on the top of a toaster, front view",251,lavie,"lavie/spatial_relationship/an oven on the top of a toaster, front view-1.mp4",0.7371511507669299,success,1.441395,,
v_62d74d0c5054b0526e9a,spatial_relationship,test,"an oven on the top of a toaster, front view",252,lavie,"lavie/spatial_relationship/an oven on the top of a toaster, front view-2.mp4",0.0,success,1.684629,,
v_c469426b208720868a7b,spatial_relationship,test,"an oven on the top of a toaster, front view",253,lavie,"lavie/spatial_relationship/an oven on the top of a toaster, front view-3.mp4",1.0,success,1.498425,,
v_e27059fad62878cebd2d,spatial_relationship,test,"an oven on the top of a toaster, front view",254,lavie,"lavie/spatial_relationship/an oven on the top of a toaster, front view-4.mp4",0.5136577839966957,success,1.479300,,
v_5f2c9ea8543020ad6c66,spatial_relationship,test,"an umbrella inside of an open backpack, top view",450,lavie,"lavie/spatial_relationship/an umbrella inside of an open backpack, top view-0.mp4",,error,0.000023,ValueError: MissingOfficialSpatialMetadata: prompt absent from locked VBench 1.0 VBench_full_info.json,
v_eb7539bbd674262b7f96,spatial_relationship,test,"an umbrella inside of an open backpack, top view",451,lavie,"lavie/spatial_relationship/an umbrella inside of an open backpack, top view-1.mp4",,error,0.000010,ValueError: MissingOfficialSpatialMetadata: prompt absent from locked VBench 1.0 VBench_full_info.json,
v_64c9f869b19f79a20a47,spatial_relationship,test,"an umbrella inside of an open backpack, top view",452,lavie,"lavie/spatial_relationship/an umbrella inside of an open backpack, top view-2.mp4",,error,0.000009,ValueError: MissingOfficialSpatialMetadata: prompt absent from locked VBench 1.0 VBench_full_info.json,
v_39afcfff90fc05a06b85,spatial_relationship,test,"an umbrella inside of an open backpack, top view",453,lavie,"lavie/spatial_relationship/an umbrella inside of an open backpack, top view-3.mp4",,error,0.000009,ValueError: MissingOfficialSpatialMetadata: prompt absent from locked VBench 1.0 VBench_full_info.json,
v_9383efc4fb4335c1ee12,spatial_relationship,test,"an umbrella inside of an open backpack, top view",454,lavie,"lavie/spatial_relationship/an umbrella inside of an open backpack, top view-4.mp4",,error,0.000009,ValueError: MissingOfficialSpatialMetadata: prompt absent from locked VBench 1.0 VBench_full_info.json,
v_235f7cf6974163e63a20,spatial_relationship,dev,"an umbrella inside of an open handbag, top view",475,lavie,"lavie/spatial_relationship/an umbrella inside of an open handbag, top view-0.mp4",,error,0.000009,ValueError: MissingOfficialSpatialMetadata: prompt absent from locked VBench 1.0 VBench_full_info.json,
v_7d5f37de22d1721b14a7,spatial_relationship,dev,"an umbrella inside of an open handbag, top view",476,lavie,"lavie/spatial_relationship/an umbrella inside of an open handbag, top view-1.mp4",,error,0.000009,ValueError: MissingOfficialSpatialMetadata: prompt absent from locked VBench 1.0 VBench_full_info.json,
v_14edfd137edfba8996e5,spatial_relationship,dev,"an umbrella inside of an open handbag, top view",477,lavie,"lavie/spatial_relationship/an umbrella inside of an open handbag, top view-2.mp4",,error,0.000010,ValueError: MissingOfficialSpatialMetadata: prompt absent from locked VBench 1.0 VBench_full_info.json,
v_482573277888e4bde6ff,spatial_relationship,dev,"an umbrella inside of an open handbag, top view",478,lavie,"lavie/spatial_relationship/an umbrella inside of an open handbag, top view-3.mp4",,error,0.000009,ValueError: MissingOfficialSpatialMetadata: prompt absent from locked VBench 1.0 VBench_full_info.json,
v_453840611185ef08622c,spatial_relationship,dev,"an umbrella inside of an open handbag, top view",479,lavie,"lavie/spatial_relationship/an umbrella inside of an open handbag, top view-4.mp4",,error,0.000009,ValueError: MissingOfficialSpatialMetadata: prompt absent from locked VBench 1.0 VBench_full_info.json,
v_bc0ed800980aeb233f99,spatial_relationship,test,"an umbrella inside of an open suitcase, top view",500,lavie,"lavie/spatial_relationship/an umbrella inside of an open suitcase, top view-0.mp4",,error,0.000009,ValueError: MissingOfficialSpatialMetadata: prompt absent from locked VBench 1.0 VBench_full_info.json,
v_cfb0c7c9da8791201c63,spatial_relationship,test,"an umbrella inside of an open suitcase, top view",501,lavie,"lavie/spatial_relationship/an umbrella inside of an open suitcase, top view-1.mp4",,error,0.000009,ValueError: MissingOfficialSpatialMetadata: prompt absent from locked VBench 1.0 VBench_full_info.json,
v_f22ec14546e5d84b66f2,spatial_relationship,test,"an umbrella inside of an open suitcase, top view",502,lavie,"lavie/spatial_relationship/an umbrella inside of an open suitcase, top view-2.mp4",,error,0.000009,ValueError: MissingOfficialSpatialMetadata: prompt absent from locked VBench 1.0 VBench_full_info.json,
v_3fba87319989d277a5ad,spatial_relationship,test,"an umbrella inside of an open suitcase, top view",503,lavie,"lavie/spatial_relationship/an umbrella inside of an open suitcase, top view-3.mp4",,error,0.000009,ValueError: MissingOfficialSpatialMetadata: prompt absent from locked VBench 1.0 VBench_full_info.json,
v_49a3f16512e18ef54bf7,spatial_relationship,test,"an umbrella inside of an open suitcase, top view",504,lavie,"lavie/spatial_relationship/an umbrella inside of an open suitcase, top view-4.mp4",,error,0.000009,ValueError: MissingOfficialSpatialMetadata: prompt absent from locked VBench 1.0 VBench_full_info.json,
v_8e7ecf83f3ec1e8e8c3b,spatial_relationship,test,"broccoli inside of a refrigerator with door open, front view",425,lavie,"lavie/spatial_relationship/broccoli inside of a refrigerator with door open, front view-0.mp4",,error,0.000009,ValueError: MissingOfficialSpatialMetadata: prompt absent from locked VBench 1.0 VBench_full_info.json,
v_39fca28c28bd9cc8a7d9,spatial_relationship,test,"broccoli inside of a refrigerator with door open, front view",426,lavie,"lavie/spatial_relationship/broccoli inside of a refrigerator with door open, front view-1.mp4",,error,0.000010,ValueError: MissingOfficialSpatialMetadata: prompt absent from locked VBench 1.0 VBench_full_info.json,
v_b35376feb55b3cdbad83,spatial_relationship,test,"broccoli inside of a refrigerator with door open, front view",427,lavie,"lavie/spatial_relationship/broccoli inside of a refrigerator with door open, front view-2.mp4",,error,0.000009,ValueError: MissingOfficialSpatialMetadata: prompt absent from locked VBench 1.0 VBench_full_info.json,
v_851a005701149ee1a8af,spatial_relationship,test,"broccoli inside of a refrigerator with door open, front view",428,lavie,"lavie/spatial_relationship/broccoli inside of a refrigerator with door open, front view-3.mp4",,error,0.000009,ValueError: MissingOfficialSpatialMetadata: prompt absent from locked VBench 1.0 VBench_full_info.json,
v_5e62b55baf61fa99032c,spatial_relationship,test,"broccoli inside of a refrigerator with door open, front view",429,lavie,"lavie/spatial_relationship/broccoli inside of a refrigerator with door open, front view-4.mp4",,error,0.000009,ValueError: MissingOfficialSpatialMetadata: prompt absent from locked VBench 1.0 VBench_full_info.json,
v_ef24d31920ff8ab5b048,spatial_relationship,test,"broccoli on the bottom of a banana, front view",365,lavie,"lavie/spatial_relationship/broccoli on the bottom of a banana, front view-0.mp4",0.33276259004271175,success,1.562288,,
v_0714f92c89f11ccfee39,spatial_relationship,test,"broccoli on the bottom of a banana, front view",366,lavie,"lavie/spatial_relationship/broccoli on the bottom of a banana, front view-1.mp4",0.0,success,1.654382,,
v_a8ec87a9443db526b881,spatial_relationship,test,"broccoli on the bottom of a banana, front view",367,lavie,"lavie/spatial_relationship/broccoli on the bottom of a banana, front view-2.mp4",0.9375,success,1.779068,,
v_9d651c6efe66ec894b17,spatial_relationship,test,"broccoli on the bottom of a banana, front view",368,lavie,"lavie/spatial_relationship/broccoli on the bottom of a banana, front view-3.mp4",0.0,success,1.525409,,
v_507ede5c4bc8ef28956e,spatial_relationship,test,"broccoli on the bottom of a banana, front view",369,lavie,"lavie/spatial_relationship/broccoli on the bottom of a banana, front view-4.mp4",0.06911733708109674,success,1.552181,,
v_8dcd0516e3e557b24929,spatial_relationship,test,"broccoli on the top of a banana, front view",360,lavie,"lavie/spatial_relationship/broccoli on the top of a banana, front view-0.mp4",0.1554908203803334,success,1.553821,,
v_7c43bebd81bc5c8c7c0f,spatial_relationship,test,"broccoli on the top of a banana, front view",361,lavie,"lavie/spatial_relationship/broccoli on the top of a banana, front view-1.mp4",0.797625016839024,success,1.590959,,
v_4c07c530a05324c9433c,spatial_relationship,test,"broccoli on the top of a banana, front view",362,lavie,"lavie/spatial_relationship/broccoli on the top of a banana, front view-2.mp4",0.0,success,1.691575,,
v_e9dd0bb4bc9a976a4fb3,spatial_relationship,test,"broccoli on the top of a banana, front view",363,lavie,"lavie/spatial_relationship/broccoli on the top of a banana, front view-3.mp4",0.0,success,1.509478,,
v_19aa11fa36a1a580e108,spatial_relationship,test,"broccoli on the top of a banana, front view",364,lavie,"lavie/spatial_relationship/broccoli on the top of a banana, front view-4.mp4",0.0,success,1.545124,,
v_ab610ab5984c1451b536,spatial_relationship,test,"scissors on the left of a teddy bear, front view",155,lavie,"lavie/spatial_relationship/scissors on the left of a teddy bear, front view-0.mp4",0.10160929756517992,success,1.543758,,
v_fb43110ba6f101f17f3e,spatial_relationship,test,"scissors on the left of a teddy bear, front view",156,lavie,"lavie/spatial_relationship/scissors on the left of a teddy bear, front view-1.mp4",0.5625,success,1.470880,,
v_b32f387aa0cf0c53786a,spatial_relationship,test,"scissors on the left of a teddy bear, front view",157,lavie,"lavie/spatial_relationship/scissors on the left of a teddy bear, front view-2.mp4",1.0,success,1.688848,,
v_4bf04cdcd3f7ff771a47,spatial_relationship,test,"scissors on the left of a teddy bear, front view",158,lavie,"lavie/spatial_relationship/scissors on the left of a teddy bear, front view-3.mp4",0.0625,success,1.585561,,
v_38a2c746cb7b24b374d7,spatial_relationship,test,"scissors on the left of a teddy bear, front view",159,lavie,"lavie/spatial_relationship/scissors on the left of a teddy bear, front view-4.mp4",0.3125,success,1.585626,,
v_592c516d337c382e8100,spatial_relationship,dev,"skis on the bottom of a snowboard, front view",375,lavie,"lavie/spatial_relationship/skis on the bottom of a snowboard, front view-0.mp4",0.0,success,1.475007,,
v_471a91d87ff791be14c4,spatial_relationship,dev,"skis on the bottom of a snowboard, front view",376,lavie,"lavie/spatial_relationship/skis on the bottom of a snowboard, front view-1.mp4",0.0,success,1.597533,,
v_0a398df94f8135bee438,spatial_relationship,dev,"skis on the bottom of a snowboard, front view",377,lavie,"lavie/spatial_relationship/skis on the bottom of a snowboard, front view-2.mp4",0.0625,success,1.433893,,
v_5103b4d994236440ead0,spatial_relationship,dev,"skis on the bottom of a snowboard, front view",378,lavie,"lavie/spatial_relationship/skis on the bottom of a snowboard, front view-3.mp4",0.0,success,1.349958,,
v_4d3aea70bbf79ebadb42,spatial_relationship,dev,"skis on the bottom of a snowboard, front view",379,lavie,"lavie/spatial_relationship/skis on the bottom of a snowboard, front view-4.mp4",0.0,success,1.385075,,
v_1d0688f276d10df5a9a2,spatial_relationship,test,"skis on the top of a snowboard, front view",370,lavie,"lavie/spatial_relationship/skis on the top of a snowboard, front view-0.mp4",0.0,success,1.486882,,
v_6f7830ca7dd010abcf24,spatial_relationship,test,"skis on the top of a snowboard, front view",371,lavie,"lavie/spatial_relationship/skis on the top of a snowboard, front view-1.mp4",0.0,success,1.465882,,
v_ba9dd99c118946d07885,spatial_relationship,test,"skis on the top of a snowboard, front view",372,lavie,"lavie/spatial_relationship/skis on the top of a snowboard, front view-2.mp4",0.8125,success,1.737598,,
v_0d1ab105e52527fb998d,spatial_relationship,test,"skis on the top of a snowboard, front view",373,lavie,"lavie/spatial_relationship/skis on the top of a snowboard, front view-3.mp4",0.0,success,1.455628,,
v_c47ad252285f9ba15c25,spatial_relationship,test,"skis on the top of a snowboard, front view",374,lavie,"lavie/spatial_relationship/skis on the top of a snowboard, front view-4.mp4",0.4811827539560556,success,1.638619,,
v_9f9638196e12e5aa8d72,spatial_relationship,test,"a banana on the bottom of an apple, front view",285,modelscope,"modelscope/spatial_relationship/a banana on the bottom of an apple, front view-0.mp4",1.0,success,1.755994,,
v_5552dda634a7c5206824,spatial_relationship,test,"a banana on the bottom of an apple, front view",286,modelscope,"modelscope/spatial_relationship/a banana on the bottom of an apple, front view-1.mp4",0.375,success,1.255015,,
v_c6fb720e1b8acf43e6a5,spatial_relationship,test,"a banana on the bottom of an apple, front view",287,modelscope,"modelscope/spatial_relationship/a banana on the bottom of an apple, front view-2.mp4",1.0,success,1.320568,,
v_b4adf5f62269b1cf8185,spatial_relationship,test,"a banana on the bottom of an apple, front view",288,modelscope,"modelscope/spatial_relationship/a banana on the bottom of an apple, front view-3.mp4",0.8889090476830862,success,1.212840,,
v_546549315243b7699dcf,spatial_relationship,test,"a banana on the bottom of an apple, front view",289,modelscope,"modelscope/spatial_relationship/a banana on the bottom of an apple, front view-4.mp4",0.0625,success,1.396945,,
v_bf2df15a94d94a185a00,spatial_relationship,test,"a banana on the top of an apple, front view",280,modelscope,"modelscope/spatial_relationship/a banana on the top of an apple, front view-0.mp4",0.9375,success,1.205114,,
v_1fa0256773922d522365,spatial_relationship,test,"a banana on the top of an apple, front view",281,modelscope,"modelscope/spatial_relationship/a banana on the top of an apple, front view-1.mp4",1.0,success,1.197012,,
v_1cee5faca4d4d1ea3c31,spatial_relationship,test,"a banana on the top of an apple, front view",282,modelscope,"modelscope/spatial_relationship/a banana on the top of an apple, front view-2.mp4",0.8125,success,1.238946,,
v_a8915d1c818217c589f8,spatial_relationship,test,"a banana on the top of an apple, front view",283,modelscope,"modelscope/spatial_relationship/a banana on the top of an apple, front view-3.mp4",0.7985236781355884,success,1.317462,,
v_cf52946ea384ca9e3f0f,spatial_relationship,test,"a banana on the top of an apple, front view",284,modelscope,"modelscope/spatial_relationship/a banana on the top of an apple, front view-4.mp4",0.9941421132842265,success,1.169634,,
v_8686b115ad5fa23083ee,spatial_relationship,test,"a baseball bat on the left of a baseball glove, front view",175,modelscope,"modelscope/spatial_relationship/a baseball bat on the left of a baseball glove, front view-0.mp4",0.12383021732597668,success,1.191513,,
v_d04bce81b5fb9d1ef3a3,spatial_relationship,test,"a baseball bat on the left of a baseball glove, front view",176,modelscope,"modelscope/spatial_relationship/a baseball bat on the left of a baseball glove, front view-1.mp4",0.32640725482629374,success,1.213358,,
v_2d29727082fd63039e6e,spatial_relationship,test,"a baseball bat on the left of a baseball glove, front view",177,modelscope,"modelscope/spatial_relationship/a baseball bat on the left of a baseball glove, front view-2.mp4",0.6211174962801598,success,1.272463,,
v_e165cb58d27a67775bf1,spatial_relationship,test,"a baseball bat on the left of a baseball glove, front view",178,modelscope,"modelscope/spatial_relationship/a baseball bat on the left of a baseball glove, front view-3.mp4",0.05725446428571429,success,1.480392,,
v_dbe4b816353a40ea98fd,spatial_relationship,test,"a baseball bat on the left of a baseball glove, front view",179,modelscope,"modelscope/spatial_relationship/a baseball bat on the left of a baseball glove, front view-4.mp4",0.051315033572101015,success,1.278690,,
v_bc15ef48971f63a70658,spatial_relationship,test,"a baseball glove on the right of a tennis racket, front view",180,modelscope,"modelscope/spatial_relationship/a baseball glove on the right of a tennis racket, front view-0.mp4",0.7898587190053536,success,1.318067,,
v_faf1905910c2f25b6533,spatial_relationship,test,"a baseball glove on the right of a tennis racket, front view",181,modelscope,"modelscope/spatial_relationship/a baseball glove on the right of a tennis racket, front view-1.mp4",0.0,success,1.302754,,
v_f0b564a5bad302734f9b,spatial_relationship,test,"a baseball glove on the right of a tennis racket, front view",182,modelscope,"modelscope/spatial_relationship/a baseball glove on the right of a tennis racket, front view-2.mp4",0.04302261445118588,success,1.364379,,
v_7e58dcff8663fe4bee4e,spatial_relationship,test,"a baseball glove on the right of a tennis racket, front view",183,modelscope,"modelscope/spatial_relationship/a baseball glove on the right of a tennis racket, front view-3.mp4",0.09307851459245671,success,1.269421,,
v_607b0d82fc97901dfcb8,spatial_relationship,test,"a baseball glove on the right of a tennis racket, front view",184,modelscope,"modelscope/spatial_relationship/a baseball glove on the right of a tennis racket, front view-4.mp4",0.0,success,1.263671,,
v_aa448868c7d83caec333,spatial_relationship,dev,"a bear on the right of a zebra, front view",85,modelscope,"modelscope/spatial_relationship/a bear on the right of a zebra, front view-0.mp4",0.7155324929820148,success,1.187048,,
v_033ebe2a78a013a40d05,spatial_relationship,dev,"a bear on the right of a zebra, front view",86,modelscope,"modelscope/spatial_relationship/a bear on the right of a zebra, front view-1.mp4",0.1875,success,1.199322,,
v_dcf4baefef90c0fa2015,spatial_relationship,dev,"a bear on the right of a zebra, front view",87,modelscope,"modelscope/spatial_relationship/a bear on the right of a zebra, front view-2.mp4",0.4831768747806601,success,1.251700,,
v_52044dfee77c8cee541e,spatial_relationship,dev,"a bear on the right of a zebra, front view",88,modelscope,"modelscope/spatial_relationship/a bear on the right of a zebra, front view-3.mp4",0.5131878133617584,success,1.363424,,
v_d0bbef1734137e0c1752,spatial_relationship,dev,"a bear on the right of a zebra, front view",89,modelscope,"modelscope/spatial_relationship/a bear on the right of a zebra, front view-4.mp4",0.4244513943687721,success,1.231038,,
v_3ad3e95d6fb160ead80b,spatial_relationship,test,"a bed on the left of a tv, front view",220,modelscope,"modelscope/spatial_relationship/a bed on the left of a tv, front view-0.mp4",0.0,success,1.312960,,
v_23988562c544baa9cd40,spatial_relationship,test,"a bed on the left of a tv, front view",221,modelscope,"modelscope/spatial_relationship/a bed on the left of a tv, front view-1.mp4",0.0,success,1.272329,,
v_81558cdb85f26eacc6b3,spatial_relationship,test,"a bed on the left of a tv, front view",222,modelscope,"modelscope/spatial_relationship/a bed on the left of a tv, front view-2.mp4",0.0,success,1.267131,,
v_604a8a88ca32439bf2ca,spatial_relationship,test,"a bed on the left of a tv, front view",223,modelscope,"modelscope/spatial_relationship/a bed on the left of a tv, front view-3.mp4",0.0,success,1.400053,,
v_0ff613ca84fc8893883c,spatial_relationship,test,"a bed on the left of a tv, front view",224,modelscope,"modelscope/spatial_relationship/a bed on the left of a tv, front view-4.mp4",0.0625,success,1.304711,,
v_ba80b762410b223a0349,spatial_relationship,dev,"a bench on the left of a truck, front view",40,modelscope,"modelscope/spatial_relationship/a bench on the left of a truck, front view-0.mp4",0.0,success,1.203243,,
v_fa4b4de65fcf2aadbfbf,spatial_relationship,dev,"a bench on the left of a truck, front view",41,modelscope,"modelscope/spatial_relationship/a bench on the left of a truck, front view-1.mp4",0.0,success,1.233966,,
v_72d3798a9f8a32b1cbc6,spatial_relationship,dev,"a bench on the left of a truck, front view",42,modelscope,"modelscope/spatial_relationship/a bench on the left of a truck, front view-2.mp4",0.0,success,1.407559,,
v_6af22099535d3f16b44d,spatial_relationship,dev,"a bench on the left of a truck, front view",43,modelscope,"modelscope/spatial_relationship/a bench on the left of a truck, front view-3.mp4",0.8125,success,1.201236,,
v_ff9064e6f52b43945956,spatial_relationship,dev,"a bench on the left of a truck, front view",44,modelscope,"modelscope/spatial_relationship/a bench on the left of a truck, front view-4.mp4",0.0,success,1.281480,,
v_02931e837e08fee70587,spatial_relationship,dev,"a bicycle on the left of a car, front view",0,modelscope,"modelscope/spatial_relationship/a bicycle on the left of a car, front view-0.mp4",1.0,success,1.270558,,
v_3eeb6552a986da50b428,spatial_relationship,dev,"a bicycle on the left of a car, front view",1,modelscope,"modelscope/spatial_relationship/a bicycle on the left of a car, front view-1.mp4",0.0,success,1.378431,,
v_10be8b25538aef26bc81,spatial_relationship,dev,"a bicycle on the left of a car, front view",2,modelscope,"modelscope/spatial_relationship/a bicycle on the left of a car, front view-2.mp4",0.23670445330932463,success,1.438684,,
v_f1334105a3212d36ade3,spatial_relationship,dev,"a bicycle on the left of a car, front view",3,modelscope,"modelscope/spatial_relationship/a bicycle on the left of a car, front view-3.mp4",1.0,success,1.292757,,
v_cff9bbcb6d851d8d6d53,spatial_relationship,dev,"a bicycle on the left of a car, front view",4,modelscope,"modelscope/spatial_relationship/a bicycle on the left of a car, front view-4.mp4",1.0,success,1.267329,,
v_472edb991fe94d6cd31c,spatial_relationship,test,"a bird on the left of a cat, front view",50,modelscope,"modelscope/spatial_relationship/a bird on the left of a cat, front view-0.mp4",0.6875,success,1.215695,,
v_f06d98a74fc8aa245c4a,spatial_relationship,test,"a bird on the left of a cat, front view",51,modelscope,"modelscope/spatial_relationship/a bird on the left of a cat, front view-1.mp4",1.0,success,1.396085,,
v_d7d75049047e911b627f,spatial_relationship,test,"a bird on the left of a cat, front view",52,modelscope,"modelscope/spatial_relationship/a bird on the left of a cat, front view-2.mp4",1.0,success,1.296273,,
v_71f0a56db649d10b302e,spatial_relationship,test,"a bird on the left of a cat, front view",53,modelscope,"modelscope/spatial_relationship/a bird on the left of a cat, front view-3.mp4",0.0625,success,1.284032,,
v_9c7dcd9b17fd9e4c1868,spatial_relationship,test,"a bird on the left of a cat, front view",54,modelscope,"modelscope/spatial_relationship/a bird on the left of a cat, front view-4.mp4",1.0,success,1.224573,,
v_6250960e3811c4d67d8a,spatial_relationship,dev,"a boat on the left of an airplane, front view",245,modelscope,"modelscope/spatial_relationship/a boat on the left of an airplane, front view-0.mp4",0.6671559767425641,success,1.240762,,
v_ed1740f96ebd20d463c7,spatial_relationship,dev,"a boat on the left of an airplane, front view",246,modelscope,"modelscope/spatial_relationship/a boat on the left of an airplane, front view-1.mp4",0.15003541512687854,success,1.473316,,
v_cbb55f16553d481ba503,spatial_relationship,dev,"a boat on the left of an airplane, front view",247,modelscope,"modelscope/spatial_relationship/a boat on the left of an airplane, front view-2.mp4",0.0625,success,1.195225,,
v_92a93d08c17471f5f798,spatial_relationship,dev,"a boat on the left of an airplane, front view",248,modelscope,"modelscope/spatial_relationship/a boat on the left of an airplane, front view-3.mp4",0.8531198120002288,success,1.262607,,
v_ca7e4770e8f39f2dca57,spatial_relationship,dev,"a boat on the left of an airplane, front view",249,modelscope,"modelscope/spatial_relationship/a boat on the left of an airplane, front view-4.mp4",0.6462362849415084,success,1.258894,,
v_59b55ea37b4adf97f461,spatial_relationship,test,"a book inside of an open backpack, top view",455,modelscope,"modelscope/spatial_relationship/a book inside of an open backpack, top view-0.mp4",,error,0.000012,ValueError: MissingOfficialSpatialMetadata: prompt absent from locked VBench 1.0 VBench_full_info.json,
v_ec6aab287bb3043327fd,spatial_relationship,test,"a book inside of an open backpack, top view",456,modelscope,"modelscope/spatial_relationship/a book inside of an open backpack, top view-1.mp4",,error,0.000010,ValueError: MissingOfficialSpatialMetadata: prompt absent from locked VBench 1.0 VBench_full_info.json,
v_70c189213235f96c4d40,spatial_relationship,test,"a book inside of an open backpack, top view",457,modelscope,"modelscope/spatial_relationship/a book inside of an open backpack, top view-2.mp4",,error,0.000010,ValueError: MissingOfficialSpatialMetadata: prompt absent from locked VBench 1.0 VBench_full_info.json,
v_8647a0097d9aacd3f810,spatial_relationship,test,"a book inside of an open backpack, top view",458,modelscope,"modelscope/spatial_relationship/a book inside of an open backpack, top view-3.mp4",,error,0.000009,ValueError: MissingOfficialSpatialMetadata: prompt absent from locked VBench 1.0 VBench_full_info.json,
v_d280e6a44a8c16328418,spatial_relationship,test,"a book inside of an open backpack, top view",459,modelscope,"modelscope/spatial_relationship/a book inside of an open backpack, top view-4.mp4",,error,0.000009,ValueError: MissingOfficialSpatialMetadata: prompt absent from locked VBench 1.0 VBench_full_info.json,
v_4e1dcf1f8cf6db6e2f0d,spatial_relationship,test,"a book inside of an open handbag, top view",480,modelscope,"modelscope/spatial_relationship/a book inside of an open handbag, top view-0.mp4",,error,0.000010,ValueError: MissingOfficialSpatialMetadata: prompt absent from locked VBench 1.0 VBench_full_info.json,
v_c43c918b8c12d5d2bef6,spatial_relationship,test,"a book inside of an open handbag, top view",481,modelscope,"modelscope/spatial_relationship/a book inside of an open handbag, top view-1.mp4",,error,0.000010,ValueError: MissingOfficialSpatialMetadata: prompt absent from locked VBench 1.0 VBench_full_info.json,
v_a5c7dddce0bafef0bdbf,spatial_relationship,test,"a book inside of an open handbag, top view",482,modelscope,"modelscope/spatial_relationship/a book inside of an open handbag, top view-2.mp4",,error,0.000010,ValueError: MissingOfficialSpatialMetadata: prompt absent from locked VBench 1.0 VBench_full_info.json,
v_ef71c9cab11de572e3d8,spatial_relationship,test,"a book inside of an open handbag, top view",483,modelscope,"modelscope/spatial_relationship/a book inside of an open handbag, top view-3.mp4",,error,0.000010,ValueError: MissingOfficialSpatialMetadata: prompt absent from locked VBench 1.0 VBench_full_info.json,
v_4b67216070dda1ec6831,spatial_relationship,test,"a book inside of an open handbag, top view",484,modelscope,"modelscope/spatial_relationship/a book inside of an open handbag, top view-4.mp4",,error,0.000009,ValueError: MissingOfficialSpatialMetadata: prompt absent from locked VBench 1.0 VBench_full_info.json,
v_b1bdf629b1d578127c26,spatial_relationship,dev,"a book inside of an open suitcase, top view",505,modelscope,"modelscope/spatial_relationship/a book inside of an open suitcase, top view-0.mp4",,error,0.000009,ValueError: MissingOfficialSpatialMetadata: prompt absent from locked VBench 1.0 VBench_full_info.json,
v_a1d994ca1e52d218a3de,spatial_relationship,dev,"a book inside of an open suitcase, top view",506,modelscope,"modelscope/spatial_relationship/a book inside of an open suitcase, top view-1.mp4",,error,0.000009,ValueError: MissingOfficialSpatialMetadata: prompt absent from locked VBench 1.0 VBench_full_info.json,
v_b806583b83ebcebbf2ff,spatial_relationship,dev,"a book inside of an open suitcase, top view",507,modelscope,"modelscope/spatial_relationship/a book inside of an open suitcase, top view-2.mp4",,error,0.000009,ValueError: MissingOfficialSpatialMetadata: prompt absent from locked VBench 1.0 VBench_full_info.json,
v_81e4075cbb331eea02db,spatial_relationship,dev,"a book inside of an open suitcase, top view",508,modelscope,"modelscope/spatial_relationship/a book inside of an open suitcase, top view-3.mp4",,error,0.000010,ValueError: MissingOfficialSpatialMetadata: prompt absent from locked VBench 1.0 VBench_full_info.json,
v_fa2775f13f3b919cd700,spatial_relationship,dev,"a book inside of an open suitcase, top view",509,modelscope,"modelscope/spatial_relationship/a book inside of an open suitcase, top view-4.mp4",,error,0.000009,ValueError: MissingOfficialSpatialMetadata: prompt absent from locked VBench 1.0 VBench_full_info.json,
v_d6ab16b221ab65ba1e82,spatial_relationship,test,"a bottle on the left of a wine glass, front view",100,modelscope,"modelscope/spatial_relationship/a bottle on the left of a wine glass, front view-0.mp4",0.0,success,1.271724,,
v_096e628bf6a63315a32a,spatial_relationship,test,"a bottle on the left of a wine glass, front view",101,modelscope,"modelscope/spatial_relationship/a bottle on the left of a wine glass, front view-1.mp4",0.0,success,1.362202,,
v_bef3e432370a170fe89b,spatial_relationship,test,"a bottle on the left of a wine glass, front view",102,modelscope,"modelscope/spatial_relationship/a bottle on the left of a wine glass, front view-2.mp4",0.25897811161008566,success,1.295886,,
v_a3c242d28ffd49a9495d,spatial_relationship,test,"a bottle on the left of a wine glass, front view",103,modelscope,"modelscope/spatial_relationship/a bottle on the left of a wine glass, front view-3.mp4",1.0,success,1.267544,,
v_a687e36c5cf47b27038b,spatial_relationship,test,"a bottle on the left of a wine glass, front view",104,modelscope,"modelscope/spatial_relationship/a bottle on the left of a wine glass, front view-4.mp4",1.0,success,1.299371,,
v_fac6b083ce5580c42f48,spatial_relationship,test,"a bowl on the left of a bottle, front view",130,modelscope,"modelscope/spatial_relationship/a bowl on the left of a bottle, front view-0.mp4",0.0,success,1.260684,,
v_e5e141dc8a016f936c59,spatial_relationship,test,"a bowl on the left of a bottle, front view",131,modelscope,"modelscope/spatial_relationship/a bowl on the left of a bottle, front view-1.mp4",0.0,success,1.508362,,
v_03e9118cdb79fbcf45c1,spatial_relationship,test,"a bowl on the left of a bottle, front view",132,modelscope,"modelscope/spatial_relationship/a bowl on the left of a bottle, front view-2.mp4",0.0,success,1.249091,,
v_5638974625c59827e728,spatial_relationship,test,"a bowl on the left of a bottle, front view",133,modelscope,"modelscope/spatial_relationship/a bowl on the left of a bottle, front view-3.mp4",0.0,success,1.267214,,
v_73cf24aed72590000305,spatial_relationship,test,"a bowl on the left of a bottle, front view",134,modelscope,"modelscope/spatial_relationship/a bowl on the left of a bottle, front view-4.mp4",0.0,success,1.154404,,
v_dec6296a599c8761701e,spatial_relationship,test,"a bus on the right of a traffic light, front view",15,modelscope,"modelscope/spatial_relationship/a bus on the right of a traffic light, front view-0.mp4",0.875,success,1.640921,,
v_98b1d4ab5d8b936ea99d,spatial_relationship,test,"a bus on the right of a traffic light, front view",16,modelscope,"modelscope/spatial_relationship/a bus on the right of a traffic light, front view-1.mp4",1.0,success,1.261896,,
v_3ae72f153bef8dbd263b,spatial_relationship,test,"a bus on the right of a traffic light, front view",17,modelscope,"modelscope/spatial_relationship/a bus on the right of a traffic light, front view-2.mp4",0.8783889935283835,success,1.321995,,
v_d1dc1af2ba66970901d7,spatial_relationship,test,"a bus on the right of a traffic light, front view",18,modelscope,"modelscope/spatial_relationship/a bus on the right of a traffic light, front view-3.mp4",0.4375,success,1.307879,,
v_72e37d28075a91ddb567,spatial_relationship,test,"a bus on the right of a traffic light, front view",19,modelscope,"modelscope/spatial_relationship/a bus on the right of a traffic light, front view-4.mp4",0.6875,success,1.567310,,
v_24360fcd6d9904be3227,spatial_relationship,test,"a cake inside of a refrigerator with door open, front view",445,modelscope,"modelscope/spatial_relationship/a cake inside of a refrigerator with door open, front view-0.mp4",,error,0.000028,ValueError: MissingOfficialSpatialMetadata: prompt absent from locked VBench 1.0 VBench_full_info.json,
v_c422bf9e526627444d93,spatial_relationship,test,"a cake inside of a refrigerator with door open, front view",446,modelscope,"modelscope/spatial_relationship/a cake inside of a refrigerator with door open, front view-1.mp4",,error,0.000010,ValueError: MissingOfficialSpatialMetadata: prompt absent from locked VBench 1.0 VBench_full_info.json,
v_becd254fd8dcf5507807,spatial_relationship,test,"a cake inside of a refrigerator with door open, front view",447,modelscope,"modelscope/spatial_relationship/a cake inside of a refrigerator with door open, front view-2.mp4",,error,0.000010,ValueError: MissingOfficialSpatialMetadata: prompt absent from locked VBench 1.0 VBench_full_info.json,
v_a78aa7e446b30073de9c,spatial_relationship,test,"a cake inside of a refrigerator with door open, front view",448,modelscope,"modelscope/spatial_relationship/a cake inside of a refrigerator with door open, front view-3.mp4",,error,0.000009,ValueError: MissingOfficialSpatialMetadata: prompt absent from locked VBench 1.0 VBench_full_info.json,
v_f22113f43586e9ee44eb,spatial_relationship,test,"a cake inside of a refrigerator with door open, front view",449,modelscope,"modelscope/spatial_relationship/a cake inside of a refrigerator with door open, front view-4.mp4",,error,0.000009,ValueError: MissingOfficialSpatialMetadata: prompt absent from locked VBench 1.0 VBench_full_info.json,
v_f707cb9655f352be4e3f,spatial_relationship,dev,"a car on the right of a motorcycle, front view",5,modelscope,"modelscope/spatial_relationship/a car on the right of a motorcycle, front view-0.mp4",0.6875,success,1.201305,,
v_6c29e2f35a9a1b6860b5,spatial_relationship,dev,"a car on the right of a motorcycle, front view",6,modelscope,"modelscope/spatial_relationship/a car on the right of a motorcycle, front view-1.mp4",0.9375,success,1.189282,,
v_fefd13d3dafb044d33a6,spatial_relationship,dev,"a car on the right of a motorcycle, front view",7,modelscope,"modelscope/spatial_relationship/a car on the right of a motorcycle, front view-2.mp4",0.8961270070948468,success,1.301064,,
v_c19138b709a61ec6d0b6,spatial_relationship,dev,"a car on the right of a motorcycle, front view",8,modelscope,"modelscope/spatial_relationship/a car on the right of a motorcycle, front view-3.mp4",0.5625,success,1.414379,,
v_29e3e0bfe56e2f181aea,spatial_relationship,dev,"a car on the right of a motorcycle, front view",9,modelscope,"modelscope/spatial_relationship/a car on the right of a motorcycle, front view-4.mp4",0.3125,success,1.231961,,
v_1c05144da16f02fe01a6,spatial_relationship,dev,"a carrot inside of a refrigerator with door open, front view",430,modelscope,"modelscope/spatial_relationship/a carrot inside of a refrigerator with door open, front view-0.mp4",,error,0.000013,ValueError: MissingOfficialSpatialMetadata: prompt absent from locked VBench 1.0 VBench_full_info.json,
v_edd66b8c864be846c8bd,spatial_relationship,dev,"a carrot inside of a refrigerator with door open, front view",431,modelscope,"modelscope/spatial_relationship/a carrot inside of a refrigerator with door open, front view-1.mp4",,error,0.000010,ValueError: MissingOfficialSpatialMetadata: prompt absent from locked VBench 1.0 VBench_full_info.json,
v_d971dd59a28592bb9b35,spatial_relationship,dev,"a carrot inside of a refrigerator with door open, front view",432,modelscope,"modelscope/spatial_relationship/a carrot inside of a refrigerator with door open, front view-2.mp4",,error,0.000010,ValueError: MissingOfficialSpatialMetadata: prompt absent from locked VBench 1.0 VBench_full_info.json,
v_0b100d1178570c68d357,spatial_relationship,dev,"a carrot inside of a refrigerator with door open, front view",433,modelscope,"modelscope/spatial_relationship/a carrot inside of a refrigerator with door open, front view-3.mp4",,error,0.000010,ValueError: MissingOfficialSpatialMetadata: prompt absent from locked VBench 1.0 VBench_full_info.json,
v_3d4d0a2cdaac8d81dbd4,spatial_relationship,dev,"a carrot inside of a refrigerator with door open, front view",434,modelscope,"modelscope/spatial_relationship/a carrot inside of a refrigerator with door open, front view-4.mp4",,error,0.000009,ValueError: MissingOfficialSpatialMetadata: prompt absent from locked VBench 1.0 VBench_full_info.json,
v_35864101df8addc2b235,spatial_relationship,dev,"a carrot on the bottom of a hot dog, front view",325,modelscope,"modelscope/spatial_relationship/a carrot on the bottom of a hot dog, front view-0.mp4",1.0,success,1.427327,,
v_f55c91501875fb381195,spatial_relationship,dev,"a carrot on the bottom of a hot dog, front view",326,modelscope,"modelscope/spatial_relationship/a carrot on the bottom of a hot dog, front view-1.mp4",0.0,success,1.279416,,
v_975f0dc14ec5f0326d24,spatial_relationship,dev,"a carrot on the bottom of a hot dog, front view",327,modelscope,"modelscope/spatial_relationship/a carrot on the bottom of a hot dog, front view-2.mp4",0.0,success,1.243261,,
v_174d22dc5a854c5148e9,spatial_relationship,dev,"a carrot on the bottom of a hot dog, front view",328,modelscope,"modelscope/spatial_relationship/a carrot on the bottom of a hot dog, front view-3.mp4",0.27603613187518217,success,1.246808,,
v_1471f58963c6ba6c04ae,spatial_relationship,dev,"a carrot on the bottom of a hot dog, front view",329,modelscope,"modelscope/spatial_relationship/a carrot on the bottom of a hot dog, front view-4.mp4",0.0,success,1.244350,,
v_9a549e9db8a149a92e8f,spatial_relationship,dev,"a carrot on the top of a hot dog, front view",320,modelscope,"modelscope/spatial_relationship/a carrot on the top of a hot dog, front view-0.mp4",1.0,success,1.341525,,
v_8f8e419ee31c82580fde,spatial_relationship,dev,"a carrot on the top of a hot dog, front view",321,modelscope,"modelscope/spatial_relationship/a carrot on the top of a hot dog, front view-1.mp4",0.0,success,1.216833,,
v_f829fccd46a93ee94890,spatial_relationship,dev,"a carrot on the top of a hot dog, front view",322,modelscope,"modelscope/spatial_relationship/a carrot on the top of a hot dog, front view-2.mp4",0.0,success,1.331295,,
v_fd62a624afa116a44913,spatial_relationship,dev,"a carrot on the top of a hot dog, front view",323,modelscope,"modelscope/spatial_relationship/a carrot on the top of a hot dog, front view-3.mp4",1.0,success,1.270292,,
v_34d7d0100683331a9235,spatial_relationship,dev,"a carrot on the top of a hot dog, front view",324,modelscope,"modelscope/spatial_relationship/a carrot on the top of a hot dog, front view-4.mp4",0.0,success,1.240781,,
v_cdde750efd24af901f98,spatial_relationship,test,"a cat on the right of a dog, front view",55,modelscope,"modelscope/spatial_relationship/a cat on the right of a dog, front view-0.mp4",1.0,success,1.191687,,
v_f1812829afe0b6e3da05,spatial_relationship,test,"a cat on the right of a dog, front view",56,modelscope,"modelscope/spatial_relationship/a cat on the right of a dog, front view-1.mp4",1.0,success,1.190774,,
v_11dfe24e24d90555f3e8,spatial_relationship,test,"a cat on the right of a dog, front view",57,modelscope,"modelscope/spatial_relationship/a cat on the right of a dog, front view-2.mp4",1.0,success,1.335527,,
v_a37d21f65133121c9d43,spatial_relationship,test,"a cat on the right of a dog, front view",58,modelscope,"modelscope/spatial_relationship/a cat on the right of a dog, front view-3.mp4",0.375,success,1.238186,,
v_bcfd61495415c3d41e11,spatial_relationship,test,"a cat on the right of a dog, front view",59,modelscope,"modelscope/spatial_relationship/a cat on the right of a dog, front view-4.mp4",1.0,success,1.171917,,
v_69e96230b469b4bd0b92,spatial_relationship,test,"a cell phone inside of an open backpack, top view",465,modelscope,"modelscope/spatial_relationship/a cell phone inside of an open backpack, top view-0.mp4",,error,0.000018,ValueError: MissingOfficialSpatialMetadata: prompt absent from locked VBench 1.0 VBench_full_info.json,
v_60185260f84ed94e1ad8,spatial_relationship,test,"a cell phone inside of an open backpack, top view",466,modelscope,"modelscope/spatial_relationship/a cell phone inside of an open backpack, top view-1.mp4",,error,0.000011,ValueError: MissingOfficialSpatialMetadata: prompt absent from locked VBench 1.0 VBench_full_info.json,
v_933940a588a70496f097,spatial_relationship,test,"a cell phone inside of an open backpack, top view",467,modelscope,"modelscope/spatial_relationship/a cell phone inside of an open backpack, top view-2.mp4",,error,0.000010,ValueError: MissingOfficialSpatialMetadata: prompt absent from locked VBench 1.0 VBench_full_info.json,
v_71ea6e58c1a3f04342da,spatial_relationship,test,"a cell phone inside of an open backpack, top view",468,modelscope,"modelscope/spatial_relationship/a cell phone inside of an open backpack, top view-3.mp4",,error,0.000010,ValueError: MissingOfficialSpatialMetadata: prompt absent from locked VBench 1.0 VBench_full_info.json,
v_21e72b8b126a4cc93201,spatial_relationship,test,"a cell phone inside of an open backpack, top view",469,modelscope,"modelscope/spatial_relationship/a cell phone inside of an open backpack, top view-4.mp4",,error,0.000010,ValueError: MissingOfficialSpatialMetadata: prompt absent from locked VBench 1.0 VBench_full_info.json,
v_96aab58d379202501484,spatial_relationship,test,"a cell phone inside of an open handbag, top view",490,modelscope,"modelscope/spatial_relationship/a cell phone inside of an open handbag, top view-0.mp4",,error,0.000009,ValueError: MissingOfficialSpatialMetadata: prompt absent from locked VBench 1.0 VBench_full_info.json,
v_697cc47a5dfe044078d5,spatial_relationship,test,"a cell phone inside of an open handbag, top view",491,modelscope,"modelscope/spatial_relationship/a cell phone inside of an open handbag, top view-1.mp4",,error,0.000009,ValueError: MissingOfficialSpatialMetadata: prompt absent from locked VBench 1.0 VBench_full_info.json,
v_c843dd6b0f5f6c2cbbe9,spatial_relationship,test,"a cell phone inside of an open handbag, top view",492,modelscope,"modelscope/spatial_relationship/a cell phone inside of an open handbag, top view-2.mp4",,error,0.000010,ValueError: MissingOfficialSpatialMetadata: prompt absent from locked VBench 1.0 VBench_full_info.json,
v_1b1c03976a08bebaffcc,spatial_relationship,test,"a cell phone inside of an open handbag, top view",493,modelscope,"modelscope/spatial_relationship/a cell phone inside of an open handbag, top view-3.mp4",,error,0.000009,ValueError: MissingOfficialSpatialMetadata: prompt absent from locked VBench 1.0 VBench_full_info.json,
v_098b2788b9b221b7c807,spatial_relationship,test,"a cell phone inside of an open handbag, top view",494,modelscope,"modelscope/spatial_relationship/a cell phone inside of an open handbag, top view-4.mp4",,error,0.000009,ValueError: MissingOfficialSpatialMetadata: prompt absent from locked VBench 1.0 VBench_full_info.json,
v_2e9e343bc2cf591d4f63,spatial_relationship,dev,"a cell phone inside of an open suitcase, top view",515,modelscope,"modelscope/spatial_relationship/a cell phone inside of an open suitcase, top view-0.mp4",,error,0.000010,ValueError: MissingOfficialSpatialMetadata: prompt absent from locked VBench 1.0 VBench_full_info.json,
v_125ae72e38fef746543d,spatial_relationship,dev,"a cell phone inside of an open suitcase, top view",516,modelscope,"modelscope/spatial_relationship/a cell phone inside of an open suitcase, top view-1.mp4",,error,0.000009,ValueError: MissingOfficialSpatialMetadata: prompt absent from locked VBench 1.0 VBench_full_info.json,
v_e125e8985ec2cb2d1d9a,spatial_relationship,dev,"a cell phone inside of an open suitcase, top view",517,modelscope,"modelscope/spatial_relationship/a cell phone inside of an open suitcase, top view-2.mp4",,error,0.000009,ValueError: MissingOfficialSpatialMetadata: prompt absent from locked VBench 1.0 VBench_full_info.json,
v_8feffd2b38b488185d1f,spatial_relationship,dev,"a cell phone inside of an open suitcase, top view",518,modelscope,"modelscope/spatial_relationship/a cell phone inside of an open suitcase, top view-3.mp4",,error,0.000009,ValueError: MissingOfficialSpatialMetadata: prompt absent from locked VBench 1.0 VBench_full_info.json,
v_ccdc2ed83bd814448236,spatial_relationship,dev,"a cell phone inside of an open suitcase, top view",519,modelscope,"modelscope/spatial_relationship/a cell phone inside of an open suitcase, top view-4.mp4",,error,0.000009,ValueError: MissingOfficialSpatialMetadata: prompt absent from locked VBench 1.0 VBench_full_info.json,
v_4ceaa71da961460340d3,spatial_relationship,test,"a chair on the left of a couch, front view",210,modelscope,"modelscope/spatial_relationship/a chair on the left of a couch, front view-0.mp4",0.0,success,1.225210,,
v_1cb73a19a9ba47c37126,spatial_relationship,test,"a chair on the left of a couch, front view",211,modelscope,"modelscope/spatial_relationship/a chair on the left of a couch, front view-1.mp4",0.0,success,1.187103,,
v_bd71be044a1ff4e9ffcc,spatial_relationship,test,"a chair on the left of a couch, front view",212,modelscope,"modelscope/spatial_relationship/a chair on the left of a couch, front view-2.mp4",0.0,success,1.443946,,
v_21835d806d32f435b8aa,spatial_relationship,test,"a chair on the left of a couch, front view",213,modelscope,"modelscope/spatial_relationship/a chair on the left of a couch, front view-3.mp4",0.0,success,1.209081,,
v_2cf3033298861079e1ce,spatial_relationship,test,"a chair on the left of a couch, front view",214,modelscope,"modelscope/spatial_relationship/a chair on the left of a couch, front view-4.mp4",0.0,success,1.304242,,
v_8f66c65db6beb152eeeb,spatial_relationship,test,"a clock on the left of a vase, front view",145,modelscope,"modelscope/spatial_relationship/a clock on the left of a vase, front view-0.mp4",0.8880001657603454,success,1.235935,,
v_666727ff73290627f9d6,spatial_relationship,test,"a clock on the left of a vase, front view",146,modelscope,"modelscope/spatial_relationship/a clock on the left of a vase, front view-1.mp4",0.0,success,1.302752,,
v_f76ea8bda400812cf691,spatial_relationship,test,"a clock on the left of a vase, front view",147,modelscope,"modelscope/spatial_relationship/a clock on the left of a vase, front view-2.mp4",0.6484738154146049,success,1.447872,,
v_a801761a8d702892025e,spatial_relationship,test,"a clock on the left of a vase, front view",148,modelscope,"modelscope/spatial_relationship/a clock on the left of a vase, front view-3.mp4",0.0,success,1.309709,,
v_f0baceb98e1024f305fb,spatial_relationship,test,"a clock on the left of a vase, front view",149,modelscope,"modelscope/spatial_relationship/a clock on the left of a vase, front view-4.mp4",0.14830895093815777,success,1.259402,,
v_38d9e189b5196c945ae4,spatial_relationship,test,"a couch on the right of a bed, front view",215,modelscope,"modelscope/spatial_relationship/a couch on the right of a bed, front view-0.mp4",0.8316284074605452,success,1.252519,,
v_cdf352328bcc58ac7c1d,spatial_relationship,test,"a couch on the right of a bed, front view",216,modelscope,"modelscope/spatial_relationship/a couch on the right of a bed, front view-1.mp4",0.0,success,1.402943,,
v_c8d2675c642acdbbb883,spatial_relationship,test,"a couch on the right of a bed, front view",217,modelscope,"modelscope/spatial_relationship/a couch on the right of a bed, front view-2.mp4",0.3186710656907944,success,1.279345,,
v_8fac3cae9a0484e1eeb9,spatial_relationship,test,"a couch on the right of a bed, front view",218,modelscope,"modelscope/spatial_relationship/a couch on the right of a bed, front view-3.mp4",0.0,success,1.195481,,
v_d76bdd296c8f0d76f3e5,spatial_relationship,test,"a couch on the right of a bed, front view",219,modelscope,"modelscope/spatial_relationship/a couch on the right of a bed, front view-4.mp4",0.4266441687372893,success,1.264606,,
v_63fc039f7874a44ff666,spatial_relationship,dev,"a cow on the right of an elephant, front view",75,modelscope,"modelscope/spatial_relationship/a cow on the right of an elephant, front view-0.mp4",0.41181095769032394,success,1.202756,,
v_65fc692ea8e582ac7138,spatial_relationship,dev,"a cow on the right of an elephant, front view",76,modelscope,"modelscope/spatial_relationship/a cow on the right of an elephant, front view-1.mp4",0.7137359234234234,success,1.454828,,
v_57cd605486f408c33777,spatial_relationship,dev,"a cow on the right of an elephant, front view",77,modelscope,"modelscope/spatial_relationship/a cow on the right of an elephant, front view-2.mp4",1.0,success,1.269675,,
v_017f9cda65137c6223e3,spatial_relationship,dev,"a cow on the right of an elephant, front view",78,modelscope,"modelscope/spatial_relationship/a cow on the right of an elephant, front view-3.mp4",0.34685309986615875,success,1.188824,,
v_262fe4ee1e7a3870dbc0,spatial_relationship,dev,"a cow on the right of an elephant, front view",79,modelscope,"modelscope/spatial_relationship/a cow on the right of an elephant, front view-4.mp4",0.2619647772957612,success,1.264189,,
v_c66545bd9abcc064b636,spatial_relationship,dev,"a cup on the left of a fork, front view",110,modelscope,"modelscope/spatial_relationship/a cup on the left of a fork, front view-0.mp4",0.8125,success,1.244693,,
v_d8c881cc48ae1daa5a32,spatial_relationship,dev,"a cup on the left of a fork, front view",111,modelscope,"modelscope/spatial_relationship/a cup on the left of a fork, front view-1.mp4",0.0,success,1.410575,,
v_4cc65fcf230671b18897,spatial_relationship,dev,"a cup on the left of a fork, front view",112,modelscope,"modelscope/spatial_relationship/a cup on the left of a fork, front view-2.mp4",0.0,success,1.271264,,
v_0b32af45e83351f924e5,spatial_relationship,dev,"a cup on the left of a fork, front view",113,modelscope,"modelscope/spatial_relationship/a cup on the left of a fork, front view-3.mp4",0.0,success,1.302359,,
v_d05070d9a9cc6345d72e,spatial_relationship,dev,"a cup on the left of a fork, front view",114,modelscope,"modelscope/spatial_relationship/a cup on the left of a fork, front view-4.mp4",1.0,success,1.276171,,
v_2a356523fd3cd8b8c4e2,spatial_relationship,dev,"a dining table on the left of a chair, front view",230,modelscope,"modelscope/spatial_relationship/a dining table on the left of a chair, front view-0.mp4",1.0,success,1.277784,,
v_94b1204cb4e1f88d50bd,spatial_relationship,dev,"a dining table on the left of a chair, front view",231,modelscope,"modelscope/spatial_relationship/a dining table on the left of a chair, front view-1.mp4",0.0,success,1.337918,,
v_5c2ba1af27d75126e9ba,spatial_relationship,dev,"a dining table on the left of a chair, front view",232,modelscope,"modelscope/spatial_relationship/a dining table on the left of a chair, front view-2.mp4",1.0,success,1.542321,,
v_4a14f5161cadd99f9a32,spatial_relationship,dev,"a dining table on the left of a chair, front view",233,modelscope,"modelscope/spatial_relationship/a dining table on the left of a chair, front view-3.mp4",0.0,success,1.168752,,
v_907f34828c90ad28c6d6,spatial_relationship,dev,"a dining table on the left of a chair, front view",234,modelscope,"modelscope/spatial_relationship/a dining table on the left of a chair, front view-4.mp4",1.0,success,1.295568,,
v_ef7f5182250a4b8fcbd5,spatial_relationship,test,"a dog on the left of a horse, front view",60,modelscope,"modelscope/spatial_relationship/a dog on the left of a horse, front view-0.mp4",0.956702619163784,success,1.361813,,
v_622b3f6e1584c2ceb72c,spatial_relationship,test,"a dog on the left of a horse, front view",61,modelscope,"modelscope/spatial_relationship/a dog on the left of a horse, front view-1.mp4",0.16935769852495886,success,1.214894,,
v_4bc26ed4e87ed6da2b86,spatial_relationship,test,"a dog on the left of a horse, front view",62,modelscope,"modelscope/spatial_relationship/a dog on the left of a horse, front view-2.mp4",0.03391975308641975,success,1.232879,,
v_eb7de74d23ab74b03bdc,spatial_relationship,test,"a dog on the left of a horse, front view",63,modelscope,"modelscope/spatial_relationship/a dog on the left of a horse, front view-3.mp4",0.15649661252727673,success,1.440890,,
v_b6318d5ac461d026be95,spatial_relationship,test,"a dog on the left of a horse, front view",64,modelscope,"modelscope/spatial_relationship/a dog on the left of a horse, front view-4.mp4",1.0,success,1.278073,,
v_0cdcdb1d34e0a2852d53,spatial_relationship,test,"a donut inside of a refrigerator with door open, front view",440,modelscope,"modelscope/spatial_relationship/a donut inside of a refrigerator with door open, front view-0.mp4",,error,0.000019,ValueError: MissingOfficialSpatialMetadata: prompt absent from locked VBench 1.0 VBench_full_info.json,
v_359a69e5a58a58e4c44d,spatial_relationship,test,"a donut inside of a refrigerator with door open, front view",441,modelscope,"modelscope/spatial_relationship/a donut inside of a refrigerator with door open, front view-1.mp4",,error,0.000010,ValueError: MissingOfficialSpatialMetadata: prompt absent from locked VBench 1.0 VBench_full_info.json,
v_598f1b9b8cfede89db76,spatial_relationship,test,"a donut inside of a refrigerator with door open, front view",442,modelscope,"modelscope/spatial_relationship/a donut inside of a refrigerator with door open, front view-2.mp4",,error,0.000010,ValueError: MissingOfficialSpatialMetadata: prompt absent from locked VBench 1.0 VBench_full_info.json,
v_9727096715e4e197b803,spatial_relationship,test,"a donut inside of a refrigerator with door open, front view",443,modelscope,"modelscope/spatial_relationship/a donut inside of a refrigerator with door open, front view-3.mp4",,error,0.000010,ValueError: MissingOfficialSpatialMetadata: prompt absent from locked VBench 1.0 VBench_full_info.json,
v_11593e4bbdd957017bf7,spatial_relationship,test,"a donut inside of a refrigerator with door open, front view",444,modelscope,"modelscope/spatial_relationship/a donut inside of a refrigerator with door open, front view-4.mp4",,error,0.000009,ValueError: MissingOfficialSpatialMetadata: prompt absent from locked VBench 1.0 VBench_full_info.json,
v_0972f0a7d9f56f1ff8ad,spatial_relationship,dev,"a donut on the bottom of broccoli, front view",355,modelscope,"modelscope/spatial_relationship/a donut on the bottom of broccoli, front view-0.mp4",0.8728220353635099,success,1.515459,,
v_3272253dba5a18ba0d0c,spatial_relationship,dev,"a donut on the bottom of broccoli, front view",356,modelscope,"modelscope/spatial_relationship/a donut on the bottom of broccoli, front view-1.mp4",1.0,success,1.494747,,
v_bcc6883ad00723feed99,spatial_relationship,dev,"a donut on the bottom of broccoli, front view",357,modelscope,"modelscope/spatial_relationship/a donut on the bottom of broccoli, front view-2.mp4",1.0,success,1.545150,,
v_b5aa576d227d12bb7e7f,spatial_relationship,dev,"a donut on the bottom of broccoli, front view",358,modelscope,"modelscope/spatial_relationship/a donut on the bottom of broccoli, front view-3.mp4",0.0,success,1.514093,,
v_a15682422016bd0d9af6,spatial_relationship,dev,"a donut on the bottom of broccoli, front view",359,modelscope,"modelscope/spatial_relationship/a donut on the bottom of broccoli, front view-4.mp4",1.0,success,1.609301,,
v_43076aede564613fec7f,spatial_relationship,test,"a donut on the top of broccoli, front view",350,modelscope,"modelscope/spatial_relationship/a donut on the top of broccoli, front view-0.mp4",0.8728155840563341,success,1.385478,,
v_4724173d67c23508bcef,spatial_relationship,test,"a donut on the top of broccoli, front view",351,modelscope,"modelscope/spatial_relationship/a donut on the top of broccoli, front view-1.mp4",1.0,success,1.677874,,
v_be2d54d757c6a059056e,spatial_relationship,test,"a donut on the top of broccoli, front view",352,modelscope,"modelscope/spatial_relationship/a donut on the top of broccoli, front view-2.mp4",1.0,success,1.579943,,
v_30acff4b68a41a4bda3c,spatial_relationship,test,"a donut on the top of broccoli, front view",353,modelscope,"modelscope/spatial_relationship/a donut on the top of broccoli, front view-3.mp4",1.0,success,1.606893,,
v_e930a00a1c7ee702ae42,spatial_relationship,test,"a donut on the top of broccoli, front view",354,modelscope,"modelscope/spatial_relationship/a donut on the top of broccoli, front view-4.mp4",1.0,success,1.434961,,
v_eeacabb97f146710e721,spatial_relationship,dev,"a fire hydrant on the right of a stop sign, front view",25,modelscope,"modelscope/spatial_relationship/a fire hydrant on the right of a stop sign, front view-0.mp4",0.0625,success,1.330567,,
v_4ffbb42f08b8885a7da3,spatial_relationship,dev,"a fire hydrant on the right of a stop sign, front view",26,modelscope,"modelscope/spatial_relationship/a fire hydrant on the right of a stop sign, front view-1.mp4",0.015033309957924264,success,1.366779,,
v_5504b038907fd7c89933,spatial_relationship,dev,"a fire hydrant on the right of a stop sign, front view",27,modelscope,"modelscope/spatial_relationship/a fire hydrant on the right of a stop sign, front view-2.mp4",0.0,success,1.412404,,
v_1f89b47e1c2a6f7ca16f,spatial_relationship,dev,"a fire hydrant on the right of a stop sign, front view",28,modelscope,"modelscope/spatial_relationship/a fire hydrant on the right of a stop sign, front view-3.mp4",1.0,success,1.279861,,
v_1dae596fa93b5b700e01,spatial_relationship,dev,"a fire hydrant on the right of a stop sign, front view",29,modelscope,"modelscope/spatial_relationship/a fire hydrant on the right of a stop sign, front view-4.mp4",1.0,success,1.368343,,
v_d0c4e18cca3eca5010c1,spatial_relationship,test,"a fork on the right of a knife, front view",115,modelscope,"modelscope/spatial_relationship/a fork on the right of a knife, front view-0.mp4",0.0,success,1.200343,,
v_eb48327d9c9e2786e8f0,spatial_relationship,test,"a fork on the right of a knife, front view",116,modelscope,"modelscope/spatial_relationship/a fork on the right of a knife, front view-1.mp4",0.03418803418803419,success,1.239086,,
v_caaa14f639ec13893d7a,spatial_relationship,test,"a fork on the right of a knife, front view",117,modelscope,"modelscope/spatial_relationship/a fork on the right of a knife, front view-2.mp4",0.0,success,1.272775,,
v_84e375d996cad27e03f1,spatial_relationship,test,"a fork on the right of a knife, front view",118,modelscope,"modelscope/spatial_relationship/a fork on the right of a knife, front view-3.mp4",0.0,success,1.372508,,
v_0553b188ce1f1fcc3c7b,spatial_relationship,test,"a fork on the right of a knife, front view",119,modelscope,"modelscope/spatial_relationship/a fork on the right of a knife, front view-4.mp4",0.8016287697488343,success,1.317915,,
v_2404dd9847577168c879,spatial_relationship,dev,"a frisbee on the left of a sports ball, front view",165,modelscope,"modelscope/spatial_relationship/a frisbee on the left of a sports ball, front view-0.mp4",0.25,success,1.339507,,
v_754060beb17bae70a774,spatial_relationship,dev,"a frisbee on the left of a sports ball, front view",166,modelscope,"modelscope/spatial_relationship/a frisbee on the left of a sports ball, front view-1.mp4",0.09787288891143522,success,1.264890,,
v_c147a93224691e607aa1,spatial_relationship,dev,"a frisbee on the left of a sports ball, front view",167,modelscope,"modelscope/spatial_relationship/a frisbee on the left of a sports ball, front view-2.mp4",0.3261380185348632,success,1.383684,,
v_edb318e037bccd54b328,spatial_relationship,dev,"a frisbee on the left of a sports ball, front view",168,modelscope,"modelscope/spatial_relationship/a frisbee on the left of a sports ball, front view-3.mp4",0.0,success,1.112668,,
v_c11cea338cbfb0f40a39,spatial_relationship,dev,"a frisbee on the left of a sports ball, front view",169,modelscope,"modelscope/spatial_relationship/a frisbee on the left of a sports ball, front view-4.mp4",1.0,success,1.200782,,
v_2e6d0a9a2cdc02d7ff3c,spatial_relationship,dev,"a giraffe on the right of a bird, front view",95,modelscope,"modelscope/spatial_relationship/a giraffe on the right of a bird, front view-0.mp4",1.0,success,1.293413,,
v_9dfc1c0f16b1b6ee14b8,spatial_relationship,dev,"a giraffe on the right of a bird, front view",96,modelscope,"modelscope/spatial_relationship/a giraffe on the right of a bird, front view-1.mp4",1.0,success,1.268816,,
v_5d99a0c70075eeb56787,spatial_relationship,dev,"a giraffe on the right of a bird, front view",97,modelscope,"modelscope/spatial_relationship/a giraffe on the right of a bird, front view-2.mp4",1.0,success,1.397587,,
v_2ac46b3ed05b0eec5eb8,spatial_relationship,dev,"a giraffe on the right of a bird, front view",98,modelscope,"modelscope/spatial_relationship/a giraffe on the right of a bird, front view-3.mp4",0.7993961694730518,success,1.322231,,
v_e2b0792099177e34cb0a,spatial_relationship,dev,"a giraffe on the right of a bird, front view",99,modelscope,"modelscope/spatial_relationship/a giraffe on the right of a bird, front view-4.mp4",1.0,success,1.349381,,
v_c6b298483e7b0cd98cf5,spatial_relationship,test,"a hair drier on the right of a toothbrush, front view",195,modelscope,"modelscope/spatial_relationship/a hair drier on the right of a toothbrush, front view-0.mp4",0.0,success,1.277452,,
v_6be840d9c0bd7d0a9db2,spatial_relationship,test,"a hair drier on the right of a toothbrush, front view",196,modelscope,"modelscope/spatial_relationship/a hair drier on the right of a toothbrush, front view-1.mp4",0.0,success,1.479783,,
v_e56f7aa5fcf7086adefe,spatial_relationship,test,"a hair drier on the right of a toothbrush, front view",197,modelscope,"modelscope/spatial_relationship/a hair drier on the right of a toothbrush, front view-2.mp4",0.0,success,1.350897,,
v_964a8c939b111dc5b3ca,spatial_relationship,test,"a hair drier on the right of a toothbrush, front view",198,modelscope,"modelscope/spatial_relationship/a hair drier on the right of a toothbrush, front view-3.mp4",0.0,success,1.286689,,
v_6b62e23d4fd92c0dcc20,spatial_relationship,test,"a hair drier on the right of a toothbrush, front view",199,modelscope,"modelscope/spatial_relationship/a hair drier on the right of a toothbrush, front view-4.mp4",0.0,success,1.486414,,
v_29b29895219255bf931d,spatial_relationship,test,"a horse on the right of a sheep, front view",65,modelscope,"modelscope/spatial_relationship/a horse on the right of a sheep, front view-0.mp4",1.0,success,1.244275,,
v_66a4c45f3519e5c4f244,spatial_relationship,test,"a horse on the right of a sheep, front view",66,modelscope,"modelscope/spatial_relationship/a horse on the right of a sheep, front view-1.mp4",1.0,success,1.465934,,
v_d77dc5dcc7a799bef845,spatial_relationship,test,"a horse on the right of a sheep, front view",67,modelscope,"modelscope/spatial_relationship/a horse on the right of a sheep, front view-2.mp4",0.40112664855192526,success,1.256903,,
v_285ffae2bef535987231,spatial_relationship,test,"a horse on the right of a sheep, front view",68,modelscope,"modelscope/spatial_relationship/a horse on the right of a sheep, front view-3.mp4",1.0,success,1.220664,,
v_7f1b03d41318d6d09274,spatial_relationship,test,"a horse on the right of a sheep, front view",69,modelscope,"modelscope/spatial_relationship/a horse on the right of a sheep, front view-4.mp4",0.7671076715213273,success,1.274542,,
v_0ce7e1d04c63bb4ae555,spatial_relationship,dev,"a hot dog inside of a refrigerator with door open, front view",435,modelscope,"modelscope/spatial_relationship/a hot dog inside of a refrigerator with door open, front view-0.mp4",,error,0.000018,ValueError: MissingOfficialSpatialMetadata: prompt absent from locked VBench 1.0 VBench_full_info.json,
v_810cce3b52b8d348a6e7,spatial_relationship,dev,"a hot dog inside of a refrigerator with door open, front view",436,modelscope,"modelscope/spatial_relationship/a hot dog inside of a refrigerator with door open, front view-1.mp4",,error,0.000009,ValueError: MissingOfficialSpatialMetadata: prompt absent from locked VBench 1.0 VBench_full_info.json,
v_cedfcb6828f96effa0ed,spatial_relationship,dev,"a hot dog inside of a refrigerator with door open, front view",437,modelscope,"modelscope/spatial_relationship/a hot dog inside of a refrigerator with door open, front view-2.mp4",,error,0.000010,ValueError: MissingOfficialSpatialMetadata: prompt absent from locked VBench 1.0 VBench_full_info.json,
v_2e26f019f8ee0f981536,spatial_relationship,dev,"a hot dog inside of a refrigerator with door open, front view",438,modelscope,"modelscope/spatial_relationship/a hot dog inside of a refrigerator with door open, front view-3.mp4",,error,0.000010,ValueError: MissingOfficialSpatialMetadata: prompt absent from locked VBench 1.0 VBench_full_info.json,
v_56d4173635a24b07e3cf,spatial_relationship,dev,"a hot dog inside of a refrigerator with door open, front view",439,modelscope,"modelscope/spatial_relationship/a hot dog inside of a refrigerator with door open, front view-4.mp4",,error,0.000010,ValueError: MissingOfficialSpatialMetadata: prompt absent from locked VBench 1.0 VBench_full_info.json,
v_71a8384309a34487400a,spatial_relationship,test,"a hot dog on the bottom of a pizza, front view",335,modelscope,"modelscope/spatial_relationship/a hot dog on the bottom of a pizza, front view-0.mp4",1.0,success,1.428679,,
v_5a02745c86f7980dd6f0,spatial_relationship,test,"a hot dog on the bottom of a pizza, front view",336,modelscope,"modelscope/spatial_relationship/a hot dog on the bottom of a pizza, front view-1.mp4",0.45727895934062124,success,1.326720,,
v_47b945b8ba9f62ed0f27,spatial_relationship,test,"a hot dog on the bottom of a pizza, front view",337,modelscope,"modelscope/spatial_relationship/a hot dog on the bottom of a pizza, front view-2.mp4",0.017671273154954426,success,1.231722,,
v_200bfb30c74f04e80957,spatial_relationship,test,"a hot dog on the bottom of a pizza, front view",338,modelscope,"modelscope/spatial_relationship/a hot dog on the bottom of a pizza, front view-3.mp4",0.05826108061838569,success,1.258401,,
v_040623b73c33a5ced6f3,spatial_relationship,test,"a hot dog on the bottom of a pizza, front view",339,modelscope,"modelscope/spatial_relationship/a hot dog on the bottom of a pizza, front view-4.mp4",0.0,success,1.175252,,
v_7ae069280a956f8f3b37,spatial_relationship,dev,"a hot dog on the top of a pizza, front view",330,modelscope,"modelscope/spatial_relationship/a hot dog on the top of a pizza, front view-0.mp4",1.0,success,1.551988,,
v_a80557497aec3c973f9a,spatial_relationship,dev,"a hot dog on the top of a pizza, front view",331,modelscope,"modelscope/spatial_relationship/a hot dog on the top of a pizza, front view-1.mp4",0.0188640350877193,success,1.227941,,
v_33d384999a1584917549,spatial_relationship,dev,"a hot dog on the top of a pizza, front view",332,modelscope,"modelscope/spatial_relationship/a hot dog on the top of a pizza, front view-2.mp4",0.38280699495868914,success,1.289690,,
v_7f7086721b002a7c56c1,spatial_relationship,dev,"a hot dog on the top of a pizza, front view",333,modelscope,"modelscope/spatial_relationship/a hot dog on the top of a pizza, front view-3.mp4",0.0,success,1.277693,,
v_c9371cafc7423125e390,spatial_relationship,dev,"a hot dog on the top of a pizza, front view",334,modelscope,"modelscope/spatial_relationship/a hot dog on the top of a pizza, front view-4.mp4",0.12488306307523914,success,1.238177,,
v_46cb757d100e55fb3e06,spatial_relationship,test,"a kite on the bottom of a skateboard, front view",395,modelscope,"modelscope/spatial_relationship/a kite on the bottom of a skateboard, front view-0.mp4",0.0,success,1.481811,,
v_6efec6b79b4d71f0c96f,spatial_relationship,test,"a kite on the bottom of a skateboard, front view",396,modelscope,"modelscope/spatial_relationship/a kite on the bottom of a skateboard, front view-1.mp4",0.26896297573389427,success,1.233370,,
v_c62aac2ec9a3b41bc404,spatial_relationship,test,"a kite on the bottom of a skateboard, front view",397,modelscope,"modelscope/spatial_relationship/a kite on the bottom of a skateboard, front view-2.mp4",0.0,success,1.288281,,
v_11a565dc7e77d56600d7,spatial_relationship,test,"a kite on the bottom of a skateboard, front view",398,modelscope,"modelscope/spatial_relationship/a kite on the bottom of a skateboard, front view-3.mp4",0.0,success,1.251193,,
v_ad8ddde31ebf44e4ebc1,spatial_relationship,test,"a kite on the bottom of a skateboard, front view",399,modelscope,"modelscope/spatial_relationship/a kite on the bottom of a skateboard, front view-4.mp4",0.0,success,1.291302,,
v_4f4ebfd93a30f37906a2,spatial_relationship,test,"a kite on the top of a skateboard, front view",390,modelscope,"modelscope/spatial_relationship/a kite on the top of a skateboard, front view-0.mp4",0.37383371052907677,success,1.285240,,
v_ef13b1f247d21564e6df,spatial_relationship,test,"a kite on the top of a skateboard, front view",391,modelscope,"modelscope/spatial_relationship/a kite on the top of a skateboard, front view-1.mp4",0.8224144326371892,success,1.373430,,
v_c1563f458bece6e1f249,spatial_relationship,test,"a kite on the top of a skateboard, front view",392,modelscope,"modelscope/spatial_relationship/a kite on the top of a skateboard, front view-2.mp4",0.0625,success,1.295796,,
v_269b28aa62944babf5a1,spatial_relationship,test,"a kite on the top of a skateboard, front view",393,modelscope,"modelscope/spatial_relationship/a kite on the top of a skateboard, front view-3.mp4",0.0625,success,1.282726,,
v_0e41d3422ec988dcca36,spatial_relationship,test,"a kite on the top of a skateboard, front view",394,modelscope,"modelscope/spatial_relationship/a kite on the top of a skateboard, front view-4.mp4",0.6449719887955182,success,1.276949,,
v_da0b0b0ced540499d191,spatial_relationship,test,"a knife on the left of a spoon, front view",120,modelscope,"modelscope/spatial_relationship/a knife on the left of a spoon, front view-0.mp4",0.7292483747280094,success,1.401010,,
v_d7fb078d9d3705b7720d,spatial_relationship,test,"a knife on the left of a spoon, front view",121,modelscope,"modelscope/spatial_relationship/a knife on the left of a spoon, front view-1.mp4",0.0,success,1.214957,,
v_6a26c76564c97e5c8c2b,spatial_relationship,test,"a knife on the left of a spoon, front view",122,modelscope,"modelscope/spatial_relationship/a knife on the left of a spoon, front view-2.mp4",0.05201006625891948,success,1.258807,,
v_dbb2925feed483b99b64,spatial_relationship,test,"a knife on the left of a spoon, front view",123,modelscope,"modelscope/spatial_relationship/a knife on the left of a spoon, front view-3.mp4",0.41854670563268265,success,1.177474,,
v_a948ab955c50a001ce4f,spatial_relationship,test,"a knife on the left of a spoon, front view",124,modelscope,"modelscope/spatial_relationship/a knife on the left of a spoon, front view-4.mp4",0.0,success,1.187129,,
v_57ec517f5234239f06be,spatial_relationship,dev,"a laptop inside of an open backpack, top view",460,modelscope,"modelscope/spatial_relationship/a laptop inside of an open backpack, top view-0.mp4",,error,0.000013,ValueError: MissingOfficialSpatialMetadata: prompt absent from locked VBench 1.0 VBench_full_info.json,
v_a9ed0cbb9a00beffa3c4,spatial_relationship,dev,"a laptop inside of an open backpack, top view",461,modelscope,"modelscope/spatial_relationship/a laptop inside of an open backpack, top view-1.mp4",,error,0.000010,ValueError: MissingOfficialSpatialMetadata: prompt absent from locked VBench 1.0 VBench_full_info.json,
v_aadf5f320bc15b171d8a,spatial_relationship,dev,"a laptop inside of an open backpack, top view",462,modelscope,"modelscope/spatial_relationship/a laptop inside of an open backpack, top view-2.mp4",,error,0.000011,ValueError: MissingOfficialSpatialMetadata: prompt absent from locked VBench 1.0 VBench_full_info.json,
v_c1eb53b20ec6e246e252,spatial_relationship,dev,"a laptop inside of an open backpack, top view",463,modelscope,"modelscope/spatial_relationship/a laptop inside of an open backpack, top view-3.mp4",,error,0.000010,ValueError: MissingOfficialSpatialMetadata: prompt absent from locked VBench 1.0 VBench_full_info.json,
v_e5082cb64b2061072b78,spatial_relationship,dev,"a laptop inside of an open backpack, top view",464,modelscope,"modelscope/spatial_relationship/a laptop inside of an open backpack, top view-4.mp4",,error,0.000010,ValueError: MissingOfficialSpatialMetadata: prompt absent from locked VBench 1.0 VBench_full_info.json,
v_15432995861a9eacdce7,spatial_relationship,test,"a laptop inside of an open handbag, top view",485,modelscope,"modelscope/spatial_relationship/a laptop inside of an open handbag, top view-0.mp4",,error,0.000017,ValueError: MissingOfficialSpatialMetadata: prompt absent from locked VBench 1.0 VBench_full_info.json,
v_c7a054d1b9d435f5b000,spatial_relationship,test,"a laptop inside of an open handbag, top view",486,modelscope,"modelscope/spatial_relationship/a laptop inside of an open handbag, top view-1.mp4",,error,0.000009,ValueError: MissingOfficialSpatialMetadata: prompt absent from locked VBench 1.0 VBench_full_info.json,
v_fdbb4478e8d602a35e3a,spatial_relationship,test,"a laptop inside of an open handbag, top view",487,modelscope,"modelscope/spatial_relationship/a laptop inside of an open handbag, top view-2.mp4",,error,0.000009,ValueError: MissingOfficialSpatialMetadata: prompt absent from locked VBench 1.0 VBench_full_info.json,
v_0ebe751c70681bdecadb,spatial_relationship,test,"a laptop inside of an open handbag, top view",488,modelscope,"modelscope/spatial_relationship/a laptop inside of an open handbag, top view-3.mp4",,error,0.000010,ValueError: MissingOfficialSpatialMetadata: prompt absent from locked VBench 1.0 VBench_full_info.json,
v_c3fca6b4437c397a81c7,spatial_relationship,test,"a laptop inside of an open handbag, top view",489,modelscope,"modelscope/spatial_relationship/a laptop inside of an open handbag, top view-4.mp4",,error,0.000009,ValueError: MissingOfficialSpatialMetadata: prompt absent from locked VBench 1.0 VBench_full_info.json,
v_a9aa95824a2106a4a919,spatial_relationship,test,"a laptop inside of an open suitcase, top view",510,modelscope,"modelscope/spatial_relationship/a laptop inside of an open suitcase, top view-0.mp4",,error,0.000010,ValueError: MissingOfficialSpatialMetadata: prompt absent from locked VBench 1.0 VBench_full_info.json,
v_77490e953a9aee6c2953,spatial_relationship,test,"a laptop inside of an open suitcase, top view",511,modelscope,"modelscope/spatial_relationship/a laptop inside of an open suitcase, top view-1.mp4",,error,0.000010,ValueError: MissingOfficialSpatialMetadata: prompt absent from locked VBench 1.0 VBench_full_info.json,
v_47a8aad0b00ee5918572,spatial_relationship,test,"a laptop inside of an open suitcase, top view",512,modelscope,"modelscope/spatial_relationship/a laptop inside of an open suitcase, top view-2.mp4",,error,0.000010,ValueError: MissingOfficialSpatialMetadata: prompt absent from locked VBench 1.0 VBench_full_info.json,
v_31d0c954b237b2e811f6,spatial_relationship,test,"a laptop inside of an open suitcase, top view",513,modelscope,"modelscope/spatial_relationship/a laptop inside of an open suitcase, top view-3.mp4",,error,0.000042,ValueError: MissingOfficialSpatialMetadata: prompt absent from locked VBench 1.0 VBench_full_info.json,
v_709ef56d5a822babd6fe,spatial_relationship,test,"a laptop inside of an open suitcase, top view",514,modelscope,"modelscope/spatial_relationship/a laptop inside of an open suitcase, top view-4.mp4",,error,0.000010,ValueError: MissingOfficialSpatialMetadata: prompt absent from locked VBench 1.0 VBench_full_info.json,
v_ba9fbcb5bfe2e1681812,spatial_relationship,dev,"a microwave on the bottom of an oven, front view",275,modelscope,"modelscope/spatial_relationship/a microwave on the bottom of an oven, front view-0.mp4",0.01724628337378641,success,1.346374,,
v_2a1d16e781362ed2fde1,spatial_relationship,dev,"a microwave on the bottom of an oven, front view",276,modelscope,"modelscope/spatial_relationship/a microwave on the bottom of an oven, front view-1.mp4",0.0,success,1.264962,,
v_c01839931cba86ed39aa,spatial_relationship,dev,"a microwave on the bottom of an oven, front view",277,modelscope,"modelscope/spatial_relationship/a microwave on the bottom of an oven, front view-2.mp4",0.5625936958863443,success,1.276697,,
v_7b7064fda24311f539aa,spatial_relationship,dev,"a microwave on the bottom of an oven, front view",278,modelscope,"modelscope/spatial_relationship/a microwave on the bottom of an oven, front view-3.mp4",0.0,success,1.280611,,
v_05493f14a05c728a73c6,spatial_relationship,dev,"a microwave on the bottom of an oven, front view",279,modelscope,"modelscope/spatial_relationship/a microwave on the bottom of an oven, front view-4.mp4",0.0,success,1.486500,,
v_f7071152bcfcaf4b6cac,spatial_relationship,dev,"a microwave on the top of an oven, front view",270,modelscope,"modelscope/spatial_relationship/a microwave on the top of an oven, front view-0.mp4",0.36971692846472776,success,1.215011,,
v_19d59146508bcdfa17f5,spatial_relationship,dev,"a microwave on the top of an oven, front view",271,modelscope,"modelscope/spatial_relationship/a microwave on the top of an oven, front view-1.mp4",0.492479435515751,success,1.270483,,
v_db89f75e74ff9ab19dd6,spatial_relationship,dev,"a microwave on the top of an oven, front view",272,modelscope,"modelscope/spatial_relationship/a microwave on the top of an oven, front view-2.mp4",0.125,success,1.277361,,
v_a2c290aa27c0182f5ebd,spatial_relationship,dev,"a microwave on the top of an oven, front view",273,modelscope,"modelscope/spatial_relationship/a microwave on the top of an oven, front view-3.mp4",0.3025995021085105,success,1.269499,,
v_12857e884a492a508717,spatial_relationship,dev,"a microwave on the top of an oven, front view",274,modelscope,"modelscope/spatial_relationship/a microwave on the top of an oven, front view-4.mp4",0.0,success,1.407471,,
v_93418636ed5bce6c51ef,spatial_relationship,dev,"a motorcycle on the left of a bus, front view",10,modelscope,"modelscope/spatial_relationship/a motorcycle on the left of a bus, front view-0.mp4",0.25,success,1.440766,,
v_1d4c8bd474d9923c9f36,spatial_relationship,dev,"a motorcycle on the left of a bus, front view",11,modelscope,"modelscope/spatial_relationship/a motorcycle on the left of a bus, front view-1.mp4",0.09184037050267872,success,1.215908,,
v_62821a8a69852dca1126,spatial_relationship,dev,"a motorcycle on the left of a bus, front view",12,modelscope,"modelscope/spatial_relationship/a motorcycle on the left of a bus, front view-2.mp4",0.0,success,1.274883,,
v_635c025745ebb880656a,spatial_relationship,dev,"a motorcycle on the left of a bus, front view",13,modelscope,"modelscope/spatial_relationship/a motorcycle on the left of a bus, front view-3.mp4",0.0,success,1.392005,,
v_29cf8e57474bad61be5d,spatial_relationship,dev,"a motorcycle on the left of a bus, front view",14,modelscope,"modelscope/spatial_relationship/a motorcycle on the left of a bus, front view-4.mp4",1.0,success,1.295656,,
v_74f8c9b07f89bff9dc34,spatial_relationship,test,"a parking meter on the right of a bench, front view",35,modelscope,"modelscope/spatial_relationship/a parking meter on the right of a bench, front view-0.mp4",0.0,success,1.348832,,
v_58bc0f5e7867dee328e6,spatial_relationship,test,"a parking meter on the right of a bench, front view",36,modelscope,"modelscope/spatial_relationship/a parking meter on the right of a bench, front view-1.mp4",0.0,success,1.372497,,
v_62fa82a7a3cc310077be,spatial_relationship,test,"a parking meter on the right of a bench, front view",37,modelscope,"modelscope/spatial_relationship/a parking meter on the right of a bench, front view-2.mp4",0.4375,success,1.463699,,
v_93b40ff6c9b6390c27f6,spatial_relationship,test,"a parking meter on the right of a bench, front view",38,modelscope,"modelscope/spatial_relationship/a parking meter on the right of a bench, front view-3.mp4",0.0,success,1.239008,,
v_e585b46f602421249c2b,spatial_relationship,test,"a parking meter on the right of a bench, front view",39,modelscope,"modelscope/spatial_relationship/a parking meter on the right of a bench, front view-4.mp4",0.9282410714285715,success,1.361287,,
v_7ba0c598a123416c6d2c,spatial_relationship,test,"a person inside of a bus, front view",530,modelscope,"modelscope/spatial_relationship/a person inside of a bus, front view-0.mp4",,error,0.000019,ValueError: MissingOfficialSpatialMetadata: prompt absent from locked VBench 1.0 VBench_full_info.json,
v_f8e65b596b7e8e3ff51c,spatial_relationship,test,"a person inside of a bus, front view",531,modelscope,"modelscope/spatial_relationship/a person inside of a bus, front view-1.mp4",,error,0.000010,ValueError: MissingOfficialSpatialMetadata: prompt absent from locked VBench 1.0 VBench_full_info.json,
v_37876a12d08f778d03b2,spatial_relationship,test,"a person inside of a bus, front view",532,modelscope,"modelscope/spatial_relationship/a person inside of a bus, front view-2.mp4",,error,0.000010,ValueError: MissingOfficialSpatialMetadata: prompt absent from locked VBench 1.0 VBench_full_info.json,
v_7d75cc2735cf8a972fe9,spatial_relationship,test,"a person inside of a bus, front view",533,modelscope,"modelscope/spatial_relationship/a person inside of a bus, front view-3.mp4",,error,0.000010,ValueError: MissingOfficialSpatialMetadata: prompt absent from locked VBench 1.0 VBench_full_info.json,
v_bf557382fea45f155dfa,spatial_relationship,test,"a person inside of a bus, front view",534,modelscope,"modelscope/spatial_relationship/a person inside of a bus, front view-4.mp4",,error,0.000009,ValueError: MissingOfficialSpatialMetadata: prompt absent from locked VBench 1.0 VBench_full_info.json,
v_ec926373d838ea4adf5b,spatial_relationship,dev,"a person inside of a car, front view",525,modelscope,"modelscope/spatial_relationship/a person inside of a car, front view-0.mp4",,error,0.000012,ValueError: MissingOfficialSpatialMetadata: prompt absent from locked VBench 1.0 VBench_full_info.json,
v_d919c881638bb2d5a3b0,spatial_relationship,dev,"a person inside of a car, front view",526,modelscope,"modelscope/spatial_relationship/a person inside of a car, front view-1.mp4",,error,0.000009,ValueError: MissingOfficialSpatialMetadata: prompt absent from locked VBench 1.0 VBench_full_info.json,
v_6fc0c9fdcd6090ae6dc9,spatial_relationship,dev,"a person inside of a car, front view",527,modelscope,"modelscope/spatial_relationship/a person inside of a car, front view-2.mp4",,error,0.000009,ValueError: MissingOfficialSpatialMetadata: prompt absent from locked VBench 1.0 VBench_full_info.json,
v_d459e5a11a9429c502bf,spatial_relationship,dev,"a person inside of a car, front view",528,modelscope,"modelscope/spatial_relationship/a person inside of a car, front view-3.mp4",,error,0.000009,ValueError: MissingOfficialSpatialMetadata: prompt absent from locked VBench 1.0 VBench_full_info.json,
v_e35c5e99d4759510a2ed,spatial_relationship,dev,"a person inside of a car, front view",529,modelscope,"modelscope/spatial_relationship/a person inside of a car, front view-4.mp4",,error,0.000009,ValueError: MissingOfficialSpatialMetadata: prompt absent from locked VBench 1.0 VBench_full_info.json,
v_9d177065ce5851a04fe1,spatial_relationship,test,"a person inside of a train, front view",535,modelscope,"modelscope/spatial_relationship/a person inside of a train, front view-0.mp4",,error,0.000010,ValueError: MissingOfficialSpatialMetadata: prompt absent from locked VBench 1.0 VBench_full_info.json,
v_0902df04d8384aff0af4,spatial_relationship,test,"a person inside of a train, front view",536,modelscope,"modelscope/spatial_relationship/a person inside of a train, front view-1.mp4",,error,0.000009,ValueError: MissingOfficialSpatialMetadata: prompt absent from locked VBench 1.0 VBench_full_info.json,
v_373bf14fcf104bcfd1f5,spatial_relationship,test,"a person inside of a train, front view",537,modelscope,"modelscope/spatial_relationship/a person inside of a train, front view-2.mp4",,error,0.000009,ValueError: MissingOfficialSpatialMetadata: prompt absent from locked VBench 1.0 VBench_full_info.json,
v_f569916c55d84e44abb5,spatial_relationship,test,"a person inside of a train, front view",538,modelscope,"modelscope/spatial_relationship/a person inside of a train, front view-3.mp4",,error,0.000009,ValueError: MissingOfficialSpatialMetadata: prompt absent from locked VBench 1.0 VBench_full_info.json,
v_a7c970c706670837baab,spatial_relationship,test,"a person inside of a train, front view",539,modelscope,"modelscope/spatial_relationship/a person inside of a train, front view-4.mp4",,error,0.000009,ValueError: MissingOfficialSpatialMetadata: prompt absent from locked VBench 1.0 VBench_full_info.json,
v_8d309683c17c9c65bcf9,spatial_relationship,dev,"a pizza on the bottom of a donut, front view",345,modelscope,"modelscope/spatial_relationship/a pizza on the bottom of a donut, front view-0.mp4",0.8110866477272727,success,1.250206,,
v_0d1f1a8ce2312bb8e515,spatial_relationship,dev,"a pizza on the bottom of a donut, front view",346,modelscope,"modelscope/spatial_relationship/a pizza on the bottom of a donut, front view-1.mp4",0.0,success,1.208598,,
v_1c6cc0057a5e52d669e0,spatial_relationship,dev,"a pizza on the bottom of a donut, front view",347,modelscope,"modelscope/spatial_relationship/a pizza on the bottom of a donut, front view-2.mp4",0.0,success,1.372740,,
v_a4d0c761c3141d44610f,spatial_relationship,dev,"a pizza on the bottom of a donut, front view",348,modelscope,"modelscope/spatial_relationship/a pizza on the bottom of a donut, front view-3.mp4",0.0,success,1.303478,,
v_6d94bdb60590f4beef13,spatial_relationship,dev,"a pizza on the bottom of a donut, front view",349,modelscope,"modelscope/spatial_relationship/a pizza on the bottom of a donut, front view-4.mp4",0.0,success,1.182462,,
v_5874e03292e46be825ce,spatial_relationship,dev,"a pizza on the top of a donut, front view",340,modelscope,"modelscope/spatial_relationship/a pizza on the top of a donut, front view-0.mp4",0.625,success,1.288429,,
v_f907c3c72eb040d443ab,spatial_relationship,dev,"a pizza on the top of a donut, front view",341,modelscope,"modelscope/spatial_relationship/a pizza on the top of a donut, front view-1.mp4",0.0,success,1.177229,,
v_42153612f6012af48f4b,spatial_relationship,dev,"a pizza on the top of a donut, front view",342,modelscope,"modelscope/spatial_relationship/a pizza on the top of a donut, front view-2.mp4",0.0,success,1.380243,,
v_6571342a50b1bf4399e4,spatial_relationship,dev,"a pizza on the top of a donut, front view",343,modelscope,"modelscope/spatial_relationship/a pizza on the top of a donut, front view-3.mp4",0.37662792174482973,success,1.239453,,
v_d64192bf5c782f28c87d,spatial_relationship,dev,"a pizza on the top of a donut, front view",344,modelscope,"modelscope/spatial_relationship/a pizza on the top of a donut, front view-4.mp4",0.0,success,1.328517,,
v_a221ca8325b271d0d327,spatial_relationship,test,"a potted plant on the left of a remote, front view",135,modelscope,"modelscope/spatial_relationship/a potted plant on the left of a remote, front view-0.mp4",0.0,success,1.277914,,
v_f07a310cf3555f91769d,spatial_relationship,test,"a potted plant on the left of a remote, front view",136,modelscope,"modelscope/spatial_relationship/a potted plant on the left of a remote, front view-1.mp4",0.0,success,1.374156,,
v_ebe182e83aafc66e567f,spatial_relationship,test,"a potted plant on the left of a remote, front view",137,modelscope,"modelscope/spatial_relationship/a potted plant on the left of a remote, front view-2.mp4",0.0,success,1.485252,,
v_b9826b84c1f103aeff4c,spatial_relationship,test,"a potted plant on the left of a remote, front view",138,modelscope,"modelscope/spatial_relationship/a potted plant on the left of a remote, front view-3.mp4",0.0,success,1.241441,,
v_e2afafeea593e830537f,spatial_relationship,test,"a potted plant on the left of a remote, front view",139,modelscope,"modelscope/spatial_relationship/a potted plant on the left of a remote, front view-4.mp4",1.0,success,1.337718,,
v_703efb36adddd78a1782,spatial_relationship,test,"a remote on the right of a clock, front view",140,modelscope,"modelscope/spatial_relationship/a remote on the right of a clock, front view-0.mp4",0.0,success,1.294366,,
v_4f9faf0e4e7c7914936b,spatial_relationship,test,"a remote on the right of a clock, front view",141,modelscope,"modelscope/spatial_relationship/a remote on the right of a clock, front view-1.mp4",0.4375,success,1.371809,,
v_dd6563dbf4a7fa8d4ff2,spatial_relationship,test,"a remote on the right of a clock, front view",142,modelscope,"modelscope/spatial_relationship/a remote on the right of a clock, front view-2.mp4",0.0,success,1.215678,,
v_99492abc100afd1de442,spatial_relationship,test,"a remote on the right of a clock, front view",143,modelscope,"modelscope/spatial_relationship/a remote on the right of a clock, front view-3.mp4",0.4375,success,1.138371,,
v_657847abbfd31c0393dd,spatial_relationship,test,"a remote on the right of a clock, front view",144,modelscope,"modelscope/spatial_relationship/a remote on the right of a clock, front view-4.mp4",0.0,success,1.178135,,
v_48f11eed388bc1f63264,spatial_relationship,test,"a sandwich inside of a refrigerator with door open, front view",420,modelscope,"modelscope/spatial_relationship/a sandwich inside of a refrigerator with door open, front view-0.mp4",,error,0.000030,ValueError: MissingOfficialSpatialMetadata: prompt absent from locked VBench 1.0 VBench_full_info.json,
v_17b4f5ebc7d5faacec3b,spatial_relationship,test,"a sandwich inside of a refrigerator with door open, front view",421,modelscope,"modelscope/spatial_relationship/a sandwich inside of a refrigerator with door open, front view-1.mp4",,error,0.000009,ValueError: MissingOfficialSpatialMetadata: prompt absent from locked VBench 1.0 VBench_full_info.json,
v_1d8a031c74401d125026,spatial_relationship,test,"a sandwich inside of a refrigerator with door open, front view",422,modelscope,"modelscope/spatial_relationship/a sandwich inside of a refrigerator with door open, front view-2.mp4",,error,0.000009,ValueError: MissingOfficialSpatialMetadata: prompt absent from locked VBench 1.0 VBench_full_info.json,
v_b6342786fbbb54914767,spatial_relationship,test,"a sandwich inside of a refrigerator with door open, front view",423,modelscope,"modelscope/spatial_relationship/a sandwich inside of a refrigerator with door open, front view-3.mp4",,error,0.000010,ValueError: MissingOfficialSpatialMetadata: prompt absent from locked VBench 1.0 VBench_full_info.json,
v_cfafa6038db38583269d,spatial_relationship,test,"a sandwich inside of a refrigerator with door open, front view",424,modelscope,"modelscope/spatial_relationship/a sandwich inside of a refrigerator with door open, front view-4.mp4",,error,0.000010,ValueError: MissingOfficialSpatialMetadata: prompt absent from locked VBench 1.0 VBench_full_info.json,
v_dc3ff6f23d208507a262,spatial_relationship,test,"a sandwich on the bottom of an orange, front view",305,modelscope,"modelscope/spatial_relationship/a sandwich on the bottom of an orange, front view-0.mp4",0.01327776410761155,success,1.211971,,
v_efd31d0c16c5d161606a,spatial_relationship,test,"a sandwich on the bottom of an orange, front view",306,modelscope,"modelscope/spatial_relationship/a sandwich on the bottom of an orange, front view-1.mp4",0.0,success,1.405117,,
v_f1fde800350cdde8065c,spatial_relationship,test,"a sandwich on the bottom of an orange, front view",307,modelscope,"modelscope/spatial_relationship/a sandwich on the bottom of an orange, front view-2.mp4",0.4353287037037037,success,1.284268,,
v_00ab10c017eef5895616,spatial_relationship,test,"a sandwich on the bottom of an orange, front view",308,modelscope,"modelscope/spatial_relationship/a sandwich on the bottom of an orange, front view-3.mp4",0.0,success,1.205791,,
v_2150cbf13d86b31a4cdf,spatial_relationship,test,"a sandwich on the bottom of an orange, front view",309,modelscope,"modelscope/spatial_relationship/a sandwich on the bottom of an orange, front view-4.mp4",0.0,success,1.233412,,
v_5bdf57384fdf1b65adb1,spatial_relationship,test,"a sandwich on the top of an orange, front view",300,modelscope,"modelscope/spatial_relationship/a sandwich on the top of an orange, front view-0.mp4",0.15931811855668748,success,1.418793,,
v_c159594abc8496e509be,spatial_relationship,test,"a sandwich on the top of an orange, front view",301,modelscope,"modelscope/spatial_relationship/a sandwich on the top of an orange, front view-1.mp4",0.522681717102979,success,1.322262,,
v_b9d0949d5e48e2ac9b81,spatial_relationship,test,"a sandwich on the top of an orange, front view",302,modelscope,"modelscope/spatial_relationship/a sandwich on the top of an orange, front view-2.mp4",0.0,success,1.288079,,
v_34b82c7de3728e356463,spatial_relationship,test,"a sandwich on the top of an orange, front view",303,modelscope,"modelscope/spatial_relationship/a sandwich on the top of an orange, front view-3.mp4",0.0,success,1.277849,,
v_f516dffc5e0d910bbda9,spatial_relationship,test,"a sandwich on the top of an orange, front view",304,modelscope,"modelscope/spatial_relationship/a sandwich on the top of an orange, front view-4.mp4",0.0,success,1.280588,,
v_e72f70b8e03aaca70951,spatial_relationship,test,"a sheep on the left of a cow, front view",70,modelscope,"modelscope/spatial_relationship/a sheep on the left of a cow, front view-0.mp4",1.0,success,1.446429,,
v_a2b11d09547224949fd7,spatial_relationship,test,"a sheep on the left of a cow, front view",71,modelscope,"modelscope/spatial_relationship/a sheep on the left of a cow, front view-1.mp4",0.7311548509130856,success,1.252024,,
v_71dd0b666033689ffc84,spatial_relationship,test,"a sheep on the left of a cow, front view",72,modelscope,"modelscope/spatial_relationship/a sheep on the left of a cow, front view-2.mp4",1.0,success,1.220522,,
v_61ea96b21b499ea8f58b,spatial_relationship,test,"a sheep on the left of a cow, front view",73,modelscope,"modelscope/spatial_relationship/a sheep on the left of a cow, front view-3.mp4",0.1875,success,1.181119,,
v_14f6d535e85d682d7b5c,spatial_relationship,test,"a sheep on the left of a cow, front view",74,modelscope,"modelscope/spatial_relationship/a sheep on the left of a cow, front view-4.mp4",0.637728566758319,success,1.232318,,
v_ab7444c56cf2f2684b03,spatial_relationship,dev,"a sink on the right of a toilet, front view",205,modelscope,"modelscope/spatial_relationship/a sink on the right of a toilet, front view-0.mp4",1.0,success,1.328723,,
v_5e8df869d741a203c267,spatial_relationship,dev,"a sink on the right of a toilet, front view",206,modelscope,"modelscope/spatial_relationship/a sink on the right of a toilet, front view-1.mp4",0.23025202906380884,success,1.171340,,
v_e99220c0787b8a0f50eb,spatial_relationship,dev,"a sink on the right of a toilet, front view",207,modelscope,"modelscope/spatial_relationship/a sink on the right of a toilet, front view-2.mp4",0.0,success,1.191179,,
v_81173fc605b63b838e84,spatial_relationship,dev,"a sink on the right of a toilet, front view",208,modelscope,"modelscope/spatial_relationship/a sink on the right of a toilet, front view-3.mp4",0.0,success,1.182213,,
v_8be228d2b664d0493024,spatial_relationship,dev,"a sink on the right of a toilet, front view",209,modelscope,"modelscope/spatial_relationship/a sink on the right of a toilet, front view-4.mp4",0.0,success,1.224670,,
v_0daad716227272cd4a25,spatial_relationship,dev,"a skateboard on the bottom of a surfboard, front view",405,modelscope,"modelscope/spatial_relationship/a skateboard on the bottom of a surfboard, front view-0.mp4",0.018709190052792445,success,1.339472,,
v_3874752739dcd4409bbe,spatial_relationship,dev,"a skateboard on the bottom of a surfboard, front view",406,modelscope,"modelscope/spatial_relationship/a skateboard on the bottom of a surfboard, front view-1.mp4",0.0,success,1.222857,,
v_5dbf55739845a6c1539b,spatial_relationship,dev,"a skateboard on the bottom of a surfboard, front view",407,modelscope,"modelscope/spatial_relationship/a skateboard on the bottom of a surfboard, front view-2.mp4",0.0,success,1.249844,,
v_5b20a77a3a0c99958367,spatial_relationship,dev,"a skateboard on the bottom of a surfboard, front view",408,modelscope,"modelscope/spatial_relationship/a skateboard on the bottom of a surfboard, front view-3.mp4",0.09518552875695734,success,1.232704,,
v_45cd50a93391e7767b40,spatial_relationship,dev,"a skateboard on the bottom of a surfboard, front view",409,modelscope,"modelscope/spatial_relationship/a skateboard on the bottom of a surfboard, front view-4.mp4",0.01239829265039349,success,1.408816,,
v_8742beca568be4ab7d36,spatial_relationship,test,"a skateboard on the top of a surfboard, front view",400,modelscope,"modelscope/spatial_relationship/a skateboard on the top of a surfboard, front view-0.mp4",0.0,success,1.174503,,
v_130438102f42588adbcc,spatial_relationship,test,"a skateboard on the top of a surfboard, front view",401,modelscope,"modelscope/spatial_relationship/a skateboard on the top of a surfboard, front view-1.mp4",0.950892094017094,success,1.196535,,
v_25863ee118e615163090,spatial_relationship,test,"a skateboard on the top of a surfboard, front view",402,modelscope,"modelscope/spatial_relationship/a skateboard on the top of a surfboard, front view-2.mp4",0.0,success,1.204619,,
v_594ca07403cde053919f,spatial_relationship,test,"a skateboard on the top of a surfboard, front view",403,modelscope,"modelscope/spatial_relationship/a skateboard on the top of a surfboard, front view-3.mp4",0.0625,success,1.274832,,
v_24c5b564d3578e9c6991,spatial_relationship,test,"a skateboard on the top of a surfboard, front view",404,modelscope,"modelscope/spatial_relationship/a skateboard on the top of a surfboard, front view-4.mp4",0.061889858038867186,success,1.234336,,
v_2bd67454b154578a79ad,spatial_relationship,dev,"a snowboard on the bottom of a kite, front view",385,modelscope,"modelscope/spatial_relationship/a snowboard on the bottom of a kite, front view-0.mp4",0.125,success,1.421835,,
v_1d8874669319101b1f72,spatial_relationship,dev,"a snowboard on the bottom of a kite, front view",386,modelscope,"modelscope/spatial_relationship/a snowboard on the bottom of a kite, front view-1.mp4",0.0,success,1.284143,,
v_791988710daed658beb2,spatial_relationship,dev,"a snowboard on the bottom of a kite, front view",387,modelscope,"modelscope/spatial_relationship/a snowboard on the bottom of a kite, front view-2.mp4",0.0,success,1.280449,,
v_bbed7cda18e564c3b89b,spatial_relationship,dev,"a snowboard on the bottom of a kite, front view",388,modelscope,"modelscope/spatial_relationship/a snowboard on the bottom of a kite, front view-3.mp4",0.013245967741935486,success,1.267114,,
v_b7c1ed41c283d170f4cf,spatial_relationship,dev,"a snowboard on the bottom of a kite, front view",389,modelscope,"modelscope/spatial_relationship/a snowboard on the bottom of a kite, front view-4.mp4",0.37526470578330606,success,1.185847,,
v_f1f8862dbd61285ef232,spatial_relationship,test,"a snowboard on the top of a kite, front view",380,modelscope,"modelscope/spatial_relationship/a snowboard on the top of a kite, front view-0.mp4",0.0,success,1.331030,,
v_0a0ad4f49d7db54d1515,spatial_relationship,test,"a snowboard on the top of a kite, front view",381,modelscope,"modelscope/spatial_relationship/a snowboard on the top of a kite, front view-1.mp4",0.0,success,1.229336,,
v_b1c12f54cd38b4b6e0a5,spatial_relationship,test,"a snowboard on the top of a kite, front view",382,modelscope,"modelscope/spatial_relationship/a snowboard on the top of a kite, front view-2.mp4",0.5227905909989383,success,1.196056,,
v_2328cb8b3b4f5df7ea7c,spatial_relationship,test,"a snowboard on the top of a kite, front view",383,modelscope,"modelscope/spatial_relationship/a snowboard on the top of a kite, front view-3.mp4",0.025,success,1.279428,,
v_4652743616f7489ab025,spatial_relationship,test,"a snowboard on the top of a kite, front view",384,modelscope,"modelscope/spatial_relationship/a snowboard on the top of a kite, front view-4.mp4",0.06562795325317726,success,1.375661,,
v_b1fa4bae576cdf963bad,spatial_relationship,dev,"a spoon on the right of a bowl, front view",125,modelscope,"modelscope/spatial_relationship/a spoon on the right of a bowl, front view-0.mp4",0.17344321096361598,success,1.197414,,
v_280366689a02417cd95c,spatial_relationship,dev,"a spoon on the right of a bowl, front view",126,modelscope,"modelscope/spatial_relationship/a spoon on the right of a bowl, front view-1.mp4",0.0,success,1.236186,,
v_e24c3f4ecce691a7a7e4,spatial_relationship,dev,"a spoon on the right of a bowl, front view",127,modelscope,"modelscope/spatial_relationship/a spoon on the right of a bowl, front view-2.mp4",0.0,success,1.194207,,
v_f11b019ce4689f4e1762,spatial_relationship,dev,"a spoon on the right of a bowl, front view",128,modelscope,"modelscope/spatial_relationship/a spoon on the right of a bowl, front view-3.mp4",0.15354396887642985,success,1.185188,,
v_d0354214f787c6abcd39,spatial_relationship,dev,"a spoon on the right of a bowl, front view",129,modelscope,"modelscope/spatial_relationship/a spoon on the right of a bowl, front view-4.mp4",0.0,success,1.283574,,
v_b3db83ddef9fe5396515,spatial_relationship,test,"a sports ball on the right of a baseball bat, front view",170,modelscope,"modelscope/spatial_relationship/a sports ball on the right of a baseball bat, front view-0.mp4",0.0,success,1.378546,,
v_c1855876c1f4096eb6ea,spatial_relationship,test,"a sports ball on the right of a baseball bat, front view",171,modelscope,"modelscope/spatial_relationship/a sports ball on the right of a baseball bat, front view-1.mp4",0.0,success,1.238861,,
v_8022f3df8e327f7dfd65,spatial_relationship,test,"a sports ball on the right of a baseball bat, front view",172,modelscope,"modelscope/spatial_relationship/a sports ball on the right of a baseball bat, front view-2.mp4",0.0,success,1.288463,,
v_ed6c5b0d8555d3566399,spatial_relationship,test,"a sports ball on the right of a baseball bat, front view",173,modelscope,"modelscope/spatial_relationship/a sports ball on the right of a baseball bat, front view-3.mp4",0.0,success,1.227941,,
v_fa50c32b52e6c80c60bc,spatial_relationship,test,"a sports ball on the right of a baseball bat, front view",174,modelscope,"modelscope/spatial_relationship/a sports ball on the right of a baseball bat, front view-4.mp4",1.0,success,1.420049,,
v_3d2956461501f727c897,spatial_relationship,test,"a stop sign on the left of a parking meter, front view",30,modelscope,"modelscope/spatial_relationship/a stop sign on the left of a parking meter, front view-0.mp4",0.0,success,1.242262,,
v_b8c57d798b323b2a96ce,spatial_relationship,test,"a stop sign on the left of a parking meter, front view",31,modelscope,"modelscope/spatial_relationship/a stop sign on the left of a parking meter, front view-1.mp4",0.8029845404586518,success,1.236091,,
v_87ef9b1120b90fd9c446,spatial_relationship,test,"a stop sign on the left of a parking meter, front view",32,modelscope,"modelscope/spatial_relationship/a stop sign on the left of a parking meter, front view-2.mp4",0.0,success,1.212630,,
v_31918a474dcb461f1023,spatial_relationship,test,"a stop sign on the left of a parking meter, front view",33,modelscope,"modelscope/spatial_relationship/a stop sign on the left of a parking meter, front view-3.mp4",0.0,success,1.419620,,
v_55257d48805c4528ebd8,spatial_relationship,test,"a stop sign on the left of a parking meter, front view",34,modelscope,"modelscope/spatial_relationship/a stop sign on the left of a parking meter, front view-4.mp4",0.0,success,1.366101,,
v_a323a771e7852ff32ffc,spatial_relationship,test,"a surfboard on the bottom of skis, front view",415,modelscope,"modelscope/spatial_relationship/a surfboard on the bottom of skis, front view-0.mp4",0.0,success,1.210829,,
v_9a2c947f8a452dabfd2f,spatial_relationship,test,"a surfboard on the bottom of skis, front view",416,modelscope,"modelscope/spatial_relationship/a surfboard on the bottom of skis, front view-1.mp4",0.013686784351145039,success,1.221657,,
v_5a693347d6a29bae0b04,spatial_relationship,test,"a surfboard on the bottom of skis, front view",417,modelscope,"modelscope/spatial_relationship/a surfboard on the bottom of skis, front view-2.mp4",0.0,success,1.231710,,
v_84d85f6878d9d2a6522e,spatial_relationship,test,"a surfboard on the bottom of skis, front view",418,modelscope,"modelscope/spatial_relationship/a surfboard on the bottom of skis, front view-3.mp4",0.14684877327860818,success,1.471391,,
v_1fdaea446d01bfd216f9,spatial_relationship,test,"a surfboard on the bottom of skis, front view",419,modelscope,"modelscope/spatial_relationship/a surfboard on the bottom of skis, front view-4.mp4",0.5,success,1.409676,,
v_ff1ec06c0c7c9f7e7eef,spatial_relationship,dev,"a surfboard on the top of skis, front view",410,modelscope,"modelscope/spatial_relationship/a surfboard on the top of skis, front view-0.mp4",0.0,success,1.271268,,
v_991d3e1363966c63a5d8,spatial_relationship,dev,"a surfboard on the top of skis, front view",411,modelscope,"modelscope/spatial_relationship/a surfboard on the top of skis, front view-1.mp4",0.0,success,1.380760,,
v_c26b0fafcbfd23055f42,spatial_relationship,dev,"a surfboard on the top of skis, front view",412,modelscope,"modelscope/spatial_relationship/a surfboard on the top of skis, front view-2.mp4",0.0,success,1.468465,,
v_f2d6ba026eeb230e830f,spatial_relationship,dev,"a surfboard on the top of skis, front view",413,modelscope,"modelscope/spatial_relationship/a surfboard on the top of skis, front view-3.mp4",0.08801503709591946,success,1.291242,,
v_ef1c9b618b2ca2b62ae7,spatial_relationship,dev,"a surfboard on the top of skis, front view",414,modelscope,"modelscope/spatial_relationship/a surfboard on the top of skis, front view-4.mp4",0.1875,success,1.275123,,
v_8a88a5666949d6c9ac1a,spatial_relationship,dev,"a teddy bear on the right of a potted plant, front view",160,modelscope,"modelscope/spatial_relationship/a teddy bear on the right of a potted plant, front view-0.mp4",0.34635020572819875,success,1.309307,,
v_97fa18db6b1fd05ccb7f,spatial_relationship,dev,"a teddy bear on the right of a potted plant, front view",161,modelscope,"modelscope/spatial_relationship/a teddy bear on the right of a potted plant, front view-1.mp4",0.552514976042969,success,1.301627,,
v_171f5da02c0ad422515a,spatial_relationship,dev,"a teddy bear on the right of a potted plant, front view",162,modelscope,"modelscope/spatial_relationship/a teddy bear on the right of a potted plant, front view-2.mp4",0.469963455695163,success,1.514246,,
v_b5294691f68c15a59076,spatial_relationship,dev,"a teddy bear on the right of a potted plant, front view",163,modelscope,"modelscope/spatial_relationship/a teddy bear on the right of a potted plant, front view-3.mp4",1.0,success,1.384340,,
v_bd78d5d82349d776155e,spatial_relationship,dev,"a teddy bear on the right of a potted plant, front view",164,modelscope,"modelscope/spatial_relationship/a teddy bear on the right of a potted plant, front view-4.mp4",1.0,success,1.365416,,
v_a6e69b6c04a29cfee7ad,spatial_relationship,test,"a tennis racket on the left of a frisbee, front view",185,modelscope,"modelscope/spatial_relationship/a tennis racket on the left of a frisbee, front view-0.mp4",0.0,success,1.282172,,
v_0f4a75e50ca80f54ae38,spatial_relationship,test,"a tennis racket on the left of a frisbee, front view",186,modelscope,"modelscope/spatial_relationship/a tennis racket on the left of a frisbee, front view-1.mp4",0.0,success,1.460359,,
v_ed8c48fbf3ad30bb7269,spatial_relationship,test,"a tennis racket on the left of a frisbee, front view",187,modelscope,"modelscope/spatial_relationship/a tennis racket on the left of a frisbee, front view-2.mp4",0.0,success,1.291360,,
v_826a49691feea2f92c8d,spatial_relationship,test,"a tennis racket on the left of a frisbee, front view",188,modelscope,"modelscope/spatial_relationship/a tennis racket on the left of a frisbee, front view-3.mp4",0.0,success,1.250474,,
v_05fcf252adf64a990062,spatial_relationship,test,"a tennis racket on the left of a frisbee, front view",189,modelscope,"modelscope/spatial_relationship/a tennis racket on the left of a frisbee, front view-4.mp4",0.0,success,1.378381,,
v_03cddec261f78d922a01,spatial_relationship,test,"a tie inside of an open backpack, top view",470,modelscope,"modelscope/spatial_relationship/a tie inside of an open backpack, top view-0.mp4",,error,0.000020,ValueError: MissingOfficialSpatialMetadata: prompt absent from locked VBench 1.0 VBench_full_info.json,
v_f53f699fb08b70737f6d,spatial_relationship,test,"a tie inside of an open backpack, top view",471,modelscope,"modelscope/spatial_relationship/a tie inside of an open backpack, top view-1.mp4",,error,0.000010,ValueError: MissingOfficialSpatialMetadata: prompt absent from locked VBench 1.0 VBench_full_info.json,
v_987bd12c45c9f8bdffbe,spatial_relationship,test,"a tie inside of an open backpack, top view",472,modelscope,"modelscope/spatial_relationship/a tie inside of an open backpack, top view-2.mp4",,error,0.000010,ValueError: MissingOfficialSpatialMetadata: prompt absent from locked VBench 1.0 VBench_full_info.json,
v_ac899a74ce5380451be3,spatial_relationship,test,"a tie inside of an open backpack, top view",473,modelscope,"modelscope/spatial_relationship/a tie inside of an open backpack, top view-3.mp4",,error,0.000009,ValueError: MissingOfficialSpatialMetadata: prompt absent from locked VBench 1.0 VBench_full_info.json,
v_b2be14400604606d27ea,spatial_relationship,test,"a tie inside of an open backpack, top view",474,modelscope,"modelscope/spatial_relationship/a tie inside of an open backpack, top view-4.mp4",,error,0.000010,ValueError: MissingOfficialSpatialMetadata: prompt absent from locked VBench 1.0 VBench_full_info.json,
v_e61a8ce672bab522eea5,spatial_relationship,test,"a tie inside of an open handbag, top view",495,modelscope,"modelscope/spatial_relationship/a tie inside of an open handbag, top view-0.mp4",,error,0.000013,ValueError: MissingOfficialSpatialMetadata: prompt absent from locked VBench 1.0 VBench_full_info.json,
v_725a9b281a3f9e20faad,spatial_relationship,test,"a tie inside of an open handbag, top view",496,modelscope,"modelscope/spatial_relationship/a tie inside of an open handbag, top view-1.mp4",,error,0.000010,ValueError: MissingOfficialSpatialMetadata: prompt absent from locked VBench 1.0 VBench_full_info.json,
v_f5e0be37580aab6ed439,spatial_relationship,test,"a tie inside of an open handbag, top view",497,modelscope,"modelscope/spatial_relationship/a tie inside of an open handbag, top view-2.mp4",,error,0.000009,ValueError: MissingOfficialSpatialMetadata: prompt absent from locked VBench 1.0 VBench_full_info.json,
v_5f0c747a3ed2ed8503b2,spatial_relationship,test,"a tie inside of an open handbag, top view",498,modelscope,"modelscope/spatial_relationship/a tie inside of an open handbag, top view-3.mp4",,error,0.000009,ValueError: MissingOfficialSpatialMetadata: prompt absent from locked VBench 1.0 VBench_full_info.json,
v_8342c1851ad1d76d511d,spatial_relationship,test,"a tie inside of an open handbag, top view",499,modelscope,"modelscope/spatial_relationship/a tie inside of an open handbag, top view-4.mp4",,error,0.000009,ValueError: MissingOfficialSpatialMetadata: prompt absent from locked VBench 1.0 VBench_full_info.json,
v_531b705655f10ff4f296,spatial_relationship,dev,"a tie inside of an open suitcase, top view",520,modelscope,"modelscope/spatial_relationship/a tie inside of an open suitcase, top view-0.mp4",,error,0.000009,ValueError: MissingOfficialSpatialMetadata: prompt absent from locked VBench 1.0 VBench_full_info.json,
v_63e25861b7852c21d5b7,spatial_relationship,dev,"a tie inside of an open suitcase, top view",521,modelscope,"modelscope/spatial_relationship/a tie inside of an open suitcase, top view-1.mp4",,error,0.000009,ValueError: MissingOfficialSpatialMetadata: prompt absent from locked VBench 1.0 VBench_full_info.json,
v_3d048fb8db501bd1ebf1,spatial_relationship,dev,"a tie inside of an open suitcase, top view",522,modelscope,"modelscope/spatial_relationship/a tie inside of an open suitcase, top view-2.mp4",,error,0.000035,ValueError: MissingOfficialSpatialMetadata: prompt absent from locked VBench 1.0 VBench_full_info.json,
v_42bd8eb7d66ef45b0214,spatial_relationship,dev,"a tie inside of an open suitcase, top view",523,modelscope,"modelscope/spatial_relationship/a tie inside of an open suitcase, top view-3.mp4",,error,0.000010,ValueError: MissingOfficialSpatialMetadata: prompt absent from locked VBench 1.0 VBench_full_info.json,
v_bea4aa7d782af897a6ff,spatial_relationship,dev,"a tie inside of an open suitcase, top view",524,modelscope,"modelscope/spatial_relationship/a tie inside of an open suitcase, top view-4.mp4",,error,0.000009,ValueError: MissingOfficialSpatialMetadata: prompt absent from locked VBench 1.0 VBench_full_info.json,
v_3a2622bf96fc87071e8e,spatial_relationship,test,"a toaster on the bottom of a microwave, front view",265,modelscope,"modelscope/spatial_relationship/a toaster on the bottom of a microwave, front view-0.mp4",0.0,success,1.263061,,
v_da583dd62e0035ae4eb5,spatial_relationship,test,"a toaster on the bottom of a microwave, front view",266,modelscope,"modelscope/spatial_relationship/a toaster on the bottom of a microwave, front view-1.mp4",0.0,success,1.284823,,
v_90d1737f84f28fbd6852,spatial_relationship,test,"a toaster on the bottom of a microwave, front view",267,modelscope,"modelscope/spatial_relationship/a toaster on the bottom of a microwave, front view-2.mp4",0.0,success,1.284161,,
v_a71cc7d8f2a587cc9486,spatial_relationship,test,"a toaster on the bottom of a microwave, front view",268,modelscope,"modelscope/spatial_relationship/a toaster on the bottom of a microwave, front view-3.mp4",0.0,success,1.229769,,
v_70d3fdd9f44f01802035,spatial_relationship,test,"a toaster on the bottom of a microwave, front view",269,modelscope,"modelscope/spatial_relationship/a toaster on the bottom of a microwave, front view-4.mp4",0.0,success,1.280616,,
v_3aa827e4999d709714d7,spatial_relationship,dev,"a toaster on the top of a microwave, front view",260,modelscope,"modelscope/spatial_relationship/a toaster on the top of a microwave, front view-0.mp4",0.0,success,1.195633,,
v_f134aadeb4bae0be01ec,spatial_relationship,dev,"a toaster on the top of a microwave, front view",261,modelscope,"modelscope/spatial_relationship/a toaster on the top of a microwave, front view-1.mp4",0.0,success,1.354601,,
v_5ac50e88c32e453b7a17,spatial_relationship,dev,"a toaster on the top of a microwave, front view",262,modelscope,"modelscope/spatial_relationship/a toaster on the top of a microwave, front view-2.mp4",0.0,success,1.301671,,
v_90617269a8689224b50c,spatial_relationship,dev,"a toaster on the top of a microwave, front view",263,modelscope,"modelscope/spatial_relationship/a toaster on the top of a microwave, front view-3.mp4",0.0,success,1.184017,,
v_7391ae8f8605c6b08a35,spatial_relationship,dev,"a toaster on the top of a microwave, front view",264,modelscope,"modelscope/spatial_relationship/a toaster on the top of a microwave, front view-4.mp4",0.0,success,1.224848,,
v_0be6802d40dea0c5aff2,spatial_relationship,test,"a toilet on the left of a hair drier, front view",190,modelscope,"modelscope/spatial_relationship/a toilet on the left of a hair drier, front view-0.mp4",0.21460698006971132,success,1.456450,,
v_83a882f21a9429b656eb,spatial_relationship,test,"a toilet on the left of a hair drier, front view",191,modelscope,"modelscope/spatial_relationship/a toilet on the left of a hair drier, front view-1.mp4",0.0,success,1.292498,,
v_445cb90055f368c02802,spatial_relationship,test,"a toilet on the left of a hair drier, front view",192,modelscope,"modelscope/spatial_relationship/a toilet on the left of a hair drier, front view-2.mp4",0.5625,success,1.310239,,
v_6cc69471589ae6437cb5,spatial_relationship,test,"a toilet on the left of a hair drier, front view",193,modelscope,"modelscope/spatial_relationship/a toilet on the left of a hair drier, front view-3.mp4",0.0,success,1.217739,,
v_3c46a6899d25641d9b3a,spatial_relationship,test,"a toilet on the left of a hair drier, front view",194,modelscope,"modelscope/spatial_relationship/a toilet on the left of a hair drier, front view-4.mp4",0.0,success,1.178123,,
v_4b76a7047befed791f80,spatial_relationship,test,"a toothbrush on the left of a sink, front view",200,modelscope,"modelscope/spatial_relationship/a toothbrush on the left of a sink, front view-0.mp4",0.0,success,1.197832,,
v_f78c42b0501d89fbe7c8,spatial_relationship,test,"a toothbrush on the left of a sink, front view",201,modelscope,"modelscope/spatial_relationship/a toothbrush on the left of a sink, front view-1.mp4",0.0,success,1.393766,,
v_6e8c7f954897a2a96679,spatial_relationship,test,"a toothbrush on the left of a sink, front view",202,modelscope,"modelscope/spatial_relationship/a toothbrush on the left of a sink, front view-2.mp4",0.5625,success,1.232587,,
v_71eafb3ba2c495de32c4,spatial_relationship,test,"a toothbrush on the left of a sink, front view",203,modelscope,"modelscope/spatial_relationship/a toothbrush on the left of a sink, front view-3.mp4",0.21883566360248313,success,1.206707,,
v_0a3afe57704e2ba50d7d,spatial_relationship,test,"a toothbrush on the left of a sink, front view",204,modelscope,"modelscope/spatial_relationship/a toothbrush on the left of a sink, front view-4.mp4",0.0,success,1.203979,,
v_8091089512fc0a222ad0,spatial_relationship,test,"a traffic light on the left of a fire hydrant, front view",20,modelscope,"modelscope/spatial_relationship/a traffic light on the left of a fire hydrant, front view-0.mp4",0.7179734954916234,success,1.388755,,
v_136de6fe8bb78d200213,spatial_relationship,test,"a traffic light on the left of a fire hydrant, front view",21,modelscope,"modelscope/spatial_relationship/a traffic light on the left of a fire hydrant, front view-1.mp4",0.9375,success,1.223343,,
v_57eb1cb243bb2b50ce24,spatial_relationship,test,"a traffic light on the left of a fire hydrant, front view",22,modelscope,"modelscope/spatial_relationship/a traffic light on the left of a fire hydrant, front view-2.mp4",0.0,success,1.286525,,
v_23e2099e102cc7101628,spatial_relationship,test,"a traffic light on the left of a fire hydrant, front view",23,modelscope,"modelscope/spatial_relationship/a traffic light on the left of a fire hydrant, front view-3.mp4",1.0,success,1.300559,,
v_624d6e58a1d91e2445c1,spatial_relationship,test,"a traffic light on the left of a fire hydrant, front view",24,modelscope,"modelscope/spatial_relationship/a traffic light on the left of a fire hydrant, front view-4.mp4",0.75,success,1.444115,,
v_36cdbb788dc89a1b7554,spatial_relationship,dev,"a train on the right of a boat, front view",240,modelscope,"modelscope/spatial_relationship/a train on the right of a boat, front view-0.mp4",0.5787044433596515,success,1.228662,,
v_5a2f67af63cf12ee9ad2,spatial_relationship,dev,"a train on the right of a boat, front view",241,modelscope,"modelscope/spatial_relationship/a train on the right of a boat, front view-1.mp4",1.0,success,1.278118,,
v_cb3b747078f6d6a90ff5,spatial_relationship,dev,"a train on the right of a boat, front view",242,modelscope,"modelscope/spatial_relationship/a train on the right of a boat, front view-2.mp4",1.0,success,1.233787,,
v_67cd6f863343e75a2d1f,spatial_relationship,dev,"a train on the right of a boat, front view",243,modelscope,"modelscope/spatial_relationship/a train on the right of a boat, front view-3.mp4",0.04144386979897148,success,1.474853,,
v_b2e3eef16a5c7b63ce7d,spatial_relationship,dev,"a train on the right of a boat, front view",244,modelscope,"modelscope/spatial_relationship/a train on the right of a boat, front view-4.mp4",0.633019322966943,success,1.260406,,
v_83bdddc6ccb81d03b926,spatial_relationship,test,"a truck on the right of a bicycle, front view",45,modelscope,"modelscope/spatial_relationship/a truck on the right of a bicycle, front view-0.mp4",0.4432038573129853,success,1.277555,,
v_cf967ee8860cf1a7a25b,spatial_relationship,test,"a truck on the right of a bicycle, front view",46,modelscope,"modelscope/spatial_relationship/a truck on the right of a bicycle, front view-1.mp4",0.125,success,1.211634,,
v_edbef5fd3e58a9d90fa8,spatial_relationship,test,"a truck on the right of a bicycle, front view",47,modelscope,"modelscope/spatial_relationship/a truck on the right of a bicycle, front view-2.mp4",0.22166845606872798,success,1.259630,,
v_b51ee61e875a2746b71f,spatial_relationship,test,"a truck on the right of a bicycle, front view",48,modelscope,"modelscope/spatial_relationship/a truck on the right of a bicycle, front view-3.mp4",1.0,success,1.529706,,
v_8db56efee3495d333357,spatial_relationship,test,"a truck on the right of a bicycle, front view",49,modelscope,"modelscope/spatial_relationship/a truck on the right of a bicycle, front view-4.mp4",0.07302735689284603,success,1.214459,,
v_3ac4b4549f7650aef0e9,spatial_relationship,dev,"a tv on the right of a dining table, front view",225,modelscope,"modelscope/spatial_relationship/a tv on the right of a dining table, front view-0.mp4",0.0,success,1.338098,,
v_fceb5b0087da36340929,spatial_relationship,dev,"a tv on the right of a dining table, front view",226,modelscope,"modelscope/spatial_relationship/a tv on the right of a dining table, front view-1.mp4",0.0,success,1.431935,,
v_3f993b4330f1f636cd39,spatial_relationship,dev,"a tv on the right of a dining table, front view",227,modelscope,"modelscope/spatial_relationship/a tv on the right of a dining table, front view-2.mp4",0.03650913746944477,success,1.351969,,
v_b947aa61fcd51ae059a5,spatial_relationship,dev,"a tv on the right of a dining table, front view",228,modelscope,"modelscope/spatial_relationship/a tv on the right of a dining table, front view-3.mp4",0.0,success,1.201241,,
v_59d94e77ed3260b3cad6,spatial_relationship,dev,"a tv on the right of a dining table, front view",229,modelscope,"modelscope/spatial_relationship/a tv on the right of a dining table, front view-4.mp4",0.0,success,1.387206,,
v_02feb735f01027475522,spatial_relationship,dev,"a vase on the right of scissors, front view",150,modelscope,"modelscope/spatial_relationship/a vase on the right of scissors, front view-0.mp4",0.07102411990114442,success,1.168009,,
v_9b78020a3afadbb3a993,spatial_relationship,dev,"a vase on the right of scissors, front view",151,modelscope,"modelscope/spatial_relationship/a vase on the right of scissors, front view-1.mp4",1.0,success,1.174205,,
v_63cb0306f43b102eec45,spatial_relationship,dev,"a vase on the right of scissors, front view",152,modelscope,"modelscope/spatial_relationship/a vase on the right of scissors, front view-2.mp4",0.04807051282051283,success,1.183250,,
v_84ff0e23265957c3e904,spatial_relationship,dev,"a vase on the right of scissors, front view",153,modelscope,"modelscope/spatial_relationship/a vase on the right of scissors, front view-3.mp4",0.0,success,1.190599,,
v_780f8099b86da4cf2428,spatial_relationship,dev,"a vase on the right of scissors, front view",154,modelscope,"modelscope/spatial_relationship/a vase on the right of scissors, front view-4.mp4",0.0,success,1.365783,,
v_1cce4fac23f49ca5c3e5,spatial_relationship,test,"a wine glass on the right of a cup, front view",105,modelscope,"modelscope/spatial_relationship/a wine glass on the right of a cup, front view-0.mp4",0.0,success,1.178320,,
v_957248a01b705e5e098a,spatial_relationship,test,"a wine glass on the right of a cup, front view",106,modelscope,"modelscope/spatial_relationship/a wine glass on the right of a cup, front view-1.mp4",0.0,success,1.239635,,
v_e3927ccd955ffbb7aa04,spatial_relationship,test,"a wine glass on the right of a cup, front view",107,modelscope,"modelscope/spatial_relationship/a wine glass on the right of a cup, front view-2.mp4",0.0,success,1.218184,,
v_cd702f0ce26cebdf185c,spatial_relationship,test,"a wine glass on the right of a cup, front view",108,modelscope,"modelscope/spatial_relationship/a wine glass on the right of a cup, front view-3.mp4",0.0,success,1.271819,,
v_7f04c63ad9e3f8850c69,spatial_relationship,test,"a wine glass on the right of a cup, front view",109,modelscope,"modelscope/spatial_relationship/a wine glass on the right of a cup, front view-4.mp4",1.0,success,1.387624,,
v_15260931e0bec5a6a891,spatial_relationship,dev,"a zebra on the left of a giraffe, front view",90,modelscope,"modelscope/spatial_relationship/a zebra on the left of a giraffe, front view-0.mp4",1.0,success,1.290703,,
v_623747338321ac8ff1fd,spatial_relationship,dev,"a zebra on the left of a giraffe, front view",91,modelscope,"modelscope/spatial_relationship/a zebra on the left of a giraffe, front view-1.mp4",0.6484599042283761,success,1.222415,,
v_79f1f1b8ba65553bb676,spatial_relationship,dev,"a zebra on the left of a giraffe, front view",92,modelscope,"modelscope/spatial_relationship/a zebra on the left of a giraffe, front view-2.mp4",0.04636851967304916,success,1.205261,,
v_3a92e744cc5ad2a1950c,spatial_relationship,dev,"a zebra on the left of a giraffe, front view",93,modelscope,"modelscope/spatial_relationship/a zebra on the left of a giraffe, front view-3.mp4",0.0,success,1.170922,,
v_4d5bfe5e7d151c912233,spatial_relationship,dev,"a zebra on the left of a giraffe, front view",94,modelscope,"modelscope/spatial_relationship/a zebra on the left of a giraffe, front view-4.mp4",0.08889039855072464,success,1.197201,,
v_59f33158de315c06853c,spatial_relationship,dev,"an airplane on the left of a train, front view",235,modelscope,"modelscope/spatial_relationship/an airplane on the left of a train, front view-0.mp4",0.3379153039114854,success,1.282523,,
v_949445694870b92bfab5,spatial_relationship,dev,"an airplane on the left of a train, front view",236,modelscope,"modelscope/spatial_relationship/an airplane on the left of a train, front view-1.mp4",1.0,success,1.184822,,
v_764b9869ed5a03396934,spatial_relationship,dev,"an airplane on the left of a train, front view",237,modelscope,"modelscope/spatial_relationship/an airplane on the left of a train, front view-2.mp4",0.75,success,1.211983,,
v_926fe1a129853bf048d7,spatial_relationship,dev,"an airplane on the left of a train, front view",238,modelscope,"modelscope/spatial_relationship/an airplane on the left of a train, front view-3.mp4",0.8890675469227411,success,1.215315,,
v_77bf6c89c74e8be15a57,spatial_relationship,dev,"an airplane on the left of a train, front view",239,modelscope,"modelscope/spatial_relationship/an airplane on the left of a train, front view-4.mp4",0.3732542594388675,success,1.481740,,
v_af25e3f89edfe22f93c3,spatial_relationship,test,"an apple on the bottom of a sandwich, front view",295,modelscope,"modelscope/spatial_relationship/an apple on the bottom of a sandwich, front view-0.mp4",0.0,success,1.356007,,
v_04cf4a97935e856b44ef,spatial_relationship,test,"an apple on the bottom of a sandwich, front view",296,modelscope,"modelscope/spatial_relationship/an apple on the bottom of a sandwich, front view-1.mp4",0.17045167805267392,success,1.290497,,
v_160cc0ddd20f16427d65,spatial_relationship,test,"an apple on the bottom of a sandwich, front view",297,modelscope,"modelscope/spatial_relationship/an apple on the bottom of a sandwich, front view-2.mp4",0.05376829442108283,success,1.290284,,
v_71c004a3b6764b9b7f4e,spatial_relationship,test,"an apple on the bottom of a sandwich, front view",298,modelscope,"modelscope/spatial_relationship/an apple on the bottom of a sandwich, front view-3.mp4",0.1875,success,1.478956,,
v_08bc7d13f5b3f5327c79,spatial_relationship,test,"an apple on the bottom of a sandwich, front view",299,modelscope,"modelscope/spatial_relationship/an apple on the bottom of a sandwich, front view-4.mp4",0.22932579286569238,success,1.255541,,
v_54191669b1c178e69b6c,spatial_relationship,test,"an apple on the top of a sandwich, front view",290,modelscope,"modelscope/spatial_relationship/an apple on the top of a sandwich, front view-0.mp4",0.0,success,1.247196,,
v_80b8bfaf246b3dd7cad7,spatial_relationship,test,"an apple on the top of a sandwich, front view",291,modelscope,"modelscope/spatial_relationship/an apple on the top of a sandwich, front view-1.mp4",0.050459006841018283,success,1.292099,,
v_b4ee73978dc482c4b9f9,spatial_relationship,test,"an apple on the top of a sandwich, front view",292,modelscope,"modelscope/spatial_relationship/an apple on the top of a sandwich, front view-2.mp4",0.0,success,1.221132,,
v_cfb8739e41abc2ad3593,spatial_relationship,test,"an apple on the top of a sandwich, front view",293,modelscope,"modelscope/spatial_relationship/an apple on the top of a sandwich, front view-3.mp4",0.0,success,1.498264,,
v_7640b9e7a7506375d411,spatial_relationship,test,"an apple on the top of a sandwich, front view",294,modelscope,"modelscope/spatial_relationship/an apple on the top of a sandwich, front view-4.mp4",0.0,success,1.334047,,
v_9f45345e4c2305beb689,spatial_relationship,test,"an elephant on the left of a bear, front view",80,modelscope,"modelscope/spatial_relationship/an elephant on the left of a bear, front view-0.mp4",1.0,success,1.301616,,
v_747212cd93e47952782f,spatial_relationship,test,"an elephant on the left of a bear, front view",81,modelscope,"modelscope/spatial_relationship/an elephant on the left of a bear, front view-1.mp4",0.19993238339354924,success,1.244397,,
v_30470fb855b0db755219,spatial_relationship,test,"an elephant on the left of a bear, front view",82,modelscope,"modelscope/spatial_relationship/an elephant on the left of a bear, front view-2.mp4",1.0,success,1.219643,,
v_f2dfcec56094fca706d6,spatial_relationship,test,"an elephant on the left of a bear, front view",83,modelscope,"modelscope/spatial_relationship/an elephant on the left of a bear, front view-3.mp4",0.6875,success,1.476220,,
v_a0eb2d244ba6a0b52945,spatial_relationship,test,"an elephant on the left of a bear, front view",84,modelscope,"modelscope/spatial_relationship/an elephant on the left of a bear, front view-4.mp4",0.6928588234596875,success,1.227367,,
v_527873cd3b75259810e2,spatial_relationship,dev,"an orange on the bottom of a carrot, front view",315,modelscope,"modelscope/spatial_relationship/an orange on the bottom of a carrot, front view-0.mp4",0.5,success,1.314118,,
v_fcb76249472561c7e857,spatial_relationship,dev,"an orange on the bottom of a carrot, front view",316,modelscope,"modelscope/spatial_relationship/an orange on the bottom of a carrot, front view-1.mp4",0.0,success,1.296098,,
v_38046d12dfe04931fe3d,spatial_relationship,dev,"an orange on the bottom of a carrot, front view",317,modelscope,"modelscope/spatial_relationship/an orange on the bottom of a carrot, front view-2.mp4",0.0,success,1.292336,,
v_d965795f550ce33ad3de,spatial_relationship,dev,"an orange on the bottom of a carrot, front view",318,modelscope,"modelscope/spatial_relationship/an orange on the bottom of a carrot, front view-3.mp4",0.14695895522388058,success,1.470684,,
v_77dd1e028e3eecb45416,spatial_relationship,dev,"an orange on the bottom of a carrot, front view",319,modelscope,"modelscope/spatial_relationship/an orange on the bottom of a carrot, front view-4.mp4",0.196410378477159,success,1.217974,,
v_a9ee4f3d2b2f53e14c00,spatial_relationship,dev,"an orange on the top of a carrot, front view",310,modelscope,"modelscope/spatial_relationship/an orange on the top of a carrot, front view-0.mp4",0.0,success,1.241918,,
v_73da8bdc42cf1b30ae9c,spatial_relationship,dev,"an orange on the top of a carrot, front view",311,modelscope,"modelscope/spatial_relationship/an orange on the top of a carrot, front view-1.mp4",0.0,success,1.287586,,
v_e69b36b3e1ef35442d7e,spatial_relationship,dev,"an orange on the top of a carrot, front view",312,modelscope,"modelscope/spatial_relationship/an orange on the top of a carrot, front view-2.mp4",0.0,success,1.262010,,
v_2b0e3b3dbb4a6f254cd7,spatial_relationship,dev,"an orange on the top of a carrot, front view",313,modelscope,"modelscope/spatial_relationship/an orange on the top of a carrot, front view-3.mp4",0.22473696437740942,success,1.447516,,
v_df277b46d3dadc4de7d6,spatial_relationship,dev,"an orange on the top of a carrot, front view",314,modelscope,"modelscope/spatial_relationship/an orange on the top of a carrot, front view-4.mp4",0.8289840999413208,success,1.405024,,
v_2bcedc26e72e253a9f73,spatial_relationship,test,"an oven on the bottom of a toaster, front view",255,modelscope,"modelscope/spatial_relationship/an oven on the bottom of a toaster, front view-0.mp4",0.0,success,1.260335,,
v_f02ff8aff09e525e1731,spatial_relationship,test,"an oven on the bottom of a toaster, front view",256,modelscope,"modelscope/spatial_relationship/an oven on the bottom of a toaster, front view-1.mp4",0.25,success,1.212441,,
v_c5c48f1490d4358385e6,spatial_relationship,test,"an oven on the bottom of a toaster, front view",257,modelscope,"modelscope/spatial_relationship/an oven on the bottom of a toaster, front view-2.mp4",0.0,success,1.264160,,
v_bd6f5eaa78025b0c5972,spatial_relationship,test,"an oven on the bottom of a toaster, front view",258,modelscope,"modelscope/spatial_relationship/an oven on the bottom of a toaster, front view-3.mp4",0.07524582451660443,success,1.454347,,
v_baa022faadf13090376f,spatial_relationship,test,"an oven on the bottom of a toaster, front view",259,modelscope,"modelscope/spatial_relationship/an oven on the bottom of a toaster, front view-4.mp4",0.0390016127248168,success,1.260016,,
v_394077ba785da54f8c8d,spatial_relationship,test,"an oven on the top of a toaster, front view",250,modelscope,"modelscope/spatial_relationship/an oven on the top of a toaster, front view-0.mp4",0.0,success,1.267818,,
v_17dbe494f80f476ead9b,spatial_relationship,test,"an oven on the top of a toaster, front view",251,modelscope,"modelscope/spatial_relationship/an oven on the top of a toaster, front view-1.mp4",0.618741029490419,success,1.255888,,
v_2fd59120b3c512510822,spatial_relationship,test,"an oven on the top of a toaster, front view",252,modelscope,"modelscope/spatial_relationship/an oven on the top of a toaster, front view-2.mp4",0.0,success,1.336615,,
v_27b13387911b7a00e1a1,spatial_relationship,test,"an oven on the top of a toaster, front view",253,modelscope,"modelscope/spatial_relationship/an oven on the top of a toaster, front view-3.mp4",0.0,success,1.270172,,
v_033acdc53ca3a41d3aff,spatial_relationship,test,"an oven on the top of a toaster, front view",254,modelscope,"modelscope/spatial_relationship/an oven on the top of a toaster, front view-4.mp4",0.0,success,1.263570,,
v_0bbd49cfef2b6f992c3e,spatial_relationship,test,"an umbrella inside of an open backpack, top view",450,modelscope,"modelscope/spatial_relationship/an umbrella inside of an open backpack, top view-0.mp4",,error,0.000023,ValueError: MissingOfficialSpatialMetadata: prompt absent from locked VBench 1.0 VBench_full_info.json,
v_93ecaf405891a02a6930,spatial_relationship,test,"an umbrella inside of an open backpack, top view",451,modelscope,"modelscope/spatial_relationship/an umbrella inside of an open backpack, top view-1.mp4",,error,0.000014,ValueError: MissingOfficialSpatialMetadata: prompt absent from locked VBench 1.0 VBench_full_info.json,
v_befd6a633cb4ddc45a3c,spatial_relationship,test,"an umbrella inside of an open backpack, top view",452,modelscope,"modelscope/spatial_relationship/an umbrella inside of an open backpack, top view-2.mp4",,error,0.000009,ValueError: MissingOfficialSpatialMetadata: prompt absent from locked VBench 1.0 VBench_full_info.json,
v_726b36ad3715f2096429,spatial_relationship,test,"an umbrella inside of an open backpack, top view",453,modelscope,"modelscope/spatial_relationship/an umbrella inside of an open backpack, top view-3.mp4",,error,0.000009,ValueError: MissingOfficialSpatialMetadata: prompt absent from locked VBench 1.0 VBench_full_info.json,
v_7b060e6f115ece6be278,spatial_relationship,test,"an umbrella inside of an open backpack, top view",454,modelscope,"modelscope/spatial_relationship/an umbrella inside of an open backpack, top view-4.mp4",,error,0.000011,ValueError: MissingOfficialSpatialMetadata: prompt absent from locked VBench 1.0 VBench_full_info.json,
v_9fe524dfcc387bdfbb03,spatial_relationship,dev,"an umbrella inside of an open handbag, top view",475,modelscope,"modelscope/spatial_relationship/an umbrella inside of an open handbag, top view-0.mp4",,error,0.000010,ValueError: MissingOfficialSpatialMetadata: prompt absent from locked VBench 1.0 VBench_full_info.json,
v_68dceedc1024c88628e0,spatial_relationship,dev,"an umbrella inside of an open handbag, top view",476,modelscope,"modelscope/spatial_relationship/an umbrella inside of an open handbag, top view-1.mp4",,error,0.000009,ValueError: MissingOfficialSpatialMetadata: prompt absent from locked VBench 1.0 VBench_full_info.json,
v_98fe080b46ffae9bfa79,spatial_relationship,dev,"an umbrella inside of an open handbag, top view",477,modelscope,"modelscope/spatial_relationship/an umbrella inside of an open handbag, top view-2.mp4",,error,0.000010,ValueError: MissingOfficialSpatialMetadata: prompt absent from locked VBench 1.0 VBench_full_info.json,
v_9911e4aeac148d5540a6,spatial_relationship,dev,"an umbrella inside of an open handbag, top view",478,modelscope,"modelscope/spatial_relationship/an umbrella inside of an open handbag, top view-3.mp4",,error,0.000009,ValueError: MissingOfficialSpatialMetadata: prompt absent from locked VBench 1.0 VBench_full_info.json,
v_049620543e35398b526a,spatial_relationship,dev,"an umbrella inside of an open handbag, top view",479,modelscope,"modelscope/spatial_relationship/an umbrella inside of an open handbag, top view-4.mp4",,error,0.000010,ValueError: MissingOfficialSpatialMetadata: prompt absent from locked VBench 1.0 VBench_full_info.json,
v_f7c1e2f443b0265ad7da,spatial_relationship,test,"an umbrella inside of an open suitcase, top view",500,modelscope,"modelscope/spatial_relationship/an umbrella inside of an open suitcase, top view-0.mp4",,error,0.000010,ValueError: MissingOfficialSpatialMetadata: prompt absent from locked VBench 1.0 VBench_full_info.json,
v_3e40c356388ad9f29c04,spatial_relationship,test,"an umbrella inside of an open suitcase, top view",501,modelscope,"modelscope/spatial_relationship/an umbrella inside of an open suitcase, top view-1.mp4",,error,0.000010,ValueError: MissingOfficialSpatialMetadata: prompt absent from locked VBench 1.0 VBench_full_info.json,
v_65108d2ecc06c4324a66,spatial_relationship,test,"an umbrella inside of an open suitcase, top view",502,modelscope,"modelscope/spatial_relationship/an umbrella inside of an open suitcase, top view-2.mp4",,error,0.000009,ValueError: MissingOfficialSpatialMetadata: prompt absent from locked VBench 1.0 VBench_full_info.json,
v_638fd323c756ef0d35a4,spatial_relationship,test,"an umbrella inside of an open suitcase, top view",503,modelscope,"modelscope/spatial_relationship/an umbrella inside of an open suitcase, top view-3.mp4",,error,0.000009,ValueError: MissingOfficialSpatialMetadata: prompt absent from locked VBench 1.0 VBench_full_info.json,
v_5ca907ecfadddeb03438,spatial_relationship,test,"an umbrella inside of an open suitcase, top view",504,modelscope,"modelscope/spatial_relationship/an umbrella inside of an open suitcase, top view-4.mp4",,error,0.000010,ValueError: MissingOfficialSpatialMetadata: prompt absent from locked VBench 1.0 VBench_full_info.json,
v_e73fd6f2978fd7d57814,spatial_relationship,test,"broccoli inside of a refrigerator with door open, front view",425,modelscope,"modelscope/spatial_relationship/broccoli inside of a refrigerator with door open, front view-0.mp4",,error,0.000014,ValueError: MissingOfficialSpatialMetadata: prompt absent from locked VBench 1.0 VBench_full_info.json,
v_f9188226f8ea70857a1c,spatial_relationship,test,"broccoli inside of a refrigerator with door open, front view",426,modelscope,"modelscope/spatial_relationship/broccoli inside of a refrigerator with door open, front view-1.mp4",,error,0.000010,ValueError: MissingOfficialSpatialMetadata: prompt absent from locked VBench 1.0 VBench_full_info.json,
v_05b3e49c3553e8721b50,spatial_relationship,test,"broccoli inside of a refrigerator with door open, front view",427,modelscope,"modelscope/spatial_relationship/broccoli inside of a refrigerator with door open, front view-2.mp4",,error,0.000010,ValueError: MissingOfficialSpatialMetadata: prompt absent from locked VBench 1.0 VBench_full_info.json,
v_c2d67420e5e399b1d822,spatial_relationship,test,"broccoli inside of a refrigerator with door open, front view",428,modelscope,"modelscope/spatial_relationship/broccoli inside of a refrigerator with door open, front view-3.mp4",,error,0.000010,ValueError: MissingOfficialSpatialMetadata: prompt absent from locked VBench 1.0 VBench_full_info.json,
v_7ae11f27038b44a12861,spatial_relationship,test,"broccoli inside of a refrigerator with door open, front view",429,modelscope,"modelscope/spatial_relationship/broccoli inside of a refrigerator with door open, front view-4.mp4",,error,0.000010,ValueError: MissingOfficialSpatialMetadata: prompt absent from locked VBench 1.0 VBench_full_info.json,
v_8f951175034e8096c6a4,spatial_relationship,test,"broccoli on the bottom of a banana, front view",365,modelscope,"modelscope/spatial_relationship/broccoli on the bottom of a banana, front view-0.mp4",1.0,success,1.391417,,
v_e0b91b3eb4fba4439087,spatial_relationship,test,"broccoli on the bottom of a banana, front view",366,modelscope,"modelscope/spatial_relationship/broccoli on the bottom of a banana, front view-1.mp4",0.7627651725117617,success,1.340697,,
v_23dbc513c7e64224032c,spatial_relationship,test,"broccoli on the bottom of a banana, front view",367,modelscope,"modelscope/spatial_relationship/broccoli on the bottom of a banana, front view-2.mp4",0.8735465667676374,success,1.578111,,
v_f2234b8f56c666e4b78b,spatial_relationship,test,"broccoli on the bottom of a banana, front view",368,modelscope,"modelscope/spatial_relationship/broccoli on the bottom of a banana, front view-3.mp4",1.0,success,1.447756,,
v_e5958405860fc6749da9,spatial_relationship,test,"broccoli on the bottom of a banana, front view",369,modelscope,"modelscope/spatial_relationship/broccoli on the bottom of a banana, front view-4.mp4",1.0,success,1.418842,,
v_28b309c9105b03b38f55,spatial_relationship,test,"broccoli on the top of a banana, front view",360,modelscope,"modelscope/spatial_relationship/broccoli on the top of a banana, front view-0.mp4",1.0,success,1.558179,,
v_eed239b65326c7b76865,spatial_relationship,test,"broccoli on the top of a banana, front view",361,modelscope,"modelscope/spatial_relationship/broccoli on the top of a banana, front view-1.mp4",0.7963743993179362,success,1.361572,,
v_bc8b7655f5d508662997,spatial_relationship,test,"broccoli on the top of a banana, front view",362,modelscope,"modelscope/spatial_relationship/broccoli on the top of a banana, front view-2.mp4",1.0,success,1.436560,,
v_7e0353a804acc03e0785,spatial_relationship,test,"broccoli on the top of a banana, front view",363,modelscope,"modelscope/spatial_relationship/broccoli on the top of a banana, front view-3.mp4",1.0,success,1.547164,,
v_1c5b2292ad0ee21fb87e,spatial_relationship,test,"broccoli on the top of a banana, front view",364,modelscope,"modelscope/spatial_relationship/broccoli on the top of a banana, front view-4.mp4",1.0,success,1.534479,,
v_7c44509f502e4ee43b6a,spatial_relationship,test,"scissors on the left of a teddy bear, front view",155,modelscope,"modelscope/spatial_relationship/scissors on the left of a teddy bear, front view-0.mp4",0.0,success,1.308188,,
v_b9ce6ff629e39aa4776b,spatial_relationship,test,"scissors on the left of a teddy bear, front view",156,modelscope,"modelscope/spatial_relationship/scissors on the left of a teddy bear, front view-1.mp4",0.2189434214351781,success,1.354583,,
v_4f6f2b6a8622981bca8a,spatial_relationship,test,"scissors on the left of a teddy bear, front view",157,modelscope,"modelscope/spatial_relationship/scissors on the left of a teddy bear, front view-2.mp4",0.26952471162192626,success,1.459451,,
v_e8cd0fae799adccecae9,spatial_relationship,test,"scissors on the left of a teddy bear, front view",158,modelscope,"modelscope/spatial_relationship/scissors on the left of a teddy bear, front view-3.mp4",0.07009978031535324,success,1.263849,,
v_29d418118f597e5fde99,spatial_relationship,test,"scissors on the left of a teddy bear, front view",159,modelscope,"modelscope/spatial_relationship/scissors on the left of a teddy bear, front view-4.mp4",0.06971365177194895,success,1.337284,,
v_33dd5e061f99cbd5535e,spatial_relationship,dev,"skis on the bottom of a snowboard, front view",375,modelscope,"modelscope/spatial_relationship/skis on the bottom of a snowboard, front view-0.mp4",0.21185663793977394,success,1.259402,,
v_43a1c78805efdcf3f25f,spatial_relationship,dev,"skis on the bottom of a snowboard, front view",376,modelscope,"modelscope/spatial_relationship/skis on the bottom of a snowboard, front view-1.mp4",0.0,success,1.205589,,
v_3f7dae0a6adb22c6876f,spatial_relationship,dev,"skis on the bottom of a snowboard, front view",377,modelscope,"modelscope/spatial_relationship/skis on the bottom of a snowboard, front view-2.mp4",0.0,success,1.331408,,
v_35c73262884acec32f76,spatial_relationship,dev,"skis on the bottom of a snowboard, front view",378,modelscope,"modelscope/spatial_relationship/skis on the bottom of a snowboard, front view-3.mp4",0.0,success,1.503428,,
v_45da1532c135c64b4195,spatial_relationship,dev,"skis on the bottom of a snowboard, front view",379,modelscope,"modelscope/spatial_relationship/skis on the bottom of a snowboard, front view-4.mp4",0.0,success,1.273622,,
v_cf7f17da4156b395e0c4,spatial_relationship,test,"skis on the top of a snowboard, front view",370,modelscope,"modelscope/spatial_relationship/skis on the top of a snowboard, front view-0.mp4",0.8820695193245869,success,1.406773,,
v_301e5f78107092db45ff,spatial_relationship,test,"skis on the top of a snowboard, front view",371,modelscope,"modelscope/spatial_relationship/skis on the top of a snowboard, front view-1.mp4",0.10666037454799475,success,1.371340,,
v_b085a53f27d731f43887,spatial_relationship,test,"skis on the top of a snowboard, front view",372,modelscope,"modelscope/spatial_relationship/skis on the top of a snowboard, front view-2.mp4",0.06809594829193794,success,1.493108,,
v_97d84851ff2fea6194b7,spatial_relationship,test,"skis on the top of a snowboard, front view",373,modelscope,"modelscope/spatial_relationship/skis on the top of a snowboard, front view-3.mp4",0.0,success,1.322530,,
v_61b9069dd75ed0dc8c71,spatial_relationship,test,"skis on the top of a snowboard, front view",374,modelscope,"modelscope/spatial_relationship/skis on the top of a snowboard, front view-4.mp4",1.0,success,1.301536,,
v_1e24a6ba36426bffa5a9,spatial_relationship,test,"a banana on the bottom of an apple, front view",285,videocraft,"videocrafter/spatial_relationship/a banana on the bottom of an apple, front view-0.mp4",1.0,success,1.587759,,
v_64759ab9244a48a085dc,spatial_relationship,test,"a banana on the bottom of an apple, front view",286,videocraft,"videocrafter/spatial_relationship/a banana on the bottom of an apple, front view-1.mp4",1.0,success,1.410563,,
v_a4713bc67999a5875566,spatial_relationship,test,"a banana on the bottom of an apple, front view",287,videocraft,"videocrafter/spatial_relationship/a banana on the bottom of an apple, front view-2.mp4",1.0,success,1.359706,,
v_265096153e7ef1ecd61b,spatial_relationship,test,"a banana on the bottom of an apple, front view",288,videocraft,"videocrafter/spatial_relationship/a banana on the bottom of an apple, front view-3.mp4",1.0,success,1.524639,,
v_c87d424272bdc30f5108,spatial_relationship,test,"a banana on the bottom of an apple, front view",289,videocraft,"videocrafter/spatial_relationship/a banana on the bottom of an apple, front view-4.mp4",0.07523408239700374,success,1.427994,,
v_a38c34dbb86b3051038c,spatial_relationship,test,"a banana on the top of an apple, front view",280,videocraft,"videocrafter/spatial_relationship/a banana on the top of an apple, front view-0.mp4",1.0,success,1.594288,,
v_49138f9c60efa602e9ff,spatial_relationship,test,"a banana on the top of an apple, front view",281,videocraft,"videocrafter/spatial_relationship/a banana on the top of an apple, front view-1.mp4",1.0,success,1.356755,,
v_97948524abf564929da2,spatial_relationship,test,"a banana on the top of an apple, front view",282,videocraft,"videocrafter/spatial_relationship/a banana on the top of an apple, front view-2.mp4",1.0,success,1.407659,,
v_e2cef544cec7725a0893,spatial_relationship,test,"a banana on the top of an apple, front view",283,videocraft,"videocrafter/spatial_relationship/a banana on the top of an apple, front view-3.mp4",0.11420191851352911,success,1.606033,,
v_04935eac8bee72338646,spatial_relationship,test,"a banana on the top of an apple, front view",284,videocraft,"videocrafter/spatial_relationship/a banana on the top of an apple, front view-4.mp4",0.875,success,1.437118,,
v_85ad9bf0b52f4d7f99b3,spatial_relationship,test,"a baseball bat on the left of a baseball glove, front view",175,videocraft,"videocrafter/spatial_relationship/a baseball bat on the left of a baseball glove, front view-0.mp4",0.0,success,1.289835,,
v_ed5d88e634c6fa518341,spatial_relationship,test,"a baseball bat on the left of a baseball glove, front view",176,videocraft,"videocrafter/spatial_relationship/a baseball bat on the left of a baseball glove, front view-1.mp4",0.08607064494349032,success,1.356720,,
v_fa1c9eab65edc212f5f4,spatial_relationship,test,"a baseball bat on the left of a baseball glove, front view",177,videocraft,"videocrafter/spatial_relationship/a baseball bat on the left of a baseball glove, front view-2.mp4",0.0,success,1.359642,,
v_5d916a592180b07fa90a,spatial_relationship,test,"a baseball bat on the left of a baseball glove, front view",178,videocraft,"videocrafter/spatial_relationship/a baseball bat on the left of a baseball glove, front view-3.mp4",0.0,success,1.290816,,
v_b3d7168438ee7f3309c2,spatial_relationship,test,"a baseball bat on the left of a baseball glove, front view",179,videocraft,"videocrafter/spatial_relationship/a baseball bat on the left of a baseball glove, front view-4.mp4",0.017803861788617887,success,1.509789,,
v_73cd3a31240a7f4d2964,spatial_relationship,test,"a baseball glove on the right of a tennis racket, front view",180,videocraft,"videocrafter/spatial_relationship/a baseball glove on the right of a tennis racket, front view-0.mp4",0.07861548929618237,success,1.414589,,
v_cda14d160bcfcacdc7f0,spatial_relationship,test,"a baseball glove on the right of a tennis racket, front view",181,videocraft,"videocrafter/spatial_relationship/a baseball glove on the right of a tennis racket, front view-1.mp4",0.0,success,1.313396,,
v_e8df210d1fa7888bc91c,spatial_relationship,test,"a baseball glove on the right of a tennis racket, front view",182,videocraft,"videocrafter/spatial_relationship/a baseball glove on the right of a tennis racket, front view-2.mp4",0.0,success,1.312932,,
v_a2991a7272991d20200c,spatial_relationship,test,"a baseball glove on the right of a tennis racket, front view",183,videocraft,"videocrafter/spatial_relationship/a baseball glove on the right of a tennis racket, front view-3.mp4",0.0,success,1.457094,,
v_fa308b699803142667cf,spatial_relationship,test,"a baseball glove on the right of a tennis racket, front view",184,videocraft,"videocrafter/spatial_relationship/a baseball glove on the right of a tennis racket, front view-4.mp4",0.0,success,1.440981,,
v_55546678e70805da3fcf,spatial_relationship,dev,"a bear on the right of a zebra, front view",85,videocraft,"videocrafter/spatial_relationship/a bear on the right of a zebra, front view-0.mp4",0.6740708411478168,success,1.307491,,
v_6f2b1491d6a6aa7f1aaa,spatial_relationship,dev,"a bear on the right of a zebra, front view",86,videocraft,"videocrafter/spatial_relationship/a bear on the right of a zebra, front view-1.mp4",0.47281063194572537,success,1.370505,,
v_9b4f23b103abd7820ace,spatial_relationship,dev,"a bear on the right of a zebra, front view",87,videocraft,"videocrafter/spatial_relationship/a bear on the right of a zebra, front view-2.mp4",0.875,success,1.468320,,
v_a32246d1070d8334fe45,spatial_relationship,dev,"a bear on the right of a zebra, front view",88,videocraft,"videocrafter/spatial_relationship/a bear on the right of a zebra, front view-3.mp4",1.0,success,1.481961,,
v_b4468177a1848d547858,spatial_relationship,dev,"a bear on the right of a zebra, front view",89,videocraft,"videocrafter/spatial_relationship/a bear on the right of a zebra, front view-4.mp4",0.7052459869004114,success,1.430419,,
v_cbca3404f233a3945bf6,spatial_relationship,test,"a bed on the left of a tv, front view",220,videocraft,"videocrafter/spatial_relationship/a bed on the left of a tv, front view-0.mp4",1.0,success,1.581139,,
v_249a2339678345320140,spatial_relationship,test,"a bed on the left of a tv, front view",221,videocraft,"videocrafter/spatial_relationship/a bed on the left of a tv, front view-1.mp4",0.026970939867424243,success,1.341495,,
v_fa3be869df974ae10733,spatial_relationship,test,"a bed on the left of a tv, front view",222,videocraft,"videocrafter/spatial_relationship/a bed on the left of a tv, front view-2.mp4",0.0,success,1.329998,,
v_31f924d37ab7a7ecb14f,spatial_relationship,test,"a bed on the left of a tv, front view",223,videocraft,"videocrafter/spatial_relationship/a bed on the left of a tv, front view-3.mp4",0.0,success,1.349195,,
v_4869e36a31987b6fe6e3,spatial_relationship,test,"a bed on the left of a tv, front view",224,videocraft,"videocrafter/spatial_relationship/a bed on the left of a tv, front view-4.mp4",0.1875,success,1.269381,,
v_9fc16590db109b88223b,spatial_relationship,dev,"a bench on the left of a truck, front view",40,videocraft,"videocrafter/spatial_relationship/a bench on the left of a truck, front view-0.mp4",0.08684885424993338,success,1.489280,,
v_f8b56da548981f65bf03,spatial_relationship,dev,"a bench on the left of a truck, front view",41,videocraft,"videocrafter/spatial_relationship/a bench on the left of a truck, front view-1.mp4",0.0,success,1.378266,,
v_1ed72fdd28c7585abb56,spatial_relationship,dev,"a bench on the left of a truck, front view",42,videocraft,"videocrafter/spatial_relationship/a bench on the left of a truck, front view-2.mp4",0.4612966196483347,success,1.393219,,
v_24fb74dd82d3bb2162cc,spatial_relationship,dev,"a bench on the left of a truck, front view",43,videocraft,"videocrafter/spatial_relationship/a bench on the left of a truck, front view-3.mp4",0.0,success,1.471709,,
v_a4e39a8799ab36c223cc,spatial_relationship,dev,"a bench on the left of a truck, front view",44,videocraft,"videocrafter/spatial_relationship/a bench on the left of a truck, front view-4.mp4",0.0,success,1.592718,,
v_d6a6112a9aa4a9be36d9,spatial_relationship,dev,"a bicycle on the left of a car, front view",0,videocraft,"videocrafter/spatial_relationship/a bicycle on the left of a car, front view-0.mp4",0.0,success,1.522340,,
v_6ef8754a79ff701d7d0b,spatial_relationship,dev,"a bicycle on the left of a car, front view",1,videocraft,"videocrafter/spatial_relationship/a bicycle on the left of a car, front view-1.mp4",0.0,success,1.345323,,
v_a37a3400774c520ad251,spatial_relationship,dev,"a bicycle on the left of a car, front view",2,videocraft,"videocrafter/spatial_relationship/a bicycle on the left of a car, front view-2.mp4",0.28148983019720614,success,1.381792,,
v_6672b73a03bbe6947201,spatial_relationship,dev,"a bicycle on the left of a car, front view",3,videocraft,"videocrafter/spatial_relationship/a bicycle on the left of a car, front view-3.mp4",0.024122807017543862,success,1.484551,,
v_0f44138df6b0d094cc9f,spatial_relationship,dev,"a bicycle on the left of a car, front view",4,videocraft,"videocrafter/spatial_relationship/a bicycle on the left of a car, front view-4.mp4",0.44472680853386476,success,1.286790,,
v_91ba888d93e999fccec4,spatial_relationship,test,"a bird on the left of a cat, front view",50,videocraft,"videocrafter/spatial_relationship/a bird on the left of a cat, front view-0.mp4",0.0,success,1.542038,,
v_d063d759bea40ad80d31,spatial_relationship,test,"a bird on the left of a cat, front view",51,videocraft,"videocrafter/spatial_relationship/a bird on the left of a cat, front view-1.mp4",0.432628668354621,success,1.440692,,
v_ad7cec72528cd1b9f52a,spatial_relationship,test,"a bird on the left of a cat, front view",52,videocraft,"videocrafter/spatial_relationship/a bird on the left of a cat, front view-2.mp4",0.0,success,1.326175,,
v_cf6f0e93e8b51a657d24,spatial_relationship,test,"a bird on the left of a cat, front view",53,videocraft,"videocrafter/spatial_relationship/a bird on the left of a cat, front view-3.mp4",0.8125,success,1.307804,,
v_6907e76c96d436d4ed05,spatial_relationship,test,"a bird on the left of a cat, front view",54,videocraft,"videocrafter/spatial_relationship/a bird on the left of a cat, front view-4.mp4",0.0,success,1.264796,,
v_ebb0d4dc89c4dc3683b6,spatial_relationship,dev,"a boat on the left of an airplane, front view",245,videocraft,"videocrafter/spatial_relationship/a boat on the left of an airplane, front view-0.mp4",0.5709889083371641,success,1.374768,,
v_636bf72209cf27823553,spatial_relationship,dev,"a boat on the left of an airplane, front view",246,videocraft,"videocrafter/spatial_relationship/a boat on the left of an airplane, front view-1.mp4",0.09126253693130361,success,1.500196,,
v_4fa836a39470dbbc3fac,spatial_relationship,dev,"a boat on the left of an airplane, front view",247,videocraft,"videocrafter/spatial_relationship/a boat on the left of an airplane, front view-2.mp4",1.0,success,1.291758,,
v_887b5b0defd702f7935f,spatial_relationship,dev,"a boat on the left of an airplane, front view",248,videocraft,"videocrafter/spatial_relationship/a boat on the left of an airplane, front view-3.mp4",0.8777233479336297,success,1.345077,,
v_220684c6107ad31a819a,spatial_relationship,dev,"a boat on the left of an airplane, front view",249,videocraft,"videocrafter/spatial_relationship/a boat on the left of an airplane, front view-4.mp4",0.0625,success,1.277714,,
v_7f7b67646f00b315113c,spatial_relationship,test,"a book inside of an open backpack, top view",455,videocraft,"videocrafter/spatial_relationship/a book inside of an open backpack, top view-0.mp4",,error,0.000013,ValueError: MissingOfficialSpatialMetadata: prompt absent from locked VBench 1.0 VBench_full_info.json,
v_9f00dfbf0a074eb2acc4,spatial_relationship,test,"a book inside of an open backpack, top view",456,videocraft,"videocrafter/spatial_relationship/a book inside of an open backpack, top view-1.mp4",,error,0.000010,ValueError: MissingOfficialSpatialMetadata: prompt absent from locked VBench 1.0 VBench_full_info.json,
v_9ad878bd4e77b4c913c7,spatial_relationship,test,"a book inside of an open backpack, top view",457,videocraft,"videocrafter/spatial_relationship/a book inside of an open backpack, top view-2.mp4",,error,0.000010,ValueError: MissingOfficialSpatialMetadata: prompt absent from locked VBench 1.0 VBench_full_info.json,
v_8550111292995e0fcae7,spatial_relationship,test,"a book inside of an open backpack, top view",458,videocraft,"videocrafter/spatial_relationship/a book inside of an open backpack, top view-3.mp4",,error,0.000009,ValueError: MissingOfficialSpatialMetadata: prompt absent from locked VBench 1.0 VBench_full_info.json,
v_eeca8f9900dca5445a8d,spatial_relationship,test,"a book inside of an open backpack, top view",459,videocraft,"videocrafter/spatial_relationship/a book inside of an open backpack, top view-4.mp4",,error,0.000009,ValueError: MissingOfficialSpatialMetadata: prompt absent from locked VBench 1.0 VBench_full_info.json,
v_dc6d5104ed26ff74d740,spatial_relationship,test,"a book inside of an open handbag, top view",480,videocraft,"videocrafter/spatial_relationship/a book inside of an open handbag, top view-0.mp4",,error,0.000010,ValueError: MissingOfficialSpatialMetadata: prompt absent from locked VBench 1.0 VBench_full_info.json,
v_d628bbe19b486adc1799,spatial_relationship,test,"a book inside of an open handbag, top view",481,videocraft,"videocrafter/spatial_relationship/a book inside of an open handbag, top view-1.mp4",,error,0.000009,ValueError: MissingOfficialSpatialMetadata: prompt absent from locked VBench 1.0 VBench_full_info.json,
v_94667c4337d2f1bdeff2,spatial_relationship,test,"a book inside of an open handbag, top view",482,videocraft,"videocrafter/spatial_relationship/a book inside of an open handbag, top view-2.mp4",,error,0.000009,ValueError: MissingOfficialSpatialMetadata: prompt absent from locked VBench 1.0 VBench_full_info.json,
v_e6c635f2479db75da776,spatial_relationship,test,"a book inside of an open handbag, top view",483,videocraft,"videocrafter/spatial_relationship/a book inside of an open handbag, top view-3.mp4",,error,0.000009,ValueError: MissingOfficialSpatialMetadata: prompt absent from locked VBench 1.0 VBench_full_info.json,
v_ffde47f49f1a22214e84,spatial_relationship,test,"a book inside of an open handbag, top view",484,videocraft,"videocrafter/spatial_relationship/a book inside of an open handbag, top view-4.mp4",,error,0.000010,ValueError: MissingOfficialSpatialMetadata: prompt absent from locked VBench 1.0 VBench_full_info.json,
v_d57de8031bbc23fa0a3e,spatial_relationship,dev,"a book inside of an open suitcase, top view",505,videocraft,"videocrafter/spatial_relationship/a book inside of an open suitcase, top view-0.mp4",,error,0.000016,ValueError: MissingOfficialSpatialMetadata: prompt absent from locked VBench 1.0 VBench_full_info.json,
v_99e440dd4c3c972a6bce,spatial_relationship,dev,"a book inside of an open suitcase, top view",506,videocraft,"videocrafter/spatial_relationship/a book inside of an open suitcase, top view-1.mp4",,error,0.000010,ValueError: MissingOfficialSpatialMetadata: prompt absent from locked VBench 1.0 VBench_full_info.json,
v_cbff0cc2aa62e72107e5,spatial_relationship,dev,"a book inside of an open suitcase, top view",507,videocraft,"videocrafter/spatial_relationship/a book inside of an open suitcase, top view-2.mp4",,error,0.000010,ValueError: MissingOfficialSpatialMetadata: prompt absent from locked VBench 1.0 VBench_full_info.json,
v_c6f00c297da5d9d812af,spatial_relationship,dev,"a book inside of an open suitcase, top view",508,videocraft,"videocrafter/spatial_relationship/a book inside of an open suitcase, top view-3.mp4",,error,0.000010,ValueError: MissingOfficialSpatialMetadata: prompt absent from locked VBench 1.0 VBench_full_info.json,
v_855a6832a5c0da78e389,spatial_relationship,dev,"a book inside of an open suitcase, top view",509,videocraft,"videocrafter/spatial_relationship/a book inside of an open suitcase, top view-4.mp4",,error,0.000010,ValueError: MissingOfficialSpatialMetadata: prompt absent from locked VBench 1.0 VBench_full_info.json,
v_5183c2f8fdada45c7c68,spatial_relationship,test,"a bottle on the left of a wine glass, front view",100,videocraft,"videocrafter/spatial_relationship/a bottle on the left of a wine glass, front view-0.mp4",1.0,success,1.716472,,
v_8de44d896e16c187759d,spatial_relationship,test,"a bottle on the left of a wine glass, front view",101,videocraft,"videocrafter/spatial_relationship/a bottle on the left of a wine glass, front view-1.mp4",0.8125,success,1.371963,,
v_8def27f786cfd3d23b78,spatial_relationship,test,"a bottle on the left of a wine glass, front view",102,videocraft,"videocrafter/spatial_relationship/a bottle on the left of a wine glass, front view-2.mp4",1.0,success,1.416391,,
v_1f5f90231a32ba377c72,spatial_relationship,test,"a bottle on the left of a wine glass, front view",103,videocraft,"videocrafter/spatial_relationship/a bottle on the left of a wine glass, front view-3.mp4",0.6110192796627002,success,1.378862,,
v_693a58690dfbc568f185,spatial_relationship,test,"a bottle on the left of a wine glass, front view",104,videocraft,"videocrafter/spatial_relationship/a bottle on the left of a wine glass, front view-4.mp4",0.4778103182062299,success,1.528497,,
v_e2851769ca084429787f,spatial_relationship,test,"a bowl on the left of a bottle, front view",130,videocraft,"videocrafter/spatial_relationship/a bowl on the left of a bottle, front view-0.mp4",0.8481438033228559,success,1.401353,,
v_0e4ca586ddd3698174b8,spatial_relationship,test,"a bowl on the left of a bottle, front view",131,videocraft,"videocrafter/spatial_relationship/a bowl on the left of a bottle, front view-1.mp4",0.0,success,1.347102,,
v_0f66f6cc0d2219692a29,spatial_relationship,test,"a bowl on the left of a bottle, front view",132,videocraft,"videocrafter/spatial_relationship/a bowl on the left of a bottle, front view-2.mp4",1.0,success,1.416670,,
v_acc13afbabfc33b7b070,spatial_relationship,test,"a bowl on the left of a bottle, front view",133,videocraft,"videocrafter/spatial_relationship/a bowl on the left of a bottle, front view-3.mp4",0.0,success,1.594241,,
v_b93afa2923105e510e1c,spatial_relationship,test,"a bowl on the left of a bottle, front view",134,videocraft,"videocrafter/spatial_relationship/a bowl on the left of a bottle, front view-4.mp4",1.0,success,1.410762,,
v_a7b25ff89ee299cdbfae,spatial_relationship,test,"a bus on the right of a traffic light, front view",15,videocraft,"videocrafter/spatial_relationship/a bus on the right of a traffic light, front view-0.mp4",0.0,success,1.358243,,
v_bf1e2eb8524b217e05c6,spatial_relationship,test,"a bus on the right of a traffic light, front view",16,videocraft,"videocrafter/spatial_relationship/a bus on the right of a traffic light, front view-1.mp4",1.0,success,1.370017,,
v_67057598329f3267c166,spatial_relationship,test,"a bus on the right of a traffic light, front view",17,videocraft,"videocrafter/spatial_relationship/a bus on the right of a traffic light, front view-2.mp4",0.9805994892641234,success,1.502194,,
v_48ebaef04ea1f1e09655,spatial_relationship,test,"a bus on the right of a traffic light, front view",18,videocraft,"videocrafter/spatial_relationship/a bus on the right of a traffic light, front view-3.mp4",0.125,success,1.312612,,
v_2918cd78a3e62eb42e1e,spatial_relationship,test,"a bus on the right of a traffic light, front view",19,videocraft,"videocrafter/spatial_relationship/a bus on the right of a traffic light, front view-4.mp4",0.0,success,1.293448,,
v_f0cf46e098e8d2775ad4,spatial_relationship,test,"a cake inside of a refrigerator with door open, front view",445,videocraft,"videocrafter/spatial_relationship/a cake inside of a refrigerator with door open, front view-0.mp4",,error,0.000020,ValueError: MissingOfficialSpatialMetadata: prompt absent from locked VBench 1.0 VBench_full_info.json,
v_7df3826db06529f3bb17,spatial_relationship,test,"a cake inside of a refrigerator with door open, front view",446,videocraft,"videocrafter/spatial_relationship/a cake inside of a refrigerator with door open, front view-1.mp4",,error,0.000010,ValueError: MissingOfficialSpatialMetadata: prompt absent from locked VBench 1.0 VBench_full_info.json,
v_6de18de72012df640c97,spatial_relationship,test,"a cake inside of a refrigerator with door open, front view",447,videocraft,"videocrafter/spatial_relationship/a cake inside of a refrigerator with door open, front view-2.mp4",,error,0.000010,ValueError: MissingOfficialSpatialMetadata: prompt absent from locked VBench 1.0 VBench_full_info.json,
v_f075a9a2cdd6b16479d5,spatial_relationship,test,"a cake inside of a refrigerator with door open, front view",448,videocraft,"videocrafter/spatial_relationship/a cake inside of a refrigerator with door open, front view-3.mp4",,error,0.000009,ValueError: MissingOfficialSpatialMetadata: prompt absent from locked VBench 1.0 VBench_full_info.json,
v_52d41a9ab8478ab87025,spatial_relationship,test,"a cake inside of a refrigerator with door open, front view",449,videocraft,"videocrafter/spatial_relationship/a cake inside of a refrigerator with door open, front view-4.mp4",,error,0.000010,ValueError: MissingOfficialSpatialMetadata: prompt absent from locked VBench 1.0 VBench_full_info.json,
v_19acebff96b1cf159c82,spatial_relationship,dev,"a car on the right of a motorcycle, front view",5,videocraft,"videocrafter/spatial_relationship/a car on the right of a motorcycle, front view-0.mp4",0.598960134761146,success,1.322297,,
v_59dde78cf3bb6bae00d8,spatial_relationship,dev,"a car on the right of a motorcycle, front view",6,videocraft,"videocrafter/spatial_relationship/a car on the right of a motorcycle, front view-1.mp4",0.0,success,1.285764,,
v_ded17523163f2fd4afef,spatial_relationship,dev,"a car on the right of a motorcycle, front view",7,videocraft,"videocrafter/spatial_relationship/a car on the right of a motorcycle, front view-2.mp4",0.24544530672579454,success,1.553671,,
v_df150c81cdd9349275f2,spatial_relationship,dev,"a car on the right of a motorcycle, front view",8,videocraft,"videocrafter/spatial_relationship/a car on the right of a motorcycle, front view-3.mp4",0.12112234181378488,success,1.279257,,
v_2d2dbb8166237eff93be,spatial_relationship,dev,"a car on the right of a motorcycle, front view",9,videocraft,"videocrafter/spatial_relationship/a car on the right of a motorcycle, front view-4.mp4",0.34488998308015545,success,1.371405,,
v_44404c2125c896159941,spatial_relationship,dev,"a carrot inside of a refrigerator with door open, front view",430,videocraft,"videocrafter/spatial_relationship/a carrot inside of a refrigerator with door open, front view-0.mp4",,error,0.000023,ValueError: MissingOfficialSpatialMetadata: prompt absent from locked VBench 1.0 VBench_full_info.json,
v_4259c5bbde4f7c5ec5f1,spatial_relationship,dev,"a carrot inside of a refrigerator with door open, front view",431,videocraft,"videocrafter/spatial_relationship/a carrot inside of a refrigerator with door open, front view-1.mp4",,error,0.000010,ValueError: MissingOfficialSpatialMetadata: prompt absent from locked VBench 1.0 VBench_full_info.json,
v_147fc2bda5de297e1161,spatial_relationship,dev,"a carrot inside of a refrigerator with door open, front view",432,videocraft,"videocrafter/spatial_relationship/a carrot inside of a refrigerator with door open, front view-2.mp4",,error,0.000010,ValueError: MissingOfficialSpatialMetadata: prompt absent from locked VBench 1.0 VBench_full_info.json,
v_6c6ba4cd0dc898aa45c9,spatial_relationship,dev,"a carrot inside of a refrigerator with door open, front view",433,videocraft,"videocrafter/spatial_relationship/a carrot inside of a refrigerator with door open, front view-3.mp4",,error,0.000010,ValueError: MissingOfficialSpatialMetadata: prompt absent from locked VBench 1.0 VBench_full_info.json,
v_28807fe95192be2eba50,spatial_relationship,dev,"a carrot inside of a refrigerator with door open, front view",434,videocraft,"videocrafter/spatial_relationship/a carrot inside of a refrigerator with door open, front view-4.mp4",,error,0.000010,ValueError: MissingOfficialSpatialMetadata: prompt absent from locked VBench 1.0 VBench_full_info.json,
v_8949b2bd6a9605ee67ec,spatial_relationship,dev,"a carrot on the bottom of a hot dog, front view",325,videocraft,"videocrafter/spatial_relationship/a carrot on the bottom of a hot dog, front view-0.mp4",1.0,success,1.414980,,
v_bb2d241bf0625d2d6547,spatial_relationship,dev,"a carrot on the bottom of a hot dog, front view",326,videocraft,"videocrafter/spatial_relationship/a carrot on the bottom of a hot dog, front view-1.mp4",1.0,success,1.506120,,
v_b19fff5f6ec69cbddfec,spatial_relationship,dev,"a carrot on the bottom of a hot dog, front view",327,videocraft,"videocrafter/spatial_relationship/a carrot on the bottom of a hot dog, front view-2.mp4",0.875,success,1.433119,,
v_ed7496d7bf502a050f93,spatial_relationship,dev,"a carrot on the bottom of a hot dog, front view",328,videocraft,"videocrafter/spatial_relationship/a carrot on the bottom of a hot dog, front view-3.mp4",1.0,success,1.548801,,
v_0205c51a0995cf33cf72,spatial_relationship,dev,"a carrot on the bottom of a hot dog, front view",329,videocraft,"videocrafter/spatial_relationship/a carrot on the bottom of a hot dog, front view-4.mp4",0.5799954004080305,success,1.338664,,
v_973e8c44c1d097135cab,spatial_relationship,dev,"a carrot on the top of a hot dog, front view",320,videocraft,"videocrafter/spatial_relationship/a carrot on the top of a hot dog, front view-0.mp4",1.0,success,1.445195,,
v_98cd2cf074242d7afd06,spatial_relationship,dev,"a carrot on the top of a hot dog, front view",321,videocraft,"videocrafter/spatial_relationship/a carrot on the top of a hot dog, front view-1.mp4",0.3125,success,1.609356,,
v_3dac2e4721d712ce7b15,spatial_relationship,dev,"a carrot on the top of a hot dog, front view",322,videocraft,"videocrafter/spatial_relationship/a carrot on the top of a hot dog, front view-2.mp4",1.0,success,1.483649,,
v_8129d8bf2a683fe4627b,spatial_relationship,dev,"a carrot on the top of a hot dog, front view",323,videocraft,"videocrafter/spatial_relationship/a carrot on the top of a hot dog, front view-3.mp4",0.9499585198333076,success,1.429396,,
v_daf30e17a0c590cfae0e,spatial_relationship,dev,"a carrot on the top of a hot dog, front view",324,videocraft,"videocrafter/spatial_relationship/a carrot on the top of a hot dog, front view-4.mp4",0.6875,success,1.396113,,
v_d322be91434430923d56,spatial_relationship,test,"a cat on the right of a dog, front view",55,videocraft,"videocrafter/spatial_relationship/a cat on the right of a dog, front view-0.mp4",0.9891914527498283,success,1.442012,,
v_e6e0eab5e32917a66128,spatial_relationship,test,"a cat on the right of a dog, front view",56,videocraft,"videocrafter/spatial_relationship/a cat on the right of a dog, front view-1.mp4",0.0,success,1.333039,,
v_6a631c922182b8742cae,spatial_relationship,test,"a cat on the right of a dog, front view",57,videocraft,"videocrafter/spatial_relationship/a cat on the right of a dog, front view-2.mp4",0.9325600365372879,success,1.367545,,
v_879126f773a4660c7c88,spatial_relationship,test,"a cat on the right of a dog, front view",58,videocraft,"videocrafter/spatial_relationship/a cat on the right of a dog, front view-3.mp4",0.8688919821321957,success,1.367980,,
v_7450dba232ef50ca556e,spatial_relationship,test,"a cat on the right of a dog, front view",59,videocraft,"videocrafter/spatial_relationship/a cat on the right of a dog, front view-4.mp4",0.9375,success,1.464671,,
v_b04ccff9a65bf4f09365,spatial_relationship,test,"a cell phone inside of an open backpack, top view",465,videocraft,"videocrafter/spatial_relationship/a cell phone inside of an open backpack, top view-0.mp4",,error,0.000031,ValueError: MissingOfficialSpatialMetadata: prompt absent from locked VBench 1.0 VBench_full_info.json,
v_83f9fec0082bf5280ba1,spatial_relationship,test,"a cell phone inside of an open backpack, top view",466,videocraft,"videocrafter/spatial_relationship/a cell phone inside of an open backpack, top view-1.mp4",,error,0.000011,ValueError: MissingOfficialSpatialMetadata: prompt absent from locked VBench 1.0 VBench_full_info.json,
v_fe021495bd781cbc9ac0,spatial_relationship,test,"a cell phone inside of an open backpack, top view",467,videocraft,"videocrafter/spatial_relationship/a cell phone inside of an open backpack, top view-2.mp4",,error,0.000011,ValueError: MissingOfficialSpatialMetadata: prompt absent from locked VBench 1.0 VBench_full_info.json,
v_dec27c9347cce3cdefe8,spatial_relationship,test,"a cell phone inside of an open backpack, top view",468,videocraft,"videocrafter/spatial_relationship/a cell phone inside of an open backpack, top view-3.mp4",,error,0.000010,ValueError: MissingOfficialSpatialMetadata: prompt absent from locked VBench 1.0 VBench_full_info.json,
v_c7625e0329caa4122c9e,spatial_relationship,test,"a cell phone inside of an open backpack, top view",469,videocraft,"videocrafter/spatial_relationship/a cell phone inside of an open backpack, top view-4.mp4",,error,0.000011,ValueError: MissingOfficialSpatialMetadata: prompt absent from locked VBench 1.0 VBench_full_info.json,
v_ba197632e600be0be23b,spatial_relationship,test,"a cell phone inside of an open handbag, top view",490,videocraft,"videocrafter/spatial_relationship/a cell phone inside of an open handbag, top view-0.mp4",,error,0.000011,ValueError: MissingOfficialSpatialMetadata: prompt absent from locked VBench 1.0 VBench_full_info.json,
v_9dc55d212d7e7ad6c34d,spatial_relationship,test,"a cell phone inside of an open handbag, top view",491,videocraft,"videocrafter/spatial_relationship/a cell phone inside of an open handbag, top view-1.mp4",,error,0.000010,ValueError: MissingOfficialSpatialMetadata: prompt absent from locked VBench 1.0 VBench_full_info.json,
v_fc55b9afc43e6eee5b04,spatial_relationship,test,"a cell phone inside of an open handbag, top view",492,videocraft,"videocrafter/spatial_relationship/a cell phone inside of an open handbag, top view-2.mp4",,error,0.000010,ValueError: MissingOfficialSpatialMetadata: prompt absent from locked VBench 1.0 VBench_full_info.json,
v_76af1affe038ee638e50,spatial_relationship,test,"a cell phone inside of an open handbag, top view",493,videocraft,"videocrafter/spatial_relationship/a cell phone inside of an open handbag, top view-3.mp4",,error,0.000010,ValueError: MissingOfficialSpatialMetadata: prompt absent from locked VBench 1.0 VBench_full_info.json,
v_fa7118f4041b0d025add,spatial_relationship,test,"a cell phone inside of an open handbag, top view",494,videocraft,"videocrafter/spatial_relationship/a cell phone inside of an open handbag, top view-4.mp4",,error,0.000010,ValueError: MissingOfficialSpatialMetadata: prompt absent from locked VBench 1.0 VBench_full_info.json,
v_a049cc5a81e2adf7d672,spatial_relationship,dev,"a cell phone inside of an open suitcase, top view",515,videocraft,"videocrafter/spatial_relationship/a cell phone inside of an open suitcase, top view-0.mp4",,error,0.000010,ValueError: MissingOfficialSpatialMetadata: prompt absent from locked VBench 1.0 VBench_full_info.json,
v_6ab3a078200dc6c1349f,spatial_relationship,dev,"a cell phone inside of an open suitcase, top view",516,videocraft,"videocrafter/spatial_relationship/a cell phone inside of an open suitcase, top view-1.mp4",,error,0.000010,ValueError: MissingOfficialSpatialMetadata: prompt absent from locked VBench 1.0 VBench_full_info.json,
v_063b8fc30eea3ec2e4b5,spatial_relationship,dev,"a cell phone inside of an open suitcase, top view",517,videocraft,"videocrafter/spatial_relationship/a cell phone inside of an open suitcase, top view-2.mp4",,error,0.000010,ValueError: MissingOfficialSpatialMetadata: prompt absent from locked VBench 1.0 VBench_full_info.json,
v_7d474042dc521646d26a,spatial_relationship,dev,"a cell phone inside of an open suitcase, top view",518,videocraft,"videocrafter/spatial_relationship/a cell phone inside of an open suitcase, top view-3.mp4",,error,0.000010,ValueError: MissingOfficialSpatialMetadata: prompt absent from locked VBench 1.0 VBench_full_info.json,
v_16bc25ee55103509b902,spatial_relationship,dev,"a cell phone inside of an open suitcase, top view",519,videocraft,"videocrafter/spatial_relationship/a cell phone inside of an open suitcase, top view-4.mp4",,error,0.000010,ValueError: MissingOfficialSpatialMetadata: prompt absent from locked VBench 1.0 VBench_full_info.json,
v_4d7b68fe91b75ef8943c,spatial_relationship,test,"a chair on the left of a couch, front view",210,videocraft,"videocrafter/spatial_relationship/a chair on the left of a couch, front view-0.mp4",0.18917991818127608,success,1.658582,,
v_3e138b2dd1abfe29b684,spatial_relationship,test,"a chair on the left of a couch, front view",211,videocraft,"videocrafter/spatial_relationship/a chair on the left of a couch, front view-1.mp4",0.0,success,1.394794,,
v_4d80c7938035dea85ef1,spatial_relationship,test,"a chair on the left of a couch, front view",212,videocraft,"videocrafter/spatial_relationship/a chair on the left of a couch, front view-2.mp4",0.0,success,1.364832,,
v_fa5a7ebc61de51b01129,spatial_relationship,test,"a chair on the left of a couch, front view",213,videocraft,"videocrafter/spatial_relationship/a chair on the left of a couch, front view-3.mp4",0.0,success,1.407596,,
v_79aa052ec82fee398a07,spatial_relationship,test,"a chair on the left of a couch, front view",214,videocraft,"videocrafter/spatial_relationship/a chair on the left of a couch, front view-4.mp4",0.9007732915959252,success,1.291873,,
v_33c44535274b15022fc2,spatial_relationship,test,"a clock on the left of a vase, front view",145,videocraft,"videocrafter/spatial_relationship/a clock on the left of a vase, front view-0.mp4",0.0,success,1.561495,,
v_ccf43ebd8c29d67a968e,spatial_relationship,test,"a clock on the left of a vase, front view",146,videocraft,"videocrafter/spatial_relationship/a clock on the left of a vase, front view-1.mp4",0.0625,success,1.421386,,
v_46fd55fa92b74fa09b53,spatial_relationship,test,"a clock on the left of a vase, front view",147,videocraft,"videocrafter/spatial_relationship/a clock on the left of a vase, front view-2.mp4",0.0,success,1.363511,,
v_5c4309309b9462002e99,spatial_relationship,test,"a clock on the left of a vase, front view",148,videocraft,"videocrafter/spatial_relationship/a clock on the left of a vase, front view-3.mp4",1.0,success,1.295727,,
v_156d2a2011eab24a6546,spatial_relationship,test,"a clock on the left of a vase, front view",149,videocraft,"videocrafter/spatial_relationship/a clock on the left of a vase, front view-4.mp4",0.0,success,1.336215,,
v_eeaa682925cc93277a44,spatial_relationship,test,"a couch on the right of a bed, front view",215,videocraft,"videocrafter/spatial_relationship/a couch on the right of a bed, front view-0.mp4",0.22751434261119652,success,1.535855,,
v_92cb86ad91fd9de1a6b5,spatial_relationship,test,"a couch on the right of a bed, front view",216,videocraft,"videocrafter/spatial_relationship/a couch on the right of a bed, front view-1.mp4",0.6575187539982337,success,1.345768,,
v_a16f677834b2806e2991,spatial_relationship,test,"a couch on the right of a bed, front view",217,videocraft,"videocrafter/spatial_relationship/a couch on the right of a bed, front view-2.mp4",0.5625,success,1.445865,,
v_0838d7ec0fd10eba2b8a,spatial_relationship,test,"a couch on the right of a bed, front view",218,videocraft,"videocrafter/spatial_relationship/a couch on the right of a bed, front view-3.mp4",0.6875,success,1.334523,,
v_a3f827c1e211d9429db1,spatial_relationship,test,"a couch on the right of a bed, front view",219,videocraft,"videocrafter/spatial_relationship/a couch on the right of a bed, front view-4.mp4",0.375,success,1.479149,,
v_27ecb98917cddd89690f,spatial_relationship,dev,"a cow on the right of an elephant, front view",75,videocraft,"videocrafter/spatial_relationship/a cow on the right of an elephant, front view-0.mp4",0.9651660839160839,success,1.488249,,
v_c5c83ed1d4ce17c07475,spatial_relationship,dev,"a cow on the right of an elephant, front view",76,videocraft,"videocrafter/spatial_relationship/a cow on the right of an elephant, front view-1.mp4",0.5222243660698511,success,1.358535,,
v_a4674c905dfbdd6cdc81,spatial_relationship,dev,"a cow on the right of an elephant, front view",77,videocraft,"videocrafter/spatial_relationship/a cow on the right of an elephant, front view-2.mp4",0.5501523530258735,success,1.264925,,
v_4b89c90e48971e6952bb,spatial_relationship,dev,"a cow on the right of an elephant, front view",78,videocraft,"videocrafter/spatial_relationship/a cow on the right of an elephant, front view-3.mp4",0.38113436513766413,success,1.319193,,
v_1b55cd78ec4d592a070e,spatial_relationship,dev,"a cow on the right of an elephant, front view",79,videocraft,"videocrafter/spatial_relationship/a cow on the right of an elephant, front view-4.mp4",0.986926461345066,success,1.537764,,
v_bf27487c41bf352cddcd,spatial_relationship,dev,"a cup on the left of a fork, front view",110,videocraft,"videocrafter/spatial_relationship/a cup on the left of a fork, front view-0.mp4",0.0,success,1.305222,,
v_4a1d4805677b08f98b70,spatial_relationship,dev,"a cup on the left of a fork, front view",111,videocraft,"videocrafter/spatial_relationship/a cup on the left of a fork, front view-1.mp4",0.0,success,1.330231,,
v_4b8dc098b43b4472bd1a,spatial_relationship,dev,"a cup on the left of a fork, front view",112,videocraft,"videocrafter/spatial_relationship/a cup on the left of a fork, front view-2.mp4",0.3125,success,1.431308,,
v_07d34b6330b785240356,spatial_relationship,dev,"a cup on the left of a fork, front view",113,videocraft,"videocrafter/spatial_relationship/a cup on the left of a fork, front view-3.mp4",0.375,success,1.608969,,
v_be5c22c506c6c7850c20,spatial_relationship,dev,"a cup on the left of a fork, front view",114,videocraft,"videocrafter/spatial_relationship/a cup on the left of a fork, front view-4.mp4",0.13907768271654752,success,1.383967,,
v_6ce0dc0712d1285c3177,spatial_relationship,dev,"a dining table on the left of a chair, front view",230,videocraft,"videocrafter/spatial_relationship/a dining table on the left of a chair, front view-0.mp4",0.0625,success,1.383347,,
v_8f0fb83bf35b333b13aa,spatial_relationship,dev,"a dining table on the left of a chair, front view",231,videocraft,"videocrafter/spatial_relationship/a dining table on the left of a chair, front view-1.mp4",1.0,success,1.469595,,
v_aa6dc9daf95a465bea61,spatial_relationship,dev,"a dining table on the left of a chair, front view",232,videocraft,"videocrafter/spatial_relationship/a dining table on the left of a chair, front view-2.mp4",1.0,success,1.668770,,
v_86eaffb44ae279833e19,spatial_relationship,dev,"a dining table on the left of a chair, front view",233,videocraft,"videocrafter/spatial_relationship/a dining table on the left of a chair, front view-3.mp4",1.0,success,1.514196,,
v_5e25f6d6cb86779ff2bd,spatial_relationship,dev,"a dining table on the left of a chair, front view",234,videocraft,"videocrafter/spatial_relationship/a dining table on the left of a chair, front view-4.mp4",1.0,success,1.435596,,
v_8f4641b858c61e40c374,spatial_relationship,test,"a dog on the left of a horse, front view",60,videocraft,"videocrafter/spatial_relationship/a dog on the left of a horse, front view-0.mp4",0.5929384769377429,success,1.337937,,
v_2250860ab3e987835fe6,spatial_relationship,test,"a dog on the left of a horse, front view",61,videocraft,"videocrafter/spatial_relationship/a dog on the left of a horse, front view-1.mp4",0.1970932626219891,success,1.506613,,
v_bfb2a61943cfa5c7f692,spatial_relationship,test,"a dog on the left of a horse, front view",62,videocraft,"videocrafter/spatial_relationship/a dog on the left of a horse, front view-2.mp4",0.25,success,1.380779,,
v_04f8f9ad3e3cefb4018d,spatial_relationship,test,"a dog on the left of a horse, front view",63,videocraft,"videocrafter/spatial_relationship/a dog on the left of a horse, front view-3.mp4",0.625,success,1.378031,,
v_1fd7ec5fa3fc8a6d2fdb,spatial_relationship,test,"a dog on the left of a horse, front view",64,videocraft,"videocrafter/spatial_relationship/a dog on the left of a horse, front view-4.mp4",0.08639835007759536,success,1.384787,,
v_12fe170635565125795f,spatial_relationship,test,"a donut inside of a refrigerator with door open, front view",440,videocraft,"videocrafter/spatial_relationship/a donut inside of a refrigerator with door open, front view-0.mp4",,error,0.000029,ValueError: MissingOfficialSpatialMetadata: prompt absent from locked VBench 1.0 VBench_full_info.json,
v_3d668928e95a36f530b9,spatial_relationship,test,"a donut inside of a refrigerator with door open, front view",441,videocraft,"videocrafter/spatial_relationship/a donut inside of a refrigerator with door open, front view-1.mp4",,error,0.000010,ValueError: MissingOfficialSpatialMetadata: prompt absent from locked VBench 1.0 VBench_full_info.json,
v_9768c189361e8f7c77c3,spatial_relationship,test,"a donut inside of a refrigerator with door open, front view",442,videocraft,"videocrafter/spatial_relationship/a donut inside of a refrigerator with door open, front view-2.mp4",,error,0.000010,ValueError: MissingOfficialSpatialMetadata: prompt absent from locked VBench 1.0 VBench_full_info.json,
v_ae9ea25f04161add969c,spatial_relationship,test,"a donut inside of a refrigerator with door open, front view",443,videocraft,"videocrafter/spatial_relationship/a donut inside of a refrigerator with door open, front view-3.mp4",,error,0.000013,ValueError: MissingOfficialSpatialMetadata: prompt absent from locked VBench 1.0 VBench_full_info.json,
v_6303afda65645875ecef,spatial_relationship,test,"a donut inside of a refrigerator with door open, front view",444,videocraft,"videocrafter/spatial_relationship/a donut inside of a refrigerator with door open, front view-4.mp4",,error,0.000010,ValueError: MissingOfficialSpatialMetadata: prompt absent from locked VBench 1.0 VBench_full_info.json,
v_07ad115f1e398807a892,spatial_relationship,dev,"a donut on the bottom of broccoli, front view",355,videocraft,"videocrafter/spatial_relationship/a donut on the bottom of broccoli, front view-0.mp4",1.0,success,1.627782,,
v_09d1c8d3f2bc03c38fae,spatial_relationship,dev,"a donut on the bottom of broccoli, front view",356,videocraft,"videocrafter/spatial_relationship/a donut on the bottom of broccoli, front view-1.mp4",1.0,success,1.726035,,
v_28ca43b6482fc9fd997a,spatial_relationship,dev,"a donut on the bottom of broccoli, front view",357,videocraft,"videocrafter/spatial_relationship/a donut on the bottom of broccoli, front view-2.mp4",0.9268325939244503,success,1.493947,,
v_757e4ef4a84585d00814,spatial_relationship,dev,"a donut on the bottom of broccoli, front view",358,videocraft,"videocrafter/spatial_relationship/a donut on the bottom of broccoli, front view-3.mp4",0.6940584262282974,success,1.477507,,
v_40d393d841beef72eac6,spatial_relationship,dev,"a donut on the bottom of broccoli, front view",359,videocraft,"videocrafter/spatial_relationship/a donut on the bottom of broccoli, front view-4.mp4",1.0,success,1.681699,,
v_6bf666cc162e70673c52,spatial_relationship,test,"a donut on the top of broccoli, front view",350,videocraft,"videocrafter/spatial_relationship/a donut on the top of broccoli, front view-0.mp4",0.41674528301886793,success,1.452017,,
v_20869d6b01f04209110b,spatial_relationship,test,"a donut on the top of broccoli, front view",351,videocraft,"videocrafter/spatial_relationship/a donut on the top of broccoli, front view-1.mp4",0.6599022188587926,success,1.511259,,
v_50b168bfc3f70bc54f38,spatial_relationship,test,"a donut on the top of broccoli, front view",352,videocraft,"videocrafter/spatial_relationship/a donut on the top of broccoli, front view-2.mp4",0.7095074071687115,success,1.465225,,
v_abb7b3ae761190f16680,spatial_relationship,test,"a donut on the top of broccoli, front view",353,videocraft,"videocrafter/spatial_relationship/a donut on the top of broccoli, front view-3.mp4",0.9732009618842143,success,1.669990,,
v_1f020ef2c66a14e2bd75,spatial_relationship,test,"a donut on the top of broccoli, front view",354,videocraft,"videocrafter/spatial_relationship/a donut on the top of broccoli, front view-4.mp4",1.0,success,1.496120,,
v_1a413451856af1d24549,spatial_relationship,dev,"a fire hydrant on the right of a stop sign, front view",25,videocraft,"videocrafter/spatial_relationship/a fire hydrant on the right of a stop sign, front view-0.mp4",0.1875,success,1.335249,,
v_31bd6abcb8fa757e7ae7,spatial_relationship,dev,"a fire hydrant on the right of a stop sign, front view",26,videocraft,"videocrafter/spatial_relationship/a fire hydrant on the right of a stop sign, front view-1.mp4",1.0,success,1.366088,,
v_db36d42384e69a2009a0,spatial_relationship,dev,"a fire hydrant on the right of a stop sign, front view",27,videocraft,"videocrafter/spatial_relationship/a fire hydrant on the right of a stop sign, front view-2.mp4",0.0625,success,1.409274,,
v_e49c2b2c771a17a927c0,spatial_relationship,dev,"a fire hydrant on the right of a stop sign, front view",28,videocraft,"videocrafter/spatial_relationship/a fire hydrant on the right of a stop sign, front view-3.mp4",0.0,success,1.447185,,
v_f6c1f0e9fa2a187bb818,spatial_relationship,dev,"a fire hydrant on the right of a stop sign, front view",29,videocraft,"videocrafter/spatial_relationship/a fire hydrant on the right of a stop sign, front view-4.mp4",0.9375,success,1.495136,,
v_89c3d3758ac715f412a1,spatial_relationship,test,"a fork on the right of a knife, front view",115,videocraft,"videocrafter/spatial_relationship/a fork on the right of a knife, front view-0.mp4",0.0,success,1.309633,,
v_352ee1d3366dabe9069e,spatial_relationship,test,"a fork on the right of a knife, front view",116,videocraft,"videocrafter/spatial_relationship/a fork on the right of a knife, front view-1.mp4",0.21442801400158756,success,1.370739,,
v_176e3eb47408049c5fb3,spatial_relationship,test,"a fork on the right of a knife, front view",117,videocraft,"videocrafter/spatial_relationship/a fork on the right of a knife, front view-2.mp4",0.0,success,1.296556,,
v_7cc3f7ed08147e4bba06,spatial_relationship,test,"a fork on the right of a knife, front view",118,videocraft,"videocrafter/spatial_relationship/a fork on the right of a knife, front view-3.mp4",0.0625,success,1.557951,,
v_f8cb28a3fe8a06005bc3,spatial_relationship,test,"a fork on the right of a knife, front view",119,videocraft,"videocrafter/spatial_relationship/a fork on the right of a knife, front view-4.mp4",0.0,success,1.280002,,
v_9862821992de3773087e,spatial_relationship,dev,"a frisbee on the left of a sports ball, front view",165,videocraft,"videocrafter/spatial_relationship/a frisbee on the left of a sports ball, front view-0.mp4",0.0,success,1.345681,,
v_e11db19e561fdde02bd0,spatial_relationship,dev,"a frisbee on the left of a sports ball, front view",166,videocraft,"videocrafter/spatial_relationship/a frisbee on the left of a sports ball, front view-1.mp4",0.0,success,1.325815,,
v_af5ec6fa82b045613e73,spatial_relationship,dev,"a frisbee on the left of a sports ball, front view",167,videocraft,"videocrafter/spatial_relationship/a frisbee on the left of a sports ball, front view-2.mp4",0.021245874587458746,success,1.425305,,
v_ab6b9c13b503ff707f17,spatial_relationship,dev,"a frisbee on the left of a sports ball, front view",168,videocraft,"videocrafter/spatial_relationship/a frisbee on the left of a sports ball, front view-3.mp4",0.0,success,1.552609,,
v_9b7563516136705027db,spatial_relationship,dev,"a frisbee on the left of a sports ball, front view",169,videocraft,"videocrafter/spatial_relationship/a frisbee on the left of a sports ball, front view-4.mp4",0.0,success,1.377058,,
v_ae54a6ea4d6e7e643e50,spatial_relationship,dev,"a giraffe on the right of a bird, front view",95,videocraft,"videocrafter/spatial_relationship/a giraffe on the right of a bird, front view-0.mp4",0.8119451308777743,success,1.388412,,
v_1656d433ee084a343125,spatial_relationship,dev,"a giraffe on the right of a bird, front view",96,videocraft,"videocrafter/spatial_relationship/a giraffe on the right of a bird, front view-1.mp4",0.0,success,1.458411,,
v_20736c5d5eb1ba8653a2,spatial_relationship,dev,"a giraffe on the right of a bird, front view",97,videocraft,"videocrafter/spatial_relationship/a giraffe on the right of a bird, front view-2.mp4",0.125,success,1.579350,,
v_7cd18e3e4de12bcd3347,spatial_relationship,dev,"a giraffe on the right of a bird, front view",98,videocraft,"videocrafter/spatial_relationship/a giraffe on the right of a bird, front view-3.mp4",1.0,success,1.631796,,
v_ae37441237b2cf9c2537,spatial_relationship,dev,"a giraffe on the right of a bird, front view",99,videocraft,"videocrafter/spatial_relationship/a giraffe on the right of a bird, front view-4.mp4",0.0,success,1.435121,,
v_b47194705d647efd8c56,spatial_relationship,test,"a hair drier on the right of a toothbrush, front view",195,videocraft,"videocrafter/spatial_relationship/a hair drier on the right of a toothbrush, front view-0.mp4",0.75,success,1.421359,,
v_7fea8fcdfcbd6ba219e3,spatial_relationship,test,"a hair drier on the right of a toothbrush, front view",196,videocraft,"videocrafter/spatial_relationship/a hair drier on the right of a toothbrush, front view-1.mp4",0.0,success,1.634075,,
v_02d03f3d48bcfbe52576,spatial_relationship,test,"a hair drier on the right of a toothbrush, front view",197,videocraft,"videocrafter/spatial_relationship/a hair drier on the right of a toothbrush, front view-2.mp4",0.5625,success,1.554498,,
v_cfb2263e9cde8d29fc4b,spatial_relationship,test,"a hair drier on the right of a toothbrush, front view",198,videocraft,"videocrafter/spatial_relationship/a hair drier on the right of a toothbrush, front view-3.mp4",0.0,success,1.516999,,
v_9352fb97c6d6e11179c5,spatial_relationship,test,"a hair drier on the right of a toothbrush, front view",199,videocraft,"videocrafter/spatial_relationship/a hair drier on the right of a toothbrush, front view-4.mp4",0.0,success,1.564030,,
v_538e0388ebab6bc97aa6,spatial_relationship,test,"a horse on the right of a sheep, front view",65,videocraft,"videocrafter/spatial_relationship/a horse on the right of a sheep, front view-0.mp4",0.4899121377730927,success,1.464338,,
v_4356ce009ad54aca00b3,spatial_relationship,test,"a horse on the right of a sheep, front view",66,videocraft,"videocrafter/spatial_relationship/a horse on the right of a sheep, front view-1.mp4",0.5978762139580078,success,1.364263,,
v_4b7ee91e263418718122,spatial_relationship,test,"a horse on the right of a sheep, front view",67,videocraft,"videocrafter/spatial_relationship/a horse on the right of a sheep, front view-2.mp4",0.9885518127705628,success,1.402434,,
v_00b4e3926c60d06bea0d,spatial_relationship,test,"a horse on the right of a sheep, front view",68,videocraft,"videocrafter/spatial_relationship/a horse on the right of a sheep, front view-3.mp4",1.0,success,1.565857,,
v_61288a2ff73a80e9cd8c,spatial_relationship,test,"a horse on the right of a sheep, front view",69,videocraft,"videocrafter/spatial_relationship/a horse on the right of a sheep, front view-4.mp4",0.15974738633999538,success,1.492789,,
v_667dca193d02b664c935,spatial_relationship,dev,"a hot dog inside of a refrigerator with door open, front view",435,videocraft,"videocrafter/spatial_relationship/a hot dog inside of a refrigerator with door open, front view-0.mp4",,error,0.000018,ValueError: MissingOfficialSpatialMetadata: prompt absent from locked VBench 1.0 VBench_full_info.json,
v_ac56cbca242feb760156,spatial_relationship,dev,"a hot dog inside of a refrigerator with door open, front view",436,videocraft,"videocrafter/spatial_relationship/a hot dog inside of a refrigerator with door open, front view-1.mp4",,error,0.000010,ValueError: MissingOfficialSpatialMetadata: prompt absent from locked VBench 1.0 VBench_full_info.json,
v_4fa88667312c567ba3ad,spatial_relationship,dev,"a hot dog inside of a refrigerator with door open, front view",437,videocraft,"videocrafter/spatial_relationship/a hot dog inside of a refrigerator with door open, front view-2.mp4",,error,0.000009,ValueError: MissingOfficialSpatialMetadata: prompt absent from locked VBench 1.0 VBench_full_info.json,
v_7ae023ed37fb5e13935c,spatial_relationship,dev,"a hot dog inside of a refrigerator with door open, front view",438,videocraft,"videocrafter/spatial_relationship/a hot dog inside of a refrigerator with door open, front view-3.mp4",,error,0.000009,ValueError: MissingOfficialSpatialMetadata: prompt absent from locked VBench 1.0 VBench_full_info.json,
v_35ca885fa0619ffdceea,spatial_relationship,dev,"a hot dog inside of a refrigerator with door open, front view",439,videocraft,"videocrafter/spatial_relationship/a hot dog inside of a refrigerator with door open, front view-4.mp4",,error,0.000009,ValueError: MissingOfficialSpatialMetadata: prompt absent from locked VBench 1.0 VBench_full_info.json,
v_dd8beb8431a31269e09d,spatial_relationship,test,"a hot dog on the bottom of a pizza, front view",335,videocraft,"videocrafter/spatial_relationship/a hot dog on the bottom of a pizza, front view-0.mp4",0.6573694849479189,success,1.492476,,
v_8343de5f8dd8703812dc,spatial_relationship,test,"a hot dog on the bottom of a pizza, front view",336,videocraft,"videocrafter/spatial_relationship/a hot dog on the bottom of a pizza, front view-1.mp4",1.0,success,1.536342,,
v_7e8b62923356a63e9b50,spatial_relationship,test,"a hot dog on the bottom of a pizza, front view",337,videocraft,"videocrafter/spatial_relationship/a hot dog on the bottom of a pizza, front view-2.mp4",0.0,success,1.469868,,
v_40c42027d6ce89d16abb,spatial_relationship,test,"a hot dog on the bottom of a pizza, front view",338,videocraft,"videocrafter/spatial_relationship/a hot dog on the bottom of a pizza, front view-3.mp4",0.01820645905420992,success,1.579379,,
v_5bc9b540503a19182840,spatial_relationship,test,"a hot dog on the bottom of a pizza, front view",339,videocraft,"videocrafter/spatial_relationship/a hot dog on the bottom of a pizza, front view-4.mp4",0.09295221329679834,success,1.484359,,
v_53f79e4a9740ab24acff,spatial_relationship,dev,"a hot dog on the top of a pizza, front view",330,videocraft,"videocrafter/spatial_relationship/a hot dog on the top of a pizza, front view-0.mp4",0.0,success,1.404210,,
v_c58db8f669478a99fc45,spatial_relationship,dev,"a hot dog on the top of a pizza, front view",331,videocraft,"videocrafter/spatial_relationship/a hot dog on the top of a pizza, front view-1.mp4",0.0,success,1.408185,,
v_f540f1875c2760a62f14,spatial_relationship,dev,"a hot dog on the top of a pizza, front view",332,videocraft,"videocrafter/spatial_relationship/a hot dog on the top of a pizza, front view-2.mp4",0.0,success,1.642679,,
v_856d837bc569e97e44d5,spatial_relationship,dev,"a hot dog on the top of a pizza, front view",333,videocraft,"videocrafter/spatial_relationship/a hot dog on the top of a pizza, front view-3.mp4",0.0,success,1.709162,,
v_0960c00813e2053e8590,spatial_relationship,dev,"a hot dog on the top of a pizza, front view",334,videocraft,"videocrafter/spatial_relationship/a hot dog on the top of a pizza, front view-4.mp4",1.0,success,1.603064,,
v_7c718fc72175f1f70a23,spatial_relationship,test,"a kite on the bottom of a skateboard, front view",395,videocraft,"videocrafter/spatial_relationship/a kite on the bottom of a skateboard, front view-0.mp4",0.08458482321793553,success,1.515232,,
v_71c40ad7cc7a6bf60609,spatial_relationship,test,"a kite on the bottom of a skateboard, front view",396,videocraft,"videocrafter/spatial_relationship/a kite on the bottom of a skateboard, front view-1.mp4",0.09669854210760834,success,1.527758,,
v_674e8124c2c95eed3c9b,spatial_relationship,test,"a kite on the bottom of a skateboard, front view",397,videocraft,"videocrafter/spatial_relationship/a kite on the bottom of a skateboard, front view-2.mp4",0.0,success,1.694211,,
v_60b7a9c0c886c22b2658,spatial_relationship,test,"a kite on the bottom of a skateboard, front view",398,videocraft,"videocrafter/spatial_relationship/a kite on the bottom of a skateboard, front view-3.mp4",0.3125,success,1.513922,,
v_06c19d08c4177b93fad4,spatial_relationship,test,"a kite on the bottom of a skateboard, front view",399,videocraft,"videocrafter/spatial_relationship/a kite on the bottom of a skateboard, front view-4.mp4",0.08853853256584987,success,1.474402,,
v_298b89636ea1aa7407e4,spatial_relationship,test,"a kite on the top of a skateboard, front view",390,videocraft,"videocrafter/spatial_relationship/a kite on the top of a skateboard, front view-0.mp4",0.0,success,1.543205,,
v_3101b7d297e6a8134cdf,spatial_relationship,test,"a kite on the top of a skateboard, front view",391,videocraft,"videocrafter/spatial_relationship/a kite on the top of a skateboard, front view-1.mp4",0.0,success,1.533576,,
v_a1501fdfe7bea491dda8,spatial_relationship,test,"a kite on the top of a skateboard, front view",392,videocraft,"videocrafter/spatial_relationship/a kite on the top of a skateboard, front view-2.mp4",0.25,success,1.762996,,
v_3083682b9fe81d7b6f4d,spatial_relationship,test,"a kite on the top of a skateboard, front view",393,videocraft,"videocrafter/spatial_relationship/a kite on the top of a skateboard, front view-3.mp4",0.0,success,1.680041,,
v_adeca5e93da45c982279,spatial_relationship,test,"a kite on the top of a skateboard, front view",394,videocraft,"videocrafter/spatial_relationship/a kite on the top of a skateboard, front view-4.mp4",0.5625,success,1.587797,,
v_3ac69fa2110a826b87fd,spatial_relationship,test,"a knife on the left of a spoon, front view",120,videocraft,"videocrafter/spatial_relationship/a knife on the left of a spoon, front view-0.mp4",0.0,success,1.470155,,
v_5fdf75debd81724814cb,spatial_relationship,test,"a knife on the left of a spoon, front view",121,videocraft,"videocrafter/spatial_relationship/a knife on the left of a spoon, front view-1.mp4",0.26332151300236406,success,1.571317,,
v_20e26c20dbea3bf286fa,spatial_relationship,test,"a knife on the left of a spoon, front view",122,videocraft,"videocrafter/spatial_relationship/a knife on the left of a spoon, front view-2.mp4",0.0398433864612298,success,1.689302,,
v_2da8ced655c696e7b416,spatial_relationship,test,"a knife on the left of a spoon, front view",123,videocraft,"videocrafter/spatial_relationship/a knife on the left of a spoon, front view-3.mp4",0.0,success,1.575563,,
v_f0c11cc94934c0c86c41,spatial_relationship,test,"a knife on the left of a spoon, front view",124,videocraft,"videocrafter/spatial_relationship/a knife on the left of a spoon, front view-4.mp4",0.10796322997782386,success,1.563531,,
v_be2dd04bc876f7b3e35b,spatial_relationship,dev,"a laptop inside of an open backpack, top view",460,videocraft,"videocrafter/spatial_relationship/a laptop inside of an open backpack, top view-0.mp4",,error,0.000012,ValueError: MissingOfficialSpatialMetadata: prompt absent from locked VBench 1.0 VBench_full_info.json,
v_427dd074ae02711b660d,spatial_relationship,dev,"a laptop inside of an open backpack, top view",461,videocraft,"videocrafter/spatial_relationship/a laptop inside of an open backpack, top view-1.mp4",,error,0.000018,ValueError: MissingOfficialSpatialMetadata: prompt absent from locked VBench 1.0 VBench_full_info.json,
v_636616e70208f48a7aab,spatial_relationship,dev,"a laptop inside of an open backpack, top view",462,videocraft,"videocrafter/spatial_relationship/a laptop inside of an open backpack, top view-2.mp4",,error,0.000010,ValueError: MissingOfficialSpatialMetadata: prompt absent from locked VBench 1.0 VBench_full_info.json,
v_83ab89ea12a4ec86df9a,spatial_relationship,dev,"a laptop inside of an open backpack, top view",463,videocraft,"videocrafter/spatial_relationship/a laptop inside of an open backpack, top view-3.mp4",,error,0.000010,ValueError: MissingOfficialSpatialMetadata: prompt absent from locked VBench 1.0 VBench_full_info.json,
v_76a07d72917e239ca76c,spatial_relationship,dev,"a laptop inside of an open backpack, top view",464,videocraft,"videocrafter/spatial_relationship/a laptop inside of an open backpack, top view-4.mp4",,error,0.000010,ValueError: MissingOfficialSpatialMetadata: prompt absent from locked VBench 1.0 VBench_full_info.json,
v_c4d68a7f120569bfeef9,spatial_relationship,test,"a laptop inside of an open handbag, top view",485,videocraft,"videocrafter/spatial_relationship/a laptop inside of an open handbag, top view-0.mp4",,error,0.000010,ValueError: MissingOfficialSpatialMetadata: prompt absent from locked VBench 1.0 VBench_full_info.json,
v_017e63604293902c096a,spatial_relationship,test,"a laptop inside of an open handbag, top view",486,videocraft,"videocrafter/spatial_relationship/a laptop inside of an open handbag, top view-1.mp4",,error,0.000010,ValueError: MissingOfficialSpatialMetadata: prompt absent from locked VBench 1.0 VBench_full_info.json,
v_b7827f0ae49f1a009133,spatial_relationship,test,"a laptop inside of an open handbag, top view",487,videocraft,"videocrafter/spatial_relationship/a laptop inside of an open handbag, top view-2.mp4",,error,0.000010,ValueError: MissingOfficialSpatialMetadata: prompt absent from locked VBench 1.0 VBench_full_info.json,
v_0ed2b981434825a1e9bc,spatial_relationship,test,"a laptop inside of an open handbag, top view",488,videocraft,"videocrafter/spatial_relationship/a laptop inside of an open handbag, top view-3.mp4",,error,0.000010,ValueError: MissingOfficialSpatialMetadata: prompt absent from locked VBench 1.0 VBench_full_info.json,
v_2acd0668a5161ac7b2e5,spatial_relationship,test,"a laptop inside of an open handbag, top view",489,videocraft,"videocrafter/spatial_relationship/a laptop inside of an open handbag, top view-4.mp4",,error,0.000010,ValueError: MissingOfficialSpatialMetadata: prompt absent from locked VBench 1.0 VBench_full_info.json,
v_af57f4f47e37e804a2a6,spatial_relationship,test,"a laptop inside of an open suitcase, top view",510,videocraft,"videocrafter/spatial_relationship/a laptop inside of an open suitcase, top view-0.mp4",,error,0.000010,ValueError: MissingOfficialSpatialMetadata: prompt absent from locked VBench 1.0 VBench_full_info.json,
v_30da20a2c62b4caa322c,spatial_relationship,test,"a laptop inside of an open suitcase, top view",511,videocraft,"videocrafter/spatial_relationship/a laptop inside of an open suitcase, top view-1.mp4",,error,0.000010,ValueError: MissingOfficialSpatialMetadata: prompt absent from locked VBench 1.0 VBench_full_info.json,
v_b73212803a6131029753,spatial_relationship,test,"a laptop inside of an open suitcase, top view",512,videocraft,"videocrafter/spatial_relationship/a laptop inside of an open suitcase, top view-2.mp4",,error,0.000010,ValueError: MissingOfficialSpatialMetadata: prompt absent from locked VBench 1.0 VBench_full_info.json,
v_8f9d079dd9805162b307,spatial_relationship,test,"a laptop inside of an open suitcase, top view",513,videocraft,"videocrafter/spatial_relationship/a laptop inside of an open suitcase, top view-3.mp4",,error,0.000010,ValueError: MissingOfficialSpatialMetadata: prompt absent from locked VBench 1.0 VBench_full_info.json,
v_f5df28784e641b44de2e,spatial_relationship,test,"a laptop inside of an open suitcase, top view",514,videocraft,"videocrafter/spatial_relationship/a laptop inside of an open suitcase, top view-4.mp4",,error,0.000010,ValueError: MissingOfficialSpatialMetadata: prompt absent from locked VBench 1.0 VBench_full_info.json,
v_2934f0a4a8c81cf1702b,spatial_relationship,dev,"a microwave on the bottom of an oven, front view",275,videocraft,"videocrafter/spatial_relationship/a microwave on the bottom of an oven, front view-0.mp4",0.0,success,1.450376,,
v_0c040545e02a9c365e59,spatial_relationship,dev,"a microwave on the bottom of an oven, front view",276,videocraft,"videocrafter/spatial_relationship/a microwave on the bottom of an oven, front view-1.mp4",0.0,success,1.578674,,
v_954c6fa258ea4caecc6b,spatial_relationship,dev,"a microwave on the bottom of an oven, front view",277,videocraft,"videocrafter/spatial_relationship/a microwave on the bottom of an oven, front view-2.mp4",0.0,success,1.614242,,
v_66c8a66be86a5a506e6e,spatial_relationship,dev,"a microwave on the bottom of an oven, front view",278,videocraft,"videocrafter/spatial_relationship/a microwave on the bottom of an oven, front view-3.mp4",0.0,success,1.425312,,
v_1782926da1a31df464da,spatial_relationship,dev,"a microwave on the bottom of an oven, front view",279,videocraft,"videocrafter/spatial_relationship/a microwave on the bottom of an oven, front view-4.mp4",0.0,success,1.451134,,
v_f582b90fc4c8ae91e364,spatial_relationship,dev,"a microwave on the top of an oven, front view",270,videocraft,"videocrafter/spatial_relationship/a microwave on the top of an oven, front view-0.mp4",0.0,success,1.460287,,
v_5ec7d376e1685d18324d,spatial_relationship,dev,"a microwave on the top of an oven, front view",271,videocraft,"videocrafter/spatial_relationship/a microwave on the top of an oven, front view-1.mp4",0.0,success,1.510880,,
v_59279226fa8dc902caf8,spatial_relationship,dev,"a microwave on the top of an oven, front view",272,videocraft,"videocrafter/spatial_relationship/a microwave on the top of an oven, front view-2.mp4",0.27737602039543985,success,1.501371,,
v_26b99c13edcdcb4956df,spatial_relationship,dev,"a microwave on the top of an oven, front view",273,videocraft,"videocrafter/spatial_relationship/a microwave on the top of an oven, front view-3.mp4",0.6814833750122269,success,1.391378,,
v_cdcd293a2d9914fad705,spatial_relationship,dev,"a microwave on the top of an oven, front view",274,videocraft,"videocrafter/spatial_relationship/a microwave on the top of an oven, front view-4.mp4",0.0,success,1.506476,,
v_af1848630a4b1c8428eb,spatial_relationship,dev,"a motorcycle on the left of a bus, front view",10,videocraft,"videocrafter/spatial_relationship/a motorcycle on the left of a bus, front view-0.mp4",0.0,success,1.503697,,
v_917883bd5ce134ffc5c2,spatial_relationship,dev,"a motorcycle on the left of a bus, front view",11,videocraft,"videocrafter/spatial_relationship/a motorcycle on the left of a bus, front view-1.mp4",0.03867662215029979,success,1.499803,,
v_74abdb7175990ab76db6,spatial_relationship,dev,"a motorcycle on the left of a bus, front view",12,videocraft,"videocrafter/spatial_relationship/a motorcycle on the left of a bus, front view-2.mp4",0.1875,success,1.425559,,
v_d018e09cbf8c86186ff2,spatial_relationship,dev,"a motorcycle on the left of a bus, front view",13,videocraft,"videocrafter/spatial_relationship/a motorcycle on the left of a bus, front view-3.mp4",0.125,success,1.364130,,
v_1872692c659114ffe87e,spatial_relationship,dev,"a motorcycle on the left of a bus, front view",14,videocraft,"videocrafter/spatial_relationship/a motorcycle on the left of a bus, front view-4.mp4",1.0,success,1.503138,,
v_ecf00f0516adcb2741ed,spatial_relationship,test,"a parking meter on the right of a bench, front view",35,videocraft,"videocrafter/spatial_relationship/a parking meter on the right of a bench, front view-0.mp4",0.0,success,1.606288,,
v_513c735aee2820c0122a,spatial_relationship,test,"a parking meter on the right of a bench, front view",36,videocraft,"videocrafter/spatial_relationship/a parking meter on the right of a bench, front view-1.mp4",0.032525252525252527,success,1.639749,,
v_63b9afb803c404079699,spatial_relationship,test,"a parking meter on the right of a bench, front view",37,videocraft,"videocrafter/spatial_relationship/a parking meter on the right of a bench, front view-2.mp4",0.25,success,1.458718,,
v_d41f7e018fbc56328273,spatial_relationship,test,"a parking meter on the right of a bench, front view",38,videocraft,"videocrafter/spatial_relationship/a parking meter on the right of a bench, front view-3.mp4",0.0,success,1.491762,,
v_ccc27ea145bd16cc52f9,spatial_relationship,test,"a parking meter on the right of a bench, front view",39,videocraft,"videocrafter/spatial_relationship/a parking meter on the right of a bench, front view-4.mp4",0.125,success,1.436844,,
v_161e663c29a18daabbeb,spatial_relationship,test,"a person inside of a bus, front view",530,videocraft,"videocrafter/spatial_relationship/a person inside of a bus, front view-0.mp4",,error,0.000020,ValueError: MissingOfficialSpatialMetadata: prompt absent from locked VBench 1.0 VBench_full_info.json,
v_eb822f87136b31abc4d7,spatial_relationship,test,"a person inside of a bus, front view",531,videocraft,"videocrafter/spatial_relationship/a person inside of a bus, front view-1.mp4",,error,0.000010,ValueError: MissingOfficialSpatialMetadata: prompt absent from locked VBench 1.0 VBench_full_info.json,
v_150bbbe19caa10cf4014,spatial_relationship,test,"a person inside of a bus, front view",532,videocraft,"videocrafter/spatial_relationship/a person inside of a bus, front view-2.mp4",,error,0.000010,ValueError: MissingOfficialSpatialMetadata: prompt absent from locked VBench 1.0 VBench_full_info.json,
v_a1455325c49d144c2f18,spatial_relationship,test,"a person inside of a bus, front view",533,videocraft,"videocrafter/spatial_relationship/a person inside of a bus, front view-3.mp4",,error,0.000010,ValueError: MissingOfficialSpatialMetadata: prompt absent from locked VBench 1.0 VBench_full_info.json,
v_a3d974db926ad02b39a4,spatial_relationship,test,"a person inside of a bus, front view",534,videocraft,"videocrafter/spatial_relationship/a person inside of a bus, front view-4.mp4",,error,0.000009,ValueError: MissingOfficialSpatialMetadata: prompt absent from locked VBench 1.0 VBench_full_info.json,
v_a39dc1444e7756848f1d,spatial_relationship,dev,"a person inside of a car, front view",525,videocraft,"videocrafter/spatial_relationship/a person inside of a car, front view-0.mp4",,error,0.000009,ValueError: MissingOfficialSpatialMetadata: prompt absent from locked VBench 1.0 VBench_full_info.json,
v_5225378c5799be7d0772,spatial_relationship,dev,"a person inside of a car, front view",526,videocraft,"videocrafter/spatial_relationship/a person inside of a car, front view-1.mp4",,error,0.000009,ValueError: MissingOfficialSpatialMetadata: prompt absent from locked VBench 1.0 VBench_full_info.json,
v_7df0c7cb1f428029c01b,spatial_relationship,dev,"a person inside of a car, front view",527,videocraft,"videocrafter/spatial_relationship/a person inside of a car, front view-2.mp4",,error,0.000010,ValueError: MissingOfficialSpatialMetadata: prompt absent from locked VBench 1.0 VBench_full_info.json,
v_9743460c67fe56541b07,spatial_relationship,dev,"a person inside of a car, front view",528,videocraft,"videocrafter/spatial_relationship/a person inside of a car, front view-3.mp4",,error,0.000009,ValueError: MissingOfficialSpatialMetadata: prompt absent from locked VBench 1.0 VBench_full_info.json,
v_8a94cc1c80a160b66d1f,spatial_relationship,dev,"a person inside of a car, front view",529,videocraft,"videocrafter/spatial_relationship/a person inside of a car, front view-4.mp4",,error,0.000009,ValueError: MissingOfficialSpatialMetadata: prompt absent from locked VBench 1.0 VBench_full_info.json,
v_babdc88901364b011d43,spatial_relationship,test,"a person inside of a train, front view",535,videocraft,"videocrafter/spatial_relationship/a person inside of a train, front view-0.mp4",,error,0.000009,ValueError: MissingOfficialSpatialMetadata: prompt absent from locked VBench 1.0 VBench_full_info.json,
v_4a0f6d35552aa93766a0,spatial_relationship,test,"a person inside of a train, front view",536,videocraft,"videocrafter/spatial_relationship/a person inside of a train, front view-1.mp4",,error,0.000009,ValueError: MissingOfficialSpatialMetadata: prompt absent from locked VBench 1.0 VBench_full_info.json,
v_f0f1d536b6964f5c09f4,spatial_relationship,test,"a person inside of a train, front view",537,videocraft,"videocrafter/spatial_relationship/a person inside of a train, front view-2.mp4",,error,0.000010,ValueError: MissingOfficialSpatialMetadata: prompt absent from locked VBench 1.0 VBench_full_info.json,
v_181896f03b4833c9c4df,spatial_relationship,test,"a person inside of a train, front view",538,videocraft,"videocrafter/spatial_relationship/a person inside of a train, front view-3.mp4",,error,0.000009,ValueError: MissingOfficialSpatialMetadata: prompt absent from locked VBench 1.0 VBench_full_info.json,
v_2f46edb08072edf0741e,spatial_relationship,test,"a person inside of a train, front view",539,videocraft,"videocrafter/spatial_relationship/a person inside of a train, front view-4.mp4",,error,0.000010,ValueError: MissingOfficialSpatialMetadata: prompt absent from locked VBench 1.0 VBench_full_info.json,
v_0ae47f4a7693d4ea2f52,spatial_relationship,dev,"a pizza on the bottom of a donut, front view",345,videocraft,"videocrafter/spatial_relationship/a pizza on the bottom of a donut, front view-0.mp4",0.0,success,1.442750,,
v_254b19b3f3ec36783eb0,spatial_relationship,dev,"a pizza on the bottom of a donut, front view",346,videocraft,"videocrafter/spatial_relationship/a pizza on the bottom of a donut, front view-1.mp4",0.0,success,1.462203,,
v_73b1919c9a91be116517,spatial_relationship,dev,"a pizza on the bottom of a donut, front view",347,videocraft,"videocrafter/spatial_relationship/a pizza on the bottom of a donut, front view-2.mp4",0.8927259610575449,success,1.470748,,
v_0e97c115fabc7ac57175,spatial_relationship,dev,"a pizza on the bottom of a donut, front view",348,videocraft,"videocrafter/spatial_relationship/a pizza on the bottom of a donut, front view-3.mp4",1.0,success,1.482832,,
v_b16082435f3508aefc8a,spatial_relationship,dev,"a pizza on the bottom of a donut, front view",349,videocraft,"videocrafter/spatial_relationship/a pizza on the bottom of a donut, front view-4.mp4",0.0,success,1.447924,,
v_2499e11581acf58d5a79,spatial_relationship,dev,"a pizza on the top of a donut, front view",340,videocraft,"videocrafter/spatial_relationship/a pizza on the top of a donut, front view-0.mp4",0.0625,success,1.577742,,
v_4ebb7621c0f2b044a738,spatial_relationship,dev,"a pizza on the top of a donut, front view",341,videocraft,"videocrafter/spatial_relationship/a pizza on the top of a donut, front view-1.mp4",0.04841141094623545,success,1.581949,,
v_ccb074e484ab13bc36a1,spatial_relationship,dev,"a pizza on the top of a donut, front view",342,videocraft,"videocrafter/spatial_relationship/a pizza on the top of a donut, front view-2.mp4",0.4375,success,1.494028,,
v_00797115704c3ef55272,spatial_relationship,dev,"a pizza on the top of a donut, front view",343,videocraft,"videocrafter/spatial_relationship/a pizza on the top of a donut, front view-3.mp4",0.25,success,1.404027,,
v_5c51a6a125a87b898ab7,spatial_relationship,dev,"a pizza on the top of a donut, front view",344,videocraft,"videocrafter/spatial_relationship/a pizza on the top of a donut, front view-4.mp4",0.0,success,1.638113,,
v_884598164343b3a2924f,spatial_relationship,test,"a potted plant on the left of a remote, front view",135,videocraft,"videocrafter/spatial_relationship/a potted plant on the left of a remote, front view-0.mp4",1.0,success,1.548168,,
v_7740a1c51d44a1b7d2c9,spatial_relationship,test,"a potted plant on the left of a remote, front view",136,videocraft,"videocrafter/spatial_relationship/a potted plant on the left of a remote, front view-1.mp4",1.0,success,1.687879,,
v_dffa4512a0ce25e4ad39,spatial_relationship,test,"a potted plant on the left of a remote, front view",137,videocraft,"videocrafter/spatial_relationship/a potted plant on the left of a remote, front view-2.mp4",0.8099161255411256,success,1.458729,,
v_ad50d880dadaf690acc0,spatial_relationship,test,"a potted plant on the left of a remote, front view",138,videocraft,"videocrafter/spatial_relationship/a potted plant on the left of a remote, front view-3.mp4",0.6011626968674282,success,1.450111,,
v_49bf43598bea3881dc9a,spatial_relationship,test,"a potted plant on the left of a remote, front view",139,videocraft,"videocrafter/spatial_relationship/a potted plant on the left of a remote, front view-4.mp4",1.0,success,1.627117,,
v_fffb59b7d3de2df3feb6,spatial_relationship,test,"a remote on the right of a clock, front view",140,videocraft,"videocrafter/spatial_relationship/a remote on the right of a clock, front view-0.mp4",0.0,success,1.400234,,
v_554378658fc96677f4a1,spatial_relationship,test,"a remote on the right of a clock, front view",141,videocraft,"videocrafter/spatial_relationship/a remote on the right of a clock, front view-1.mp4",0.125,success,1.441580,,
v_664069dfc8d80f83cd73,spatial_relationship,test,"a remote on the right of a clock, front view",142,videocraft,"videocrafter/spatial_relationship/a remote on the right of a clock, front view-2.mp4",0.0,success,1.417182,,
v_727584f32aa6f150d9e6,spatial_relationship,test,"a remote on the right of a clock, front view",143,videocraft,"videocrafter/spatial_relationship/a remote on the right of a clock, front view-3.mp4",0.0625,success,1.454450,,
v_512c8786b412e084c14c,spatial_relationship,test,"a remote on the right of a clock, front view",144,videocraft,"videocrafter/spatial_relationship/a remote on the right of a clock, front view-4.mp4",0.75,success,1.751391,,
v_b8aec34b89de2be52923,spatial_relationship,test,"a sandwich inside of a refrigerator with door open, front view",420,videocraft,"videocrafter/spatial_relationship/a sandwich inside of a refrigerator with door open, front view-0.mp4",,error,0.000020,ValueError: MissingOfficialSpatialMetadata: prompt absent from locked VBench 1.0 VBench_full_info.json,
v_cf918d527e52dce76d40,spatial_relationship,test,"a sandwich inside of a refrigerator with door open, front view",421,videocraft,"videocrafter/spatial_relationship/a sandwich inside of a refrigerator with door open, front view-1.mp4",,error,0.000011,ValueError: MissingOfficialSpatialMetadata: prompt absent from locked VBench 1.0 VBench_full_info.json,
v_e86b1d37a6fbce30c270,spatial_relationship,test,"a sandwich inside of a refrigerator with door open, front view",422,videocraft,"videocrafter/spatial_relationship/a sandwich inside of a refrigerator with door open, front view-2.mp4",,error,0.000010,ValueError: MissingOfficialSpatialMetadata: prompt absent from locked VBench 1.0 VBench_full_info.json,
v_7f726f1c19f8f892e25b,spatial_relationship,test,"a sandwich inside of a refrigerator with door open, front view",423,videocraft,"videocrafter/spatial_relationship/a sandwich inside of a refrigerator with door open, front view-3.mp4",,error,0.000010,ValueError: MissingOfficialSpatialMetadata: prompt absent from locked VBench 1.0 VBench_full_info.json,
v_5955f7f6f6c98413f64d,spatial_relationship,test,"a sandwich inside of a refrigerator with door open, front view",424,videocraft,"videocrafter/spatial_relationship/a sandwich inside of a refrigerator with door open, front view-4.mp4",,error,0.000010,ValueError: MissingOfficialSpatialMetadata: prompt absent from locked VBench 1.0 VBench_full_info.json,
v_634e39652a702796f5de,spatial_relationship,test,"a sandwich on the bottom of an orange, front view",305,videocraft,"videocrafter/spatial_relationship/a sandwich on the bottom of an orange, front view-0.mp4",0.6150211767399267,success,1.555081,,
v_796278bd71978cf50fee,spatial_relationship,test,"a sandwich on the bottom of an orange, front view",306,videocraft,"videocrafter/spatial_relationship/a sandwich on the bottom of an orange, front view-1.mp4",1.0,success,1.491720,,
v_4e62b98b9e4c7cfed065,spatial_relationship,test,"a sandwich on the bottom of an orange, front view",307,videocraft,"videocrafter/spatial_relationship/a sandwich on the bottom of an orange, front view-2.mp4",0.3433336255259467,success,1.550704,,
v_e828c6690432352821e6,spatial_relationship,test,"a sandwich on the bottom of an orange, front view",308,videocraft,"videocrafter/spatial_relationship/a sandwich on the bottom of an orange, front view-3.mp4",1.0,success,1.803972,,
v_b3fb17f8b70286ec169d,spatial_relationship,test,"a sandwich on the bottom of an orange, front view",309,videocraft,"videocrafter/spatial_relationship/a sandwich on the bottom of an orange, front view-4.mp4",1.0,success,1.535977,,
v_0fba7dcefc29a84ebe3f,spatial_relationship,test,"a sandwich on the top of an orange, front view",300,videocraft,"videocrafter/spatial_relationship/a sandwich on the top of an orange, front view-0.mp4",0.875,success,1.495347,,
v_36024fa0da0b8c935b92,spatial_relationship,test,"a sandwich on the top of an orange, front view",301,videocraft,"videocrafter/spatial_relationship/a sandwich on the top of an orange, front view-1.mp4",1.0,success,1.472690,,
v_9381184ffc0d29e184fe,spatial_relationship,test,"a sandwich on the top of an orange, front view",302,videocraft,"videocrafter/spatial_relationship/a sandwich on the top of an orange, front view-2.mp4",0.7632722689075631,success,1.686257,,
v_58ae36daabffe50f0d49,spatial_relationship,test,"a sandwich on the top of an orange, front view",303,videocraft,"videocrafter/spatial_relationship/a sandwich on the top of an orange, front view-3.mp4",0.0,success,1.653737,,
v_4a7edd779d294f1e5806,spatial_relationship,test,"a sandwich on the top of an orange, front view",304,videocraft,"videocrafter/spatial_relationship/a sandwich on the top of an orange, front view-4.mp4",0.1574062552731208,success,1.492935,,
v_8d69fc667275308bee30,spatial_relationship,test,"a sheep on the left of a cow, front view",70,videocraft,"videocrafter/spatial_relationship/a sheep on the left of a cow, front view-0.mp4",0.43261022514071296,success,1.558183,,
v_84b11f6683e4ee2d9c39,spatial_relationship,test,"a sheep on the left of a cow, front view",71,videocraft,"videocrafter/spatial_relationship/a sheep on the left of a cow, front view-1.mp4",0.2276405865467528,success,1.378918,,
v_9c62994e3f089b5e9f7b,spatial_relationship,test,"a sheep on the left of a cow, front view",72,videocraft,"videocrafter/spatial_relationship/a sheep on the left of a cow, front view-2.mp4",1.0,success,1.746051,,
v_12977d271ef9a56e1623,spatial_relationship,test,"a sheep on the left of a cow, front view",73,videocraft,"videocrafter/spatial_relationship/a sheep on the left of a cow, front view-3.mp4",1.0,success,1.479262,,
v_00220578d9ffc7e2d7cd,spatial_relationship,test,"a sheep on the left of a cow, front view",74,videocraft,"videocrafter/spatial_relationship/a sheep on the left of a cow, front view-4.mp4",0.6406502181985924,success,1.483726,,
v_b5c7d1b2944fde20ff99,spatial_relationship,dev,"a sink on the right of a toilet, front view",205,videocraft,"videocrafter/spatial_relationship/a sink on the right of a toilet, front view-0.mp4",0.0625,success,1.536959,,
v_0bc890b9556e5ddbd4e9,spatial_relationship,dev,"a sink on the right of a toilet, front view",206,videocraft,"videocrafter/spatial_relationship/a sink on the right of a toilet, front view-1.mp4",0.0,success,1.507085,,
v_2bcd01845fcdc621bf29,spatial_relationship,dev,"a sink on the right of a toilet, front view",207,videocraft,"videocrafter/spatial_relationship/a sink on the right of a toilet, front view-2.mp4",1.0,success,1.632093,,
v_7150c583dc41bb43225f,spatial_relationship,dev,"a sink on the right of a toilet, front view",208,videocraft,"videocrafter/spatial_relationship/a sink on the right of a toilet, front view-3.mp4",1.0,success,1.511459,,
v_96bbf881e06540a18882,spatial_relationship,dev,"a sink on the right of a toilet, front view",209,videocraft,"videocrafter/spatial_relationship/a sink on the right of a toilet, front view-4.mp4",0.0,success,1.371857,,
v_f4cf5cce54cebd1565fc,spatial_relationship,dev,"a skateboard on the bottom of a surfboard, front view",405,videocraft,"videocrafter/spatial_relationship/a skateboard on the bottom of a surfboard, front view-0.mp4",0.0,success,1.448667,,
v_9cae30f54a199a1454f8,spatial_relationship,dev,"a skateboard on the bottom of a surfboard, front view",406,videocraft,"videocrafter/spatial_relationship/a skateboard on the bottom of a surfboard, front view-1.mp4",0.6305457807000452,success,1.483470,,
v_4a8e9fe6577c0d9bb731,spatial_relationship,dev,"a skateboard on the bottom of a surfboard, front view",407,videocraft,"videocrafter/spatial_relationship/a skateboard on the bottom of a surfboard, front view-2.mp4",0.0,success,1.529187,,
v_1ea9747b61ade3d85f91,spatial_relationship,dev,"a skateboard on the bottom of a surfboard, front view",408,videocraft,"videocrafter/spatial_relationship/a skateboard on the bottom of a surfboard, front view-3.mp4",0.03744308459986857,success,1.545694,,
v_a832a99eafc860b571e6,spatial_relationship,dev,"a skateboard on the bottom of a surfboard, front view",409,videocraft,"videocrafter/spatial_relationship/a skateboard on the bottom of a surfboard, front view-4.mp4",0.047805788982259574,success,1.347070,,
v_f4f2cdab73e2d24f233a,spatial_relationship,test,"a skateboard on the top of a surfboard, front view",400,videocraft,"videocrafter/spatial_relationship/a skateboard on the top of a surfboard, front view-0.mp4",0.2219168341805039,success,1.592878,,
v_dcfcb0ec9a5e343d281c,spatial_relationship,test,"a skateboard on the top of a surfboard, front view",401,videocraft,"videocrafter/spatial_relationship/a skateboard on the top of a surfboard, front view-1.mp4",0.0,success,1.368133,,
v_27b02d9a6321a02c7e19,spatial_relationship,test,"a skateboard on the top of a surfboard, front view",402,videocraft,"videocrafter/spatial_relationship/a skateboard on the top of a surfboard, front view-2.mp4",0.2078606315289217,success,1.700892,,
v_1d15cb81f3dbe7c8260e,spatial_relationship,test,"a skateboard on the top of a surfboard, front view",403,videocraft,"videocrafter/spatial_relationship/a skateboard on the top of a surfboard, front view-3.mp4",0.0625,success,1.489333,,
v_aa110d0f4466d6f5e30d,spatial_relationship,test,"a skateboard on the top of a surfboard, front view",404,videocraft,"videocrafter/spatial_relationship/a skateboard on the top of a surfboard, front view-4.mp4",0.4010431264013453,success,1.566004,,
v_9c0b350262ec58f89661,spatial_relationship,dev,"a snowboard on the bottom of a kite, front view",385,videocraft,"videocrafter/spatial_relationship/a snowboard on the bottom of a kite, front view-0.mp4",0.0,success,1.470076,,
v_4b62cb065278de5d00f3,spatial_relationship,dev,"a snowboard on the bottom of a kite, front view",386,videocraft,"videocrafter/spatial_relationship/a snowboard on the bottom of a kite, front view-1.mp4",0.0,success,1.651217,,
v_ac325c4d71abc792a30e,spatial_relationship,dev,"a snowboard on the bottom of a kite, front view",387,videocraft,"videocrafter/spatial_relationship/a snowboard on the bottom of a kite, front view-2.mp4",0.3125,success,1.776060,,
v_309d0439c453fc8b54c7,spatial_relationship,dev,"a snowboard on the bottom of a kite, front view",388,videocraft,"videocrafter/spatial_relationship/a snowboard on the bottom of a kite, front view-3.mp4",0.02576975874821532,success,1.532292,,
v_2f94de418abdbac41f0d,spatial_relationship,dev,"a snowboard on the bottom of a kite, front view",389,videocraft,"videocrafter/spatial_relationship/a snowboard on the bottom of a kite, front view-4.mp4",0.0625,success,1.479440,,
v_5a4ca9d6de4e06f9c960,spatial_relationship,test,"a snowboard on the top of a kite, front view",380,videocraft,"videocrafter/spatial_relationship/a snowboard on the top of a kite, front view-0.mp4",0.01830732292917167,success,1.553782,,
v_4e753280527d5cf9f303,spatial_relationship,test,"a snowboard on the top of a kite, front view",381,videocraft,"videocrafter/spatial_relationship/a snowboard on the top of a kite, front view-1.mp4",0.0625,success,1.447703,,
v_35494a0ee66fd8c0b3a4,spatial_relationship,test,"a snowboard on the top of a kite, front view",382,videocraft,"videocrafter/spatial_relationship/a snowboard on the top of a kite, front view-2.mp4",0.375,success,1.640417,,
v_a588f92dff59ff9b7d3e,spatial_relationship,test,"a snowboard on the top of a kite, front view",383,videocraft,"videocrafter/spatial_relationship/a snowboard on the top of a kite, front view-3.mp4",0.014180672268907563,success,1.557430,,
v_92bd1c62992bc90265b6,spatial_relationship,test,"a snowboard on the top of a kite, front view",384,videocraft,"videocrafter/spatial_relationship/a snowboard on the top of a kite, front view-4.mp4",0.0,success,1.457199,,
v_a6ea5ebacdedc872b985,spatial_relationship,dev,"a spoon on the right of a bowl, front view",125,videocraft,"videocrafter/spatial_relationship/a spoon on the right of a bowl, front view-0.mp4",0.4375,success,1.585055,,
v_00e5b992f5af62df4f3f,spatial_relationship,dev,"a spoon on the right of a bowl, front view",126,videocraft,"videocrafter/spatial_relationship/a spoon on the right of a bowl, front view-1.mp4",1.0,success,1.584811,,
v_edaf3841890eb064ca76,spatial_relationship,dev,"a spoon on the right of a bowl, front view",127,videocraft,"videocrafter/spatial_relationship/a spoon on the right of a bowl, front view-2.mp4",0.0,success,1.596887,,
v_dcb6763699fa5ebbe1c6,spatial_relationship,dev,"a spoon on the right of a bowl, front view",128,videocraft,"videocrafter/spatial_relationship/a spoon on the right of a bowl, front view-3.mp4",0.0,success,1.529132,,
v_80981425b5b6bb972f68,spatial_relationship,dev,"a spoon on the right of a bowl, front view",129,videocraft,"videocrafter/spatial_relationship/a spoon on the right of a bowl, front view-4.mp4",0.0,success,1.467984,,
v_209c5c19ea464fe59955,spatial_relationship,test,"a sports ball on the right of a baseball bat, front view",170,videocraft,"videocrafter/spatial_relationship/a sports ball on the right of a baseball bat, front view-0.mp4",0.0,success,1.582245,,
v_b8fac03dfd743acb558e,spatial_relationship,test,"a sports ball on the right of a baseball bat, front view",171,videocraft,"videocrafter/spatial_relationship/a sports ball on the right of a baseball bat, front view-1.mp4",0.012771576825444228,success,1.482887,,
v_b86af4421b2f1cde8270,spatial_relationship,test,"a sports ball on the right of a baseball bat, front view",172,videocraft,"videocrafter/spatial_relationship/a sports ball on the right of a baseball bat, front view-2.mp4",0.22390058190923395,success,1.590234,,
v_81f7fc9c75251d0ad902,spatial_relationship,test,"a sports ball on the right of a baseball bat, front view",173,videocraft,"videocrafter/spatial_relationship/a sports ball on the right of a baseball bat, front view-3.mp4",0.5,success,1.366561,,
v_3efd7ba68f6b9383f2a6,spatial_relationship,test,"a sports ball on the right of a baseball bat, front view",174,videocraft,"videocrafter/spatial_relationship/a sports ball on the right of a baseball bat, front view-4.mp4",0.0625,success,1.378041,,
v_80a8a0f879aeb10a298c,spatial_relationship,test,"a stop sign on the left of a parking meter, front view",30,videocraft,"videocrafter/spatial_relationship/a stop sign on the left of a parking meter, front view-0.mp4",0.0625,success,1.395081,,
v_dcb25c942b95c70c65c7,spatial_relationship,test,"a stop sign on the left of a parking meter, front view",31,videocraft,"videocrafter/spatial_relationship/a stop sign on the left of a parking meter, front view-1.mp4",0.08336989795918368,success,1.556201,,
v_8fa1e7725c24f2f9ec55,spatial_relationship,test,"a stop sign on the left of a parking meter, front view",32,videocraft,"videocrafter/spatial_relationship/a stop sign on the left of a parking meter, front view-2.mp4",0.0,success,1.394166,,
v_d6f40c448089d9afcf8c,spatial_relationship,test,"a stop sign on the left of a parking meter, front view",33,videocraft,"videocrafter/spatial_relationship/a stop sign on the left of a parking meter, front view-3.mp4",0.0,success,1.399309,,
v_68438eeb89fca43c50b1,spatial_relationship,test,"a stop sign on the left of a parking meter, front view",34,videocraft,"videocrafter/spatial_relationship/a stop sign on the left of a parking meter, front view-4.mp4",0.0,success,1.419833,,
v_997bae6febb3eecf5637,spatial_relationship,test,"a surfboard on the bottom of skis, front view",415,videocraft,"videocrafter/spatial_relationship/a surfboard on the bottom of skis, front view-0.mp4",0.0,success,1.366321,,
v_0f0f0c4d927c62772761,spatial_relationship,test,"a surfboard on the bottom of skis, front view",416,videocraft,"videocrafter/spatial_relationship/a surfboard on the bottom of skis, front view-1.mp4",0.812868562857631,success,1.568329,,
v_9957845f1ff8f79bb075,spatial_relationship,test,"a surfboard on the bottom of skis, front view",417,videocraft,"videocrafter/spatial_relationship/a surfboard on the bottom of skis, front view-2.mp4",0.0,success,1.476202,,
v_0176ab3effab2020694b,spatial_relationship,test,"a surfboard on the bottom of skis, front view",418,videocraft,"videocrafter/spatial_relationship/a surfboard on the bottom of skis, front view-3.mp4",0.1050779899749878,success,1.583918,,
v_59efe610035852c34e61,spatial_relationship,test,"a surfboard on the bottom of skis, front view",419,videocraft,"videocrafter/spatial_relationship/a surfboard on the bottom of skis, front view-4.mp4",0.0,success,1.552020,,
v_ac3bfdee82ef57f99ac9,spatial_relationship,dev,"a surfboard on the top of skis, front view",410,videocraft,"videocrafter/spatial_relationship/a surfboard on the top of skis, front view-0.mp4",0.1368385263447418,success,1.445426,,
v_fe332b23977375e897d8,spatial_relationship,dev,"a surfboard on the top of skis, front view",411,videocraft,"videocrafter/spatial_relationship/a surfboard on the top of skis, front view-1.mp4",0.5402614955653129,success,1.725205,,
v_72abde144958811fb024,spatial_relationship,dev,"a surfboard on the top of skis, front view",412,videocraft,"videocrafter/spatial_relationship/a surfboard on the top of skis, front view-2.mp4",0.23009662411776083,success,1.484875,,
v_11c6d5adb3ec2b01f111,spatial_relationship,dev,"a surfboard on the top of skis, front view",413,videocraft,"videocrafter/spatial_relationship/a surfboard on the top of skis, front view-3.mp4",0.11015843063921531,success,1.553407,,
v_cb54584ad4c51ecc1903,spatial_relationship,dev,"a surfboard on the top of skis, front view",414,videocraft,"videocrafter/spatial_relationship/a surfboard on the top of skis, front view-4.mp4",0.0,success,1.410769,,
v_e825727a055e56a0774b,spatial_relationship,dev,"a teddy bear on the right of a potted plant, front view",160,videocraft,"videocrafter/spatial_relationship/a teddy bear on the right of a potted plant, front view-0.mp4",1.0,success,1.670553,,
v_2abe28e3498596b58392,spatial_relationship,dev,"a teddy bear on the right of a potted plant, front view",161,videocraft,"videocrafter/spatial_relationship/a teddy bear on the right of a potted plant, front view-1.mp4",0.5314750098744938,success,1.484827,,
v_bf0d8e77d150ced5a40b,spatial_relationship,dev,"a teddy bear on the right of a potted plant, front view",162,videocraft,"videocrafter/spatial_relationship/a teddy bear on the right of a potted plant, front view-2.mp4",0.3125,success,1.497045,,
v_5bc165c1a570859ad28f,spatial_relationship,dev,"a teddy bear on the right of a potted plant, front view",163,videocraft,"videocrafter/spatial_relationship/a teddy bear on the right of a potted plant, front view-3.mp4",1.0,success,1.494459,,
v_9b491fc286ceb3e4cffd,spatial_relationship,dev,"a teddy bear on the right of a potted plant, front view",164,videocraft,"videocrafter/spatial_relationship/a teddy bear on the right of a potted plant, front view-4.mp4",0.9375,success,1.578077,,
v_43a0a2fe25a33bb50163,spatial_relationship,test,"a tennis racket on the left of a frisbee, front view",185,videocraft,"videocrafter/spatial_relationship/a tennis racket on the left of a frisbee, front view-0.mp4",0.0,success,1.654582,,
v_1bfbaf0f776323075c2a,spatial_relationship,test,"a tennis racket on the left of a frisbee, front view",186,videocraft,"videocrafter/spatial_relationship/a tennis racket on the left of a frisbee, front view-1.mp4",0.0,success,1.597356,,
v_6a1d3f4bd3cc2ddb72a3,spatial_relationship,test,"a tennis racket on the left of a frisbee, front view",187,videocraft,"videocrafter/spatial_relationship/a tennis racket on the left of a frisbee, front view-2.mp4",0.0,success,1.469821,,
v_9804fcb4af4a033e196a,spatial_relationship,test,"a tennis racket on the left of a frisbee, front view",188,videocraft,"videocrafter/spatial_relationship/a tennis racket on the left of a frisbee, front view-3.mp4",0.0,success,1.483530,,
v_56ae7c5833bd6817f13c,spatial_relationship,test,"a tennis racket on the left of a frisbee, front view",189,videocraft,"videocrafter/spatial_relationship/a tennis racket on the left of a frisbee, front view-4.mp4",0.0,success,1.567277,,
v_93b8c7638bc94ea69128,spatial_relationship,test,"a tie inside of an open backpack, top view",470,videocraft,"videocrafter/spatial_relationship/a tie inside of an open backpack, top view-0.mp4",,error,0.000018,ValueError: MissingOfficialSpatialMetadata: prompt absent from locked VBench 1.0 VBench_full_info.json,
v_ef0056eaba56a6e0fb3f,spatial_relationship,test,"a tie inside of an open backpack, top view",471,videocraft,"videocrafter/spatial_relationship/a tie inside of an open backpack, top view-1.mp4",,error,0.000011,ValueError: MissingOfficialSpatialMetadata: prompt absent from locked VBench 1.0 VBench_full_info.json,
v_d405ffcaa349cc419e8b,spatial_relationship,test,"a tie inside of an open backpack, top view",472,videocraft,"videocrafter/spatial_relationship/a tie inside of an open backpack, top view-2.mp4",,error,0.000010,ValueError: MissingOfficialSpatialMetadata: prompt absent from locked VBench 1.0 VBench_full_info.json,
v_87511ca037ae4340013a,spatial_relationship,test,"a tie inside of an open backpack, top view",473,videocraft,"videocrafter/spatial_relationship/a tie inside of an open backpack, top view-3.mp4",,error,0.000010,ValueError: MissingOfficialSpatialMetadata: prompt absent from locked VBench 1.0 VBench_full_info.json,
v_4bd302adcfe05cbcbdfc,spatial_relationship,test,"a tie inside of an open backpack, top view",474,videocraft,"videocrafter/spatial_relationship/a tie inside of an open backpack, top view-4.mp4",,error,0.000010,ValueError: MissingOfficialSpatialMetadata: prompt absent from locked VBench 1.0 VBench_full_info.json,
v_3b3131d6c8ef3939a04e,spatial_relationship,test,"a tie inside of an open handbag, top view",495,videocraft,"videocrafter/spatial_relationship/a tie inside of an open handbag, top view-0.mp4",,error,0.000010,ValueError: MissingOfficialSpatialMetadata: prompt absent from locked VBench 1.0 VBench_full_info.json,
v_cc599131c4b2d3669fdc,spatial_relationship,test,"a tie inside of an open handbag, top view",496,videocraft,"videocrafter/spatial_relationship/a tie inside of an open handbag, top view-1.mp4",,error,0.000010,ValueError: MissingOfficialSpatialMetadata: prompt absent from locked VBench 1.0 VBench_full_info.json,
v_777940bbb4dde6f49aae,spatial_relationship,test,"a tie inside of an open handbag, top view",497,videocraft,"videocrafter/spatial_relationship/a tie inside of an open handbag, top view-2.mp4",,error,0.000010,ValueError: MissingOfficialSpatialMetadata: prompt absent from locked VBench 1.0 VBench_full_info.json,
v_7e3171cd506ca9a7497b,spatial_relationship,test,"a tie inside of an open handbag, top view",498,videocraft,"videocrafter/spatial_relationship/a tie inside of an open handbag, top view-3.mp4",,error,0.000009,ValueError: MissingOfficialSpatialMetadata: prompt absent from locked VBench 1.0 VBench_full_info.json,
v_285544344c7aaf9b647a,spatial_relationship,test,"a tie inside of an open handbag, top view",499,videocraft,"videocrafter/spatial_relationship/a tie inside of an open handbag, top view-4.mp4",,error,0.000010,ValueError: MissingOfficialSpatialMetadata: prompt absent from locked VBench 1.0 VBench_full_info.json,
v_713c5fa6f87d865aed1d,spatial_relationship,dev,"a tie inside of an open suitcase, top view",520,videocraft,"videocrafter/spatial_relationship/a tie inside of an open suitcase, top view-0.mp4",,error,0.000010,ValueError: MissingOfficialSpatialMetadata: prompt absent from locked VBench 1.0 VBench_full_info.json,
v_674e6a12c424ed5ed5bd,spatial_relationship,dev,"a tie inside of an open suitcase, top view",521,videocraft,"videocrafter/spatial_relationship/a tie inside of an open suitcase, top view-1.mp4",,error,0.000010,ValueError: MissingOfficialSpatialMetadata: prompt absent from locked VBench 1.0 VBench_full_info.json,
v_efc31f89011bc64d6e8f,spatial_relationship,dev,"a tie inside of an open suitcase, top view",522,videocraft,"videocrafter/spatial_relationship/a tie inside of an open suitcase, top view-2.mp4",,error,0.000009,ValueError: MissingOfficialSpatialMetadata: prompt absent from locked VBench 1.0 VBench_full_info.json,
v_ce22d914d7ad02123d77,spatial_relationship,dev,"a tie inside of an open suitcase, top view",523,videocraft,"videocrafter/spatial_relationship/a tie inside of an open suitcase, top view-3.mp4",,error,0.000022,ValueError: MissingOfficialSpatialMetadata: prompt absent from locked VBench 1.0 VBench_full_info.json,
v_d05d170242b49ddb9bb5,spatial_relationship,dev,"a tie inside of an open suitcase, top view",524,videocraft,"videocrafter/spatial_relationship/a tie inside of an open suitcase, top view-4.mp4",,error,0.000010,ValueError: MissingOfficialSpatialMetadata: prompt absent from locked VBench 1.0 VBench_full_info.json,
v_4573ba9b8247db0fff0b,spatial_relationship,test,"a toaster on the bottom of a microwave, front view",265,videocraft,"videocrafter/spatial_relationship/a toaster on the bottom of a microwave, front view-0.mp4",0.0,success,1.592157,,
v_95b9460f3e8155a5d5b9,spatial_relationship,test,"a toaster on the bottom of a microwave, front view",266,videocraft,"videocrafter/spatial_relationship/a toaster on the bottom of a microwave, front view-1.mp4",0.0,success,1.439308,,
v_8d3dfc494ae3429babaa,spatial_relationship,test,"a toaster on the bottom of a microwave, front view",267,videocraft,"videocrafter/spatial_relationship/a toaster on the bottom of a microwave, front view-2.mp4",0.0,success,1.436632,,
v_6e44c53529c7e306647b,spatial_relationship,test,"a toaster on the bottom of a microwave, front view",268,videocraft,"videocrafter/spatial_relationship/a toaster on the bottom of a microwave, front view-3.mp4",0.0,success,1.385516,,
v_39a04c57ad919c31dd28,spatial_relationship,test,"a toaster on the bottom of a microwave, front view",269,videocraft,"videocrafter/spatial_relationship/a toaster on the bottom of a microwave, front view-4.mp4",0.0,success,1.477172,,
v_079bc3d4a6c67690b358,spatial_relationship,dev,"a toaster on the top of a microwave, front view",260,videocraft,"videocrafter/spatial_relationship/a toaster on the top of a microwave, front view-0.mp4",0.0,success,1.573471,,
v_83b7c8bf091b1270c3ce,spatial_relationship,dev,"a toaster on the top of a microwave, front view",261,videocraft,"videocrafter/spatial_relationship/a toaster on the top of a microwave, front view-1.mp4",0.0,success,1.444464,,
v_4d0c3d7e649f7bfddab1,spatial_relationship,dev,"a toaster on the top of a microwave, front view",262,videocraft,"videocrafter/spatial_relationship/a toaster on the top of a microwave, front view-2.mp4",0.0,success,1.388930,,
v_ebc8f9f9fd054e97dfd5,spatial_relationship,dev,"a toaster on the top of a microwave, front view",263,videocraft,"videocrafter/spatial_relationship/a toaster on the top of a microwave, front view-3.mp4",0.0,success,1.432862,,
v_38a3c33ad65db915563c,spatial_relationship,dev,"a toaster on the top of a microwave, front view",264,videocraft,"videocrafter/spatial_relationship/a toaster on the top of a microwave, front view-4.mp4",0.0,success,1.417817,,
v_2e3c2af0b9eb33310b34,spatial_relationship,test,"a toilet on the left of a hair drier, front view",190,videocraft,"videocrafter/spatial_relationship/a toilet on the left of a hair drier, front view-0.mp4",0.0,success,1.592668,,
v_9672a5eecf3a6c37b562,spatial_relationship,test,"a toilet on the left of a hair drier, front view",191,videocraft,"videocrafter/spatial_relationship/a toilet on the left of a hair drier, front view-1.mp4",0.0,success,1.481435,,
v_5f63d77b45d0ddb0da8d,spatial_relationship,test,"a toilet on the left of a hair drier, front view",192,videocraft,"videocrafter/spatial_relationship/a toilet on the left of a hair drier, front view-2.mp4",0.0,success,1.427734,,
v_9bb8a5fa8102ad99fca9,spatial_relationship,test,"a toilet on the left of a hair drier, front view",193,videocraft,"videocrafter/spatial_relationship/a toilet on the left of a hair drier, front view-3.mp4",0.0,success,1.451505,,
v_d451d2ad56d8021e8fdb,spatial_relationship,test,"a toilet on the left of a hair drier, front view",194,videocraft,"videocrafter/spatial_relationship/a toilet on the left of a hair drier, front view-4.mp4",0.6875,success,1.473046,,
v_f2a197f3391d664bfe75,spatial_relationship,test,"a toothbrush on the left of a sink, front view",200,videocraft,"videocrafter/spatial_relationship/a toothbrush on the left of a sink, front view-0.mp4",0.0625,success,1.414993,,
v_a83115f0b4d94f5a30bf,spatial_relationship,test,"a toothbrush on the left of a sink, front view",201,videocraft,"videocrafter/spatial_relationship/a toothbrush on the left of a sink, front view-1.mp4",0.5,success,1.733522,,
v_7441e7e92e8a653d6ef2,spatial_relationship,test,"a toothbrush on the left of a sink, front view",202,videocraft,"videocrafter/spatial_relationship/a toothbrush on the left of a sink, front view-2.mp4",0.0,success,1.479766,,
v_d4fe4f40f5c0fa186385,spatial_relationship,test,"a toothbrush on the left of a sink, front view",203,videocraft,"videocrafter/spatial_relationship/a toothbrush on the left of a sink, front view-3.mp4",0.125,success,1.460771,,
v_f78f6b918c61bb2e73c0,spatial_relationship,test,"a toothbrush on the left of a sink, front view",204,videocraft,"videocrafter/spatial_relationship/a toothbrush on the left of a sink, front view-4.mp4",0.7502215202780935,success,1.510000,,
v_22446af9ef155a46c209,spatial_relationship,test,"a traffic light on the left of a fire hydrant, front view",20,videocraft,"videocrafter/spatial_relationship/a traffic light on the left of a fire hydrant, front view-0.mp4",0.7724129380525573,success,1.648273,,
v_98c41e83171972afb01a,spatial_relationship,test,"a traffic light on the left of a fire hydrant, front view",21,videocraft,"videocrafter/spatial_relationship/a traffic light on the left of a fire hydrant, front view-1.mp4",0.0625,success,1.479504,,
v_2023940272190a86ac74,spatial_relationship,test,"a traffic light on the left of a fire hydrant, front view",22,videocraft,"videocrafter/spatial_relationship/a traffic light on the left of a fire hydrant, front view-2.mp4",0.9375,success,1.611891,,
v_56036a84208b2bdc3832,spatial_relationship,test,"a traffic light on the left of a fire hydrant, front view",23,videocraft,"videocrafter/spatial_relationship/a traffic light on the left of a fire hydrant, front view-3.mp4",0.0625,success,1.467544,,
v_15a10a63ed1191c5cdd2,spatial_relationship,test,"a traffic light on the left of a fire hydrant, front view",24,videocraft,"videocrafter/spatial_relationship/a traffic light on the left of a fire hydrant, front view-4.mp4",0.0,success,1.520248,,
v_09276a241282f272d6a2,spatial_relationship,dev,"a train on the right of a boat, front view",240,videocraft,"videocrafter/spatial_relationship/a train on the right of a boat, front view-0.mp4",0.6578699916399,success,1.490983,,
v_8f591f35f5bea80fd5c7,spatial_relationship,dev,"a train on the right of a boat, front view",241,videocraft,"videocrafter/spatial_relationship/a train on the right of a boat, front view-1.mp4",0.25,success,1.589677,,
v_601cb1dcc0e81615778e,spatial_relationship,dev,"a train on the right of a boat, front view",242,videocraft,"videocrafter/spatial_relationship/a train on the right of a boat, front view-2.mp4",0.1875,success,1.455424,,
v_dc25de243709046ae82e,spatial_relationship,dev,"a train on the right of a boat, front view",243,videocraft,"videocrafter/spatial_relationship/a train on the right of a boat, front view-3.mp4",0.0,success,1.558934,,
v_d2e31c1007758012389e,spatial_relationship,dev,"a train on the right of a boat, front view",244,videocraft,"videocrafter/spatial_relationship/a train on the right of a boat, front view-4.mp4",0.6563226579864891,success,1.606354,,
v_51bc93eca4d80d7ecde2,spatial_relationship,test,"a truck on the right of a bicycle, front view",45,videocraft,"videocrafter/spatial_relationship/a truck on the right of a bicycle, front view-0.mp4",0.0,success,1.558974,,
v_be341a76cbbd216264ab,spatial_relationship,test,"a truck on the right of a bicycle, front view",46,videocraft,"videocrafter/spatial_relationship/a truck on the right of a bicycle, front view-1.mp4",0.0,success,1.559789,,
v_5d5fbf79ab7e75a64156,spatial_relationship,test,"a truck on the right of a bicycle, front view",47,videocraft,"videocrafter/spatial_relationship/a truck on the right of a bicycle, front view-2.mp4",0.0,success,1.384166,,
v_958f8df5fe67d83ff7da,spatial_relationship,test,"a truck on the right of a bicycle, front view",48,videocraft,"videocrafter/spatial_relationship/a truck on the right of a bicycle, front view-3.mp4",0.043782098312545856,success,1.384178,,
v_a680c8bfa0857994a7cc,spatial_relationship,test,"a truck on the right of a bicycle, front view",49,videocraft,"videocrafter/spatial_relationship/a truck on the right of a bicycle, front view-4.mp4",0.0,success,1.444305,,
v_e3155f92a97bff6aface,spatial_relationship,dev,"a tv on the right of a dining table, front view",225,videocraft,"videocrafter/spatial_relationship/a tv on the right of a dining table, front view-0.mp4",1.0,success,1.439220,,
v_1e8cddaf41f82443c193,spatial_relationship,dev,"a tv on the right of a dining table, front view",226,videocraft,"videocrafter/spatial_relationship/a tv on the right of a dining table, front view-1.mp4",0.0,success,1.628465,,
v_2af2a9ab7d0b5ef1e7fd,spatial_relationship,dev,"a tv on the right of a dining table, front view",227,videocraft,"videocrafter/spatial_relationship/a tv on the right of a dining table, front view-2.mp4",0.0,success,1.474586,,
v_22ab4f13c13003f06279,spatial_relationship,dev,"a tv on the right of a dining table, front view",228,videocraft,"videocrafter/spatial_relationship/a tv on the right of a dining table, front view-3.mp4",0.75,success,1.465247,,
v_d9925546fa3716a580d6,spatial_relationship,dev,"a tv on the right of a dining table, front view",229,videocraft,"videocrafter/spatial_relationship/a tv on the right of a dining table, front view-4.mp4",0.375,success,1.412246,,
v_b5103af80ffad9055ffe,spatial_relationship,dev,"a vase on the right of scissors, front view",150,videocraft,"videocrafter/spatial_relationship/a vase on the right of scissors, front view-0.mp4",0.0,success,1.640582,,
v_91f000b2eea4ca1e8f82,spatial_relationship,dev,"a vase on the right of scissors, front view",151,videocraft,"videocrafter/spatial_relationship/a vase on the right of scissors, front view-1.mp4",0.0,success,1.474643,,
v_b565302487e2247197f4,spatial_relationship,dev,"a vase on the right of scissors, front view",152,videocraft,"videocrafter/spatial_relationship/a vase on the right of scissors, front view-2.mp4",0.6875,success,1.566000,,
v_b1199f9557f7c676cb8f,spatial_relationship,dev,"a vase on the right of scissors, front view",153,videocraft,"videocrafter/spatial_relationship/a vase on the right of scissors, front view-3.mp4",0.016482057416267945,success,1.372304,,
v_834738550bfe14467721,spatial_relationship,dev,"a vase on the right of scissors, front view",154,videocraft,"videocrafter/spatial_relationship/a vase on the right of scissors, front view-4.mp4",1.0,success,1.590042,,
v_b64c1145138965d8b3cc,spatial_relationship,test,"a wine glass on the right of a cup, front view",105,videocraft,"videocrafter/spatial_relationship/a wine glass on the right of a cup, front view-0.mp4",0.0,success,1.477290,,
v_e839eaa6b7601608a7cb,spatial_relationship,test,"a wine glass on the right of a cup, front view",106,videocraft,"videocrafter/spatial_relationship/a wine glass on the right of a cup, front view-1.mp4",0.0,success,1.429830,,
v_9ce38fd14120d6481bba,spatial_relationship,test,"a wine glass on the right of a cup, front view",107,videocraft,"videocrafter/spatial_relationship/a wine glass on the right of a cup, front view-2.mp4",0.0,success,1.480381,,
v_268b787eaadf5199ed0e,spatial_relationship,test,"a wine glass on the right of a cup, front view",108,videocraft,"videocrafter/spatial_relationship/a wine glass on the right of a cup, front view-3.mp4",1.0,success,1.648951,,
v_144f9d198941286b8800,spatial_relationship,test,"a wine glass on the right of a cup, front view",109,videocraft,"videocrafter/spatial_relationship/a wine glass on the right of a cup, front view-4.mp4",0.0,success,1.493037,,
v_48fe137c7373dcc1e738,spatial_relationship,dev,"a zebra on the left of a giraffe, front view",90,videocraft,"videocrafter/spatial_relationship/a zebra on the left of a giraffe, front view-0.mp4",0.8064178378476863,success,1.383197,,
v_7b04a4e04f6aae171b14,spatial_relationship,dev,"a zebra on the left of a giraffe, front view",91,videocraft,"videocrafter/spatial_relationship/a zebra on the left of a giraffe, front view-1.mp4",0.9097770773799994,success,1.586623,,
v_201aab21e7be06c7c89c,spatial_relationship,dev,"a zebra on the left of a giraffe, front view",92,videocraft,"videocrafter/spatial_relationship/a zebra on the left of a giraffe, front view-2.mp4",0.2082891666331536,success,1.422397,,
v_19e7810fa4a6edca004b,spatial_relationship,dev,"a zebra on the left of a giraffe, front view",93,videocraft,"videocrafter/spatial_relationship/a zebra on the left of a giraffe, front view-3.mp4",0.0625,success,1.457089,,
v_5bd229c244a86ff524d1,spatial_relationship,dev,"a zebra on the left of a giraffe, front view",94,videocraft,"videocrafter/spatial_relationship/a zebra on the left of a giraffe, front view-4.mp4",0.28243404211007656,success,1.632490,,
v_796c7761cdbd3437c139,spatial_relationship,dev,"an airplane on the left of a train, front view",235,videocraft,"videocrafter/spatial_relationship/an airplane on the left of a train, front view-0.mp4",1.0,success,1.380021,,
v_379f31a8253c26e7e729,spatial_relationship,dev,"an airplane on the left of a train, front view",236,videocraft,"videocrafter/spatial_relationship/an airplane on the left of a train, front view-1.mp4",1.0,success,1.392938,,
v_381e3a691ed540d22c26,spatial_relationship,dev,"an airplane on the left of a train, front view",237,videocraft,"videocrafter/spatial_relationship/an airplane on the left of a train, front view-2.mp4",0.5625,success,1.652898,,
v_86490c62e15a172c8734,spatial_relationship,dev,"an airplane on the left of a train, front view",238,videocraft,"videocrafter/spatial_relationship/an airplane on the left of a train, front view-3.mp4",1.0,success,1.499485,,
v_5b89aa90c296670152e4,spatial_relationship,dev,"an airplane on the left of a train, front view",239,videocraft,"videocrafter/spatial_relationship/an airplane on the left of a train, front view-4.mp4",0.17109904901548967,success,1.536606,,
v_06b4a9606a672afb5576,spatial_relationship,test,"an apple on the bottom of a sandwich, front view",295,videocraft,"videocrafter/spatial_relationship/an apple on the bottom of a sandwich, front view-0.mp4",0.14546847182784534,success,1.389029,,
v_72b1705a823fb0acce52,spatial_relationship,test,"an apple on the bottom of a sandwich, front view",296,videocraft,"videocrafter/spatial_relationship/an apple on the bottom of a sandwich, front view-1.mp4",0.05017941617648736,success,1.363770,,
v_a8c8ee5d0b699053f469,spatial_relationship,test,"an apple on the bottom of a sandwich, front view",297,videocraft,"videocrafter/spatial_relationship/an apple on the bottom of a sandwich, front view-2.mp4",0.680804934544911,success,1.468671,,
v_a77628f551f525163ae1,spatial_relationship,test,"an apple on the bottom of a sandwich, front view",298,videocraft,"videocrafter/spatial_relationship/an apple on the bottom of a sandwich, front view-3.mp4",0.03429574275362319,success,1.408099,,
v_c21cfbe66bc01017f9e4,spatial_relationship,test,"an apple on the bottom of a sandwich, front view",299,videocraft,"videocrafter/spatial_relationship/an apple on the bottom of a sandwich, front view-4.mp4",1.0,success,1.577173,,
v_965efd3b4d34076b2ac3,spatial_relationship,test,"an apple on the top of a sandwich, front view",290,videocraft,"videocrafter/spatial_relationship/an apple on the top of a sandwich, front view-0.mp4",1.0,success,1.443524,,
v_e20162451a5b85c805f8,spatial_relationship,test,"an apple on the top of a sandwich, front view",291,videocraft,"videocrafter/spatial_relationship/an apple on the top of a sandwich, front view-1.mp4",1.0,success,1.438977,,
v_d0a3376c6f44c372b818,spatial_relationship,test,"an apple on the top of a sandwich, front view",292,videocraft,"videocrafter/spatial_relationship/an apple on the top of a sandwich, front view-2.mp4",0.9800187211981567,success,1.563023,,
v_6f8158eb9d1b03abc5fc,spatial_relationship,test,"an apple on the top of a sandwich, front view",293,videocraft,"videocrafter/spatial_relationship/an apple on the top of a sandwich, front view-3.mp4",0.1978542596252562,success,1.431986,,
v_b8c32a92e11fedd4266e,spatial_relationship,test,"an apple on the top of a sandwich, front view",294,videocraft,"videocrafter/spatial_relationship/an apple on the top of a sandwich, front view-4.mp4",0.7679272667299951,success,1.609461,,
v_96ec521aa16ded9503c4,spatial_relationship,test,"an elephant on the left of a bear, front view",80,videocraft,"videocrafter/spatial_relationship/an elephant on the left of a bear, front view-0.mp4",0.34736211547291096,success,1.551135,,
v_89561ffc2f8fe104bc11,spatial_relationship,test,"an elephant on the left of a bear, front view",81,videocraft,"videocrafter/spatial_relationship/an elephant on the left of a bear, front view-1.mp4",0.7209253340075688,success,1.433189,,
v_427ff88b2385b0d19b59,spatial_relationship,test,"an elephant on the left of a bear, front view",82,videocraft,"videocrafter/spatial_relationship/an elephant on the left of a bear, front view-2.mp4",0.5279483034426821,success,1.614602,,
v_8ae65cdac7b2c5ee55b4,spatial_relationship,test,"an elephant on the left of a bear, front view",83,videocraft,"videocrafter/spatial_relationship/an elephant on the left of a bear, front view-3.mp4",0.2230238321702645,success,1.389537,,
v_c875620362c96fb9e9f7,spatial_relationship,test,"an elephant on the left of a bear, front view",84,videocraft,"videocrafter/spatial_relationship/an elephant on the left of a bear, front view-4.mp4",1.0,success,1.670275,,
v_4037ad1b903cdbf5d9e3,spatial_relationship,dev,"an orange on the bottom of a carrot, front view",315,videocraft,"videocrafter/spatial_relationship/an orange on the bottom of a carrot, front view-0.mp4",0.11549213070555175,success,1.661368,,
v_0fcd380956fa92c82fd2,spatial_relationship,dev,"an orange on the bottom of a carrot, front view",316,videocraft,"videocrafter/spatial_relationship/an orange on the bottom of a carrot, front view-1.mp4",0.25,success,1.489513,,
v_22146c26cd3f0cd93326,spatial_relationship,dev,"an orange on the bottom of a carrot, front view",317,videocraft,"videocrafter/spatial_relationship/an orange on the bottom of a carrot, front view-2.mp4",1.0,success,1.752852,,
v_a95c4f77888ca3ddc4f1,spatial_relationship,dev,"an orange on the bottom of a carrot, front view",318,videocraft,"videocrafter/spatial_relationship/an orange on the bottom of a carrot, front view-3.mp4",1.0,success,1.480491,,
v_bfddd2f281f368f6a16b,spatial_relationship,dev,"an orange on the bottom of a carrot, front view",319,videocraft,"videocrafter/spatial_relationship/an orange on the bottom of a carrot, front view-4.mp4",1.0,success,1.483661,,
v_5f19fdfbf9ca48c0995e,spatial_relationship,dev,"an orange on the top of a carrot, front view",310,videocraft,"videocrafter/spatial_relationship/an orange on the top of a carrot, front view-0.mp4",1.0,success,1.518023,,
v_66d33bdf3c4142f7f15e,spatial_relationship,dev,"an orange on the top of a carrot, front view",311,videocraft,"videocrafter/spatial_relationship/an orange on the top of a carrot, front view-1.mp4",0.25,success,1.692332,,
v_e5acbe2190582b014762,spatial_relationship,dev,"an orange on the top of a carrot, front view",312,videocraft,"videocrafter/spatial_relationship/an orange on the top of a carrot, front view-2.mp4",1.0,success,1.562679,,
v_edb5a5057a1ee631327e,spatial_relationship,dev,"an orange on the top of a carrot, front view",313,videocraft,"videocrafter/spatial_relationship/an orange on the top of a carrot, front view-3.mp4",0.9710227272727272,success,1.584293,,
v_4c0fb96dd704fbe7ca5b,spatial_relationship,dev,"an orange on the top of a carrot, front view",314,videocraft,"videocrafter/spatial_relationship/an orange on the top of a carrot, front view-4.mp4",1.0,success,1.666098,,
v_55340d0d16d266127af8,spatial_relationship,test,"an oven on the bottom of a toaster, front view",255,videocraft,"videocrafter/spatial_relationship/an oven on the bottom of a toaster, front view-0.mp4",0.0,success,1.465808,,
v_8063cda7e5f72a76351d,spatial_relationship,test,"an oven on the bottom of a toaster, front view",256,videocraft,"videocrafter/spatial_relationship/an oven on the bottom of a toaster, front view-1.mp4",0.11138371295023847,success,1.499845,,
v_79f07d5041748a2f9ac6,spatial_relationship,test,"an oven on the bottom of a toaster, front view",257,videocraft,"videocrafter/spatial_relationship/an oven on the bottom of a toaster, front view-2.mp4",0.0,success,1.434021,,
v_bccd4a1cbde9e689a47e,spatial_relationship,test,"an oven on the bottom of a toaster, front view",258,videocraft,"videocrafter/spatial_relationship/an oven on the bottom of a toaster, front view-3.mp4",0.0,success,1.419213,,
v_5f181575039cd0adc7ac,spatial_relationship,test,"an oven on the bottom of a toaster, front view",259,videocraft,"videocrafter/spatial_relationship/an oven on the bottom of a toaster, front view-4.mp4",0.15805198844918306,success,1.535496,,
v_e1a6d40408d27e2ff5f7,spatial_relationship,test,"an oven on the top of a toaster, front view",250,videocraft,"videocrafter/spatial_relationship/an oven on the top of a toaster, front view-0.mp4",0.22547755689893587,success,1.366653,,
v_b7ae1c3987fa0f6908e5,spatial_relationship,test,"an oven on the top of a toaster, front view",251,videocraft,"videocrafter/spatial_relationship/an oven on the top of a toaster, front view-1.mp4",0.0,success,1.383849,,
v_885588084c840e6038bf,spatial_relationship,test,"an oven on the top of a toaster, front view",252,videocraft,"videocrafter/spatial_relationship/an oven on the top of a toaster, front view-2.mp4",0.0,success,1.398023,,
v_c0f320378b191aa058e2,spatial_relationship,test,"an oven on the top of a toaster, front view",253,videocraft,"videocrafter/spatial_relationship/an oven on the top of a toaster, front view-3.mp4",0.0,success,1.444111,,
v_4a6d0b0ae27b891214ec,spatial_relationship,test,"an oven on the top of a toaster, front view",254,videocraft,"videocrafter/spatial_relationship/an oven on the top of a toaster, front view-4.mp4",0.0,success,1.420666,,
v_3ad5493e4dc3a1c6b39b,spatial_relationship,test,"an umbrella inside of an open backpack, top view",450,videocraft,"videocrafter/spatial_relationship/an umbrella inside of an open backpack, top view-0.mp4",,error,0.000020,ValueError: MissingOfficialSpatialMetadata: prompt absent from locked VBench 1.0 VBench_full_info.json,
v_f1785c52f87a3eadae88,spatial_relationship,test,"an umbrella inside of an open backpack, top view",451,videocraft,"videocrafter/spatial_relationship/an umbrella inside of an open backpack, top view-1.mp4",,error,0.000010,ValueError: MissingOfficialSpatialMetadata: prompt absent from locked VBench 1.0 VBench_full_info.json,
v_3688543497389bf39b37,spatial_relationship,test,"an umbrella inside of an open backpack, top view",452,videocraft,"videocrafter/spatial_relationship/an umbrella inside of an open backpack, top view-2.mp4",,error,0.000010,ValueError: MissingOfficialSpatialMetadata: prompt absent from locked VBench 1.0 VBench_full_info.json,
v_73c285907e22e24044c0,spatial_relationship,test,"an umbrella inside of an open backpack, top view",453,videocraft,"videocrafter/spatial_relationship/an umbrella inside of an open backpack, top view-3.mp4",,error,0.000010,ValueError: MissingOfficialSpatialMetadata: prompt absent from locked VBench 1.0 VBench_full_info.json,
v_544961ef0632cd51d6de,spatial_relationship,test,"an umbrella inside of an open backpack, top view",454,videocraft,"videocrafter/spatial_relationship/an umbrella inside of an open backpack, top view-4.mp4",,error,0.000009,ValueError: MissingOfficialSpatialMetadata: prompt absent from locked VBench 1.0 VBench_full_info.json,
v_f5af1f1ff29db71832c5,spatial_relationship,dev,"an umbrella inside of an open handbag, top view",475,videocraft,"videocrafter/spatial_relationship/an umbrella inside of an open handbag, top view-0.mp4",,error,0.000009,ValueError: MissingOfficialSpatialMetadata: prompt absent from locked VBench 1.0 VBench_full_info.json,
v_4d05b9c4c52af88c075b,spatial_relationship,dev,"an umbrella inside of an open handbag, top view",476,videocraft,"videocrafter/spatial_relationship/an umbrella inside of an open handbag, top view-1.mp4",,error,0.000009,ValueError: MissingOfficialSpatialMetadata: prompt absent from locked VBench 1.0 VBench_full_info.json,
v_b9516855b49494f98e08,spatial_relationship,dev,"an umbrella inside of an open handbag, top view",477,videocraft,"videocrafter/spatial_relationship/an umbrella inside of an open handbag, top view-2.mp4",,error,0.000009,ValueError: MissingOfficialSpatialMetadata: prompt absent from locked VBench 1.0 VBench_full_info.json,
v_1eb5e8bfc67f01cb6354,spatial_relationship,dev,"an umbrella inside of an open handbag, top view",478,videocraft,"videocrafter/spatial_relationship/an umbrella inside of an open handbag, top view-3.mp4",,error,0.000010,ValueError: MissingOfficialSpatialMetadata: prompt absent from locked VBench 1.0 VBench_full_info.json,
v_a5f3efbeb67e064e8dcf,spatial_relationship,dev,"an umbrella inside of an open handbag, top view",479,videocraft,"videocrafter/spatial_relationship/an umbrella inside of an open handbag, top view-4.mp4",,error,0.000010,ValueError: MissingOfficialSpatialMetadata: prompt absent from locked VBench 1.0 VBench_full_info.json,
v_063a892849a4c3fc2b93,spatial_relationship,test,"an umbrella inside of an open suitcase, top view",500,videocraft,"videocrafter/spatial_relationship/an umbrella inside of an open suitcase, top view-0.mp4",,error,0.000010,ValueError: MissingOfficialSpatialMetadata: prompt absent from locked VBench 1.0 VBench_full_info.json,
v_85828bdb87710403fc14,spatial_relationship,test,"an umbrella inside of an open suitcase, top view",501,videocraft,"videocrafter/spatial_relationship/an umbrella inside of an open suitcase, top view-1.mp4",,error,0.000010,ValueError: MissingOfficialSpatialMetadata: prompt absent from locked VBench 1.0 VBench_full_info.json,
v_f3948b35cad9077a37e1,spatial_relationship,test,"an umbrella inside of an open suitcase, top view",502,videocraft,"videocrafter/spatial_relationship/an umbrella inside of an open suitcase, top view-2.mp4",,error,0.000014,ValueError: MissingOfficialSpatialMetadata: prompt absent from locked VBench 1.0 VBench_full_info.json,
v_6d13e64b9f25ef21e305,spatial_relationship,test,"an umbrella inside of an open suitcase, top view",503,videocraft,"videocrafter/spatial_relationship/an umbrella inside of an open suitcase, top view-3.mp4",,error,0.000009,ValueError: MissingOfficialSpatialMetadata: prompt absent from locked VBench 1.0 VBench_full_info.json,
v_5146ae8c8260b653b0af,spatial_relationship,test,"an umbrella inside of an open suitcase, top view",504,videocraft,"videocrafter/spatial_relationship/an umbrella inside of an open suitcase, top view-4.mp4",,error,0.000009,ValueError: MissingOfficialSpatialMetadata: prompt absent from locked VBench 1.0 VBench_full_info.json,
v_f6786a62b87e6fdd7596,spatial_relationship,test,"broccoli inside of a refrigerator with door open, front view",425,videocraft,"videocrafter/spatial_relationship/broccoli inside of a refrigerator with door open, front view-0.mp4",,error,0.000012,ValueError: MissingOfficialSpatialMetadata: prompt absent from locked VBench 1.0 VBench_full_info.json,
v_dea6f35fdcd7f83a4efc,spatial_relationship,test,"broccoli inside of a refrigerator with door open, front view",426,videocraft,"videocrafter/spatial_relationship/broccoli inside of a refrigerator with door open, front view-1.mp4",,error,0.000010,ValueError: MissingOfficialSpatialMetadata: prompt absent from locked VBench 1.0 VBench_full_info.json,
v_87f2229f161729ca9880,spatial_relationship,test,"broccoli inside of a refrigerator with door open, front view",427,videocraft,"videocrafter/spatial_relationship/broccoli inside of a refrigerator with door open, front view-2.mp4",,error,0.000010,ValueError: MissingOfficialSpatialMetadata: prompt absent from locked VBench 1.0 VBench_full_info.json,
v_2046934faa52218e846b,spatial_relationship,test,"broccoli inside of a refrigerator with door open, front view",428,videocraft,"videocrafter/spatial_relationship/broccoli inside of a refrigerator with door open, front view-3.mp4",,error,0.000009,ValueError: MissingOfficialSpatialMetadata: prompt absent from locked VBench 1.0 VBench_full_info.json,
v_5bb6e2f8e192ab07ab69,spatial_relationship,test,"broccoli inside of a refrigerator with door open, front view",429,videocraft,"videocrafter/spatial_relationship/broccoli inside of a refrigerator with door open, front view-4.mp4",,error,0.000009,ValueError: MissingOfficialSpatialMetadata: prompt absent from locked VBench 1.0 VBench_full_info.json,
v_2d0a1b0bd21b71d570dc,spatial_relationship,test,"broccoli on the bottom of a banana, front view",365,videocraft,"videocrafter/spatial_relationship/broccoli on the bottom of a banana, front view-0.mp4",0.7892948556452825,success,1.728517,,
v_89ea61441c4239d92fa1,spatial_relationship,test,"broccoli on the bottom of a banana, front view",366,videocraft,"videocrafter/spatial_relationship/broccoli on the bottom of a banana, front view-1.mp4",1.0,success,1.642655,,
v_72711e364b2bfa639b45,spatial_relationship,test,"broccoli on the bottom of a banana, front view",367,videocraft,"videocrafter/spatial_relationship/broccoli on the bottom of a banana, front view-2.mp4",0.9375,success,1.543129,,
v_9b15fb62e92cd627063e,spatial_relationship,test,"broccoli on the bottom of a banana, front view",368,videocraft,"videocrafter/spatial_relationship/broccoli on the bottom of a banana, front view-3.mp4",1.0,success,1.778793,,
v_f71196ca9a634906224a,spatial_relationship,test,"broccoli on the bottom of a banana, front view",369,videocraft,"videocrafter/spatial_relationship/broccoli on the bottom of a banana, front view-4.mp4",1.0,success,1.576266,,
v_76e3d95bb3a7c984f6c6,spatial_relationship,test,"broccoli on the top of a banana, front view",360,videocraft,"videocrafter/spatial_relationship/broccoli on the top of a banana, front view-0.mp4",0.0625,success,1.627265,,
v_74b3b08bd542b7e86b8f,spatial_relationship,test,"broccoli on the top of a banana, front view",361,videocraft,"videocrafter/spatial_relationship/broccoli on the top of a banana, front view-1.mp4",0.9488581648979987,success,1.550162,,
v_2ef0422f09418c149534,spatial_relationship,test,"broccoli on the top of a banana, front view",362,videocraft,"videocrafter/spatial_relationship/broccoli on the top of a banana, front view-2.mp4",0.4854887448829485,success,1.647221,,
v_6f873ea2eea8d2d06dd3,spatial_relationship,test,"broccoli on the top of a banana, front view",363,videocraft,"videocrafter/spatial_relationship/broccoli on the top of a banana, front view-3.mp4",0.7695613443224807,success,1.547804,,
v_bff3551fdd61c11cfdf1,spatial_relationship,test,"broccoli on the top of a banana, front view",364,videocraft,"videocrafter/spatial_relationship/broccoli on the top of a banana, front view-4.mp4",0.2704219866756266,success,1.535507,,
v_fea54fc71b0f3a84d178,spatial_relationship,test,"scissors on the left of a teddy bear, front view",155,videocraft,"videocrafter/spatial_relationship/scissors on the left of a teddy bear, front view-0.mp4",0.0,success,1.491024,,
v_387c5f5be448375e08b4,spatial_relationship,test,"scissors on the left of a teddy bear, front view",156,videocraft,"videocrafter/spatial_relationship/scissors on the left of a teddy bear, front view-1.mp4",0.6875,success,1.473139,,
v_c8103cdde5c925920e55,spatial_relationship,test,"scissors on the left of a teddy bear, front view",157,videocraft,"videocrafter/spatial_relationship/scissors on the left of a teddy bear, front view-2.mp4",1.0,success,1.669295,,
v_f0be430b3053f6c7a860,spatial_relationship,test,"scissors on the left of a teddy bear, front view",158,videocraft,"videocrafter/spatial_relationship/scissors on the left of a teddy bear, front view-3.mp4",0.0,success,1.670112,,
v_d1345b746f510ee646a9,spatial_relationship,test,"scissors on the left of a teddy bear, front view",159,videocraft,"videocrafter/spatial_relationship/scissors on the left of a teddy bear, front view-4.mp4",0.0,success,1.573621,,
v_a368a17efc7bc17da3ac,spatial_relationship,dev,"skis on the bottom of a snowboard, front view",375,videocraft,"videocrafter/spatial_relationship/skis on the bottom of a snowboard, front view-0.mp4",0.2835137978454897,success,1.561828,,
v_5426ad5f16bcacc81612,spatial_relationship,dev,"skis on the bottom of a snowboard, front view",376,videocraft,"videocrafter/spatial_relationship/skis on the bottom of a snowboard, front view-1.mp4",0.0,success,1.427227,,
v_2cff873ca7ee68bd891b,spatial_relationship,dev,"skis on the bottom of a snowboard, front view",377,videocraft,"videocrafter/spatial_relationship/skis on the bottom of a snowboard, front view-2.mp4",0.0,success,1.643001,,
v_53869aa2945212c4087e,spatial_relationship,dev,"skis on the bottom of a snowboard, front view",378,videocraft,"videocrafter/spatial_relationship/skis on the bottom of a snowboard, front view-3.mp4",0.026123770681245818,success,1.660996,,
v_7c7de489220f18603f9b,spatial_relationship,dev,"skis on the bottom of a snowboard, front view",379,videocraft,"videocrafter/spatial_relationship/skis on the bottom of a snowboard, front view-4.mp4",0.0,success,1.577368,,
v_4bdfddb7d91f6d5e47ca,spatial_relationship,test,"skis on the top of a snowboard, front view",370,videocraft,"videocrafter/spatial_relationship/skis on the top of a snowboard, front view-0.mp4",0.0,success,1.672864,,
v_7422b2c35f3628099abc,spatial_relationship,test,"skis on the top of a snowboard, front view",371,videocraft,"videocrafter/spatial_relationship/skis on the top of a snowboard, front view-1.mp4",0.028406216179653682,success,1.713196,,
v_f9d9058472669ac6618b,spatial_relationship,test,"skis on the top of a snowboard, front view",372,videocraft,"videocrafter/spatial_relationship/skis on the top of a snowboard, front view-2.mp4",0.0625,success,1.488425,,
v_ff3d866d98144f56eeb1,spatial_relationship,test,"skis on the top of a snowboard, front view",373,videocraft,"videocrafter/spatial_relationship/skis on the top of a snowboard, front view-3.mp4",0.2336641598350611,success,1.488371,,
v_c00df528440f62336bb7,spatial_relationship,test,"skis on the top of a snowboard, front view",374,videocraft,"videocrafter/spatial_relationship/skis on the top of a snowboard, front view-4.mp4",0.7064217352099044,success,1.501751,,
