video_uid,dimension,split,prompt_id,group_id,generator,relative_video_path,score,status,elapsed_s,error,official_video_boolean
v_ece4589fbbe9bc4f033e,dynamics_degree,dev,a bear catching a salmon in its powerful jaws,310,cogvideo,cogvideo/subject_consistency/a bear catching a salmon in its powerful jaws-0.gif,0.0,success,2.151687,,false
v_72efa1b03ff5cf1e2ef3,dynamics_degree,dev,a bear catching a salmon in its powerful jaws,311,cogvideo,cogvideo/subject_consistency/a bear catching a salmon in its powerful jaws-1.gif,1.0,success,1.730030,,true
v_f86fd82c2ed06511db72,dynamics_degree,dev,a bear catching a salmon in its powerful jaws,312,cogvideo,cogvideo/subject_consistency/a bear catching a salmon in its powerful jaws-2.gif,1.0,success,1.573275,,true
v_b0b697a057e8693eea3c,dynamics_degree,dev,a bear catching a salmon in its powerful jaws,313,cogvideo,cogvideo/subject_consistency/a bear catching a salmon in its powerful jaws-3.gif,0.0,success,1.502917,,false
v_c14187f3fdd5b044526f,dynamics_degree,dev,a bear catching a salmon in its powerful jaws,314,cogvideo,cogvideo/subject_consistency/a bear catching a salmon in its powerful jaws-4.gif,0.0,success,1.486180,,false
v_27dd037ab8de5bf6e943,dynamics_degree,test,a bear climbing a tree,320,cogvideo,cogvideo/subject_consistency/a bear climbing a tree-0.gif,0.0,success,1.626087,,false
v_f22d3b1818e8668d5150,dynamics_degree,test,a bear climbing a tree,321,cogvideo,cogvideo/subject_consistency/a bear climbing a tree-1.gif,0.0,success,1.588330,,false
v_fadebbda79517e1eedb1,dynamics_degree,test,a bear climbing a tree,322,cogvideo,cogvideo/subject_consistency/a bear climbing a tree-2.gif,0.0,success,1.566599,,false
v_ada3d21c038bb30d1595,dynamics_degree,test,a bear climbing a tree,323,cogvideo,cogvideo/subject_consistency/a bear climbing a tree-3.gif,0.0,success,1.617380,,false
v_3d208a97be9b190ac351,dynamics_degree,test,a bear climbing a tree,324,cogvideo,cogvideo/subject_consistency/a bear climbing a tree-4.gif,0.0,success,1.583881,,false
v_f0a19f9003a50b4d8404,dynamics_degree,test,a bear hunting for prey,325,cogvideo,cogvideo/subject_consistency/a bear hunting for prey-0.gif,0.0,success,1.481834,,false
v_3f4ccbe8d3bd5a16b0f6,dynamics_degree,test,a bear hunting for prey,326,cogvideo,cogvideo/subject_consistency/a bear hunting for prey-1.gif,0.0,success,1.565699,,false
v_4f48927bca34261859fd,dynamics_degree,test,a bear hunting for prey,327,cogvideo,cogvideo/subject_consistency/a bear hunting for prey-2.gif,0.0,success,1.441151,,false
v_9b39eb8d3232ac7eedd8,dynamics_degree,test,a bear hunting for prey,328,cogvideo,cogvideo/subject_consistency/a bear hunting for prey-3.gif,0.0,success,1.646985,,false
v_9518efd2bd963962925a,dynamics_degree,test,a bear hunting for prey,329,cogvideo,cogvideo/subject_consistency/a bear hunting for prey-4.gif,0.0,success,1.439760,,false
v_c4a6dfb06226032342b0,dynamics_degree,test,a bear sniffing the air for scents of food,315,cogvideo,cogvideo/subject_consistency/a bear sniffing the air for scents of food-0.gif,0.0,success,1.519657,,false
v_9a40f1658c5dfcb0484a,dynamics_degree,test,a bear sniffing the air for scents of food,316,cogvideo,cogvideo/subject_consistency/a bear sniffing the air for scents of food-1.gif,0.0,success,1.578578,,false
v_d15b4bb63784fc1bb2a9,dynamics_degree,test,a bear sniffing the air for scents of food,317,cogvideo,cogvideo/subject_consistency/a bear sniffing the air for scents of food-2.gif,0.0,success,1.581544,,false
v_5a0890e3d8429f01cbfb,dynamics_degree,test,a bear sniffing the air for scents of food,318,cogvideo,cogvideo/subject_consistency/a bear sniffing the air for scents of food-3.gif,0.0,success,1.601941,,false
v_99a6736655f4f4f82485,dynamics_degree,test,a bear sniffing the air for scents of food,319,cogvideo,cogvideo/subject_consistency/a bear sniffing the air for scents of food-4.gif,0.0,success,1.487510,,false
v_b1aba2aae3a37739d16c,dynamics_degree,dev,a bicycle accelerating to gain speed,50,cogvideo,cogvideo/subject_consistency/a bicycle accelerating to gain speed-0.gif,0.0,success,1.510966,,false
v_edd6e5fd7f9cc1e797de,dynamics_degree,dev,a bicycle accelerating to gain speed,51,cogvideo,cogvideo/subject_consistency/a bicycle accelerating to gain speed-1.gif,0.0,success,1.631318,,false
v_9a7a8f70e3f1b6743bf5,dynamics_degree,dev,a bicycle accelerating to gain speed,52,cogvideo,cogvideo/subject_consistency/a bicycle accelerating to gain speed-2.gif,1.0,success,1.435607,,true
v_41187954bddc8e5c06d9,dynamics_degree,dev,a bicycle accelerating to gain speed,53,cogvideo,cogvideo/subject_consistency/a bicycle accelerating to gain speed-3.gif,0.0,success,1.503363,,false
v_749e41c021f9a20919e9,dynamics_degree,dev,a bicycle accelerating to gain speed,54,cogvideo,cogvideo/subject_consistency/a bicycle accelerating to gain speed-4.gif,1.0,success,1.486886,,true
v_56601731e7568f82f39a,dynamics_degree,dev,a bicycle gliding through a snowy field,40,cogvideo,cogvideo/subject_consistency/a bicycle gliding through a snowy field-0.gif,0.0,success,1.583319,,false
v_2405ab4566d001729699,dynamics_degree,dev,a bicycle gliding through a snowy field,41,cogvideo,cogvideo/subject_consistency/a bicycle gliding through a snowy field-1.gif,0.0,success,1.558672,,false
v_8376973305f8f3ada350,dynamics_degree,dev,a bicycle gliding through a snowy field,42,cogvideo,cogvideo/subject_consistency/a bicycle gliding through a snowy field-2.gif,0.0,success,1.576879,,false
v_9c23180cbd43047938b1,dynamics_degree,dev,a bicycle gliding through a snowy field,43,cogvideo,cogvideo/subject_consistency/a bicycle gliding through a snowy field-3.gif,1.0,success,1.505898,,true
v_4c83d76b5946347b2325,dynamics_degree,dev,a bicycle gliding through a snowy field,44,cogvideo,cogvideo/subject_consistency/a bicycle gliding through a snowy field-4.gif,0.0,success,1.526469,,false
v_8ceed4f1d753539e624f,dynamics_degree,dev,a bicycle leaning against a tree,35,cogvideo,cogvideo/subject_consistency/a bicycle leaning against a tree-0.gif,0.0,success,1.613926,,false
v_15dd8348562d797cdfb9,dynamics_degree,dev,a bicycle leaning against a tree,36,cogvideo,cogvideo/subject_consistency/a bicycle leaning against a tree-1.gif,0.0,success,1.579276,,false
v_c305a3f43f16c8a7c2f0,dynamics_degree,dev,a bicycle leaning against a tree,37,cogvideo,cogvideo/subject_consistency/a bicycle leaning against a tree-2.gif,0.0,success,1.514783,,false
v_783f66a52d8c257422ed,dynamics_degree,dev,a bicycle leaning against a tree,38,cogvideo,cogvideo/subject_consistency/a bicycle leaning against a tree-3.gif,0.0,success,1.575854,,false
v_b01862b09c0d97d65fa2,dynamics_degree,dev,a bicycle leaning against a tree,39,cogvideo,cogvideo/subject_consistency/a bicycle leaning against a tree-4.gif,0.0,success,1.626616,,false
v_f3e59e5afeea48376c03,dynamics_degree,dev,a bicycle slowing down to stop,45,cogvideo,cogvideo/subject_consistency/a bicycle slowing down to stop-0.gif,0.0,success,1.486544,,false
v_01a95bff904145c7eb4b,dynamics_degree,dev,a bicycle slowing down to stop,46,cogvideo,cogvideo/subject_consistency/a bicycle slowing down to stop-1.gif,0.0,success,1.612488,,false
v_29888f713234e4ca3297,dynamics_degree,dev,a bicycle slowing down to stop,47,cogvideo,cogvideo/subject_consistency/a bicycle slowing down to stop-2.gif,1.0,success,1.480557,,true
v_093fa3752650b6cf6f86,dynamics_degree,dev,a bicycle slowing down to stop,48,cogvideo,cogvideo/subject_consistency/a bicycle slowing down to stop-3.gif,0.0,success,1.569687,,false
v_9c9692e9850245594de5,dynamics_degree,dev,a bicycle slowing down to stop,49,cogvideo,cogvideo/subject_consistency/a bicycle slowing down to stop-4.gif,0.0,success,1.519809,,false
v_b6ed9c914158ca14e62b,dynamics_degree,test,a bird building a nest from twigs and leaves,195,cogvideo,cogvideo/subject_consistency/a bird building a nest from twigs and leaves-0.gif,0.0,success,1.506787,,false
v_539540019332f45f023e,dynamics_degree,test,a bird building a nest from twigs and leaves,196,cogvideo,cogvideo/subject_consistency/a bird building a nest from twigs and leaves-1.gif,0.0,success,1.498266,,false
v_d4d4b01b46bf10d4a79f,dynamics_degree,test,a bird building a nest from twigs and leaves,197,cogvideo,cogvideo/subject_consistency/a bird building a nest from twigs and leaves-2.gif,0.0,success,1.557211,,false
v_5daa57074f4fbbbf5f89,dynamics_degree,test,a bird building a nest from twigs and leaves,198,cogvideo,cogvideo/subject_consistency/a bird building a nest from twigs and leaves-3.gif,1.0,success,1.433775,,true
v_7843e0629fafb4865c11,dynamics_degree,test,a bird building a nest from twigs and leaves,199,cogvideo,cogvideo/subject_consistency/a bird building a nest from twigs and leaves-4.gif,0.0,success,1.480460,,false
v_b2f256854d76c520b089,dynamics_degree,dev,a bird flying over a snowy forest,200,cogvideo,cogvideo/subject_consistency/a bird flying over a snowy forest-0.gif,0.0,success,1.564643,,false
v_bb7b0359a0f4174bdfff,dynamics_degree,dev,a bird flying over a snowy forest,201,cogvideo,cogvideo/subject_consistency/a bird flying over a snowy forest-1.gif,1.0,success,1.496282,,true
v_c453611c66c472ab24b0,dynamics_degree,dev,a bird flying over a snowy forest,202,cogvideo,cogvideo/subject_consistency/a bird flying over a snowy forest-2.gif,1.0,success,1.497863,,true
v_a5006d032302a5b019b2,dynamics_degree,dev,a bird flying over a snowy forest,203,cogvideo,cogvideo/subject_consistency/a bird flying over a snowy forest-3.gif,0.0,success,1.417529,,false
v_8a6c8c0f1e6aab846f85,dynamics_degree,dev,a bird flying over a snowy forest,204,cogvideo,cogvideo/subject_consistency/a bird flying over a snowy forest-4.gif,0.0,success,1.658347,,false
v_504e53879189d7a6ec5a,dynamics_degree,dev,a bird soaring gracefully in the sky,190,cogvideo,cogvideo/subject_consistency/a bird soaring gracefully in the sky-0.gif,1.0,success,1.424230,,true
v_e127f4ca8c90919c0c85,dynamics_degree,dev,a bird soaring gracefully in the sky,191,cogvideo,cogvideo/subject_consistency/a bird soaring gracefully in the sky-1.gif,1.0,success,1.509860,,true
v_d945db9cc377c1490843,dynamics_degree,dev,a bird soaring gracefully in the sky,192,cogvideo,cogvideo/subject_consistency/a bird soaring gracefully in the sky-2.gif,1.0,success,1.486258,,true
v_07364be05aaa881c9443,dynamics_degree,dev,a bird soaring gracefully in the sky,193,cogvideo,cogvideo/subject_consistency/a bird soaring gracefully in the sky-3.gif,1.0,success,1.515548,,true
v_c2d04a6f69629ecd75dd,dynamics_degree,dev,a bird soaring gracefully in the sky,194,cogvideo,cogvideo/subject_consistency/a bird soaring gracefully in the sky-4.gif,1.0,success,1.631356,,true
v_33b917275d09fe51b311,dynamics_degree,test,a boat accelerating to gain speed,185,cogvideo,cogvideo/subject_consistency/a boat accelerating to gain speed-0.gif,0.0,success,1.544043,,false
v_a0abb4c132843491ba94,dynamics_degree,test,a boat accelerating to gain speed,186,cogvideo,cogvideo/subject_consistency/a boat accelerating to gain speed-1.gif,0.0,success,1.551702,,false
v_77e6d8bddd9522502c92,dynamics_degree,test,a boat accelerating to gain speed,187,cogvideo,cogvideo/subject_consistency/a boat accelerating to gain speed-2.gif,0.0,success,1.430579,,false
v_250c275275f8733a4da1,dynamics_degree,test,a boat accelerating to gain speed,188,cogvideo,cogvideo/subject_consistency/a boat accelerating to gain speed-3.gif,0.0,success,1.513927,,false
v_83248cfc73679f85c0a0,dynamics_degree,test,a boat accelerating to gain speed,189,cogvideo,cogvideo/subject_consistency/a boat accelerating to gain speed-4.gif,0.0,success,1.485585,,false
v_4101db5fa7e494db2bb5,dynamics_degree,dev,a boat sailing smoothly on a calm lake,175,cogvideo,cogvideo/subject_consistency/a boat sailing smoothly on a calm lake-0.gif,0.0,success,1.480906,,false
v_72677fcd857f61d0b6fd,dynamics_degree,dev,a boat sailing smoothly on a calm lake,176,cogvideo,cogvideo/subject_consistency/a boat sailing smoothly on a calm lake-1.gif,0.0,success,1.480946,,false
v_59d71e46dba81cae86f2,dynamics_degree,dev,a boat sailing smoothly on a calm lake,177,cogvideo,cogvideo/subject_consistency/a boat sailing smoothly on a calm lake-2.gif,0.0,success,1.393408,,false
v_607c45f6e3dbf77ff4d8,dynamics_degree,dev,a boat sailing smoothly on a calm lake,178,cogvideo,cogvideo/subject_consistency/a boat sailing smoothly on a calm lake-3.gif,0.0,success,1.453310,,false
v_88095b6c8d36613d642d,dynamics_degree,dev,a boat sailing smoothly on a calm lake,179,cogvideo,cogvideo/subject_consistency/a boat sailing smoothly on a calm lake-4.gif,0.0,success,1.450549,,false
v_4fe0d806592e050379dd,dynamics_degree,dev,a boat slowing down to stop,180,cogvideo,cogvideo/subject_consistency/a boat slowing down to stop-0.gif,0.0,success,1.500505,,false
v_4f7e33b104f55256b0a3,dynamics_degree,dev,a boat slowing down to stop,181,cogvideo,cogvideo/subject_consistency/a boat slowing down to stop-1.gif,0.0,success,1.439790,,false
v_5779bce2f31711dde74c,dynamics_degree,dev,a boat slowing down to stop,182,cogvideo,cogvideo/subject_consistency/a boat slowing down to stop-2.gif,0.0,success,1.506266,,false
v_d20f0a513ba06a1cfcf2,dynamics_degree,dev,a boat slowing down to stop,183,cogvideo,cogvideo/subject_consistency/a boat slowing down to stop-3.gif,0.0,success,1.498178,,false
v_3548a9a7a2a391716f56,dynamics_degree,dev,a boat slowing down to stop,184,cogvideo,cogvideo/subject_consistency/a boat slowing down to stop-4.gif,0.0,success,1.540665,,false
v_0ae957fcc39b9813fedb,dynamics_degree,dev,a bus accelerating to gain speed,130,cogvideo,cogvideo/subject_consistency/a bus accelerating to gain speed-0.gif,0.0,success,1.559433,,false
v_818ef33c2312562be69d,dynamics_degree,dev,a bus accelerating to gain speed,131,cogvideo,cogvideo/subject_consistency/a bus accelerating to gain speed-1.gif,0.0,success,1.602308,,false
v_07bd33c5c62d8defca64,dynamics_degree,dev,a bus accelerating to gain speed,132,cogvideo,cogvideo/subject_consistency/a bus accelerating to gain speed-2.gif,0.0,success,1.505106,,false
v_46fdeba630868435d92c,dynamics_degree,dev,a bus accelerating to gain speed,133,cogvideo,cogvideo/subject_consistency/a bus accelerating to gain speed-3.gif,0.0,success,1.510639,,false
v_6ba7f80ec465f42e43e7,dynamics_degree,dev,a bus accelerating to gain speed,134,cogvideo,cogvideo/subject_consistency/a bus accelerating to gain speed-4.gif,0.0,success,1.552102,,false
v_33eb4cde236caf1b0054,dynamics_degree,test,a bus stuck in traffic during rush hour,125,cogvideo,cogvideo/subject_consistency/a bus stuck in traffic during rush hour-0.gif,1.0,success,1.535828,,true
v_3258582fa74862d1cd72,dynamics_degree,test,a bus stuck in traffic during rush hour,126,cogvideo,cogvideo/subject_consistency/a bus stuck in traffic during rush hour-1.gif,0.0,success,1.488481,,false
v_cb61a0be630a822ed55f,dynamics_degree,test,a bus stuck in traffic during rush hour,127,cogvideo,cogvideo/subject_consistency/a bus stuck in traffic during rush hour-2.gif,1.0,success,1.557052,,true
v_93a925eeef7c6adb1e57,dynamics_degree,test,a bus stuck in traffic during rush hour,128,cogvideo,cogvideo/subject_consistency/a bus stuck in traffic during rush hour-3.gif,0.0,success,1.565610,,false
v_f63c74a54862a22e8fc6,dynamics_degree,test,a bus stuck in traffic during rush hour,129,cogvideo,cogvideo/subject_consistency/a bus stuck in traffic during rush hour-4.gif,1.0,success,1.574511,,true
v_5459fe477e4e6f4928cf,dynamics_degree,test,a bus turning a corner,120,cogvideo,cogvideo/subject_consistency/a bus turning a corner-0.gif,1.0,success,1.476074,,true
v_70647d2c74db744d5b3d,dynamics_degree,test,a bus turning a corner,121,cogvideo,cogvideo/subject_consistency/a bus turning a corner-1.gif,0.0,success,1.501290,,false
v_b9d3e315d686bc2a241c,dynamics_degree,test,a bus turning a corner,122,cogvideo,cogvideo/subject_consistency/a bus turning a corner-2.gif,0.0,success,1.569600,,false
v_7eeba363639a327ff2ce,dynamics_degree,test,a bus turning a corner,123,cogvideo,cogvideo/subject_consistency/a bus turning a corner-3.gif,0.0,success,1.706225,,false
v_a8afa9350456513c3710,dynamics_degree,test,a bus turning a corner,124,cogvideo,cogvideo/subject_consistency/a bus turning a corner-4.gif,0.0,success,1.742844,,false
v_cdfeeea7ba2c08e1047d,dynamics_degree,test,a car accelerating to gain speed,70,cogvideo,cogvideo/subject_consistency/a car accelerating to gain speed-0.gif,0.0,success,1.595481,,false
v_78867537f498504b8115,dynamics_degree,test,a car accelerating to gain speed,71,cogvideo,cogvideo/subject_consistency/a car accelerating to gain speed-1.gif,1.0,success,1.596072,,true
v_16a4c87f1801cd236c99,dynamics_degree,test,a car accelerating to gain speed,72,cogvideo,cogvideo/subject_consistency/a car accelerating to gain speed-2.gif,1.0,success,1.632474,,true
v_c919372c234df971eb21,dynamics_degree,test,a car accelerating to gain speed,73,cogvideo,cogvideo/subject_consistency/a car accelerating to gain speed-3.gif,1.0,success,1.578842,,true
v_4819f1d8982fe6970b9f,dynamics_degree,test,a car accelerating to gain speed,74,cogvideo,cogvideo/subject_consistency/a car accelerating to gain speed-4.gif,0.0,success,1.608461,,false
v_b24eff692e54d810ed86,dynamics_degree,test,a car slowing down to stop,65,cogvideo,cogvideo/subject_consistency/a car slowing down to stop-0.gif,0.0,success,1.595048,,false
v_125c1e7e72ae000cf9cd,dynamics_degree,test,a car slowing down to stop,66,cogvideo,cogvideo/subject_consistency/a car slowing down to stop-1.gif,0.0,success,1.655742,,false
v_4b41ec7e142efc81ac6d,dynamics_degree,test,a car slowing down to stop,67,cogvideo,cogvideo/subject_consistency/a car slowing down to stop-2.gif,0.0,success,1.499542,,false
v_83840b02edde5d869638,dynamics_degree,test,a car slowing down to stop,68,cogvideo,cogvideo/subject_consistency/a car slowing down to stop-3.gif,0.0,success,1.589552,,false
v_d3901eeb3f3687fd9af3,dynamics_degree,test,a car slowing down to stop,69,cogvideo,cogvideo/subject_consistency/a car slowing down to stop-4.gif,1.0,success,1.508985,,true
v_625a177ae917a750b90a,dynamics_degree,test,a car stuck in traffic during rush hour,55,cogvideo,cogvideo/subject_consistency/a car stuck in traffic during rush hour-0.gif,0.0,success,1.592947,,false
v_08263f33b57cb8ddd051,dynamics_degree,test,a car stuck in traffic during rush hour,56,cogvideo,cogvideo/subject_consistency/a car stuck in traffic during rush hour-1.gif,1.0,success,1.516786,,true
v_1f30a9df9db3bcc3cca8,dynamics_degree,test,a car stuck in traffic during rush hour,57,cogvideo,cogvideo/subject_consistency/a car stuck in traffic during rush hour-2.gif,0.0,success,1.511842,,false
v_5892d9f58ceb4ce05399,dynamics_degree,test,a car stuck in traffic during rush hour,58,cogvideo,cogvideo/subject_consistency/a car stuck in traffic during rush hour-3.gif,1.0,success,1.522227,,true
v_34c4179b77a0e30b837a,dynamics_degree,test,a car stuck in traffic during rush hour,59,cogvideo,cogvideo/subject_consistency/a car stuck in traffic during rush hour-4.gif,0.0,success,1.609941,,false
v_7fc98af2940ecd316680,dynamics_degree,dev,a car turning a corner,60,cogvideo,cogvideo/subject_consistency/a car turning a corner-0.gif,1.0,success,1.593527,,true
v_341e097088688a2abd88,dynamics_degree,dev,a car turning a corner,61,cogvideo,cogvideo/subject_consistency/a car turning a corner-1.gif,1.0,success,1.494963,,true
v_ca6175252ae752eee0ce,dynamics_degree,dev,a car turning a corner,62,cogvideo,cogvideo/subject_consistency/a car turning a corner-2.gif,1.0,success,1.494382,,true
v_f526f6678aa9b86fd680,dynamics_degree,dev,a car turning a corner,63,cogvideo,cogvideo/subject_consistency/a car turning a corner-3.gif,1.0,success,1.544412,,true
v_6f03788ba82de11c9321,dynamics_degree,dev,a car turning a corner,64,cogvideo,cogvideo/subject_consistency/a car turning a corner-4.gif,1.0,success,1.447991,,true
v_24dfaa2faab9dcaa39eb,dynamics_degree,test,a cat drinking water,215,cogvideo,cogvideo/subject_consistency/a cat drinking water-0.gif,1.0,success,1.519303,,true
v_bd27a36252d004580467,dynamics_degree,test,a cat drinking water,216,cogvideo,cogvideo/subject_consistency/a cat drinking water-1.gif,0.0,success,1.570561,,false
v_3bf14db38993f18b9e5e,dynamics_degree,test,a cat drinking water,217,cogvideo,cogvideo/subject_consistency/a cat drinking water-2.gif,0.0,success,1.519063,,false
v_8a7112800e2626bdde34,dynamics_degree,test,a cat drinking water,218,cogvideo,cogvideo/subject_consistency/a cat drinking water-3.gif,1.0,success,1.597856,,true
v_be3d0d7f5e5227fa9481,dynamics_degree,test,a cat drinking water,219,cogvideo,cogvideo/subject_consistency/a cat drinking water-4.gif,1.0,success,1.539633,,true
v_1f476013404bb3531aae,dynamics_degree,test,a cat grooming itself meticulously with its tongue,205,cogvideo,cogvideo/subject_consistency/a cat grooming itself meticulously with its tongue-0.gif,1.0,success,1.526418,,true
v_c4aaccb96c50a73b5b56,dynamics_degree,test,a cat grooming itself meticulously with its tongue,206,cogvideo,cogvideo/subject_consistency/a cat grooming itself meticulously with its tongue-1.gif,1.0,success,1.585660,,true
v_febf17c1e676a3dc5fea,dynamics_degree,test,a cat grooming itself meticulously with its tongue,207,cogvideo,cogvideo/subject_consistency/a cat grooming itself meticulously with its tongue-2.gif,1.0,success,1.596662,,true
v_9b397813ade99e50a52f,dynamics_degree,test,a cat grooming itself meticulously with its tongue,208,cogvideo,cogvideo/subject_consistency/a cat grooming itself meticulously with its tongue-3.gif,0.0,success,1.467996,,false
v_a0c7891f2820cb511da3,dynamics_degree,test,a cat grooming itself meticulously with its tongue,209,cogvideo,cogvideo/subject_consistency/a cat grooming itself meticulously with its tongue-4.gif,1.0,success,1.486226,,true
v_f35b7465b0d70acf03bb,dynamics_degree,test,a cat playing in park,210,cogvideo,cogvideo/subject_consistency/a cat playing in park-0.gif,1.0,success,1.405556,,true
v_c43e6ea4c91b48b2409d,dynamics_degree,test,a cat playing in park,211,cogvideo,cogvideo/subject_consistency/a cat playing in park-1.gif,0.0,success,1.393206,,false
v_a4f5b7eda07227ca561f,dynamics_degree,test,a cat playing in park,212,cogvideo,cogvideo/subject_consistency/a cat playing in park-2.gif,0.0,success,1.574218,,false
v_d58a9651d2e553392de3,dynamics_degree,test,a cat playing in park,213,cogvideo,cogvideo/subject_consistency/a cat playing in park-3.gif,1.0,success,1.443203,,true
v_3b0bb9b64d8cf919b96e,dynamics_degree,test,a cat playing in park,214,cogvideo,cogvideo/subject_consistency/a cat playing in park-4.gif,0.0,success,1.503071,,false
v_7fcbe654aa0e12a64877,dynamics_degree,test,a cat running happily,220,cogvideo,cogvideo/subject_consistency/a cat running happily-0.gif,1.0,success,1.530040,,true
v_56c5b51092bd12e5e3bb,dynamics_degree,test,a cat running happily,221,cogvideo,cogvideo/subject_consistency/a cat running happily-1.gif,1.0,success,1.443804,,true
v_a0c7dcdb4d303fbc8079,dynamics_degree,test,a cat running happily,222,cogvideo,cogvideo/subject_consistency/a cat running happily-2.gif,1.0,success,1.523148,,true
v_af7ba5f7c7f433c8c2c3,dynamics_degree,test,a cat running happily,223,cogvideo,cogvideo/subject_consistency/a cat running happily-3.gif,1.0,success,1.521299,,true
v_ce89ed7ee3f2b3e8dbc5,dynamics_degree,test,a cat running happily,224,cogvideo,cogvideo/subject_consistency/a cat running happily-4.gif,1.0,success,1.487364,,true
v_67c5d61b581e285342e3,dynamics_degree,test,a cow bending down to drink water from a river,280,cogvideo,cogvideo/subject_consistency/a cow bending down to drink water from a river-0.gif,0.0,success,1.470396,,false
v_2febef4b14e077a9351a,dynamics_degree,test,a cow bending down to drink water from a river,281,cogvideo,cogvideo/subject_consistency/a cow bending down to drink water from a river-1.gif,0.0,success,1.509324,,false
v_70d4269add1d709500cd,dynamics_degree,test,a cow bending down to drink water from a river,282,cogvideo,cogvideo/subject_consistency/a cow bending down to drink water from a river-2.gif,0.0,success,1.481205,,false
v_1be79771b22050a62e73,dynamics_degree,test,a cow bending down to drink water from a river,283,cogvideo,cogvideo/subject_consistency/a cow bending down to drink water from a river-3.gif,0.0,success,1.507014,,false
v_b35053b23d14061b4b1d,dynamics_degree,test,a cow bending down to drink water from a river,284,cogvideo,cogvideo/subject_consistency/a cow bending down to drink water from a river-4.gif,0.0,success,1.491840,,false
v_bc8a94de486052ea87a8,dynamics_degree,test,a cow chewing cud while resting in a tranquil barn,285,cogvideo,cogvideo/subject_consistency/a cow chewing cud while resting in a tranquil barn-0.gif,0.0,success,1.476964,,false
v_db15f7c2ca8729511e54,dynamics_degree,test,a cow chewing cud while resting in a tranquil barn,286,cogvideo,cogvideo/subject_consistency/a cow chewing cud while resting in a tranquil barn-1.gif,0.0,success,1.542295,,false
v_fc26eab1d740ffafb081,dynamics_degree,test,a cow chewing cud while resting in a tranquil barn,287,cogvideo,cogvideo/subject_consistency/a cow chewing cud while resting in a tranquil barn-2.gif,0.0,success,1.702182,,false
v_db206e194dfd1cc8c30a,dynamics_degree,test,a cow chewing cud while resting in a tranquil barn,288,cogvideo,cogvideo/subject_consistency/a cow chewing cud while resting in a tranquil barn-3.gif,0.0,success,1.641216,,false
v_188d4dd9c6a87eac513a,dynamics_degree,test,a cow chewing cud while resting in a tranquil barn,289,cogvideo,cogvideo/subject_consistency/a cow chewing cud while resting in a tranquil barn-4.gif,0.0,success,1.488609,,false
v_ff1b61053b68db48ef60,dynamics_degree,test,a cow running to join a herd of its kind,290,cogvideo,cogvideo/subject_consistency/a cow running to join a herd of its kind-0.gif,1.0,success,1.506325,,true
v_c727de600b811eedf14d,dynamics_degree,test,a cow running to join a herd of its kind,291,cogvideo,cogvideo/subject_consistency/a cow running to join a herd of its kind-1.gif,0.0,success,1.449031,,false
v_58b17f5bb203c8600b2b,dynamics_degree,test,a cow running to join a herd of its kind,292,cogvideo,cogvideo/subject_consistency/a cow running to join a herd of its kind-2.gif,0.0,success,1.496856,,false
v_3b7faeaa8a3f00370fd2,dynamics_degree,test,a cow running to join a herd of its kind,293,cogvideo,cogvideo/subject_consistency/a cow running to join a herd of its kind-3.gif,0.0,success,1.479728,,false
v_90f70b59496b85245829,dynamics_degree,test,a cow running to join a herd of its kind,294,cogvideo,cogvideo/subject_consistency/a cow running to join a herd of its kind-4.gif,0.0,success,1.598343,,false
v_5e59590450aad16362ef,dynamics_degree,test,a dog drinking water,235,cogvideo,cogvideo/subject_consistency/a dog drinking water-0.gif,1.0,success,1.599980,,true
v_3799ed6f01c14f51a11f,dynamics_degree,test,a dog drinking water,236,cogvideo,cogvideo/subject_consistency/a dog drinking water-1.gif,0.0,success,1.514084,,false
v_861f379a278f456f1230,dynamics_degree,test,a dog drinking water,237,cogvideo,cogvideo/subject_consistency/a dog drinking water-2.gif,0.0,success,1.507086,,false
v_0946e3e69e1470fdc4ea,dynamics_degree,test,a dog drinking water,238,cogvideo,cogvideo/subject_consistency/a dog drinking water-3.gif,0.0,success,1.505007,,false
v_16540c934d07a1bbfa75,dynamics_degree,test,a dog drinking water,239,cogvideo,cogvideo/subject_consistency/a dog drinking water-4.gif,0.0,success,1.572914,,false
v_7f655f19421977ca7f9a,dynamics_degree,test,a dog enjoying a peaceful walk,225,cogvideo,cogvideo/subject_consistency/a dog enjoying a peaceful walk-0.gif,1.0,success,1.541011,,true
v_0eaf34370b20fe9cfb84,dynamics_degree,test,a dog enjoying a peaceful walk,226,cogvideo,cogvideo/subject_consistency/a dog enjoying a peaceful walk-1.gif,1.0,success,1.488614,,true
v_913f702131dc796864d2,dynamics_degree,test,a dog enjoying a peaceful walk,227,cogvideo,cogvideo/subject_consistency/a dog enjoying a peaceful walk-2.gif,0.0,success,1.495962,,false
v_10387981bf201dbb30ef,dynamics_degree,test,a dog enjoying a peaceful walk,228,cogvideo,cogvideo/subject_consistency/a dog enjoying a peaceful walk-3.gif,1.0,success,1.491179,,true
v_599a662b3a56e89ff703,dynamics_degree,test,a dog enjoying a peaceful walk,229,cogvideo,cogvideo/subject_consistency/a dog enjoying a peaceful walk-4.gif,1.0,success,1.405657,,true
v_02c7b94256adc356e49b,dynamics_degree,test,a dog playing in park,230,cogvideo,cogvideo/subject_consistency/a dog playing in park-0.gif,1.0,success,1.479260,,true
v_5ed808e95a2ce595d592,dynamics_degree,test,a dog playing in park,231,cogvideo,cogvideo/subject_consistency/a dog playing in park-1.gif,1.0,success,1.412269,,true
v_435883e4099050e630fa,dynamics_degree,test,a dog playing in park,232,cogvideo,cogvideo/subject_consistency/a dog playing in park-2.gif,1.0,success,1.478176,,true
v_d08e292123f3dda7a73f,dynamics_degree,test,a dog playing in park,233,cogvideo,cogvideo/subject_consistency/a dog playing in park-3.gif,1.0,success,1.412572,,true
v_6e2d2c2a1c828add4de4,dynamics_degree,test,a dog playing in park,234,cogvideo,cogvideo/subject_consistency/a dog playing in park-4.gif,0.0,success,1.488181,,false
v_70bdf680022ccf75d163,dynamics_degree,test,a dog running happily,240,cogvideo,cogvideo/subject_consistency/a dog running happily-0.gif,1.0,success,1.584403,,true
v_ca9d199df8957db9de1f,dynamics_degree,test,a dog running happily,241,cogvideo,cogvideo/subject_consistency/a dog running happily-1.gif,1.0,success,1.408350,,true
v_5fe060d0ff451e14dc4a,dynamics_degree,test,a dog running happily,242,cogvideo,cogvideo/subject_consistency/a dog running happily-2.gif,1.0,success,1.481943,,true
v_56599f0fbd25fb74f61a,dynamics_degree,test,a dog running happily,243,cogvideo,cogvideo/subject_consistency/a dog running happily-3.gif,1.0,success,1.411205,,true
v_ce6bc765c630a7439c87,dynamics_degree,test,a dog running happily,244,cogvideo,cogvideo/subject_consistency/a dog running happily-4.gif,1.0,success,1.569781,,true
v_0a1e9ea41020b5740c28,dynamics_degree,dev,a giraffe bending down to drink water from a river,345,cogvideo,cogvideo/subject_consistency/a giraffe bending down to drink water from a river-0.gif,0.0,success,1.431724,,false
v_8269ed8758fda312e144,dynamics_degree,dev,a giraffe bending down to drink water from a river,346,cogvideo,cogvideo/subject_consistency/a giraffe bending down to drink water from a river-1.gif,1.0,success,1.504254,,true
v_b59f2c3978bea012020c,dynamics_degree,dev,a giraffe bending down to drink water from a river,347,cogvideo,cogvideo/subject_consistency/a giraffe bending down to drink water from a river-2.gif,0.0,success,1.486217,,false
v_c45efb90991da7100185,dynamics_degree,dev,a giraffe bending down to drink water from a river,348,cogvideo,cogvideo/subject_consistency/a giraffe bending down to drink water from a river-3.gif,0.0,success,1.476235,,false
v_eb4252cb4c1903bb88ac,dynamics_degree,dev,a giraffe bending down to drink water from a river,349,cogvideo,cogvideo/subject_consistency/a giraffe bending down to drink water from a river-4.gif,0.0,success,1.487807,,false
v_1807b634f61202d15f7e,dynamics_degree,test,a giraffe running to join a herd of its kind,355,cogvideo,cogvideo/subject_consistency/a giraffe running to join a herd of its kind-0.gif,1.0,success,1.406994,,true
v_af5351293948cac490b9,dynamics_degree,test,a giraffe running to join a herd of its kind,356,cogvideo,cogvideo/subject_consistency/a giraffe running to join a herd of its kind-1.gif,0.0,success,1.497191,,false
v_fd553dd51d4a140ac401,dynamics_degree,test,a giraffe running to join a herd of its kind,357,cogvideo,cogvideo/subject_consistency/a giraffe running to join a herd of its kind-2.gif,0.0,success,1.483674,,false
v_5f2decec043dc45fdfa3,dynamics_degree,test,a giraffe running to join a herd of its kind,358,cogvideo,cogvideo/subject_consistency/a giraffe running to join a herd of its kind-3.gif,1.0,success,1.479755,,true
v_453fa3bddf58df61fe8d,dynamics_degree,test,a giraffe running to join a herd of its kind,359,cogvideo,cogvideo/subject_consistency/a giraffe running to join a herd of its kind-4.gif,1.0,success,1.404715,,true
v_4903a2014a9da6ba3951,dynamics_degree,dev,a giraffe taking a peaceful walk,350,cogvideo,cogvideo/subject_consistency/a giraffe taking a peaceful walk-0.gif,0.0,success,1.485638,,false
v_4f7fe99ebe86114e59a2,dynamics_degree,dev,a giraffe taking a peaceful walk,351,cogvideo,cogvideo/subject_consistency/a giraffe taking a peaceful walk-1.gif,1.0,success,1.419405,,true
v_a828e8b598ea40de2375,dynamics_degree,dev,a giraffe taking a peaceful walk,352,cogvideo,cogvideo/subject_consistency/a giraffe taking a peaceful walk-2.gif,1.0,success,1.478144,,true
v_2213af4094cb12ffa82e,dynamics_degree,dev,a giraffe taking a peaceful walk,353,cogvideo,cogvideo/subject_consistency/a giraffe taking a peaceful walk-3.gif,1.0,success,1.396565,,true
v_2c853ad2c167c344876f,dynamics_degree,dev,a giraffe taking a peaceful walk,354,cogvideo,cogvideo/subject_consistency/a giraffe taking a peaceful walk-4.gif,0.0,success,1.400993,,false
v_f2ad097d68ebaa7dc1c4,dynamics_degree,test,a horse bending down to drink water from a river,245,cogvideo,cogvideo/subject_consistency/a horse bending down to drink water from a river-0.gif,0.0,success,1.480147,,false
v_f150e5153e7083d88111,dynamics_degree,test,a horse bending down to drink water from a river,246,cogvideo,cogvideo/subject_consistency/a horse bending down to drink water from a river-1.gif,0.0,success,1.405034,,false
v_b5b2d510974e0d36280d,dynamics_degree,test,a horse bending down to drink water from a river,247,cogvideo,cogvideo/subject_consistency/a horse bending down to drink water from a river-2.gif,0.0,success,1.569008,,false
v_299d2d31bdf6dc157ed5,dynamics_degree,test,a horse bending down to drink water from a river,248,cogvideo,cogvideo/subject_consistency/a horse bending down to drink water from a river-3.gif,0.0,success,1.467086,,false
v_e7f1ec481c63adc5b646,dynamics_degree,test,a horse bending down to drink water from a river,249,cogvideo,cogvideo/subject_consistency/a horse bending down to drink water from a river-4.gif,0.0,success,1.427475,,false
v_b3c3ee2d4cf7bad3f74e,dynamics_degree,test,a horse galloping across an open field,250,cogvideo,cogvideo/subject_consistency/a horse galloping across an open field-0.gif,0.0,success,1.468215,,false
v_91aa5453d99de2ec958b,dynamics_degree,test,a horse galloping across an open field,251,cogvideo,cogvideo/subject_consistency/a horse galloping across an open field-1.gif,1.0,success,1.486441,,true
v_27898020960168a33664,dynamics_degree,test,a horse galloping across an open field,252,cogvideo,cogvideo/subject_consistency/a horse galloping across an open field-2.gif,1.0,success,1.472007,,true
v_4aaeac582a61cbb39c77,dynamics_degree,test,a horse galloping across an open field,253,cogvideo,cogvideo/subject_consistency/a horse galloping across an open field-3.gif,0.0,success,1.427398,,false
v_8cf0abc46f2cce6b544c,dynamics_degree,test,a horse galloping across an open field,254,cogvideo,cogvideo/subject_consistency/a horse galloping across an open field-4.gif,1.0,success,1.492104,,true
v_b489f20fd00e8c34c773,dynamics_degree,test,a horse running to join a herd of its kind,260,cogvideo,cogvideo/subject_consistency/a horse running to join a herd of its kind-0.gif,1.0,success,1.515520,,true
v_b62f63a9d485bde6c122,dynamics_degree,test,a horse running to join a herd of its kind,261,cogvideo,cogvideo/subject_consistency/a horse running to join a herd of its kind-1.gif,1.0,success,1.463780,,true
v_59790edcf813a559f8e9,dynamics_degree,test,a horse running to join a herd of its kind,262,cogvideo,cogvideo/subject_consistency/a horse running to join a herd of its kind-2.gif,1.0,success,1.430090,,true
v_0353370115deaa1ced0d,dynamics_degree,test,a horse running to join a herd of its kind,263,cogvideo,cogvideo/subject_consistency/a horse running to join a herd of its kind-3.gif,1.0,success,1.482046,,true
v_3eae152eb97d8c155477,dynamics_degree,test,a horse running to join a herd of its kind,264,cogvideo,cogvideo/subject_consistency/a horse running to join a herd of its kind-4.gif,1.0,success,1.485012,,true
v_43dad0cc702f1d6d9045,dynamics_degree,dev,a horse taking a peaceful walk,255,cogvideo,cogvideo/subject_consistency/a horse taking a peaceful walk-0.gif,1.0,success,1.609741,,true
v_b38f70f8907b9316ee4a,dynamics_degree,dev,a horse taking a peaceful walk,256,cogvideo,cogvideo/subject_consistency/a horse taking a peaceful walk-1.gif,1.0,success,1.560653,,true
v_c4bb7f3ac61272cb8fe4,dynamics_degree,dev,a horse taking a peaceful walk,257,cogvideo,cogvideo/subject_consistency/a horse taking a peaceful walk-2.gif,1.0,success,1.424565,,true
v_06082657811e92cc45bb,dynamics_degree,dev,a horse taking a peaceful walk,258,cogvideo,cogvideo/subject_consistency/a horse taking a peaceful walk-3.gif,1.0,success,1.480454,,true
v_1e1b14957cc3a7486b8b,dynamics_degree,dev,a horse taking a peaceful walk,259,cogvideo,cogvideo/subject_consistency/a horse taking a peaceful walk-4.gif,0.0,success,1.498943,,false
v_a0edade82586087cc732,dynamics_degree,dev,a motorcycle accelerating to gain speed,95,cogvideo,cogvideo/subject_consistency/a motorcycle accelerating to gain speed-0.gif,1.0,success,1.493011,,true
v_4909d6636b89fd7f6995,dynamics_degree,dev,a motorcycle accelerating to gain speed,96,cogvideo,cogvideo/subject_consistency/a motorcycle accelerating to gain speed-1.gif,1.0,success,1.560085,,true
v_48321c01e25fb34e8c79,dynamics_degree,dev,a motorcycle accelerating to gain speed,97,cogvideo,cogvideo/subject_consistency/a motorcycle accelerating to gain speed-2.gif,0.0,success,1.422210,,false
v_2bb5b21c068e408de824,dynamics_degree,dev,a motorcycle accelerating to gain speed,98,cogvideo,cogvideo/subject_consistency/a motorcycle accelerating to gain speed-3.gif,1.0,success,1.542229,,true
v_b5fe4fa329c29ad1a2a1,dynamics_degree,dev,a motorcycle accelerating to gain speed,99,cogvideo,cogvideo/subject_consistency/a motorcycle accelerating to gain speed-4.gif,1.0,success,1.466576,,true
v_59cd332278e72da58793,dynamics_degree,test,a motorcycle cruising along a coastal highway,75,cogvideo,cogvideo/subject_consistency/a motorcycle cruising along a coastal highway-0.gif,1.0,success,1.459428,,true
v_f1d2f0a21d8f9026c179,dynamics_degree,test,a motorcycle cruising along a coastal highway,76,cogvideo,cogvideo/subject_consistency/a motorcycle cruising along a coastal highway-1.gif,1.0,success,1.608615,,true
v_824f961c5bafde81ceef,dynamics_degree,test,a motorcycle cruising along a coastal highway,77,cogvideo,cogvideo/subject_consistency/a motorcycle cruising along a coastal highway-2.gif,0.0,success,1.464170,,false
v_c80186990bcff6d38d81,dynamics_degree,test,a motorcycle cruising along a coastal highway,78,cogvideo,cogvideo/subject_consistency/a motorcycle cruising along a coastal highway-3.gif,1.0,success,1.515181,,true
v_a430774bb9fdaea84ccf,dynamics_degree,test,a motorcycle cruising along a coastal highway,79,cogvideo,cogvideo/subject_consistency/a motorcycle cruising along a coastal highway-4.gif,1.0,success,1.447860,,true
v_08605a483ec340ef6cf5,dynamics_degree,test,a motorcycle gliding through a snowy field,90,cogvideo,cogvideo/subject_consistency/a motorcycle gliding through a snowy field-0.gif,0.0,success,1.410232,,false
v_9a1ce233bb6bbc1828ee,dynamics_degree,test,a motorcycle gliding through a snowy field,91,cogvideo,cogvideo/subject_consistency/a motorcycle gliding through a snowy field-1.gif,0.0,success,1.511261,,false
v_67863bca67d521157027,dynamics_degree,test,a motorcycle gliding through a snowy field,92,cogvideo,cogvideo/subject_consistency/a motorcycle gliding through a snowy field-2.gif,1.0,success,1.485039,,true
v_12814173bc7b449c422d,dynamics_degree,test,a motorcycle gliding through a snowy field,93,cogvideo,cogvideo/subject_consistency/a motorcycle gliding through a snowy field-3.gif,1.0,success,1.482695,,true
v_714f44a8c7e3d4e4112b,dynamics_degree,test,a motorcycle gliding through a snowy field,94,cogvideo,cogvideo/subject_consistency/a motorcycle gliding through a snowy field-4.gif,1.0,success,1.422029,,true
v_b2734993bbe2824f561b,dynamics_degree,test,a motorcycle slowing down to stop,85,cogvideo,cogvideo/subject_consistency/a motorcycle slowing down to stop-0.gif,0.0,success,1.482517,,false
v_5ac5685ee7ebee837072,dynamics_degree,test,a motorcycle slowing down to stop,86,cogvideo,cogvideo/subject_consistency/a motorcycle slowing down to stop-1.gif,0.0,success,1.546323,,false
v_b630de8154ce7754792b,dynamics_degree,test,a motorcycle slowing down to stop,87,cogvideo,cogvideo/subject_consistency/a motorcycle slowing down to stop-2.gif,0.0,success,1.448158,,false
v_bfdb2e76119f6b9a94c5,dynamics_degree,test,a motorcycle slowing down to stop,88,cogvideo,cogvideo/subject_consistency/a motorcycle slowing down to stop-3.gif,0.0,success,1.489901,,false
v_b5f38eba3b7a96497ab9,dynamics_degree,test,a motorcycle slowing down to stop,89,cogvideo,cogvideo/subject_consistency/a motorcycle slowing down to stop-4.gif,1.0,success,1.500702,,true
v_7f0ba307ab2bd3d56733,dynamics_degree,dev,a motorcycle turning a corner,80,cogvideo,cogvideo/subject_consistency/a motorcycle turning a corner-0.gif,1.0,success,1.507015,,true
v_4ec14636bb4afd8aae71,dynamics_degree,dev,a motorcycle turning a corner,81,cogvideo,cogvideo/subject_consistency/a motorcycle turning a corner-1.gif,0.0,success,1.520833,,false
v_e69d47864d6db92d4e64,dynamics_degree,dev,a motorcycle turning a corner,82,cogvideo,cogvideo/subject_consistency/a motorcycle turning a corner-2.gif,1.0,success,1.449999,,true
v_25eacac51363c51b9136,dynamics_degree,dev,a motorcycle turning a corner,83,cogvideo,cogvideo/subject_consistency/a motorcycle turning a corner-3.gif,1.0,success,1.503332,,true
v_94ce534278862ad71b68,dynamics_degree,dev,a motorcycle turning a corner,84,cogvideo,cogvideo/subject_consistency/a motorcycle turning a corner-4.gif,0.0,success,1.473132,,false
v_8b82e0e09e54384d4448,dynamics_degree,dev,a person drinking coffee in a cafe,25,cogvideo,cogvideo/subject_consistency/a person drinking coffee in a cafe-0.gif,1.0,success,1.478182,,true
v_155926b095827107eb41,dynamics_degree,dev,a person drinking coffee in a cafe,26,cogvideo,cogvideo/subject_consistency/a person drinking coffee in a cafe-1.gif,1.0,success,1.431835,,true
v_6acd2f23be5a3006e137,dynamics_degree,dev,a person drinking coffee in a cafe,27,cogvideo,cogvideo/subject_consistency/a person drinking coffee in a cafe-2.gif,1.0,success,1.568076,,true
v_4bbfeab32ea3d17e2da6,dynamics_degree,dev,a person drinking coffee in a cafe,28,cogvideo,cogvideo/subject_consistency/a person drinking coffee in a cafe-3.gif,0.0,success,1.467704,,false
v_4177b0f3fe30dc6df104,dynamics_degree,dev,a person drinking coffee in a cafe,29,cogvideo,cogvideo/subject_consistency/a person drinking coffee in a cafe-4.gif,1.0,success,1.578967,,true
v_bc89506bba318117e4e9,dynamics_degree,test,a person eating a burger,15,cogvideo,cogvideo/subject_consistency/a person eating a burger-0.gif,0.0,success,1.416957,,false
v_340778036698365ed64d,dynamics_degree,test,a person eating a burger,16,cogvideo,cogvideo/subject_consistency/a person eating a burger-1.gif,1.0,success,1.491138,,true
v_1da86269ca005fb564af,dynamics_degree,test,a person eating a burger,17,cogvideo,cogvideo/subject_consistency/a person eating a burger-2.gif,0.0,success,1.485125,,false
v_1a99b9f920fdc6d1636b,dynamics_degree,test,a person eating a burger,18,cogvideo,cogvideo/subject_consistency/a person eating a burger-3.gif,0.0,success,1.615525,,false
v_c9d58465beb6d5d4c7bf,dynamics_degree,test,a person eating a burger,19,cogvideo,cogvideo/subject_consistency/a person eating a burger-4.gif,1.0,success,1.468659,,true
v_b1aaf194c04dd6062cf6,dynamics_degree,test,a person giving a presentation to a room full of colleagues,5,cogvideo,cogvideo/subject_consistency/a person giving a presentation to a room full of colleagues-0.gif,0.0,success,1.411453,,false
v_30b05b1d4b7228b5a053,dynamics_degree,test,a person giving a presentation to a room full of colleagues,6,cogvideo,cogvideo/subject_consistency/a person giving a presentation to a room full of colleagues-1.gif,1.0,success,1.659851,,true
v_90d3f27bd9ee6e821ea0,dynamics_degree,test,a person giving a presentation to a room full of colleagues,7,cogvideo,cogvideo/subject_consistency/a person giving a presentation to a room full of colleagues-2.gif,0.0,success,1.433307,,false
v_a3788da5a5904860887b,dynamics_degree,test,a person giving a presentation to a room full of colleagues,8,cogvideo,cogvideo/subject_consistency/a person giving a presentation to a room full of colleagues-3.gif,1.0,success,1.528700,,true
v_6aa8557892583fe06f44,dynamics_degree,test,a person giving a presentation to a room full of colleagues,9,cogvideo,cogvideo/subject_consistency/a person giving a presentation to a room full of colleagues-4.gif,0.0,success,1.435397,,false
v_8672249c9a585497663d,dynamics_degree,dev,a person playing guitar,30,cogvideo,cogvideo/subject_consistency/a person playing guitar-0.gif,1.0,success,1.498837,,true
v_11e8477ecb226d3f0d1d,dynamics_degree,dev,a person playing guitar,31,cogvideo,cogvideo/subject_consistency/a person playing guitar-1.gif,0.0,success,1.417347,,false
v_9afd717185c9623c3531,dynamics_degree,dev,a person playing guitar,32,cogvideo,cogvideo/subject_consistency/a person playing guitar-2.gif,1.0,success,1.597752,,true
v_25f13f8840775639e962,dynamics_degree,dev,a person playing guitar,33,cogvideo,cogvideo/subject_consistency/a person playing guitar-3.gif,1.0,success,1.473420,,true
v_75501b64e510aa9f565a,dynamics_degree,dev,a person playing guitar,34,cogvideo,cogvideo/subject_consistency/a person playing guitar-4.gif,1.0,success,1.523725,,true
v_2ea4aff1ce34e99a42c8,dynamics_degree,test,a person swimming in ocean,0,cogvideo,cogvideo/subject_consistency/a person swimming in ocean-0.gif,1.0,success,1.439367,,true
v_b85f3423673a3d04023f,dynamics_degree,test,a person swimming in ocean,1,cogvideo,cogvideo/subject_consistency/a person swimming in ocean-1.gif,0.0,success,1.403216,,false
v_71bd911a975e938c2f3e,dynamics_degree,test,a person swimming in ocean,2,cogvideo,cogvideo/subject_consistency/a person swimming in ocean-2.gif,1.0,success,1.486104,,true
v_0027a06ca561700c6e4f,dynamics_degree,test,a person swimming in ocean,3,cogvideo,cogvideo/subject_consistency/a person swimming in ocean-3.gif,0.0,success,1.397838,,false
v_fde451b9568f30c36091,dynamics_degree,test,a person swimming in ocean,4,cogvideo,cogvideo/subject_consistency/a person swimming in ocean-4.gif,0.0,success,1.389871,,false
v_3d7596367436d3cbb73f,dynamics_degree,test,a person walking in the snowstorm,20,cogvideo,cogvideo/subject_consistency/a person walking in the snowstorm-0.gif,0.0,success,1.575999,,false
v_be0bd0bbf98794435cba,dynamics_degree,test,a person walking in the snowstorm,21,cogvideo,cogvideo/subject_consistency/a person walking in the snowstorm-1.gif,0.0,success,1.450681,,false
v_565e8057ff58ed52742d,dynamics_degree,test,a person walking in the snowstorm,22,cogvideo,cogvideo/subject_consistency/a person walking in the snowstorm-2.gif,0.0,success,1.508599,,false
v_3c7befad88cfc287dd09,dynamics_degree,test,a person walking in the snowstorm,23,cogvideo,cogvideo/subject_consistency/a person walking in the snowstorm-3.gif,0.0,success,1.478787,,false
v_4b9eb46dff2845104154,dynamics_degree,test,a person walking in the snowstorm,24,cogvideo,cogvideo/subject_consistency/a person walking in the snowstorm-4.gif,0.0,success,1.487105,,false
v_8dffbab2e0379f072e50,dynamics_degree,dev,a person washing the dishes,10,cogvideo,cogvideo/subject_consistency/a person washing the dishes-0.gif,1.0,success,1.512605,,true
v_fa80247733d5014db462,dynamics_degree,dev,a person washing the dishes,11,cogvideo,cogvideo/subject_consistency/a person washing the dishes-1.gif,0.0,success,1.496925,,false
v_2ee49f92c4fa79c3839e,dynamics_degree,dev,a person washing the dishes,12,cogvideo,cogvideo/subject_consistency/a person washing the dishes-2.gif,0.0,success,1.645740,,false
v_c5e097cff52903e38948,dynamics_degree,dev,a person washing the dishes,13,cogvideo,cogvideo/subject_consistency/a person washing the dishes-3.gif,1.0,success,1.725633,,true
v_f0bd939ce44738273046,dynamics_degree,dev,a person washing the dishes,14,cogvideo,cogvideo/subject_consistency/a person washing the dishes-4.gif,0.0,success,1.764644,,false
v_8e306364f71a9967b789,dynamics_degree,test,a sheep bending down to drink water from a river,265,cogvideo,cogvideo/subject_consistency/a sheep bending down to drink water from a river-0.gif,1.0,success,1.430651,,true
v_a430c606fc996366d7e7,dynamics_degree,test,a sheep bending down to drink water from a river,266,cogvideo,cogvideo/subject_consistency/a sheep bending down to drink water from a river-1.gif,0.0,success,1.497264,,false
v_f75dba91b94c6d12c6fd,dynamics_degree,test,a sheep bending down to drink water from a river,267,cogvideo,cogvideo/subject_consistency/a sheep bending down to drink water from a river-2.gif,0.0,success,1.494102,,false
v_573a61032f35440efe05,dynamics_degree,test,a sheep bending down to drink water from a river,268,cogvideo,cogvideo/subject_consistency/a sheep bending down to drink water from a river-3.gif,0.0,success,1.484342,,false
v_91ec7c8f5ce2b37ac53c,dynamics_degree,test,a sheep bending down to drink water from a river,269,cogvideo,cogvideo/subject_consistency/a sheep bending down to drink water from a river-4.gif,0.0,success,1.635719,,false
v_1ce918cb4e4037851ae9,dynamics_degree,dev,a sheep running to join a herd of its kind,275,cogvideo,cogvideo/subject_consistency/a sheep running to join a herd of its kind-0.gif,0.0,success,1.515659,,false
v_9163436152f8b8b3e8e1,dynamics_degree,dev,a sheep running to join a herd of its kind,276,cogvideo,cogvideo/subject_consistency/a sheep running to join a herd of its kind-1.gif,1.0,success,1.520280,,true
v_488c079789352e64b74b,dynamics_degree,dev,a sheep running to join a herd of its kind,277,cogvideo,cogvideo/subject_consistency/a sheep running to join a herd of its kind-2.gif,0.0,success,1.497152,,false
v_7fdcfff7d6eafe87d3c9,dynamics_degree,dev,a sheep running to join a herd of its kind,278,cogvideo,cogvideo/subject_consistency/a sheep running to join a herd of its kind-3.gif,1.0,success,1.514251,,true
v_9e4e07d83dc24ba4fecf,dynamics_degree,dev,a sheep running to join a herd of its kind,279,cogvideo,cogvideo/subject_consistency/a sheep running to join a herd of its kind-4.gif,1.0,success,1.485621,,true
v_20a5a1776d43cfe7fc7c,dynamics_degree,test,a sheep taking a peaceful walk,270,cogvideo,cogvideo/subject_consistency/a sheep taking a peaceful walk-0.gif,0.0,success,1.489253,,false
v_3d9176d4d577d8f48f9e,dynamics_degree,test,a sheep taking a peaceful walk,271,cogvideo,cogvideo/subject_consistency/a sheep taking a peaceful walk-1.gif,0.0,success,1.501458,,false
v_2caaa6d3ad63a37fa9ea,dynamics_degree,test,a sheep taking a peaceful walk,272,cogvideo,cogvideo/subject_consistency/a sheep taking a peaceful walk-2.gif,1.0,success,1.557069,,true
v_99986fb258e22305dcf4,dynamics_degree,test,a sheep taking a peaceful walk,273,cogvideo,cogvideo/subject_consistency/a sheep taking a peaceful walk-3.gif,1.0,success,1.546281,,true
v_f4b739bda26e092a5f93,dynamics_degree,test,a sheep taking a peaceful walk,274,cogvideo,cogvideo/subject_consistency/a sheep taking a peaceful walk-4.gif,0.0,success,1.461238,,false
v_2c94a13c0d0f164094b9,dynamics_degree,test,a train accelerating to gain speed,145,cogvideo,cogvideo/subject_consistency/a train accelerating to gain speed-0.gif,0.0,success,1.505744,,false
v_4843cf092e8d4a480b3f,dynamics_degree,test,a train accelerating to gain speed,146,cogvideo,cogvideo/subject_consistency/a train accelerating to gain speed-1.gif,1.0,success,1.487999,,true
v_7225eb6c5e930356dd10,dynamics_degree,test,a train accelerating to gain speed,147,cogvideo,cogvideo/subject_consistency/a train accelerating to gain speed-2.gif,1.0,success,1.465142,,true
v_16f620d5805bc2298bb8,dynamics_degree,test,a train accelerating to gain speed,148,cogvideo,cogvideo/subject_consistency/a train accelerating to gain speed-3.gif,1.0,success,1.482953,,true
v_775424c9a7a722437b7d,dynamics_degree,test,a train accelerating to gain speed,149,cogvideo,cogvideo/subject_consistency/a train accelerating to gain speed-4.gif,1.0,success,1.504517,,true
v_3e96893928913f1a0e3d,dynamics_degree,dev,a train crossing over a tall bridge,140,cogvideo,cogvideo/subject_consistency/a train crossing over a tall bridge-0.gif,0.0,success,1.454144,,false
v_3a524bf5ebe8dd383642,dynamics_degree,dev,a train crossing over a tall bridge,141,cogvideo,cogvideo/subject_consistency/a train crossing over a tall bridge-1.gif,0.0,success,1.642575,,false
v_b0f1b9ebbc347f4a7203,dynamics_degree,dev,a train crossing over a tall bridge,142,cogvideo,cogvideo/subject_consistency/a train crossing over a tall bridge-2.gif,1.0,success,1.461483,,true
v_7e80eb0d3f9c5b153a78,dynamics_degree,dev,a train crossing over a tall bridge,143,cogvideo,cogvideo/subject_consistency/a train crossing over a tall bridge-3.gif,1.0,success,1.498531,,true
v_1a53a384b76003a90b26,dynamics_degree,dev,a train crossing over a tall bridge,144,cogvideo,cogvideo/subject_consistency/a train crossing over a tall bridge-4.gif,0.0,success,1.571609,,false
v_de9b31facf4909edd60e,dynamics_degree,dev,a train speeding down the tracks,135,cogvideo,cogvideo/subject_consistency/a train speeding down the tracks-0.gif,1.0,success,1.435587,,true
v_ec7a53a33815d87cc664,dynamics_degree,dev,a train speeding down the tracks,136,cogvideo,cogvideo/subject_consistency/a train speeding down the tracks-1.gif,0.0,success,1.539850,,false
v_b3339c0a13ee47c44fdf,dynamics_degree,dev,a train speeding down the tracks,137,cogvideo,cogvideo/subject_consistency/a train speeding down the tracks-2.gif,0.0,success,1.513366,,false
v_2971865f2f915774fa44,dynamics_degree,dev,a train speeding down the tracks,138,cogvideo,cogvideo/subject_consistency/a train speeding down the tracks-3.gif,1.0,success,1.499967,,true
v_5ce6fe368ca18cf3dd96,dynamics_degree,dev,a train speeding down the tracks,139,cogvideo,cogvideo/subject_consistency/a train speeding down the tracks-4.gif,0.0,success,1.499163,,false
v_01365a8fa8ac42bb7429,dynamics_degree,test,a truck accelerating to gain speed,170,cogvideo,cogvideo/subject_consistency/a truck accelerating to gain speed-0.gif,1.0,success,1.485093,,true
v_124db8712754629e0d38,dynamics_degree,test,a truck accelerating to gain speed,171,cogvideo,cogvideo/subject_consistency/a truck accelerating to gain speed-1.gif,1.0,success,1.517896,,true
v_07c00c5e235b7aa933bb,dynamics_degree,test,a truck accelerating to gain speed,172,cogvideo,cogvideo/subject_consistency/a truck accelerating to gain speed-2.gif,0.0,success,1.515325,,false
v_b479b632a5772ba428a9,dynamics_degree,test,a truck accelerating to gain speed,173,cogvideo,cogvideo/subject_consistency/a truck accelerating to gain speed-3.gif,1.0,success,1.489493,,true
v_cce88aa440b526b3bea0,dynamics_degree,test,a truck accelerating to gain speed,174,cogvideo,cogvideo/subject_consistency/a truck accelerating to gain speed-4.gif,1.0,success,1.463157,,true
v_fada8bdc170f28136520,dynamics_degree,dev,a truck anchored in a tranquil bay,155,cogvideo,cogvideo/subject_consistency/a truck anchored in a tranquil bay-0.gif,1.0,success,1.655916,,true
v_15ddbc1d4fc51a1053a5,dynamics_degree,dev,a truck anchored in a tranquil bay,156,cogvideo,cogvideo/subject_consistency/a truck anchored in a tranquil bay-1.gif,0.0,success,1.425986,,false
v_532b09cc5a1e2095a692,dynamics_degree,dev,a truck anchored in a tranquil bay,157,cogvideo,cogvideo/subject_consistency/a truck anchored in a tranquil bay-2.gif,0.0,success,1.495043,,false
v_2567dab00cba64323cb6,dynamics_degree,dev,a truck anchored in a tranquil bay,158,cogvideo,cogvideo/subject_consistency/a truck anchored in a tranquil bay-3.gif,1.0,success,1.488089,,true
v_e5c0469d447eb8063964,dynamics_degree,dev,a truck anchored in a tranquil bay,159,cogvideo,cogvideo/subject_consistency/a truck anchored in a tranquil bay-4.gif,0.0,success,1.613262,,false
v_bf309cc67df5c7923b12,dynamics_degree,test,a truck slowing down to stop,165,cogvideo,cogvideo/subject_consistency/a truck slowing down to stop-0.gif,0.0,success,1.446527,,false
v_8cce20ee182e79b99148,dynamics_degree,test,a truck slowing down to stop,166,cogvideo,cogvideo/subject_consistency/a truck slowing down to stop-1.gif,1.0,success,1.504856,,true
v_1c6a0a590dbf7e63645d,dynamics_degree,test,a truck slowing down to stop,167,cogvideo,cogvideo/subject_consistency/a truck slowing down to stop-2.gif,0.0,success,1.539925,,false
v_f2dbd4bba4087eab45e1,dynamics_degree,test,a truck slowing down to stop,168,cogvideo,cogvideo/subject_consistency/a truck slowing down to stop-3.gif,1.0,success,1.427599,,true
v_85e593f8314300ace344,dynamics_degree,test,a truck slowing down to stop,169,cogvideo,cogvideo/subject_consistency/a truck slowing down to stop-4.gif,0.0,success,1.487601,,false
v_fbd6c96f629329f470a8,dynamics_degree,dev,a truck stuck in traffic during rush hour,160,cogvideo,cogvideo/subject_consistency/a truck stuck in traffic during rush hour-0.gif,0.0,success,1.506451,,false
v_47f55fe823953b9db81c,dynamics_degree,dev,a truck stuck in traffic during rush hour,161,cogvideo,cogvideo/subject_consistency/a truck stuck in traffic during rush hour-1.gif,0.0,success,1.480289,,false
v_e95b5a2f6f12466d494e,dynamics_degree,dev,a truck stuck in traffic during rush hour,162,cogvideo,cogvideo/subject_consistency/a truck stuck in traffic during rush hour-2.gif,0.0,success,1.510183,,false
v_ccc80d931dfdfed559b7,dynamics_degree,dev,a truck stuck in traffic during rush hour,163,cogvideo,cogvideo/subject_consistency/a truck stuck in traffic during rush hour-3.gif,1.0,success,1.534969,,true
v_bf825ddc975fdb0c887b,dynamics_degree,dev,a truck stuck in traffic during rush hour,164,cogvideo,cogvideo/subject_consistency/a truck stuck in traffic during rush hour-4.gif,0.0,success,1.438758,,false
v_53cd233c63c8543668d1,dynamics_degree,dev,a truck turning a corner,150,cogvideo,cogvideo/subject_consistency/a truck turning a corner-0.gif,1.0,success,1.557443,,true
v_2e882c580bd20630248f,dynamics_degree,dev,a truck turning a corner,151,cogvideo,cogvideo/subject_consistency/a truck turning a corner-1.gif,0.0,success,1.418857,,false
v_3c952c8099a8dd280908,dynamics_degree,dev,a truck turning a corner,152,cogvideo,cogvideo/subject_consistency/a truck turning a corner-2.gif,1.0,success,1.512474,,true
v_38ad5d988f758514a3e6,dynamics_degree,dev,a truck turning a corner,153,cogvideo,cogvideo/subject_consistency/a truck turning a corner-3.gif,0.0,success,1.507099,,false
v_593c70aea8f2a94681bd,dynamics_degree,dev,a truck turning a corner,154,cogvideo,cogvideo/subject_consistency/a truck turning a corner-4.gif,0.0,success,1.502014,,false
v_81f84d1d65e509d4afed,dynamics_degree,dev,a zebra bending down to drink water from a river,330,cogvideo,cogvideo/subject_consistency/a zebra bending down to drink water from a river-0.gif,0.0,success,1.525461,,false
v_216368d6b12b8b043a2c,dynamics_degree,dev,a zebra bending down to drink water from a river,331,cogvideo,cogvideo/subject_consistency/a zebra bending down to drink water from a river-1.gif,0.0,success,1.447316,,false
v_0294e8b6b38413b6a015,dynamics_degree,dev,a zebra bending down to drink water from a river,332,cogvideo,cogvideo/subject_consistency/a zebra bending down to drink water from a river-2.gif,0.0,success,1.532401,,false
v_0676e887b22df6970f1d,dynamics_degree,dev,a zebra bending down to drink water from a river,333,cogvideo,cogvideo/subject_consistency/a zebra bending down to drink water from a river-3.gif,0.0,success,1.599832,,false
v_a881e73e1ef4c735174f,dynamics_degree,dev,a zebra bending down to drink water from a river,334,cogvideo,cogvideo/subject_consistency/a zebra bending down to drink water from a river-4.gif,0.0,success,1.493079,,false
v_eb0ab236e701f40cea75,dynamics_degree,test,a zebra running to join a herd of its kind,335,cogvideo,cogvideo/subject_consistency/a zebra running to join a herd of its kind-0.gif,0.0,success,1.508764,,false
v_bcc080cf17597a9071b4,dynamics_degree,test,a zebra running to join a herd of its kind,336,cogvideo,cogvideo/subject_consistency/a zebra running to join a herd of its kind-1.gif,1.0,success,1.484321,,true
v_e220c03e25bf7a03a67f,dynamics_degree,test,a zebra running to join a herd of its kind,337,cogvideo,cogvideo/subject_consistency/a zebra running to join a herd of its kind-2.gif,0.0,success,1.525897,,false
v_3db89b3270f9c95258a5,dynamics_degree,test,a zebra running to join a herd of its kind,338,cogvideo,cogvideo/subject_consistency/a zebra running to join a herd of its kind-3.gif,1.0,success,1.462207,,true
v_743c6b65fcaf83f92e52,dynamics_degree,test,a zebra running to join a herd of its kind,339,cogvideo,cogvideo/subject_consistency/a zebra running to join a herd of its kind-4.gif,0.0,success,1.554243,,false
v_e0713a62b3b34062160e,dynamics_degree,test,a zebra taking a peaceful walk,340,cogvideo,cogvideo/subject_consistency/a zebra taking a peaceful walk-0.gif,0.0,success,1.509148,,false
v_cf2d0391ffb2a61ee901,dynamics_degree,test,a zebra taking a peaceful walk,341,cogvideo,cogvideo/subject_consistency/a zebra taking a peaceful walk-1.gif,0.0,success,1.485062,,false
v_a6876096dbb892f6c32b,dynamics_degree,test,a zebra taking a peaceful walk,342,cogvideo,cogvideo/subject_consistency/a zebra taking a peaceful walk-2.gif,1.0,success,1.495195,,true
v_67eb2fe8adcba00121f2,dynamics_degree,test,a zebra taking a peaceful walk,343,cogvideo,cogvideo/subject_consistency/a zebra taking a peaceful walk-3.gif,1.0,success,1.481402,,true
v_7202ae80110192c7c535,dynamics_degree,test,a zebra taking a peaceful walk,344,cogvideo,cogvideo/subject_consistency/a zebra taking a peaceful walk-4.gif,1.0,success,1.501403,,true
v_68434b6bc1de856380b8,dynamics_degree,test,an airplane accelerating to gain speed,115,cogvideo,cogvideo/subject_consistency/an airplane accelerating to gain speed-0.gif,0.0,success,1.396466,,false
v_53465f7d57e6256999e2,dynamics_degree,test,an airplane accelerating to gain speed,116,cogvideo,cogvideo/subject_consistency/an airplane accelerating to gain speed-1.gif,1.0,success,1.507868,,true
v_2a58cc8c373c7f54fdb6,dynamics_degree,test,an airplane accelerating to gain speed,117,cogvideo,cogvideo/subject_consistency/an airplane accelerating to gain speed-2.gif,0.0,success,1.561096,,false
v_b8ece6d1af8fde11e311,dynamics_degree,test,an airplane accelerating to gain speed,118,cogvideo,cogvideo/subject_consistency/an airplane accelerating to gain speed-3.gif,1.0,success,1.411960,,true
v_3bf6ab384da896fdeb0b,dynamics_degree,test,an airplane accelerating to gain speed,119,cogvideo,cogvideo/subject_consistency/an airplane accelerating to gain speed-4.gif,0.0,success,1.536909,,false
v_715b58eb7893f6cd5b0b,dynamics_degree,test,an airplane landing smoothly on a runway,110,cogvideo,cogvideo/subject_consistency/an airplane landing smoothly on a runway-0.gif,0.0,success,1.497504,,false
v_1c08c8a92978b75c4345,dynamics_degree,test,an airplane landing smoothly on a runway,111,cogvideo,cogvideo/subject_consistency/an airplane landing smoothly on a runway-1.gif,1.0,success,1.503425,,true
v_9f449eb0db3c384b426d,dynamics_degree,test,an airplane landing smoothly on a runway,112,cogvideo,cogvideo/subject_consistency/an airplane landing smoothly on a runway-2.gif,1.0,success,1.499757,,true
v_4f11b0aa5edc091112bf,dynamics_degree,test,an airplane landing smoothly on a runway,113,cogvideo,cogvideo/subject_consistency/an airplane landing smoothly on a runway-3.gif,1.0,success,1.426578,,true
v_700fc818b810be5ce026,dynamics_degree,test,an airplane landing smoothly on a runway,114,cogvideo,cogvideo/subject_consistency/an airplane landing smoothly on a runway-4.gif,1.0,success,1.442077,,true
v_50bcb9576de3c6f24eee,dynamics_degree,test,an airplane soaring through a clear blue sky,100,cogvideo,cogvideo/subject_consistency/an airplane soaring through a clear blue sky-0.gif,1.0,success,1.434036,,true
v_8f13036a87a31617cfd8,dynamics_degree,test,an airplane soaring through a clear blue sky,101,cogvideo,cogvideo/subject_consistency/an airplane soaring through a clear blue sky-1.gif,1.0,success,1.393341,,true
v_578bd5c67a3193d181a3,dynamics_degree,test,an airplane soaring through a clear blue sky,102,cogvideo,cogvideo/subject_consistency/an airplane soaring through a clear blue sky-2.gif,1.0,success,1.496063,,true
v_0cf0c69b11b8a5b430de,dynamics_degree,test,an airplane soaring through a clear blue sky,103,cogvideo,cogvideo/subject_consistency/an airplane soaring through a clear blue sky-3.gif,1.0,success,1.495472,,true
v_5e9667e394fe272aaa14,dynamics_degree,test,an airplane soaring through a clear blue sky,104,cogvideo,cogvideo/subject_consistency/an airplane soaring through a clear blue sky-4.gif,0.0,success,1.488806,,false
v_e8ec4986a836b6b3879c,dynamics_degree,dev,an airplane taking off,105,cogvideo,cogvideo/subject_consistency/an airplane taking off-0.gif,0.0,success,1.419453,,false
v_00be5c2e54b456000c20,dynamics_degree,dev,an airplane taking off,106,cogvideo,cogvideo/subject_consistency/an airplane taking off-1.gif,0.0,success,1.479366,,false
v_38e12eda1a521a8b1d6e,dynamics_degree,dev,an airplane taking off,107,cogvideo,cogvideo/subject_consistency/an airplane taking off-2.gif,1.0,success,1.514687,,true
v_b74550ded79cf3b981f0,dynamics_degree,dev,an airplane taking off,108,cogvideo,cogvideo/subject_consistency/an airplane taking off-3.gif,1.0,success,1.455434,,true
v_e5f12a909439e4bc1264,dynamics_degree,dev,an airplane taking off,109,cogvideo,cogvideo/subject_consistency/an airplane taking off-4.gif,1.0,success,1.548659,,true
v_8b07224138426fe56163,dynamics_degree,dev,an elephant running to join a herd of its kind,305,cogvideo,cogvideo/subject_consistency/an elephant running to join a herd of its kind-0.gif,1.0,success,1.456867,,true
v_69f33be6073fc89578e6,dynamics_degree,dev,an elephant running to join a herd of its kind,306,cogvideo,cogvideo/subject_consistency/an elephant running to join a herd of its kind-1.gif,0.0,success,1.474463,,false
v_71b6a1d68157b824237d,dynamics_degree,dev,an elephant running to join a herd of its kind,307,cogvideo,cogvideo/subject_consistency/an elephant running to join a herd of its kind-2.gif,0.0,success,1.581737,,false
v_8b56971a483c4a98b746,dynamics_degree,dev,an elephant running to join a herd of its kind,308,cogvideo,cogvideo/subject_consistency/an elephant running to join a herd of its kind-3.gif,0.0,success,1.504834,,false
v_b36f5db6bd017b829172,dynamics_degree,dev,an elephant running to join a herd of its kind,309,cogvideo,cogvideo/subject_consistency/an elephant running to join a herd of its kind-4.gif,1.0,success,1.487922,,true
v_c21b3ceaa31736ce6823,dynamics_degree,test,an elephant spraying itself with water using its trunk to cool down,295,cogvideo,cogvideo/subject_consistency/an elephant spraying itself with water using its trunk to cool down-0.gif,0.0,success,1.485731,,false
v_55d45d907ce855ab5118,dynamics_degree,test,an elephant spraying itself with water using its trunk to cool down,296,cogvideo,cogvideo/subject_consistency/an elephant spraying itself with water using its trunk to cool down-1.gif,0.0,success,1.516711,,false
v_c6b6b27e3920a892ac76,dynamics_degree,test,an elephant spraying itself with water using its trunk to cool down,297,cogvideo,cogvideo/subject_consistency/an elephant spraying itself with water using its trunk to cool down-2.gif,1.0,success,1.513716,,true
v_2a95b51e9b0d7d944e25,dynamics_degree,test,an elephant spraying itself with water using its trunk to cool down,298,cogvideo,cogvideo/subject_consistency/an elephant spraying itself with water using its trunk to cool down-3.gif,0.0,success,1.570851,,false
v_efbe0cad96125492eb03,dynamics_degree,test,an elephant spraying itself with water using its trunk to cool down,299,cogvideo,cogvideo/subject_consistency/an elephant spraying itself with water using its trunk to cool down-4.gif,0.0,success,1.545139,,false
v_23b107cb4d7eb326e609,dynamics_degree,dev,an elephant taking a peaceful walk,300,cogvideo,cogvideo/subject_consistency/an elephant taking a peaceful walk-0.gif,0.0,success,1.446366,,false
v_0b2df4e6da10a43030df,dynamics_degree,dev,an elephant taking a peaceful walk,301,cogvideo,cogvideo/subject_consistency/an elephant taking a peaceful walk-1.gif,0.0,success,1.494469,,false
v_775d773dc62581c8a525,dynamics_degree,dev,an elephant taking a peaceful walk,302,cogvideo,cogvideo/subject_consistency/an elephant taking a peaceful walk-2.gif,1.0,success,1.705819,,true
v_5f629450cb06fb77785d,dynamics_degree,dev,an elephant taking a peaceful walk,303,cogvideo,cogvideo/subject_consistency/an elephant taking a peaceful walk-3.gif,1.0,success,1.583375,,true
v_a4f97a8ad6f2932a1bee,dynamics_degree,dev,an elephant taking a peaceful walk,304,cogvideo,cogvideo/subject_consistency/an elephant taking a peaceful walk-4.gif,0.0,success,1.559232,,false
v_1d521a5aa06e3902cc03,dynamics_degree,dev,a bear catching a salmon in its powerful jaws,310,lavie,lavie/subject_consistency/a bear catching a salmon in its powerful jaws-0.mp4,1.0,success,0.601551,,true
v_e59ff26c1f946c9ca0f2,dynamics_degree,dev,a bear catching a salmon in its powerful jaws,311,lavie,lavie/subject_consistency/a bear catching a salmon in its powerful jaws-1.mp4,1.0,success,0.602432,,true
v_df42038103f27104c35b,dynamics_degree,dev,a bear catching a salmon in its powerful jaws,312,lavie,lavie/subject_consistency/a bear catching a salmon in its powerful jaws-2.mp4,1.0,success,0.600910,,true
v_c947ef120b438e1db336,dynamics_degree,dev,a bear catching a salmon in its powerful jaws,313,lavie,lavie/subject_consistency/a bear catching a salmon in its powerful jaws-3.mp4,1.0,success,0.572931,,true
v_2752eef0f6d4159d68fc,dynamics_degree,dev,a bear catching a salmon in its powerful jaws,314,lavie,lavie/subject_consistency/a bear catching a salmon in its powerful jaws-4.mp4,1.0,success,0.601862,,true
v_189d5d5fd257fbef8b3d,dynamics_degree,test,a bear climbing a tree,320,lavie,lavie/subject_consistency/a bear climbing a tree-0.mp4,1.0,success,0.615053,,true
v_e3b050889a684dac863d,dynamics_degree,test,a bear climbing a tree,321,lavie,lavie/subject_consistency/a bear climbing a tree-1.mp4,1.0,success,0.603889,,true
v_0bc38abc7fabf34c57a6,dynamics_degree,test,a bear climbing a tree,322,lavie,lavie/subject_consistency/a bear climbing a tree-2.mp4,0.0,success,0.588367,,false
v_0cb6581096fe0e2bc325,dynamics_degree,test,a bear climbing a tree,323,lavie,lavie/subject_consistency/a bear climbing a tree-3.mp4,1.0,success,0.574273,,true
v_a7b0674b9c683a17afc4,dynamics_degree,test,a bear climbing a tree,324,lavie,lavie/subject_consistency/a bear climbing a tree-4.mp4,0.0,success,0.618798,,false
v_96867cc2e710173ee729,dynamics_degree,test,a bear hunting for prey,325,lavie,lavie/subject_consistency/a bear hunting for prey-0.mp4,1.0,success,0.757790,,true
v_29cad0affe3afc8d3564,dynamics_degree,test,a bear hunting for prey,326,lavie,lavie/subject_consistency/a bear hunting for prey-1.mp4,1.0,success,0.613859,,true
v_7bff8cc602ac9929d685,dynamics_degree,test,a bear hunting for prey,327,lavie,lavie/subject_consistency/a bear hunting for prey-2.mp4,0.0,success,0.637619,,false
v_8d4a472c50b65ac0f316,dynamics_degree,test,a bear hunting for prey,328,lavie,lavie/subject_consistency/a bear hunting for prey-3.mp4,1.0,success,0.702113,,true
v_748adb5ba71cfb3dda50,dynamics_degree,test,a bear hunting for prey,329,lavie,lavie/subject_consistency/a bear hunting for prey-4.mp4,1.0,success,0.663163,,true
v_b8e13539dc107c397662,dynamics_degree,test,a bear sniffing the air for scents of food,315,lavie,lavie/subject_consistency/a bear sniffing the air for scents of food-0.mp4,1.0,success,0.598470,,true
v_c0b09ad4309ead74d5c9,dynamics_degree,test,a bear sniffing the air for scents of food,316,lavie,lavie/subject_consistency/a bear sniffing the air for scents of food-1.mp4,0.0,success,0.700403,,false
v_d61269d4276fcbf903b4,dynamics_degree,test,a bear sniffing the air for scents of food,317,lavie,lavie/subject_consistency/a bear sniffing the air for scents of food-2.mp4,1.0,success,0.665176,,true
v_309450e6b1cfe0259976,dynamics_degree,test,a bear sniffing the air for scents of food,318,lavie,lavie/subject_consistency/a bear sniffing the air for scents of food-3.mp4,0.0,success,0.620384,,false
v_629646754e6269cbb874,dynamics_degree,test,a bear sniffing the air for scents of food,319,lavie,lavie/subject_consistency/a bear sniffing the air for scents of food-4.mp4,0.0,success,0.694812,,false
v_00e7a6a70a6ae9a46073,dynamics_degree,dev,a bicycle accelerating to gain speed,50,lavie,lavie/subject_consistency/a bicycle accelerating to gain speed-0.mp4,1.0,success,0.584356,,true
v_ec6a0152e5a366e52f7a,dynamics_degree,dev,a bicycle accelerating to gain speed,51,lavie,lavie/subject_consistency/a bicycle accelerating to gain speed-1.mp4,1.0,success,0.583502,,true
v_bcb37aa16ed7690d18ae,dynamics_degree,dev,a bicycle accelerating to gain speed,52,lavie,lavie/subject_consistency/a bicycle accelerating to gain speed-2.mp4,1.0,success,0.572449,,true
v_74b826fe79c87caca249,dynamics_degree,dev,a bicycle accelerating to gain speed,53,lavie,lavie/subject_consistency/a bicycle accelerating to gain speed-3.mp4,1.0,success,0.603418,,true
v_753170bb343bc1b01f66,dynamics_degree,dev,a bicycle accelerating to gain speed,54,lavie,lavie/subject_consistency/a bicycle accelerating to gain speed-4.mp4,0.0,success,0.592347,,false
v_c994b9aa21a49e8df6ca,dynamics_degree,dev,a bicycle gliding through a snowy field,40,lavie,lavie/subject_consistency/a bicycle gliding through a snowy field-0.mp4,1.0,success,0.581419,,true
v_a7d2227047d361bc9965,dynamics_degree,dev,a bicycle gliding through a snowy field,41,lavie,lavie/subject_consistency/a bicycle gliding through a snowy field-1.mp4,1.0,success,0.596433,,true
v_120c6d16fe811f1d375d,dynamics_degree,dev,a bicycle gliding through a snowy field,42,lavie,lavie/subject_consistency/a bicycle gliding through a snowy field-2.mp4,0.0,success,0.609567,,false
v_7b04635968ed5efe9b13,dynamics_degree,dev,a bicycle gliding through a snowy field,43,lavie,lavie/subject_consistency/a bicycle gliding through a snowy field-3.mp4,1.0,success,0.581020,,true
v_947deda855a4c1427ccc,dynamics_degree,dev,a bicycle gliding through a snowy field,44,lavie,lavie/subject_consistency/a bicycle gliding through a snowy field-4.mp4,0.0,success,0.619706,,false
v_08a16e5ffe87697e9f93,dynamics_degree,dev,a bicycle leaning against a tree,35,lavie,lavie/subject_consistency/a bicycle leaning against a tree-0.mp4,1.0,success,0.571600,,true
v_17045f5500fc0b9d29b0,dynamics_degree,dev,a bicycle leaning against a tree,36,lavie,lavie/subject_consistency/a bicycle leaning against a tree-1.mp4,0.0,success,0.590689,,false
v_799f7ce4ff9e5c761b09,dynamics_degree,dev,a bicycle leaning against a tree,37,lavie,lavie/subject_consistency/a bicycle leaning against a tree-2.mp4,0.0,success,0.591128,,false
v_4cf3bb26ec0bd290cba4,dynamics_degree,dev,a bicycle leaning against a tree,38,lavie,lavie/subject_consistency/a bicycle leaning against a tree-3.mp4,1.0,success,0.592055,,true
v_deccef2b5d10e5f214f5,dynamics_degree,dev,a bicycle leaning against a tree,39,lavie,lavie/subject_consistency/a bicycle leaning against a tree-4.mp4,0.0,success,0.606009,,false
v_2cc95386100357f9ee47,dynamics_degree,dev,a bicycle slowing down to stop,45,lavie,lavie/subject_consistency/a bicycle slowing down to stop-0.mp4,0.0,success,0.614987,,false
v_6928a20fd1a448a75970,dynamics_degree,dev,a bicycle slowing down to stop,46,lavie,lavie/subject_consistency/a bicycle slowing down to stop-1.mp4,0.0,success,0.609211,,false
v_ef928f6b97186fd489fe,dynamics_degree,dev,a bicycle slowing down to stop,47,lavie,lavie/subject_consistency/a bicycle slowing down to stop-2.mp4,0.0,success,0.638873,,false
v_415d1c51dbc95ac65d5b,dynamics_degree,dev,a bicycle slowing down to stop,48,lavie,lavie/subject_consistency/a bicycle slowing down to stop-3.mp4,1.0,success,0.665482,,true
v_3d76910705c6d2e72116,dynamics_degree,dev,a bicycle slowing down to stop,49,lavie,lavie/subject_consistency/a bicycle slowing down to stop-4.mp4,1.0,success,0.651020,,true
v_1d29e8549d968da7e48f,dynamics_degree,test,a bird building a nest from twigs and leaves,195,lavie,lavie/subject_consistency/a bird building a nest from twigs and leaves-0.mp4,0.0,success,0.637973,,false
v_3c2184fc4fd1a40d57eb,dynamics_degree,test,a bird building a nest from twigs and leaves,196,lavie,lavie/subject_consistency/a bird building a nest from twigs and leaves-1.mp4,0.0,success,0.632048,,false
v_f6f051fe0c0215d8e882,dynamics_degree,test,a bird building a nest from twigs and leaves,197,lavie,lavie/subject_consistency/a bird building a nest from twigs and leaves-2.mp4,0.0,success,0.619286,,false
v_92c3b913d719809b0a66,dynamics_degree,test,a bird building a nest from twigs and leaves,198,lavie,lavie/subject_consistency/a bird building a nest from twigs and leaves-3.mp4,0.0,success,0.601115,,false
v_c1bb1a02ef2efbcc4d72,dynamics_degree,test,a bird building a nest from twigs and leaves,199,lavie,lavie/subject_consistency/a bird building a nest from twigs and leaves-4.mp4,0.0,success,0.616092,,false
v_aa013b6c035d3a0b17ff,dynamics_degree,dev,a bird flying over a snowy forest,200,lavie,lavie/subject_consistency/a bird flying over a snowy forest-0.mp4,1.0,success,0.686786,,true
v_3f0dcbf22f06836ce39f,dynamics_degree,dev,a bird flying over a snowy forest,201,lavie,lavie/subject_consistency/a bird flying over a snowy forest-1.mp4,1.0,success,0.731003,,true
v_a9b77e4a961b00c249f1,dynamics_degree,dev,a bird flying over a snowy forest,202,lavie,lavie/subject_consistency/a bird flying over a snowy forest-2.mp4,0.0,success,0.721259,,false
v_2d954dec215e112c066e,dynamics_degree,dev,a bird flying over a snowy forest,203,lavie,lavie/subject_consistency/a bird flying over a snowy forest-3.mp4,0.0,success,0.650184,,false
v_c2bcc7bcc4025398646f,dynamics_degree,dev,a bird flying over a snowy forest,204,lavie,lavie/subject_consistency/a bird flying over a snowy forest-4.mp4,0.0,success,0.723735,,false
v_66a0f06e909227910132,dynamics_degree,dev,a bird soaring gracefully in the sky,190,lavie,lavie/subject_consistency/a bird soaring gracefully in the sky-0.mp4,0.0,success,0.622015,,false
v_68300d357f03ed2ac04c,dynamics_degree,dev,a bird soaring gracefully in the sky,191,lavie,lavie/subject_consistency/a bird soaring gracefully in the sky-1.mp4,1.0,success,0.591363,,true
v_b02f1d89da07775cc180,dynamics_degree,dev,a bird soaring gracefully in the sky,192,lavie,lavie/subject_consistency/a bird soaring gracefully in the sky-2.mp4,0.0,success,0.595831,,false
v_9557c500ddfa92e7ce2a,dynamics_degree,dev,a bird soaring gracefully in the sky,193,lavie,lavie/subject_consistency/a bird soaring gracefully in the sky-3.mp4,0.0,success,0.593597,,false
v_ed46709792d46ce28fbb,dynamics_degree,dev,a bird soaring gracefully in the sky,194,lavie,lavie/subject_consistency/a bird soaring gracefully in the sky-4.mp4,0.0,success,0.583332,,false
v_9307bc38d36aec6a504f,dynamics_degree,test,a boat accelerating to gain speed,185,lavie,lavie/subject_consistency/a boat accelerating to gain speed-0.mp4,1.0,success,0.602168,,true
v_202dd7a0122eebdc5551,dynamics_degree,test,a boat accelerating to gain speed,186,lavie,lavie/subject_consistency/a boat accelerating to gain speed-1.mp4,1.0,success,0.589967,,true
v_3824e33cc99f531e9339,dynamics_degree,test,a boat accelerating to gain speed,187,lavie,lavie/subject_consistency/a boat accelerating to gain speed-2.mp4,1.0,success,0.595581,,true
v_b295cb6477eba7026e8b,dynamics_degree,test,a boat accelerating to gain speed,188,lavie,lavie/subject_consistency/a boat accelerating to gain speed-3.mp4,0.0,success,0.595058,,false
v_0007c3748242ae4ac2ab,dynamics_degree,test,a boat accelerating to gain speed,189,lavie,lavie/subject_consistency/a boat accelerating to gain speed-4.mp4,1.0,success,0.596516,,true
v_c3701e488789fabbf003,dynamics_degree,dev,a boat sailing smoothly on a calm lake,175,lavie,lavie/subject_consistency/a boat sailing smoothly on a calm lake-0.mp4,0.0,success,0.639050,,false
v_7a7e2171f66f9eda8ed8,dynamics_degree,dev,a boat sailing smoothly on a calm lake,176,lavie,lavie/subject_consistency/a boat sailing smoothly on a calm lake-1.mp4,0.0,success,0.561505,,false
v_0fd3cc34522027a206ca,dynamics_degree,dev,a boat sailing smoothly on a calm lake,177,lavie,lavie/subject_consistency/a boat sailing smoothly on a calm lake-2.mp4,0.0,success,0.593590,,false
v_fb91b6a1c597aa67cc52,dynamics_degree,dev,a boat sailing smoothly on a calm lake,178,lavie,lavie/subject_consistency/a boat sailing smoothly on a calm lake-3.mp4,0.0,success,0.628427,,false
v_43b46c9c11c0516beab6,dynamics_degree,dev,a boat sailing smoothly on a calm lake,179,lavie,lavie/subject_consistency/a boat sailing smoothly on a calm lake-4.mp4,0.0,success,0.564815,,false
v_1e54dc9667ce63fdf7d8,dynamics_degree,dev,a boat slowing down to stop,180,lavie,lavie/subject_consistency/a boat slowing down to stop-0.mp4,0.0,success,0.587043,,false
v_77fa676f29eaa547c45c,dynamics_degree,dev,a boat slowing down to stop,181,lavie,lavie/subject_consistency/a boat slowing down to stop-1.mp4,0.0,success,0.589447,,false
v_f995d9ab3c0a5b4a647a,dynamics_degree,dev,a boat slowing down to stop,182,lavie,lavie/subject_consistency/a boat slowing down to stop-2.mp4,0.0,success,0.597670,,false
v_06e191d3adc9e8886294,dynamics_degree,dev,a boat slowing down to stop,183,lavie,lavie/subject_consistency/a boat slowing down to stop-3.mp4,0.0,success,0.601742,,false
v_cfddf6d9f2d6216af0db,dynamics_degree,dev,a boat slowing down to stop,184,lavie,lavie/subject_consistency/a boat slowing down to stop-4.mp4,0.0,success,0.600906,,false
v_e290f6cdb4d949bf089c,dynamics_degree,dev,a bus accelerating to gain speed,130,lavie,lavie/subject_consistency/a bus accelerating to gain speed-0.mp4,1.0,success,0.555697,,true
v_5c2ffb6072cbfb2b0188,dynamics_degree,dev,a bus accelerating to gain speed,131,lavie,lavie/subject_consistency/a bus accelerating to gain speed-1.mp4,1.0,success,0.603554,,true
v_4d66ca333d1b162e7d04,dynamics_degree,dev,a bus accelerating to gain speed,132,lavie,lavie/subject_consistency/a bus accelerating to gain speed-2.mp4,1.0,success,0.599401,,true
v_5daafee89ba5cdea8fc3,dynamics_degree,dev,a bus accelerating to gain speed,133,lavie,lavie/subject_consistency/a bus accelerating to gain speed-3.mp4,1.0,success,0.583300,,true
v_40ab86ea14f5e290f836,dynamics_degree,dev,a bus accelerating to gain speed,134,lavie,lavie/subject_consistency/a bus accelerating to gain speed-4.mp4,1.0,success,0.600500,,true
v_ad159e0ebf9b6145410d,dynamics_degree,test,a bus stuck in traffic during rush hour,125,lavie,lavie/subject_consistency/a bus stuck in traffic during rush hour-0.mp4,1.0,success,0.609069,,true
v_11942d3076aa20d99777,dynamics_degree,test,a bus stuck in traffic during rush hour,126,lavie,lavie/subject_consistency/a bus stuck in traffic during rush hour-1.mp4,1.0,success,0.581368,,true
v_d3af4ca2681c34124fd8,dynamics_degree,test,a bus stuck in traffic during rush hour,127,lavie,lavie/subject_consistency/a bus stuck in traffic during rush hour-2.mp4,0.0,success,0.616947,,false
v_bef3754adcf3913b8517,dynamics_degree,test,a bus stuck in traffic during rush hour,128,lavie,lavie/subject_consistency/a bus stuck in traffic during rush hour-3.mp4,1.0,success,0.575894,,true
v_f6f640d3d3e946556b86,dynamics_degree,test,a bus stuck in traffic during rush hour,129,lavie,lavie/subject_consistency/a bus stuck in traffic during rush hour-4.mp4,1.0,success,0.590179,,true
v_3fae0923edf0e728afc6,dynamics_degree,test,a bus turning a corner,120,lavie,lavie/subject_consistency/a bus turning a corner-0.mp4,1.0,success,0.596194,,true
v_453b853fd4e836d6d506,dynamics_degree,test,a bus turning a corner,121,lavie,lavie/subject_consistency/a bus turning a corner-1.mp4,0.0,success,0.580068,,false
v_afb9dbeffe16ffab1373,dynamics_degree,test,a bus turning a corner,122,lavie,lavie/subject_consistency/a bus turning a corner-2.mp4,0.0,success,0.629618,,false
v_32d9eccdf852d882090c,dynamics_degree,test,a bus turning a corner,123,lavie,lavie/subject_consistency/a bus turning a corner-3.mp4,1.0,success,0.575870,,true
v_650d46ea3ff5e5a47edd,dynamics_degree,test,a bus turning a corner,124,lavie,lavie/subject_consistency/a bus turning a corner-4.mp4,1.0,success,0.592856,,true
v_fcf061124f8529949540,dynamics_degree,test,a car accelerating to gain speed,70,lavie,lavie/subject_consistency/a car accelerating to gain speed-0.mp4,1.0,success,0.576847,,true
v_d4b001e63cccbf3a3d6a,dynamics_degree,test,a car accelerating to gain speed,71,lavie,lavie/subject_consistency/a car accelerating to gain speed-1.mp4,1.0,success,0.597010,,true
v_5ad9b083058fe95e0564,dynamics_degree,test,a car accelerating to gain speed,72,lavie,lavie/subject_consistency/a car accelerating to gain speed-2.mp4,1.0,success,0.598431,,true
v_19ef4ec613ee6227a2b3,dynamics_degree,test,a car accelerating to gain speed,73,lavie,lavie/subject_consistency/a car accelerating to gain speed-3.mp4,1.0,success,0.622820,,true
v_101e73635445445f04a9,dynamics_degree,test,a car accelerating to gain speed,74,lavie,lavie/subject_consistency/a car accelerating to gain speed-4.mp4,1.0,success,0.586409,,true
v_fbb1c0fda4c2b86528b4,dynamics_degree,test,a car slowing down to stop,65,lavie,lavie/subject_consistency/a car slowing down to stop-0.mp4,1.0,success,0.589118,,true
v_b6baf52ce14bd465cb04,dynamics_degree,test,a car slowing down to stop,66,lavie,lavie/subject_consistency/a car slowing down to stop-1.mp4,0.0,success,0.600909,,false
v_e721d059df6b34771f80,dynamics_degree,test,a car slowing down to stop,67,lavie,lavie/subject_consistency/a car slowing down to stop-2.mp4,1.0,success,0.562757,,true
v_bfac7e5ae881b5e237fb,dynamics_degree,test,a car slowing down to stop,68,lavie,lavie/subject_consistency/a car slowing down to stop-3.mp4,1.0,success,0.590432,,true
v_e9765b7c25fc01958e18,dynamics_degree,test,a car slowing down to stop,69,lavie,lavie/subject_consistency/a car slowing down to stop-4.mp4,1.0,success,0.593947,,true
v_0c4db7904cbfb720a408,dynamics_degree,test,a car stuck in traffic during rush hour,55,lavie,lavie/subject_consistency/a car stuck in traffic during rush hour-0.mp4,1.0,success,0.582746,,true
v_1728e54973e95aba7b5a,dynamics_degree,test,a car stuck in traffic during rush hour,56,lavie,lavie/subject_consistency/a car stuck in traffic during rush hour-1.mp4,1.0,success,0.610837,,true
v_e8fbc4ec24c222c1787f,dynamics_degree,test,a car stuck in traffic during rush hour,57,lavie,lavie/subject_consistency/a car stuck in traffic during rush hour-2.mp4,1.0,success,0.594936,,true
v_c6d671dc5b49264e0b1b,dynamics_degree,test,a car stuck in traffic during rush hour,58,lavie,lavie/subject_consistency/a car stuck in traffic during rush hour-3.mp4,1.0,success,0.592961,,true
v_f84927e33a64ffd89247,dynamics_degree,test,a car stuck in traffic during rush hour,59,lavie,lavie/subject_consistency/a car stuck in traffic during rush hour-4.mp4,1.0,success,0.592258,,true
v_bda978cca4fdede4402e,dynamics_degree,dev,a car turning a corner,60,lavie,lavie/subject_consistency/a car turning a corner-0.mp4,1.0,success,0.675912,,true
v_4435e4ac73557c9c0e52,dynamics_degree,dev,a car turning a corner,61,lavie,lavie/subject_consistency/a car turning a corner-1.mp4,1.0,success,0.604752,,true
v_61c18d623dbf46c7acd0,dynamics_degree,dev,a car turning a corner,62,lavie,lavie/subject_consistency/a car turning a corner-2.mp4,1.0,success,0.606664,,true
v_11d2295a6f27db33eb9d,dynamics_degree,dev,a car turning a corner,63,lavie,lavie/subject_consistency/a car turning a corner-3.mp4,1.0,success,0.574950,,true
v_64cd9114a5a6bdf630ea,dynamics_degree,dev,a car turning a corner,64,lavie,lavie/subject_consistency/a car turning a corner-4.mp4,1.0,success,0.593767,,true
v_3b5675353406a9eb31d5,dynamics_degree,test,a cat drinking water,215,lavie,lavie/subject_consistency/a cat drinking water-0.mp4,0.0,success,0.696607,,false
v_87cf4e313133021f4bba,dynamics_degree,test,a cat drinking water,216,lavie,lavie/subject_consistency/a cat drinking water-1.mp4,0.0,success,0.658389,,false
v_ab94596caed1522f1fef,dynamics_degree,test,a cat drinking water,217,lavie,lavie/subject_consistency/a cat drinking water-2.mp4,0.0,success,0.612512,,false
v_1f121b063221898fac14,dynamics_degree,test,a cat drinking water,218,lavie,lavie/subject_consistency/a cat drinking water-3.mp4,1.0,success,0.596836,,true
v_d151238cc1bb2246ef67,dynamics_degree,test,a cat drinking water,219,lavie,lavie/subject_consistency/a cat drinking water-4.mp4,0.0,success,0.662780,,false
v_acb6c1287791957edf81,dynamics_degree,test,a cat grooming itself meticulously with its tongue,205,lavie,lavie/subject_consistency/a cat grooming itself meticulously with its tongue-0.mp4,1.0,success,0.578884,,true
v_66bf9ac7beab4ca6d223,dynamics_degree,test,a cat grooming itself meticulously with its tongue,206,lavie,lavie/subject_consistency/a cat grooming itself meticulously with its tongue-1.mp4,1.0,success,0.596235,,true
v_f6cbcc516932a5c0ff2e,dynamics_degree,test,a cat grooming itself meticulously with its tongue,207,lavie,lavie/subject_consistency/a cat grooming itself meticulously with its tongue-2.mp4,0.0,success,0.607507,,false
v_cfce48e38aaa478ea956,dynamics_degree,test,a cat grooming itself meticulously with its tongue,208,lavie,lavie/subject_consistency/a cat grooming itself meticulously with its tongue-3.mp4,0.0,success,0.583213,,false
v_b2f834a428c49a75f812,dynamics_degree,test,a cat grooming itself meticulously with its tongue,209,lavie,lavie/subject_consistency/a cat grooming itself meticulously with its tongue-4.mp4,0.0,success,0.600757,,false
v_b90da9499ba1b3667aca,dynamics_degree,test,a cat playing in park,210,lavie,lavie/subject_consistency/a cat playing in park-0.mp4,0.0,success,0.630611,,false
v_a5b2132d198aac71e479,dynamics_degree,test,a cat playing in park,211,lavie,lavie/subject_consistency/a cat playing in park-1.mp4,1.0,success,0.719174,,true
v_99e6d644cab17a551d91,dynamics_degree,test,a cat playing in park,212,lavie,lavie/subject_consistency/a cat playing in park-2.mp4,1.0,success,0.687893,,true
v_cb9d7d9739de356999c4,dynamics_degree,test,a cat playing in park,213,lavie,lavie/subject_consistency/a cat playing in park-3.mp4,1.0,success,0.666445,,true
v_7270065412f763ddb65e,dynamics_degree,test,a cat playing in park,214,lavie,lavie/subject_consistency/a cat playing in park-4.mp4,0.0,success,0.686311,,false
v_afe95e29af0443ea3822,dynamics_degree,test,a cat running happily,220,lavie,lavie/subject_consistency/a cat running happily-0.mp4,0.0,success,0.738227,,false
v_b4265527838095e28849,dynamics_degree,test,a cat running happily,221,lavie,lavie/subject_consistency/a cat running happily-1.mp4,0.0,success,0.669407,,false
v_e526b479fd56ccc758f9,dynamics_degree,test,a cat running happily,222,lavie,lavie/subject_consistency/a cat running happily-2.mp4,0.0,success,0.711500,,false
v_71b251d5cf43f43a1b22,dynamics_degree,test,a cat running happily,223,lavie,lavie/subject_consistency/a cat running happily-3.mp4,0.0,success,0.632995,,false
v_264201cbd677e0cc212b,dynamics_degree,test,a cat running happily,224,lavie,lavie/subject_consistency/a cat running happily-4.mp4,0.0,success,0.623459,,false
v_884b69790bcdad86eea8,dynamics_degree,test,a cow bending down to drink water from a river,280,lavie,lavie/subject_consistency/a cow bending down to drink water from a river-0.mp4,0.0,success,0.699563,,false
v_f5cd9c08a992faa5c10b,dynamics_degree,test,a cow bending down to drink water from a river,281,lavie,lavie/subject_consistency/a cow bending down to drink water from a river-1.mp4,0.0,success,0.676643,,false
v_eb823578d65429c33b19,dynamics_degree,test,a cow bending down to drink water from a river,282,lavie,lavie/subject_consistency/a cow bending down to drink water from a river-2.mp4,0.0,success,0.610905,,false
v_2fb5ba2f0e8584da17f7,dynamics_degree,test,a cow bending down to drink water from a river,283,lavie,lavie/subject_consistency/a cow bending down to drink water from a river-3.mp4,0.0,success,0.694477,,false
v_388a79d6562c7f9d748e,dynamics_degree,test,a cow bending down to drink water from a river,284,lavie,lavie/subject_consistency/a cow bending down to drink water from a river-4.mp4,0.0,success,0.754848,,false
v_5c66bc9c7cb17eab0dc5,dynamics_degree,test,a cow chewing cud while resting in a tranquil barn,285,lavie,lavie/subject_consistency/a cow chewing cud while resting in a tranquil barn-0.mp4,0.0,success,0.684784,,false
v_f0bafb0e6634bad3e124,dynamics_degree,test,a cow chewing cud while resting in a tranquil barn,286,lavie,lavie/subject_consistency/a cow chewing cud while resting in a tranquil barn-1.mp4,0.0,success,0.645392,,false
v_7bc9e5eb734c8e37f216,dynamics_degree,test,a cow chewing cud while resting in a tranquil barn,287,lavie,lavie/subject_consistency/a cow chewing cud while resting in a tranquil barn-2.mp4,0.0,success,0.669176,,false
v_fefc14f0e0f8e9964296,dynamics_degree,test,a cow chewing cud while resting in a tranquil barn,288,lavie,lavie/subject_consistency/a cow chewing cud while resting in a tranquil barn-3.mp4,0.0,success,0.685715,,false
v_5cee9a3b07e0b57d8278,dynamics_degree,test,a cow chewing cud while resting in a tranquil barn,289,lavie,lavie/subject_consistency/a cow chewing cud while resting in a tranquil barn-4.mp4,0.0,success,0.707400,,false
v_c2a3c94f3ce11f3ff273,dynamics_degree,test,a cow running to join a herd of its kind,290,lavie,lavie/subject_consistency/a cow running to join a herd of its kind-0.mp4,0.0,success,0.665187,,false
v_a2232cc74535128a15ab,dynamics_degree,test,a cow running to join a herd of its kind,291,lavie,lavie/subject_consistency/a cow running to join a herd of its kind-1.mp4,1.0,success,0.576047,,true
v_dbeda358984361a14fd0,dynamics_degree,test,a cow running to join a herd of its kind,292,lavie,lavie/subject_consistency/a cow running to join a herd of its kind-2.mp4,0.0,success,0.631006,,false
v_1ab6ef97de5802c29d48,dynamics_degree,test,a cow running to join a herd of its kind,293,lavie,lavie/subject_consistency/a cow running to join a herd of its kind-3.mp4,0.0,success,0.698854,,false
v_0a92b145977c02331464,dynamics_degree,test,a cow running to join a herd of its kind,294,lavie,lavie/subject_consistency/a cow running to join a herd of its kind-4.mp4,1.0,success,0.692368,,true
v_14c805d9693463b098a9,dynamics_degree,test,a dog drinking water,235,lavie,lavie/subject_consistency/a dog drinking water-0.mp4,0.0,success,0.691757,,false
v_6c7c15a578f81d1a13d0,dynamics_degree,test,a dog drinking water,236,lavie,lavie/subject_consistency/a dog drinking water-1.mp4,0.0,success,0.685093,,false
v_8493c0b5a35d8acf27e4,dynamics_degree,test,a dog drinking water,237,lavie,lavie/subject_consistency/a dog drinking water-2.mp4,0.0,success,0.692712,,false
v_0d6cbb9b8c6fd0c160a6,dynamics_degree,test,a dog drinking water,238,lavie,lavie/subject_consistency/a dog drinking water-3.mp4,0.0,success,0.580621,,false
v_dfeacc6ad5762a0e65b5,dynamics_degree,test,a dog drinking water,239,lavie,lavie/subject_consistency/a dog drinking water-4.mp4,0.0,success,0.583946,,false
v_1bc41014a31cce2de4c7,dynamics_degree,test,a dog enjoying a peaceful walk,225,lavie,lavie/subject_consistency/a dog enjoying a peaceful walk-0.mp4,0.0,success,0.586376,,false
v_0636216cdbb976308872,dynamics_degree,test,a dog enjoying a peaceful walk,226,lavie,lavie/subject_consistency/a dog enjoying a peaceful walk-1.mp4,1.0,success,0.609630,,true
v_b9a111147ffb5959c84b,dynamics_degree,test,a dog enjoying a peaceful walk,227,lavie,lavie/subject_consistency/a dog enjoying a peaceful walk-2.mp4,0.0,success,0.716195,,false
v_c903c41d3865f2196481,dynamics_degree,test,a dog enjoying a peaceful walk,228,lavie,lavie/subject_consistency/a dog enjoying a peaceful walk-3.mp4,1.0,success,0.641030,,true
v_a016be5ec9757734ddaf,dynamics_degree,test,a dog enjoying a peaceful walk,229,lavie,lavie/subject_consistency/a dog enjoying a peaceful walk-4.mp4,0.0,success,0.631660,,false
v_f6b179d7fad973c6a34f,dynamics_degree,test,a dog playing in park,230,lavie,lavie/subject_consistency/a dog playing in park-0.mp4,1.0,success,0.697230,,true
v_0182a9d613008d93f313,dynamics_degree,test,a dog playing in park,231,lavie,lavie/subject_consistency/a dog playing in park-1.mp4,1.0,success,0.690477,,true
v_01ac7cc311a800fa9b3f,dynamics_degree,test,a dog playing in park,232,lavie,lavie/subject_consistency/a dog playing in park-2.mp4,0.0,success,0.707908,,false
v_08705f205635350d3058,dynamics_degree,test,a dog playing in park,233,lavie,lavie/subject_consistency/a dog playing in park-3.mp4,1.0,success,0.700192,,true
v_a28edf8ea0edd0775460,dynamics_degree,test,a dog playing in park,234,lavie,lavie/subject_consistency/a dog playing in park-4.mp4,1.0,success,0.752982,,true
v_edcbf174cb5727cefc30,dynamics_degree,test,a dog running happily,240,lavie,lavie/subject_consistency/a dog running happily-0.mp4,1.0,success,0.618269,,true
v_7b38e65585a6fc07b85b,dynamics_degree,test,a dog running happily,241,lavie,lavie/subject_consistency/a dog running happily-1.mp4,1.0,success,0.591618,,true
v_20c62043984e5042200c,dynamics_degree,test,a dog running happily,242,lavie,lavie/subject_consistency/a dog running happily-2.mp4,1.0,success,0.627314,,true
v_739141ff0863027da20d,dynamics_degree,test,a dog running happily,243,lavie,lavie/subject_consistency/a dog running happily-3.mp4,1.0,success,0.658324,,true
v_ccc808ac90d553da4bff,dynamics_degree,test,a dog running happily,244,lavie,lavie/subject_consistency/a dog running happily-4.mp4,1.0,success,0.696513,,true
v_e665e2e4b525f92e7190,dynamics_degree,dev,a giraffe bending down to drink water from a river,345,lavie,lavie/subject_consistency/a giraffe bending down to drink water from a river-0.mp4,0.0,success,0.715495,,false
v_b008fec0bf961530c9fb,dynamics_degree,dev,a giraffe bending down to drink water from a river,346,lavie,lavie/subject_consistency/a giraffe bending down to drink water from a river-1.mp4,0.0,success,0.695711,,false
v_ef8139bc8a753238fc81,dynamics_degree,dev,a giraffe bending down to drink water from a river,347,lavie,lavie/subject_consistency/a giraffe bending down to drink water from a river-2.mp4,0.0,success,0.660726,,false
v_7d6bca35b16b958d5eeb,dynamics_degree,dev,a giraffe bending down to drink water from a river,348,lavie,lavie/subject_consistency/a giraffe bending down to drink water from a river-3.mp4,0.0,success,0.751339,,false
v_34b447fdc2ec7dae791d,dynamics_degree,dev,a giraffe bending down to drink water from a river,349,lavie,lavie/subject_consistency/a giraffe bending down to drink water from a river-4.mp4,0.0,success,0.616136,,false
v_f6a4dfaaa4d27a2cc76f,dynamics_degree,test,a giraffe running to join a herd of its kind,355,lavie,lavie/subject_consistency/a giraffe running to join a herd of its kind-0.mp4,1.0,success,0.590033,,true
v_53e109088afd46e020e2,dynamics_degree,test,a giraffe running to join a herd of its kind,356,lavie,lavie/subject_consistency/a giraffe running to join a herd of its kind-1.mp4,1.0,success,0.616279,,true
v_2efcf583650b515c55b2,dynamics_degree,test,a giraffe running to join a herd of its kind,357,lavie,lavie/subject_consistency/a giraffe running to join a herd of its kind-2.mp4,1.0,success,0.567348,,true
v_ca46e18afdfb40936744,dynamics_degree,test,a giraffe running to join a herd of its kind,358,lavie,lavie/subject_consistency/a giraffe running to join a herd of its kind-3.mp4,1.0,success,0.622356,,true
v_54b95850d68564bef9b9,dynamics_degree,test,a giraffe running to join a herd of its kind,359,lavie,lavie/subject_consistency/a giraffe running to join a herd of its kind-4.mp4,1.0,success,0.698220,,true
v_af2610329f314ac1ed4e,dynamics_degree,dev,a giraffe taking a peaceful walk,350,lavie,lavie/subject_consistency/a giraffe taking a peaceful walk-0.mp4,0.0,success,0.684144,,false
v_b4dadc0956ed550d41cb,dynamics_degree,dev,a giraffe taking a peaceful walk,351,lavie,lavie/subject_consistency/a giraffe taking a peaceful walk-1.mp4,0.0,success,0.759518,,false
v_1ee0fee9800483ec9b30,dynamics_degree,dev,a giraffe taking a peaceful walk,352,lavie,lavie/subject_consistency/a giraffe taking a peaceful walk-2.mp4,0.0,success,0.608411,,false
v_fe11c557365039e2c9ce,dynamics_degree,dev,a giraffe taking a peaceful walk,353,lavie,lavie/subject_consistency/a giraffe taking a peaceful walk-3.mp4,0.0,success,0.585396,,false
v_86442f157594040bbd24,dynamics_degree,dev,a giraffe taking a peaceful walk,354,lavie,lavie/subject_consistency/a giraffe taking a peaceful walk-4.mp4,0.0,success,0.618390,,false
v_5edc815027d07b850921,dynamics_degree,test,a horse bending down to drink water from a river,245,lavie,lavie/subject_consistency/a horse bending down to drink water from a river-0.mp4,0.0,success,0.677626,,false
v_c636d3792186656cbf9d,dynamics_degree,test,a horse bending down to drink water from a river,246,lavie,lavie/subject_consistency/a horse bending down to drink water from a river-1.mp4,1.0,success,0.588088,,true
v_41ff9b6c3da9796acd67,dynamics_degree,test,a horse bending down to drink water from a river,247,lavie,lavie/subject_consistency/a horse bending down to drink water from a river-2.mp4,0.0,success,0.608617,,false
v_634a40c583d90acea543,dynamics_degree,test,a horse bending down to drink water from a river,248,lavie,lavie/subject_consistency/a horse bending down to drink water from a river-3.mp4,1.0,success,0.695265,,true
v_738b0f9a34813bc3d315,dynamics_degree,test,a horse bending down to drink water from a river,249,lavie,lavie/subject_consistency/a horse bending down to drink water from a river-4.mp4,0.0,success,0.689132,,false
v_bd31b57c5012819474c0,dynamics_degree,test,a horse galloping across an open field,250,lavie,lavie/subject_consistency/a horse galloping across an open field-0.mp4,1.0,success,0.570595,,true
v_f861067e7d6f539e1afa,dynamics_degree,test,a horse galloping across an open field,251,lavie,lavie/subject_consistency/a horse galloping across an open field-1.mp4,1.0,success,0.606611,,true
v_ae83b52fa52ca39a1d41,dynamics_degree,test,a horse galloping across an open field,252,lavie,lavie/subject_consistency/a horse galloping across an open field-2.mp4,1.0,success,0.578680,,true
v_bc8ce82c4ccff3d5696c,dynamics_degree,test,a horse galloping across an open field,253,lavie,lavie/subject_consistency/a horse galloping across an open field-3.mp4,1.0,success,0.593978,,true
v_628990e1874edd625c64,dynamics_degree,test,a horse galloping across an open field,254,lavie,lavie/subject_consistency/a horse galloping across an open field-4.mp4,0.0,success,0.581335,,false
v_ea391a331b94678dbc30,dynamics_degree,test,a horse running to join a herd of its kind,260,lavie,lavie/subject_consistency/a horse running to join a herd of its kind-0.mp4,1.0,success,0.604871,,true
v_5ad826bd7502a50cfada,dynamics_degree,test,a horse running to join a herd of its kind,261,lavie,lavie/subject_consistency/a horse running to join a herd of its kind-1.mp4,1.0,success,0.594158,,true
v_58c3585f6edacf071b45,dynamics_degree,test,a horse running to join a herd of its kind,262,lavie,lavie/subject_consistency/a horse running to join a herd of its kind-2.mp4,1.0,success,0.573337,,true
v_9d06ac47c8288f696956,dynamics_degree,test,a horse running to join a herd of its kind,263,lavie,lavie/subject_consistency/a horse running to join a herd of its kind-3.mp4,0.0,success,0.620989,,false
v_6fb422337495e008707b,dynamics_degree,test,a horse running to join a herd of its kind,264,lavie,lavie/subject_consistency/a horse running to join a herd of its kind-4.mp4,1.0,success,0.598851,,true
v_a2a5cbfe74220ad2ab6a,dynamics_degree,dev,a horse taking a peaceful walk,255,lavie,lavie/subject_consistency/a horse taking a peaceful walk-0.mp4,0.0,success,0.742414,,false
v_e3988d30af050c72c70a,dynamics_degree,dev,a horse taking a peaceful walk,256,lavie,lavie/subject_consistency/a horse taking a peaceful walk-1.mp4,0.0,success,0.667381,,false
v_b6ef8a6632ca2952fc07,dynamics_degree,dev,a horse taking a peaceful walk,257,lavie,lavie/subject_consistency/a horse taking a peaceful walk-2.mp4,1.0,success,0.688093,,true
v_0bc30f02053a39df2334,dynamics_degree,dev,a horse taking a peaceful walk,258,lavie,lavie/subject_consistency/a horse taking a peaceful walk-3.mp4,1.0,success,0.680409,,true
v_95bb0cb0768e68964cc8,dynamics_degree,dev,a horse taking a peaceful walk,259,lavie,lavie/subject_consistency/a horse taking a peaceful walk-4.mp4,0.0,success,0.669166,,false
v_cb08be49525496afff99,dynamics_degree,dev,a motorcycle accelerating to gain speed,95,lavie,lavie/subject_consistency/a motorcycle accelerating to gain speed-0.mp4,1.0,success,0.590929,,true
v_1f78933c520669c4c514,dynamics_degree,dev,a motorcycle accelerating to gain speed,96,lavie,lavie/subject_consistency/a motorcycle accelerating to gain speed-1.mp4,1.0,success,0.631369,,true
v_70009a39a2fa9e4410ec,dynamics_degree,dev,a motorcycle accelerating to gain speed,97,lavie,lavie/subject_consistency/a motorcycle accelerating to gain speed-2.mp4,1.0,success,0.669637,,true
v_2ba774355992e2c87d80,dynamics_degree,dev,a motorcycle accelerating to gain speed,98,lavie,lavie/subject_consistency/a motorcycle accelerating to gain speed-3.mp4,1.0,success,0.565823,,true
v_7a2489c41152cfe2150a,dynamics_degree,dev,a motorcycle accelerating to gain speed,99,lavie,lavie/subject_consistency/a motorcycle accelerating to gain speed-4.mp4,1.0,success,0.584799,,true
v_d83569a5831b3dd59b20,dynamics_degree,test,a motorcycle cruising along a coastal highway,75,lavie,lavie/subject_consistency/a motorcycle cruising along a coastal highway-0.mp4,1.0,success,0.583174,,true
v_9f1d5027ed7f01630033,dynamics_degree,test,a motorcycle cruising along a coastal highway,76,lavie,lavie/subject_consistency/a motorcycle cruising along a coastal highway-1.mp4,1.0,success,0.588868,,true
v_79d78d5a1223dfdf58a6,dynamics_degree,test,a motorcycle cruising along a coastal highway,77,lavie,lavie/subject_consistency/a motorcycle cruising along a coastal highway-2.mp4,1.0,success,0.655299,,true
v_8f95fca246972598fe97,dynamics_degree,test,a motorcycle cruising along a coastal highway,78,lavie,lavie/subject_consistency/a motorcycle cruising along a coastal highway-3.mp4,1.0,success,0.724651,,true
v_9bee92cedec88d5ccb44,dynamics_degree,test,a motorcycle cruising along a coastal highway,79,lavie,lavie/subject_consistency/a motorcycle cruising along a coastal highway-4.mp4,1.0,success,0.677894,,true
v_64eb28ce7141bf8bfb8d,dynamics_degree,test,a motorcycle gliding through a snowy field,90,lavie,lavie/subject_consistency/a motorcycle gliding through a snowy field-0.mp4,1.0,success,0.629692,,true
v_5c04ac036c8985ecc9cd,dynamics_degree,test,a motorcycle gliding through a snowy field,91,lavie,lavie/subject_consistency/a motorcycle gliding through a snowy field-1.mp4,1.0,success,0.549541,,true
v_c135aff9647addd96e37,dynamics_degree,test,a motorcycle gliding through a snowy field,92,lavie,lavie/subject_consistency/a motorcycle gliding through a snowy field-2.mp4,1.0,success,0.578019,,true
v_85244971c11a97b8aabc,dynamics_degree,test,a motorcycle gliding through a snowy field,93,lavie,lavie/subject_consistency/a motorcycle gliding through a snowy field-3.mp4,1.0,success,0.603705,,true
v_43685a79ba80987f3e7b,dynamics_degree,test,a motorcycle gliding through a snowy field,94,lavie,lavie/subject_consistency/a motorcycle gliding through a snowy field-4.mp4,1.0,success,0.589357,,true
v_0b286c450263bc9987c4,dynamics_degree,test,a motorcycle slowing down to stop,85,lavie,lavie/subject_consistency/a motorcycle slowing down to stop-0.mp4,1.0,success,0.646137,,true
v_7f92562f48984151f487,dynamics_degree,test,a motorcycle slowing down to stop,86,lavie,lavie/subject_consistency/a motorcycle slowing down to stop-1.mp4,1.0,success,0.675124,,true
v_44018787773608cbca62,dynamics_degree,test,a motorcycle slowing down to stop,87,lavie,lavie/subject_consistency/a motorcycle slowing down to stop-2.mp4,1.0,success,0.604787,,true
v_b282d34ec87dc34b1f11,dynamics_degree,test,a motorcycle slowing down to stop,88,lavie,lavie/subject_consistency/a motorcycle slowing down to stop-3.mp4,1.0,success,0.577653,,true
v_a3b766f7857672ac6496,dynamics_degree,test,a motorcycle slowing down to stop,89,lavie,lavie/subject_consistency/a motorcycle slowing down to stop-4.mp4,1.0,success,0.575779,,true
v_1bee49c88fee0f2500b0,dynamics_degree,dev,a motorcycle turning a corner,80,lavie,lavie/subject_consistency/a motorcycle turning a corner-0.mp4,0.0,success,0.607606,,false
v_ae2f935882f286480b6a,dynamics_degree,dev,a motorcycle turning a corner,81,lavie,lavie/subject_consistency/a motorcycle turning a corner-1.mp4,1.0,success,0.576920,,true
v_f1792155ba4c72f0514a,dynamics_degree,dev,a motorcycle turning a corner,82,lavie,lavie/subject_consistency/a motorcycle turning a corner-2.mp4,1.0,success,0.589916,,true
v_bbe7a3b8a9ee6e51f014,dynamics_degree,dev,a motorcycle turning a corner,83,lavie,lavie/subject_consistency/a motorcycle turning a corner-3.mp4,1.0,success,0.600187,,true
v_94679ba4791ddc8ae19b,dynamics_degree,dev,a motorcycle turning a corner,84,lavie,lavie/subject_consistency/a motorcycle turning a corner-4.mp4,1.0,success,0.600243,,true
v_925b849aa59940316cf0,dynamics_degree,dev,a person drinking coffee in a cafe,25,lavie,lavie/subject_consistency/a person drinking coffee in a cafe-0.mp4,1.0,success,0.562458,,true
v_22da086bf397de4c9451,dynamics_degree,dev,a person drinking coffee in a cafe,26,lavie,lavie/subject_consistency/a person drinking coffee in a cafe-1.mp4,0.0,success,0.590888,,false
v_a58b22c2bf0aec4c1811,dynamics_degree,dev,a person drinking coffee in a cafe,27,lavie,lavie/subject_consistency/a person drinking coffee in a cafe-2.mp4,1.0,success,0.595091,,true
v_d5c0dc60c0cc02726ee6,dynamics_degree,dev,a person drinking coffee in a cafe,28,lavie,lavie/subject_consistency/a person drinking coffee in a cafe-3.mp4,0.0,success,0.590200,,false
v_2baf20fafaf0e3731abf,dynamics_degree,dev,a person drinking coffee in a cafe,29,lavie,lavie/subject_consistency/a person drinking coffee in a cafe-4.mp4,0.0,success,0.604089,,false
v_d4c7d07133a1a7f196dd,dynamics_degree,test,a person eating a burger,15,lavie,lavie/subject_consistency/a person eating a burger-0.mp4,1.0,success,0.604078,,true
v_e1ea2c55bba334acc941,dynamics_degree,test,a person eating a burger,16,lavie,lavie/subject_consistency/a person eating a burger-1.mp4,0.0,success,0.584097,,false
v_bf11c3c9e537bd0c3a3c,dynamics_degree,test,a person eating a burger,17,lavie,lavie/subject_consistency/a person eating a burger-2.mp4,1.0,success,0.590027,,true
v_ce2cd7dc558b5e3ff073,dynamics_degree,test,a person eating a burger,18,lavie,lavie/subject_consistency/a person eating a burger-3.mp4,0.0,success,0.577063,,false
v_57a1a6b387cdb99822c1,dynamics_degree,test,a person eating a burger,19,lavie,lavie/subject_consistency/a person eating a burger-4.mp4,1.0,success,0.600509,,true
v_8c343b841b2615657180,dynamics_degree,test,a person giving a presentation to a room full of colleagues,5,lavie,lavie/subject_consistency/a person giving a presentation to a room full of colleagues-0.mp4,0.0,success,0.681292,,false
v_b90995431e9e02cd5b27,dynamics_degree,test,a person giving a presentation to a room full of colleagues,6,lavie,lavie/subject_consistency/a person giving a presentation to a room full of colleagues-1.mp4,0.0,success,0.626676,,false
v_499d135ba59a3ff0bb65,dynamics_degree,test,a person giving a presentation to a room full of colleagues,7,lavie,lavie/subject_consistency/a person giving a presentation to a room full of colleagues-2.mp4,0.0,success,0.565438,,false
v_c5c2dd51d3e064a9ad4d,dynamics_degree,test,a person giving a presentation to a room full of colleagues,8,lavie,lavie/subject_consistency/a person giving a presentation to a room full of colleagues-3.mp4,0.0,success,0.589678,,false
v_0a8a580dee2b6f13ac79,dynamics_degree,test,a person giving a presentation to a room full of colleagues,9,lavie,lavie/subject_consistency/a person giving a presentation to a room full of colleagues-4.mp4,0.0,success,0.636068,,false
v_7f6459e4ce052de1c869,dynamics_degree,dev,a person playing guitar,30,lavie,lavie/subject_consistency/a person playing guitar-0.mp4,0.0,success,0.575564,,false
v_85bf135cebe8811b11a8,dynamics_degree,dev,a person playing guitar,31,lavie,lavie/subject_consistency/a person playing guitar-1.mp4,1.0,success,0.561679,,true
v_f3b865af17a1c2a423b6,dynamics_degree,dev,a person playing guitar,32,lavie,lavie/subject_consistency/a person playing guitar-2.mp4,1.0,success,0.615702,,true
v_f76d2f4237be70b72bea,dynamics_degree,dev,a person playing guitar,33,lavie,lavie/subject_consistency/a person playing guitar-3.mp4,0.0,success,0.575233,,false
v_1e7481df609811b2b176,dynamics_degree,dev,a person playing guitar,34,lavie,lavie/subject_consistency/a person playing guitar-4.mp4,1.0,success,0.596760,,true
v_bf70e0a89a56c37c6068,dynamics_degree,test,a person swimming in ocean,0,lavie,lavie/subject_consistency/a person swimming in ocean-0.mp4,1.0,success,0.592626,,true
v_51ea61166e97bccb7596,dynamics_degree,test,a person swimming in ocean,1,lavie,lavie/subject_consistency/a person swimming in ocean-1.mp4,1.0,success,0.589937,,true
v_eb2651774828440043d6,dynamics_degree,test,a person swimming in ocean,2,lavie,lavie/subject_consistency/a person swimming in ocean-2.mp4,1.0,success,0.610878,,true
v_8b9356bc88212530ec1f,dynamics_degree,test,a person swimming in ocean,3,lavie,lavie/subject_consistency/a person swimming in ocean-3.mp4,1.0,success,0.612226,,true
v_b67573443d77e60d77f6,dynamics_degree,test,a person swimming in ocean,4,lavie,lavie/subject_consistency/a person swimming in ocean-4.mp4,1.0,success,0.587265,,true
v_95a7b3141179e187a736,dynamics_degree,test,a person walking in the snowstorm,20,lavie,lavie/subject_consistency/a person walking in the snowstorm-0.mp4,0.0,success,0.548500,,false
v_57bf9355a5f0872e6d32,dynamics_degree,test,a person walking in the snowstorm,21,lavie,lavie/subject_consistency/a person walking in the snowstorm-1.mp4,0.0,success,0.591704,,false
v_6b51008ed7141b99ae8d,dynamics_degree,test,a person walking in the snowstorm,22,lavie,lavie/subject_consistency/a person walking in the snowstorm-2.mp4,0.0,success,0.631716,,false
v_318437f5a6fa5f2c50a0,dynamics_degree,test,a person walking in the snowstorm,23,lavie,lavie/subject_consistency/a person walking in the snowstorm-3.mp4,0.0,success,0.583874,,false
v_2c218328d6308e0545e8,dynamics_degree,test,a person walking in the snowstorm,24,lavie,lavie/subject_consistency/a person walking in the snowstorm-4.mp4,0.0,success,0.557685,,false
v_3433a80bba3e8f4db506,dynamics_degree,dev,a person washing the dishes,10,lavie,lavie/subject_consistency/a person washing the dishes-0.mp4,1.0,success,0.599113,,true
v_4a978a0bc7e00509c967,dynamics_degree,dev,a person washing the dishes,11,lavie,lavie/subject_consistency/a person washing the dishes-1.mp4,1.0,success,0.630720,,true
v_92bbf0e20d4eaefaa323,dynamics_degree,dev,a person washing the dishes,12,lavie,lavie/subject_consistency/a person washing the dishes-2.mp4,1.0,success,0.559944,,true
v_e8f31c9b2fc2b7d72b2f,dynamics_degree,dev,a person washing the dishes,13,lavie,lavie/subject_consistency/a person washing the dishes-3.mp4,1.0,success,0.579831,,true
v_48f0fba9795cc7fe7e21,dynamics_degree,dev,a person washing the dishes,14,lavie,lavie/subject_consistency/a person washing the dishes-4.mp4,1.0,success,0.590580,,true
v_4d6864d52c9790d17127,dynamics_degree,test,a sheep bending down to drink water from a river,265,lavie,lavie/subject_consistency/a sheep bending down to drink water from a river-0.mp4,0.0,success,0.599815,,false
v_701f786c216f2c774a84,dynamics_degree,test,a sheep bending down to drink water from a river,266,lavie,lavie/subject_consistency/a sheep bending down to drink water from a river-1.mp4,0.0,success,0.608813,,false
v_15844c43bc534f2621c5,dynamics_degree,test,a sheep bending down to drink water from a river,267,lavie,lavie/subject_consistency/a sheep bending down to drink water from a river-2.mp4,0.0,success,0.603544,,false
v_593195eddf856bbaa5be,dynamics_degree,test,a sheep bending down to drink water from a river,268,lavie,lavie/subject_consistency/a sheep bending down to drink water from a river-3.mp4,0.0,success,0.572495,,false
v_5ecda7ce0a83949671fc,dynamics_degree,test,a sheep bending down to drink water from a river,269,lavie,lavie/subject_consistency/a sheep bending down to drink water from a river-4.mp4,1.0,success,0.575417,,true
v_48fb4b8256a3a411705b,dynamics_degree,dev,a sheep running to join a herd of its kind,275,lavie,lavie/subject_consistency/a sheep running to join a herd of its kind-0.mp4,0.0,success,0.596008,,false
v_01a5577ec6c19326c5e5,dynamics_degree,dev,a sheep running to join a herd of its kind,276,lavie,lavie/subject_consistency/a sheep running to join a herd of its kind-1.mp4,0.0,success,0.752548,,false
v_ef70cffeec0d7a9d208b,dynamics_degree,dev,a sheep running to join a herd of its kind,277,lavie,lavie/subject_consistency/a sheep running to join a herd of its kind-2.mp4,1.0,success,0.565070,,true
v_d5045b66bbc3b0630e8a,dynamics_degree,dev,a sheep running to join a herd of its kind,278,lavie,lavie/subject_consistency/a sheep running to join a herd of its kind-3.mp4,0.0,success,0.752456,,false
v_7ee3500fc3e264508e80,dynamics_degree,dev,a sheep running to join a herd of its kind,279,lavie,lavie/subject_consistency/a sheep running to join a herd of its kind-4.mp4,1.0,success,0.637715,,true
v_9e20bd95b1a324635147,dynamics_degree,test,a sheep taking a peaceful walk,270,lavie,lavie/subject_consistency/a sheep taking a peaceful walk-0.mp4,0.0,success,0.658169,,false
v_a9b024d976e3245e76fa,dynamics_degree,test,a sheep taking a peaceful walk,271,lavie,lavie/subject_consistency/a sheep taking a peaceful walk-1.mp4,0.0,success,0.694778,,false
v_e97f30b91267f3397e00,dynamics_degree,test,a sheep taking a peaceful walk,272,lavie,lavie/subject_consistency/a sheep taking a peaceful walk-2.mp4,0.0,success,0.608574,,false
v_d9a9a8ffa2f594e5f09e,dynamics_degree,test,a sheep taking a peaceful walk,273,lavie,lavie/subject_consistency/a sheep taking a peaceful walk-3.mp4,0.0,success,0.671500,,false
v_ea4c1607c4189bb95f79,dynamics_degree,test,a sheep taking a peaceful walk,274,lavie,lavie/subject_consistency/a sheep taking a peaceful walk-4.mp4,0.0,success,0.718993,,false
v_628bffd4dc83b0fa1155,dynamics_degree,test,a train accelerating to gain speed,145,lavie,lavie/subject_consistency/a train accelerating to gain speed-0.mp4,1.0,success,0.653322,,true
v_a3d555776cb1a33d3ed4,dynamics_degree,test,a train accelerating to gain speed,146,lavie,lavie/subject_consistency/a train accelerating to gain speed-1.mp4,1.0,success,0.686848,,true
v_7ded36820d4fb3fef251,dynamics_degree,test,a train accelerating to gain speed,147,lavie,lavie/subject_consistency/a train accelerating to gain speed-2.mp4,1.0,success,0.658027,,true
v_e9deda1988f54b2d35a0,dynamics_degree,test,a train accelerating to gain speed,148,lavie,lavie/subject_consistency/a train accelerating to gain speed-3.mp4,0.0,success,0.664524,,false
v_0780b092deeea0f1ea40,dynamics_degree,test,a train accelerating to gain speed,149,lavie,lavie/subject_consistency/a train accelerating to gain speed-4.mp4,1.0,success,0.604499,,true
v_4afe2b0659fb7ffec2af,dynamics_degree,dev,a train crossing over a tall bridge,140,lavie,lavie/subject_consistency/a train crossing over a tall bridge-0.mp4,0.0,success,0.579557,,false
v_542595b8a443ed613cd8,dynamics_degree,dev,a train crossing over a tall bridge,141,lavie,lavie/subject_consistency/a train crossing over a tall bridge-1.mp4,0.0,success,0.584235,,false
v_71846e5cfaad4b0c13e2,dynamics_degree,dev,a train crossing over a tall bridge,142,lavie,lavie/subject_consistency/a train crossing over a tall bridge-2.mp4,0.0,success,0.573494,,false
v_60ed1916313863a644e9,dynamics_degree,dev,a train crossing over a tall bridge,143,lavie,lavie/subject_consistency/a train crossing over a tall bridge-3.mp4,0.0,success,0.575005,,false
v_dfdca2e8bb43cea79084,dynamics_degree,dev,a train crossing over a tall bridge,144,lavie,lavie/subject_consistency/a train crossing over a tall bridge-4.mp4,0.0,success,0.616133,,false
v_cbb9c6705060b22dbd06,dynamics_degree,dev,a train speeding down the tracks,135,lavie,lavie/subject_consistency/a train speeding down the tracks-0.mp4,0.0,success,0.566251,,false
v_91e9cba75214ed92a7cd,dynamics_degree,dev,a train speeding down the tracks,136,lavie,lavie/subject_consistency/a train speeding down the tracks-1.mp4,1.0,success,0.590338,,true
v_72a40296fc353476bef4,dynamics_degree,dev,a train speeding down the tracks,137,lavie,lavie/subject_consistency/a train speeding down the tracks-2.mp4,0.0,success,0.597917,,false
v_2621a4176238a8651320,dynamics_degree,dev,a train speeding down the tracks,138,lavie,lavie/subject_consistency/a train speeding down the tracks-3.mp4,1.0,success,0.650508,,true
v_6bdecba2b265f76beff6,dynamics_degree,dev,a train speeding down the tracks,139,lavie,lavie/subject_consistency/a train speeding down the tracks-4.mp4,1.0,success,0.631245,,true
v_0337c7fc43daa2fb15ed,dynamics_degree,test,a truck accelerating to gain speed,170,lavie,lavie/subject_consistency/a truck accelerating to gain speed-0.mp4,1.0,success,0.593274,,true
v_93665cd25945ac8d8d22,dynamics_degree,test,a truck accelerating to gain speed,171,lavie,lavie/subject_consistency/a truck accelerating to gain speed-1.mp4,1.0,success,0.627816,,true
v_b7ef35c56d9786a74581,dynamics_degree,test,a truck accelerating to gain speed,172,lavie,lavie/subject_consistency/a truck accelerating to gain speed-2.mp4,1.0,success,0.586529,,true
v_4368bd9784450795cdbb,dynamics_degree,test,a truck accelerating to gain speed,173,lavie,lavie/subject_consistency/a truck accelerating to gain speed-3.mp4,1.0,success,0.578217,,true
v_1801b8dabb98cca908c2,dynamics_degree,test,a truck accelerating to gain speed,174,lavie,lavie/subject_consistency/a truck accelerating to gain speed-4.mp4,0.0,success,0.583597,,false
v_599cfce57051cf2aaccd,dynamics_degree,dev,a truck anchored in a tranquil bay,155,lavie,lavie/subject_consistency/a truck anchored in a tranquil bay-0.mp4,0.0,success,0.604718,,false
v_f4f66917632bb561bdbb,dynamics_degree,dev,a truck anchored in a tranquil bay,156,lavie,lavie/subject_consistency/a truck anchored in a tranquil bay-1.mp4,0.0,success,0.576628,,false
v_b7b2f576a6bd22775145,dynamics_degree,dev,a truck anchored in a tranquil bay,157,lavie,lavie/subject_consistency/a truck anchored in a tranquil bay-2.mp4,0.0,success,0.607893,,false
v_d559a3bde145254cbf2c,dynamics_degree,dev,a truck anchored in a tranquil bay,158,lavie,lavie/subject_consistency/a truck anchored in a tranquil bay-3.mp4,0.0,success,0.624004,,false
v_3d1d280c25861b8625fb,dynamics_degree,dev,a truck anchored in a tranquil bay,159,lavie,lavie/subject_consistency/a truck anchored in a tranquil bay-4.mp4,0.0,success,0.687050,,false
v_1357e912ca608938021c,dynamics_degree,test,a truck slowing down to stop,165,lavie,lavie/subject_consistency/a truck slowing down to stop-0.mp4,1.0,success,0.677180,,true
v_211fbbfe418afbb6fefc,dynamics_degree,test,a truck slowing down to stop,166,lavie,lavie/subject_consistency/a truck slowing down to stop-1.mp4,1.0,success,0.573562,,true
v_91a3ace9da9402544d1c,dynamics_degree,test,a truck slowing down to stop,167,lavie,lavie/subject_consistency/a truck slowing down to stop-2.mp4,0.0,success,0.591789,,false
v_b8d8e729a256e6250fcb,dynamics_degree,test,a truck slowing down to stop,168,lavie,lavie/subject_consistency/a truck slowing down to stop-3.mp4,1.0,success,0.618698,,true
v_806d8b8b371126e28000,dynamics_degree,test,a truck slowing down to stop,169,lavie,lavie/subject_consistency/a truck slowing down to stop-4.mp4,0.0,success,0.576658,,false
v_60b0a97f504430018b60,dynamics_degree,dev,a truck stuck in traffic during rush hour,160,lavie,lavie/subject_consistency/a truck stuck in traffic during rush hour-0.mp4,1.0,success,0.574785,,true
v_5857eceed2634b1d045d,dynamics_degree,dev,a truck stuck in traffic during rush hour,161,lavie,lavie/subject_consistency/a truck stuck in traffic during rush hour-1.mp4,0.0,success,0.609196,,false
v_958d68d8ebc26154f6e7,dynamics_degree,dev,a truck stuck in traffic during rush hour,162,lavie,lavie/subject_consistency/a truck stuck in traffic during rush hour-2.mp4,1.0,success,0.567266,,true
v_c57fc2c3e845da513eaf,dynamics_degree,dev,a truck stuck in traffic during rush hour,163,lavie,lavie/subject_consistency/a truck stuck in traffic during rush hour-3.mp4,1.0,success,0.578560,,true
v_b9916a60f7fc6369dd5a,dynamics_degree,dev,a truck stuck in traffic during rush hour,164,lavie,lavie/subject_consistency/a truck stuck in traffic during rush hour-4.mp4,1.0,success,0.694368,,true
v_d1b7f106042305d15a17,dynamics_degree,dev,a truck turning a corner,150,lavie,lavie/subject_consistency/a truck turning a corner-0.mp4,0.0,success,0.659414,,false
v_3e56978a77b244ac8860,dynamics_degree,dev,a truck turning a corner,151,lavie,lavie/subject_consistency/a truck turning a corner-1.mp4,1.0,success,0.657044,,true
v_92a2eab2d2faef6110f4,dynamics_degree,dev,a truck turning a corner,152,lavie,lavie/subject_consistency/a truck turning a corner-2.mp4,0.0,success,0.585836,,false
v_05c4a345d7c783a43e69,dynamics_degree,dev,a truck turning a corner,153,lavie,lavie/subject_consistency/a truck turning a corner-3.mp4,1.0,success,0.589409,,true
v_26b83ca2c27737591466,dynamics_degree,dev,a truck turning a corner,154,lavie,lavie/subject_consistency/a truck turning a corner-4.mp4,1.0,success,0.568041,,true
v_62a34a8813296f449a98,dynamics_degree,dev,a zebra bending down to drink water from a river,330,lavie,lavie/subject_consistency/a zebra bending down to drink water from a river-0.mp4,0.0,success,0.621791,,false
v_fa383e0f2457c15ad8c8,dynamics_degree,dev,a zebra bending down to drink water from a river,331,lavie,lavie/subject_consistency/a zebra bending down to drink water from a river-1.mp4,0.0,success,0.581521,,false
v_80772a3763ed143cab58,dynamics_degree,dev,a zebra bending down to drink water from a river,332,lavie,lavie/subject_consistency/a zebra bending down to drink water from a river-2.mp4,0.0,success,0.590178,,false
v_ccb1bc6fca200eb7ed7d,dynamics_degree,dev,a zebra bending down to drink water from a river,333,lavie,lavie/subject_consistency/a zebra bending down to drink water from a river-3.mp4,0.0,success,0.592225,,false
v_500e1acdf2dd70ac116b,dynamics_degree,dev,a zebra bending down to drink water from a river,334,lavie,lavie/subject_consistency/a zebra bending down to drink water from a river-4.mp4,0.0,success,0.588727,,false
v_bbc283feaa28c42b7fa3,dynamics_degree,test,a zebra running to join a herd of its kind,335,lavie,lavie/subject_consistency/a zebra running to join a herd of its kind-0.mp4,1.0,success,0.591254,,true
v_3a7042e6528fdb4acc64,dynamics_degree,test,a zebra running to join a herd of its kind,336,lavie,lavie/subject_consistency/a zebra running to join a herd of its kind-1.mp4,1.0,success,0.593322,,true
v_02feb362a6a7e47bde14,dynamics_degree,test,a zebra running to join a herd of its kind,337,lavie,lavie/subject_consistency/a zebra running to join a herd of its kind-2.mp4,1.0,success,0.593068,,true
v_e2f688b27ef20e81d0e5,dynamics_degree,test,a zebra running to join a herd of its kind,338,lavie,lavie/subject_consistency/a zebra running to join a herd of its kind-3.mp4,1.0,success,0.601553,,true
v_8414a53b75af580f5b71,dynamics_degree,test,a zebra running to join a herd of its kind,339,lavie,lavie/subject_consistency/a zebra running to join a herd of its kind-4.mp4,1.0,success,0.603006,,true
v_95d880d268781f6db782,dynamics_degree,test,a zebra taking a peaceful walk,340,lavie,lavie/subject_consistency/a zebra taking a peaceful walk-0.mp4,1.0,success,0.719324,,true
v_d7cf66f8cd41498efca1,dynamics_degree,test,a zebra taking a peaceful walk,341,lavie,lavie/subject_consistency/a zebra taking a peaceful walk-1.mp4,0.0,success,0.644355,,false
v_58ace2f947786c9e62ea,dynamics_degree,test,a zebra taking a peaceful walk,342,lavie,lavie/subject_consistency/a zebra taking a peaceful walk-2.mp4,0.0,success,0.754368,,false
v_863be7d8721fdc98cdf4,dynamics_degree,test,a zebra taking a peaceful walk,343,lavie,lavie/subject_consistency/a zebra taking a peaceful walk-3.mp4,0.0,success,0.639334,,false
v_312718568a0049e4ee2f,dynamics_degree,test,a zebra taking a peaceful walk,344,lavie,lavie/subject_consistency/a zebra taking a peaceful walk-4.mp4,1.0,success,0.576901,,true
v_d55bfb3207efcd3d587e,dynamics_degree,test,an airplane accelerating to gain speed,115,lavie,lavie/subject_consistency/an airplane accelerating to gain speed-0.mp4,0.0,success,0.575886,,false
v_3df5b512e6459b7711b4,dynamics_degree,test,an airplane accelerating to gain speed,116,lavie,lavie/subject_consistency/an airplane accelerating to gain speed-1.mp4,0.0,success,0.600250,,false
v_cfcc21e270cdf4586c24,dynamics_degree,test,an airplane accelerating to gain speed,117,lavie,lavie/subject_consistency/an airplane accelerating to gain speed-2.mp4,0.0,success,0.560422,,false
v_efd34869db84c12e0b79,dynamics_degree,test,an airplane accelerating to gain speed,118,lavie,lavie/subject_consistency/an airplane accelerating to gain speed-3.mp4,0.0,success,0.587195,,false
v_cc1849fa2002532f2043,dynamics_degree,test,an airplane accelerating to gain speed,119,lavie,lavie/subject_consistency/an airplane accelerating to gain speed-4.mp4,1.0,success,0.627441,,true
v_bd90619900ec6614039d,dynamics_degree,test,an airplane landing smoothly on a runway,110,lavie,lavie/subject_consistency/an airplane landing smoothly on a runway-0.mp4,0.0,success,0.558207,,false
v_16cd273b9c1afc749d54,dynamics_degree,test,an airplane landing smoothly on a runway,111,lavie,lavie/subject_consistency/an airplane landing smoothly on a runway-1.mp4,1.0,success,0.580137,,true
v_34aeb5dded5c7f9d5469,dynamics_degree,test,an airplane landing smoothly on a runway,112,lavie,lavie/subject_consistency/an airplane landing smoothly on a runway-2.mp4,0.0,success,0.591592,,false
v_a4877a7d594b5fb0dabf,dynamics_degree,test,an airplane landing smoothly on a runway,113,lavie,lavie/subject_consistency/an airplane landing smoothly on a runway-3.mp4,1.0,success,0.595420,,true
v_c3389952b2ea7e4e1765,dynamics_degree,test,an airplane landing smoothly on a runway,114,lavie,lavie/subject_consistency/an airplane landing smoothly on a runway-4.mp4,1.0,success,0.583629,,true
v_b30e524e58f8bdff958b,dynamics_degree,test,an airplane soaring through a clear blue sky,100,lavie,lavie/subject_consistency/an airplane soaring through a clear blue sky-0.mp4,1.0,success,0.591932,,true
v_2a1a1ab61dc5b0e9fc37,dynamics_degree,test,an airplane soaring through a clear blue sky,101,lavie,lavie/subject_consistency/an airplane soaring through a clear blue sky-1.mp4,0.0,success,0.602725,,false
v_aa8c09ab42e082a63f21,dynamics_degree,test,an airplane soaring through a clear blue sky,102,lavie,lavie/subject_consistency/an airplane soaring through a clear blue sky-2.mp4,0.0,success,0.614241,,false
v_faff3045479dd918dd56,dynamics_degree,test,an airplane soaring through a clear blue sky,103,lavie,lavie/subject_consistency/an airplane soaring through a clear blue sky-3.mp4,0.0,success,0.566463,,false
v_3f299272cf0bd11bd6e5,dynamics_degree,test,an airplane soaring through a clear blue sky,104,lavie,lavie/subject_consistency/an airplane soaring through a clear blue sky-4.mp4,1.0,success,0.610879,,true
v_250e2b20eb1d964ca118,dynamics_degree,dev,an airplane taking off,105,lavie,lavie/subject_consistency/an airplane taking off-0.mp4,1.0,success,0.596352,,true
v_bed7c1fd1148811e1985,dynamics_degree,dev,an airplane taking off,106,lavie,lavie/subject_consistency/an airplane taking off-1.mp4,0.0,success,0.597926,,false
v_bd1c2688f7f38335747e,dynamics_degree,dev,an airplane taking off,107,lavie,lavie/subject_consistency/an airplane taking off-2.mp4,0.0,success,0.590971,,false
v_d16aac5cecfbd641e962,dynamics_degree,dev,an airplane taking off,108,lavie,lavie/subject_consistency/an airplane taking off-3.mp4,0.0,success,0.608125,,false
v_c5efb2ed1a153332256c,dynamics_degree,dev,an airplane taking off,109,lavie,lavie/subject_consistency/an airplane taking off-4.mp4,0.0,success,0.605637,,false
v_15fd9e311df873cb8231,dynamics_degree,dev,an elephant running to join a herd of its kind,305,lavie,lavie/subject_consistency/an elephant running to join a herd of its kind-0.mp4,0.0,success,0.681987,,false
v_ab347cd3aec2b34d42bb,dynamics_degree,dev,an elephant running to join a herd of its kind,306,lavie,lavie/subject_consistency/an elephant running to join a herd of its kind-1.mp4,0.0,success,0.667653,,false
v_20921ba6ee66f435c270,dynamics_degree,dev,an elephant running to join a herd of its kind,307,lavie,lavie/subject_consistency/an elephant running to join a herd of its kind-2.mp4,1.0,success,0.581667,,true
v_f8656fd5db8c97de6519,dynamics_degree,dev,an elephant running to join a herd of its kind,308,lavie,lavie/subject_consistency/an elephant running to join a herd of its kind-3.mp4,0.0,success,0.672253,,false
v_67c89db4534e2b07674d,dynamics_degree,dev,an elephant running to join a herd of its kind,309,lavie,lavie/subject_consistency/an elephant running to join a herd of its kind-4.mp4,1.0,success,0.581542,,true
v_3066452134d46f7e1a3d,dynamics_degree,test,an elephant spraying itself with water using its trunk to cool down,295,lavie,lavie/subject_consistency/an elephant spraying itself with water using its trunk to cool down-0.mp4,0.0,success,0.601879,,false
v_0d58112ec2497a925b2a,dynamics_degree,test,an elephant spraying itself with water using its trunk to cool down,296,lavie,lavie/subject_consistency/an elephant spraying itself with water using its trunk to cool down-1.mp4,0.0,success,0.605397,,false
v_1d2cf37fb205ae402af9,dynamics_degree,test,an elephant spraying itself with water using its trunk to cool down,297,lavie,lavie/subject_consistency/an elephant spraying itself with water using its trunk to cool down-2.mp4,0.0,success,0.588036,,false
v_5fbc25db5fbc5ba7f13b,dynamics_degree,test,an elephant spraying itself with water using its trunk to cool down,298,lavie,lavie/subject_consistency/an elephant spraying itself with water using its trunk to cool down-3.mp4,0.0,success,0.619293,,false
v_7fd79fc40dff9781b61c,dynamics_degree,test,an elephant spraying itself with water using its trunk to cool down,299,lavie,lavie/subject_consistency/an elephant spraying itself with water using its trunk to cool down-4.mp4,0.0,success,0.677481,,false
v_def20697d7bf7ce76579,dynamics_degree,dev,an elephant taking a peaceful walk,300,lavie,lavie/subject_consistency/an elephant taking a peaceful walk-0.mp4,0.0,success,0.688185,,false
v_e7ed072c5e8f5a593d2b,dynamics_degree,dev,an elephant taking a peaceful walk,301,lavie,lavie/subject_consistency/an elephant taking a peaceful walk-1.mp4,0.0,success,0.661938,,false
v_5a6cd688bf311b68278b,dynamics_degree,dev,an elephant taking a peaceful walk,302,lavie,lavie/subject_consistency/an elephant taking a peaceful walk-2.mp4,0.0,success,0.609032,,false
v_a8996aaae8caa704535a,dynamics_degree,dev,an elephant taking a peaceful walk,303,lavie,lavie/subject_consistency/an elephant taking a peaceful walk-3.mp4,0.0,success,0.717825,,false
v_e05c08f313f92586cbe9,dynamics_degree,dev,an elephant taking a peaceful walk,304,lavie,lavie/subject_consistency/an elephant taking a peaceful walk-4.mp4,0.0,success,0.642465,,false
v_662a09dabdee48797cc2,dynamics_degree,dev,a bear catching a salmon in its powerful jaws,310,modelscope,modelscope/subject_consistency/a bear catching a salmon in its powerful jaws-0.mp4,1.0,success,0.524982,,true
v_87f5fde515607b50f643,dynamics_degree,dev,a bear catching a salmon in its powerful jaws,311,modelscope,modelscope/subject_consistency/a bear catching a salmon in its powerful jaws-1.mp4,1.0,success,0.513741,,true
v_49ea433bbadcb0adf3b5,dynamics_degree,dev,a bear catching a salmon in its powerful jaws,312,modelscope,modelscope/subject_consistency/a bear catching a salmon in its powerful jaws-2.mp4,1.0,success,0.513776,,true
v_40587563a14820326b04,dynamics_degree,dev,a bear catching a salmon in its powerful jaws,313,modelscope,modelscope/subject_consistency/a bear catching a salmon in its powerful jaws-3.mp4,1.0,success,0.521183,,true
v_0cf0133f798e9dc23ccf,dynamics_degree,dev,a bear catching a salmon in its powerful jaws,314,modelscope,modelscope/subject_consistency/a bear catching a salmon in its powerful jaws-4.mp4,1.0,success,0.506922,,true
v_78ff2b53c4c8c9273fbd,dynamics_degree,test,a bear climbing a tree,320,modelscope,modelscope/subject_consistency/a bear climbing a tree-0.mp4,0.0,success,0.501731,,false
v_7862f2166d12d329b217,dynamics_degree,test,a bear climbing a tree,321,modelscope,modelscope/subject_consistency/a bear climbing a tree-1.mp4,1.0,success,0.492228,,true
v_bfac49a7945583e68661,dynamics_degree,test,a bear climbing a tree,322,modelscope,modelscope/subject_consistency/a bear climbing a tree-2.mp4,0.0,success,0.495965,,false
v_d4d04fff8e7315b3296c,dynamics_degree,test,a bear climbing a tree,323,modelscope,modelscope/subject_consistency/a bear climbing a tree-3.mp4,1.0,success,0.488415,,true
v_bc6f1b6d453cc8503a1e,dynamics_degree,test,a bear climbing a tree,324,modelscope,modelscope/subject_consistency/a bear climbing a tree-4.mp4,0.0,success,0.491328,,false
v_989c7f582119ec0e884d,dynamics_degree,test,a bear hunting for prey,325,modelscope,modelscope/subject_consistency/a bear hunting for prey-0.mp4,0.0,success,0.492199,,false
v_4886d31b4809811b6a6d,dynamics_degree,test,a bear hunting for prey,326,modelscope,modelscope/subject_consistency/a bear hunting for prey-1.mp4,1.0,success,0.491925,,true
v_5a286c4f24e3feeedc25,dynamics_degree,test,a bear hunting for prey,327,modelscope,modelscope/subject_consistency/a bear hunting for prey-2.mp4,1.0,success,0.491436,,true
v_b70fc5de2251376174b4,dynamics_degree,test,a bear hunting for prey,328,modelscope,modelscope/subject_consistency/a bear hunting for prey-3.mp4,1.0,success,0.483586,,true
v_847542db37a9b49c5128,dynamics_degree,test,a bear hunting for prey,329,modelscope,modelscope/subject_consistency/a bear hunting for prey-4.mp4,0.0,success,0.484990,,false
v_5c2b8a0195b61a6cf9b3,dynamics_degree,test,a bear sniffing the air for scents of food,315,modelscope,modelscope/subject_consistency/a bear sniffing the air for scents of food-0.mp4,1.0,success,0.486069,,true
v_2a71506a0e20b4cd71a4,dynamics_degree,test,a bear sniffing the air for scents of food,316,modelscope,modelscope/subject_consistency/a bear sniffing the air for scents of food-1.mp4,1.0,success,0.485999,,true
v_cbad749d705ec9b361bc,dynamics_degree,test,a bear sniffing the air for scents of food,317,modelscope,modelscope/subject_consistency/a bear sniffing the air for scents of food-2.mp4,1.0,success,0.494056,,true
v_4dbb63ae6760e12d2db8,dynamics_degree,test,a bear sniffing the air for scents of food,318,modelscope,modelscope/subject_consistency/a bear sniffing the air for scents of food-3.mp4,0.0,success,0.486305,,false
v_f60037f8621f5f67d625,dynamics_degree,test,a bear sniffing the air for scents of food,319,modelscope,modelscope/subject_consistency/a bear sniffing the air for scents of food-4.mp4,0.0,success,0.522934,,false
v_063211fcdfe26a49159f,dynamics_degree,dev,a bicycle accelerating to gain speed,50,modelscope,modelscope/subject_consistency/a bicycle accelerating to gain speed-0.mp4,1.0,success,0.481967,,true
v_9468c0bb81b885597d10,dynamics_degree,dev,a bicycle accelerating to gain speed,51,modelscope,modelscope/subject_consistency/a bicycle accelerating to gain speed-1.mp4,1.0,success,0.487870,,true
v_cef369cea818877751b9,dynamics_degree,dev,a bicycle accelerating to gain speed,52,modelscope,modelscope/subject_consistency/a bicycle accelerating to gain speed-2.mp4,0.0,success,0.491829,,false
v_973107bc9da80800fa14,dynamics_degree,dev,a bicycle accelerating to gain speed,53,modelscope,modelscope/subject_consistency/a bicycle accelerating to gain speed-3.mp4,1.0,success,0.487029,,true
v_ae3cefc1d83af92c895a,dynamics_degree,dev,a bicycle accelerating to gain speed,54,modelscope,modelscope/subject_consistency/a bicycle accelerating to gain speed-4.mp4,1.0,success,0.485689,,true
v_f037eb1ab234499531ea,dynamics_degree,dev,a bicycle gliding through a snowy field,40,modelscope,modelscope/subject_consistency/a bicycle gliding through a snowy field-0.mp4,1.0,success,0.486987,,true
v_78c592229ff09dd9dbae,dynamics_degree,dev,a bicycle gliding through a snowy field,41,modelscope,modelscope/subject_consistency/a bicycle gliding through a snowy field-1.mp4,1.0,success,0.485526,,true
v_876bd86ba86d0bbbe930,dynamics_degree,dev,a bicycle gliding through a snowy field,42,modelscope,modelscope/subject_consistency/a bicycle gliding through a snowy field-2.mp4,1.0,success,0.494096,,true
v_c8d547ee40cfa78c882a,dynamics_degree,dev,a bicycle gliding through a snowy field,43,modelscope,modelscope/subject_consistency/a bicycle gliding through a snowy field-3.mp4,1.0,success,0.522034,,true
v_e73353093ed77f7db698,dynamics_degree,dev,a bicycle gliding through a snowy field,44,modelscope,modelscope/subject_consistency/a bicycle gliding through a snowy field-4.mp4,0.0,success,0.486356,,false
v_f330dd2327090a2a1c9a,dynamics_degree,dev,a bicycle leaning against a tree,35,modelscope,modelscope/subject_consistency/a bicycle leaning against a tree-0.mp4,0.0,success,0.494135,,false
v_5328727b26eb9152ca4e,dynamics_degree,dev,a bicycle leaning against a tree,36,modelscope,modelscope/subject_consistency/a bicycle leaning against a tree-1.mp4,0.0,success,0.501703,,false
v_a89f9b802d5442c9267d,dynamics_degree,dev,a bicycle leaning against a tree,37,modelscope,modelscope/subject_consistency/a bicycle leaning against a tree-2.mp4,0.0,success,0.508020,,false
v_9d3dc42f7b018171e8bf,dynamics_degree,dev,a bicycle leaning against a tree,38,modelscope,modelscope/subject_consistency/a bicycle leaning against a tree-3.mp4,0.0,success,0.501374,,false
v_2c4699c0f92770fedfd8,dynamics_degree,dev,a bicycle leaning against a tree,39,modelscope,modelscope/subject_consistency/a bicycle leaning against a tree-4.mp4,0.0,success,0.493214,,false
v_165bb777a7a9a3ce7364,dynamics_degree,dev,a bicycle slowing down to stop,45,modelscope,modelscope/subject_consistency/a bicycle slowing down to stop-0.mp4,1.0,success,0.504807,,true
v_8c311447e5db78697110,dynamics_degree,dev,a bicycle slowing down to stop,46,modelscope,modelscope/subject_consistency/a bicycle slowing down to stop-1.mp4,0.0,success,0.501621,,false
v_e6d49cfa5dd3055d7fab,dynamics_degree,dev,a bicycle slowing down to stop,47,modelscope,modelscope/subject_consistency/a bicycle slowing down to stop-2.mp4,0.0,success,0.545724,,false
v_31ed9f7b3c917ad807be,dynamics_degree,dev,a bicycle slowing down to stop,48,modelscope,modelscope/subject_consistency/a bicycle slowing down to stop-3.mp4,1.0,success,0.492640,,true
v_05a43359c68b1b3d0cae,dynamics_degree,dev,a bicycle slowing down to stop,49,modelscope,modelscope/subject_consistency/a bicycle slowing down to stop-4.mp4,1.0,success,0.498581,,true
v_691b475f1d1a03de75d0,dynamics_degree,test,a bird building a nest from twigs and leaves,195,modelscope,modelscope/subject_consistency/a bird building a nest from twigs and leaves-0.mp4,0.0,success,0.492336,,false
v_b317fa39c37d4750fd37,dynamics_degree,test,a bird building a nest from twigs and leaves,196,modelscope,modelscope/subject_consistency/a bird building a nest from twigs and leaves-1.mp4,0.0,success,0.493487,,false
v_48cfd06dd9637ac5c9a1,dynamics_degree,test,a bird building a nest from twigs and leaves,197,modelscope,modelscope/subject_consistency/a bird building a nest from twigs and leaves-2.mp4,0.0,success,0.486897,,false
v_8f924c772b9b98ddf951,dynamics_degree,test,a bird building a nest from twigs and leaves,198,modelscope,modelscope/subject_consistency/a bird building a nest from twigs and leaves-3.mp4,0.0,success,0.487398,,false
v_c2e78754fbfdb488cddc,dynamics_degree,test,a bird building a nest from twigs and leaves,199,modelscope,modelscope/subject_consistency/a bird building a nest from twigs and leaves-4.mp4,0.0,success,0.485014,,false
v_a375600c9d76cc586375,dynamics_degree,dev,a bird flying over a snowy forest,200,modelscope,modelscope/subject_consistency/a bird flying over a snowy forest-0.mp4,0.0,success,0.487567,,false
v_ecfcaffd1a3fddd61bee,dynamics_degree,dev,a bird flying over a snowy forest,201,modelscope,modelscope/subject_consistency/a bird flying over a snowy forest-1.mp4,0.0,success,0.515390,,false
v_3b1a95f91800b46e3501,dynamics_degree,dev,a bird flying over a snowy forest,202,modelscope,modelscope/subject_consistency/a bird flying over a snowy forest-2.mp4,0.0,success,0.496433,,false
v_fe052f8099f35dc03726,dynamics_degree,dev,a bird flying over a snowy forest,203,modelscope,modelscope/subject_consistency/a bird flying over a snowy forest-3.mp4,1.0,success,0.486340,,true
v_c4a17e8d10d046836d18,dynamics_degree,dev,a bird flying over a snowy forest,204,modelscope,modelscope/subject_consistency/a bird flying over a snowy forest-4.mp4,1.0,success,0.486381,,true
v_254f16197e7c4dd5e998,dynamics_degree,dev,a bird soaring gracefully in the sky,190,modelscope,modelscope/subject_consistency/a bird soaring gracefully in the sky-0.mp4,1.0,success,0.484087,,true
v_f0a7a5c8b80f467121aa,dynamics_degree,dev,a bird soaring gracefully in the sky,191,modelscope,modelscope/subject_consistency/a bird soaring gracefully in the sky-1.mp4,0.0,success,0.486184,,false
v_8213ebf00d5611706d12,dynamics_degree,dev,a bird soaring gracefully in the sky,192,modelscope,modelscope/subject_consistency/a bird soaring gracefully in the sky-2.mp4,1.0,success,0.499711,,true
v_78180299d5a4408915ca,dynamics_degree,dev,a bird soaring gracefully in the sky,193,modelscope,modelscope/subject_consistency/a bird soaring gracefully in the sky-3.mp4,1.0,success,0.488228,,true
v_d3b56b57209fd8daca5f,dynamics_degree,dev,a bird soaring gracefully in the sky,194,modelscope,modelscope/subject_consistency/a bird soaring gracefully in the sky-4.mp4,1.0,success,0.501137,,true
v_0866bc6ea63c60516e77,dynamics_degree,test,a boat accelerating to gain speed,185,modelscope,modelscope/subject_consistency/a boat accelerating to gain speed-0.mp4,1.0,success,0.492390,,true
v_d68d0aa14383e6a1864a,dynamics_degree,test,a boat accelerating to gain speed,186,modelscope,modelscope/subject_consistency/a boat accelerating to gain speed-1.mp4,1.0,success,0.522078,,true
v_51f7e35096a486663088,dynamics_degree,test,a boat accelerating to gain speed,187,modelscope,modelscope/subject_consistency/a boat accelerating to gain speed-2.mp4,1.0,success,0.494609,,true
v_d11c55416b268f26ea55,dynamics_degree,test,a boat accelerating to gain speed,188,modelscope,modelscope/subject_consistency/a boat accelerating to gain speed-3.mp4,1.0,success,0.491083,,true
v_d8c7abedc5bdec8cd2e4,dynamics_degree,test,a boat accelerating to gain speed,189,modelscope,modelscope/subject_consistency/a boat accelerating to gain speed-4.mp4,1.0,success,0.553400,,true
v_d3f7e6f7eac34f90c366,dynamics_degree,dev,a boat sailing smoothly on a calm lake,175,modelscope,modelscope/subject_consistency/a boat sailing smoothly on a calm lake-0.mp4,1.0,success,0.486870,,true
v_ef90ac94ea20846736a6,dynamics_degree,dev,a boat sailing smoothly on a calm lake,176,modelscope,modelscope/subject_consistency/a boat sailing smoothly on a calm lake-1.mp4,0.0,success,0.501662,,false
v_bf1b6ec2f876e6f47617,dynamics_degree,dev,a boat sailing smoothly on a calm lake,177,modelscope,modelscope/subject_consistency/a boat sailing smoothly on a calm lake-2.mp4,0.0,success,0.490868,,false
v_b5241407df7ad2c098bf,dynamics_degree,dev,a boat sailing smoothly on a calm lake,178,modelscope,modelscope/subject_consistency/a boat sailing smoothly on a calm lake-3.mp4,1.0,success,0.493365,,true
v_7f4325e97e69ba67aae9,dynamics_degree,dev,a boat sailing smoothly on a calm lake,179,modelscope,modelscope/subject_consistency/a boat sailing smoothly on a calm lake-4.mp4,0.0,success,0.497371,,false
v_5ea5c6d5110745f1abf7,dynamics_degree,dev,a boat slowing down to stop,180,modelscope,modelscope/subject_consistency/a boat slowing down to stop-0.mp4,1.0,success,0.513903,,true
v_28d26c24c48876eef7c6,dynamics_degree,dev,a boat slowing down to stop,181,modelscope,modelscope/subject_consistency/a boat slowing down to stop-1.mp4,0.0,success,0.521895,,false
v_e8e398b07bbad96a1e1c,dynamics_degree,dev,a boat slowing down to stop,182,modelscope,modelscope/subject_consistency/a boat slowing down to stop-2.mp4,1.0,success,0.500957,,true
v_ad9b3919b70b34276f3e,dynamics_degree,dev,a boat slowing down to stop,183,modelscope,modelscope/subject_consistency/a boat slowing down to stop-3.mp4,0.0,success,0.492001,,false
v_001aa242f5bfc8ecd49d,dynamics_degree,dev,a boat slowing down to stop,184,modelscope,modelscope/subject_consistency/a boat slowing down to stop-4.mp4,1.0,success,0.504410,,true
v_8a35d469649d98d1e552,dynamics_degree,dev,a bus accelerating to gain speed,130,modelscope,modelscope/subject_consistency/a bus accelerating to gain speed-0.mp4,1.0,success,0.499353,,true
v_5a6ed9a777b9b97f1772,dynamics_degree,dev,a bus accelerating to gain speed,131,modelscope,modelscope/subject_consistency/a bus accelerating to gain speed-1.mp4,0.0,success,0.501367,,false
v_ee8b30eee77c5959c19d,dynamics_degree,dev,a bus accelerating to gain speed,132,modelscope,modelscope/subject_consistency/a bus accelerating to gain speed-2.mp4,1.0,success,0.604275,,true
v_db3a04d11d5a0c59d2aa,dynamics_degree,dev,a bus accelerating to gain speed,133,modelscope,modelscope/subject_consistency/a bus accelerating to gain speed-3.mp4,1.0,success,0.494447,,true
v_c34c543dff94fb38f23f,dynamics_degree,dev,a bus accelerating to gain speed,134,modelscope,modelscope/subject_consistency/a bus accelerating to gain speed-4.mp4,1.0,success,0.488053,,true
v_40bd62fda5cc77cf53e3,dynamics_degree,test,a bus stuck in traffic during rush hour,125,modelscope,modelscope/subject_consistency/a bus stuck in traffic during rush hour-0.mp4,1.0,success,0.489861,,true
v_3f2c8d43c7a4298def7d,dynamics_degree,test,a bus stuck in traffic during rush hour,126,modelscope,modelscope/subject_consistency/a bus stuck in traffic during rush hour-1.mp4,1.0,success,0.487124,,true
v_bfd28dc96b8809dd85c3,dynamics_degree,test,a bus stuck in traffic during rush hour,127,modelscope,modelscope/subject_consistency/a bus stuck in traffic during rush hour-2.mp4,0.0,success,0.501455,,false
v_7255e8661c17dfddaee5,dynamics_degree,test,a bus stuck in traffic during rush hour,128,modelscope,modelscope/subject_consistency/a bus stuck in traffic during rush hour-3.mp4,0.0,success,0.492926,,false
v_8110efd2497afef2b279,dynamics_degree,test,a bus stuck in traffic during rush hour,129,modelscope,modelscope/subject_consistency/a bus stuck in traffic during rush hour-4.mp4,1.0,success,0.488776,,true
v_25a69e842d0d29066fac,dynamics_degree,test,a bus turning a corner,120,modelscope,modelscope/subject_consistency/a bus turning a corner-0.mp4,0.0,success,0.485395,,false
v_8a5b8179fe977a2c6e2b,dynamics_degree,test,a bus turning a corner,121,modelscope,modelscope/subject_consistency/a bus turning a corner-1.mp4,1.0,success,0.486384,,true
v_46c40beb2a4400092f00,dynamics_degree,test,a bus turning a corner,122,modelscope,modelscope/subject_consistency/a bus turning a corner-2.mp4,0.0,success,0.494393,,false
v_251ab894101a6c88039a,dynamics_degree,test,a bus turning a corner,123,modelscope,modelscope/subject_consistency/a bus turning a corner-3.mp4,0.0,success,0.488392,,false
v_4613a7acf3a3cd136915,dynamics_degree,test,a bus turning a corner,124,modelscope,modelscope/subject_consistency/a bus turning a corner-4.mp4,0.0,success,0.486921,,false
v_9af4f6c4c3fdbbc0b812,dynamics_degree,test,a car accelerating to gain speed,70,modelscope,modelscope/subject_consistency/a car accelerating to gain speed-0.mp4,0.0,success,0.488709,,false
v_000196a4daf916f2a539,dynamics_degree,test,a car accelerating to gain speed,71,modelscope,modelscope/subject_consistency/a car accelerating to gain speed-1.mp4,1.0,success,0.493405,,true
v_a28b068db6c9fcdee1a1,dynamics_degree,test,a car accelerating to gain speed,72,modelscope,modelscope/subject_consistency/a car accelerating to gain speed-2.mp4,0.0,success,0.493114,,false
v_e333e4c14edcf97d97f7,dynamics_degree,test,a car accelerating to gain speed,73,modelscope,modelscope/subject_consistency/a car accelerating to gain speed-3.mp4,0.0,success,0.486734,,false
v_0877731c98c7b0ae1f47,dynamics_degree,test,a car accelerating to gain speed,74,modelscope,modelscope/subject_consistency/a car accelerating to gain speed-4.mp4,1.0,success,0.486198,,true
v_d7e118cfe9eee89832c7,dynamics_degree,test,a car slowing down to stop,65,modelscope,modelscope/subject_consistency/a car slowing down to stop-0.mp4,0.0,success,0.492504,,false
v_8e1355f21fb4d1ba32b4,dynamics_degree,test,a car slowing down to stop,66,modelscope,modelscope/subject_consistency/a car slowing down to stop-1.mp4,0.0,success,0.496555,,false
v_af3ed007e3b8d4004786,dynamics_degree,test,a car slowing down to stop,67,modelscope,modelscope/subject_consistency/a car slowing down to stop-2.mp4,0.0,success,0.491086,,false
v_2dc2204a58897de780cc,dynamics_degree,test,a car slowing down to stop,68,modelscope,modelscope/subject_consistency/a car slowing down to stop-3.mp4,1.0,success,0.486262,,true
v_9c373fb1a9d38af722fc,dynamics_degree,test,a car slowing down to stop,69,modelscope,modelscope/subject_consistency/a car slowing down to stop-4.mp4,0.0,success,0.488418,,false
v_c1b5ed3931a7e61639df,dynamics_degree,test,a car stuck in traffic during rush hour,55,modelscope,modelscope/subject_consistency/a car stuck in traffic during rush hour-0.mp4,0.0,success,0.486598,,false
v_65745267bc281267b2c4,dynamics_degree,test,a car stuck in traffic during rush hour,56,modelscope,modelscope/subject_consistency/a car stuck in traffic during rush hour-1.mp4,1.0,success,0.493036,,true
v_2b71b18ad9f8400be4a0,dynamics_degree,test,a car stuck in traffic during rush hour,57,modelscope,modelscope/subject_consistency/a car stuck in traffic during rush hour-2.mp4,1.0,success,0.504701,,true
v_0b80abd40ee4a7eae4ee,dynamics_degree,test,a car stuck in traffic during rush hour,58,modelscope,modelscope/subject_consistency/a car stuck in traffic during rush hour-3.mp4,1.0,success,0.495961,,true
v_71a999de947135b65dda,dynamics_degree,test,a car stuck in traffic during rush hour,59,modelscope,modelscope/subject_consistency/a car stuck in traffic during rush hour-4.mp4,1.0,success,0.505487,,true
v_e244a309abde8259f9e8,dynamics_degree,dev,a car turning a corner,60,modelscope,modelscope/subject_consistency/a car turning a corner-0.mp4,1.0,success,0.508688,,true
v_8f8d4f754e6271da25f8,dynamics_degree,dev,a car turning a corner,61,modelscope,modelscope/subject_consistency/a car turning a corner-1.mp4,0.0,success,0.499732,,false
v_9083d3f3cf7e678b8792,dynamics_degree,dev,a car turning a corner,62,modelscope,modelscope/subject_consistency/a car turning a corner-2.mp4,1.0,success,0.498694,,true
v_4c425f473d8ded11c276,dynamics_degree,dev,a car turning a corner,63,modelscope,modelscope/subject_consistency/a car turning a corner-3.mp4,1.0,success,0.502725,,true
v_98ae08aa6b948c750bc8,dynamics_degree,dev,a car turning a corner,64,modelscope,modelscope/subject_consistency/a car turning a corner-4.mp4,0.0,success,0.488486,,false
v_4d8374f0065812028942,dynamics_degree,test,a cat drinking water,215,modelscope,modelscope/subject_consistency/a cat drinking water-0.mp4,0.0,success,0.496159,,false
v_339cb58df0d66a066511,dynamics_degree,test,a cat drinking water,216,modelscope,modelscope/subject_consistency/a cat drinking water-1.mp4,0.0,success,0.501183,,false
v_792e8638c1bc42d22c95,dynamics_degree,test,a cat drinking water,217,modelscope,modelscope/subject_consistency/a cat drinking water-2.mp4,1.0,success,0.507098,,true
v_9c107e2a612fcf4cb8a3,dynamics_degree,test,a cat drinking water,218,modelscope,modelscope/subject_consistency/a cat drinking water-3.mp4,1.0,success,0.496341,,true
v_86aae73aafd4aea9c60b,dynamics_degree,test,a cat drinking water,219,modelscope,modelscope/subject_consistency/a cat drinking water-4.mp4,0.0,success,0.486805,,false
v_bac29905b8356f68cc2d,dynamics_degree,test,a cat grooming itself meticulously with its tongue,205,modelscope,modelscope/subject_consistency/a cat grooming itself meticulously with its tongue-0.mp4,1.0,success,0.486657,,true
v_e8e3c04ff41e44b87d2d,dynamics_degree,test,a cat grooming itself meticulously with its tongue,206,modelscope,modelscope/subject_consistency/a cat grooming itself meticulously with its tongue-1.mp4,1.0,success,0.490608,,true
v_36e28a50f70f5aa5d54b,dynamics_degree,test,a cat grooming itself meticulously with its tongue,207,modelscope,modelscope/subject_consistency/a cat grooming itself meticulously with its tongue-2.mp4,1.0,success,0.492059,,true
v_8347a758811d8e80f690,dynamics_degree,test,a cat grooming itself meticulously with its tongue,208,modelscope,modelscope/subject_consistency/a cat grooming itself meticulously with its tongue-3.mp4,1.0,success,0.487096,,true
v_4b8bba4fdd43caefbde6,dynamics_degree,test,a cat grooming itself meticulously with its tongue,209,modelscope,modelscope/subject_consistency/a cat grooming itself meticulously with its tongue-4.mp4,1.0,success,0.491029,,true
v_a1b7a782f233d597ff0d,dynamics_degree,test,a cat playing in park,210,modelscope,modelscope/subject_consistency/a cat playing in park-0.mp4,1.0,success,0.487333,,true
v_40287801c43c598a9019,dynamics_degree,test,a cat playing in park,211,modelscope,modelscope/subject_consistency/a cat playing in park-1.mp4,1.0,success,0.490868,,true
v_f7e7de74b6287594f01b,dynamics_degree,test,a cat playing in park,212,modelscope,modelscope/subject_consistency/a cat playing in park-2.mp4,1.0,success,0.495798,,true
v_6435d2fa54e6513bddfc,dynamics_degree,test,a cat playing in park,213,modelscope,modelscope/subject_consistency/a cat playing in park-3.mp4,0.0,success,0.490514,,false
v_7d053432dd0993a3000a,dynamics_degree,test,a cat playing in park,214,modelscope,modelscope/subject_consistency/a cat playing in park-4.mp4,1.0,success,0.542065,,true
v_572995336602cd9a5290,dynamics_degree,test,a cat running happily,220,modelscope,modelscope/subject_consistency/a cat running happily-0.mp4,0.0,success,0.499519,,false
v_0cef276afb973668fe4e,dynamics_degree,test,a cat running happily,221,modelscope,modelscope/subject_consistency/a cat running happily-1.mp4,1.0,success,0.490991,,true
v_ad0c95c14a2eb4045fe9,dynamics_degree,test,a cat running happily,222,modelscope,modelscope/subject_consistency/a cat running happily-2.mp4,1.0,success,0.501298,,true
v_2d4144196f7d217f776d,dynamics_degree,test,a cat running happily,223,modelscope,modelscope/subject_consistency/a cat running happily-3.mp4,1.0,success,0.496210,,true
v_0df8f77713d6eaf60e94,dynamics_degree,test,a cat running happily,224,modelscope,modelscope/subject_consistency/a cat running happily-4.mp4,1.0,success,0.497899,,true
v_9e131469da8de408aa8e,dynamics_degree,test,a cow bending down to drink water from a river,280,modelscope,modelscope/subject_consistency/a cow bending down to drink water from a river-0.mp4,1.0,success,0.497622,,true
v_770fb872166cdef4a5fd,dynamics_degree,test,a cow bending down to drink water from a river,281,modelscope,modelscope/subject_consistency/a cow bending down to drink water from a river-1.mp4,0.0,success,0.493696,,false
v_37d83666b3cc69a0554f,dynamics_degree,test,a cow bending down to drink water from a river,282,modelscope,modelscope/subject_consistency/a cow bending down to drink water from a river-2.mp4,1.0,success,0.497395,,true
v_afd37ebba62d10053a46,dynamics_degree,test,a cow bending down to drink water from a river,283,modelscope,modelscope/subject_consistency/a cow bending down to drink water from a river-3.mp4,1.0,success,0.496020,,true
v_678b478ac8827c143f90,dynamics_degree,test,a cow bending down to drink water from a river,284,modelscope,modelscope/subject_consistency/a cow bending down to drink water from a river-4.mp4,0.0,success,0.507119,,false
v_6a6338c8a9589b668442,dynamics_degree,test,a cow chewing cud while resting in a tranquil barn,285,modelscope,modelscope/subject_consistency/a cow chewing cud while resting in a tranquil barn-0.mp4,1.0,success,0.491088,,true
v_63840d5b2eec100aab1b,dynamics_degree,test,a cow chewing cud while resting in a tranquil barn,286,modelscope,modelscope/subject_consistency/a cow chewing cud while resting in a tranquil barn-1.mp4,0.0,success,0.494847,,false
v_7ebd70a0e70d14841bbb,dynamics_degree,test,a cow chewing cud while resting in a tranquil barn,287,modelscope,modelscope/subject_consistency/a cow chewing cud while resting in a tranquil barn-2.mp4,0.0,success,0.494295,,false
v_bf2e077fd28fb96d2c6a,dynamics_degree,test,a cow chewing cud while resting in a tranquil barn,288,modelscope,modelscope/subject_consistency/a cow chewing cud while resting in a tranquil barn-3.mp4,0.0,success,0.499019,,false
v_88ee163cb505cd7eaa48,dynamics_degree,test,a cow chewing cud while resting in a tranquil barn,289,modelscope,modelscope/subject_consistency/a cow chewing cud while resting in a tranquil barn-4.mp4,0.0,success,0.497474,,false
v_4f22b4dbb2c3ba924c1d,dynamics_degree,test,a cow running to join a herd of its kind,290,modelscope,modelscope/subject_consistency/a cow running to join a herd of its kind-0.mp4,1.0,success,0.500042,,true
v_3a276c7875ddeb35038d,dynamics_degree,test,a cow running to join a herd of its kind,291,modelscope,modelscope/subject_consistency/a cow running to join a herd of its kind-1.mp4,1.0,success,0.498161,,true
v_f3e39453650111fc8f94,dynamics_degree,test,a cow running to join a herd of its kind,292,modelscope,modelscope/subject_consistency/a cow running to join a herd of its kind-2.mp4,1.0,success,0.539848,,true
v_3bba6f820da80d27d2e7,dynamics_degree,test,a cow running to join a herd of its kind,293,modelscope,modelscope/subject_consistency/a cow running to join a herd of its kind-3.mp4,1.0,success,0.500290,,true
v_12acb08958dc019a0bf1,dynamics_degree,test,a cow running to join a herd of its kind,294,modelscope,modelscope/subject_consistency/a cow running to join a herd of its kind-4.mp4,1.0,success,0.498251,,true
v_aaea292e2c7d63b1970f,dynamics_degree,test,a dog drinking water,235,modelscope,modelscope/subject_consistency/a dog drinking water-0.mp4,1.0,success,0.497521,,true
v_1c391dca7a5d81c45e71,dynamics_degree,test,a dog drinking water,236,modelscope,modelscope/subject_consistency/a dog drinking water-1.mp4,0.0,success,0.501314,,false
v_1359286210c9226c1787,dynamics_degree,test,a dog drinking water,237,modelscope,modelscope/subject_consistency/a dog drinking water-2.mp4,0.0,success,0.493907,,false
v_1652211ec32c74af49ba,dynamics_degree,test,a dog drinking water,238,modelscope,modelscope/subject_consistency/a dog drinking water-3.mp4,1.0,success,0.483817,,true
v_3853bdb6418496d63ef3,dynamics_degree,test,a dog drinking water,239,modelscope,modelscope/subject_consistency/a dog drinking water-4.mp4,0.0,success,0.487644,,false
v_7bf1092a70a894d1660d,dynamics_degree,test,a dog enjoying a peaceful walk,225,modelscope,modelscope/subject_consistency/a dog enjoying a peaceful walk-0.mp4,1.0,success,0.490918,,true
v_26f0e6c353aceaf3d651,dynamics_degree,test,a dog enjoying a peaceful walk,226,modelscope,modelscope/subject_consistency/a dog enjoying a peaceful walk-1.mp4,1.0,success,0.492896,,true
v_06a384906913eb9e1eac,dynamics_degree,test,a dog enjoying a peaceful walk,227,modelscope,modelscope/subject_consistency/a dog enjoying a peaceful walk-2.mp4,1.0,success,0.529774,,true
v_f6795083cc08fccdfa2e,dynamics_degree,test,a dog enjoying a peaceful walk,228,modelscope,modelscope/subject_consistency/a dog enjoying a peaceful walk-3.mp4,0.0,success,0.491664,,false
v_1f668a422474e424a7e3,dynamics_degree,test,a dog enjoying a peaceful walk,229,modelscope,modelscope/subject_consistency/a dog enjoying a peaceful walk-4.mp4,1.0,success,0.491268,,true
v_3e6f845451d87bbf7bec,dynamics_degree,test,a dog playing in park,230,modelscope,modelscope/subject_consistency/a dog playing in park-0.mp4,0.0,success,0.489398,,false
v_b2606fded5870768e9c0,dynamics_degree,test,a dog playing in park,231,modelscope,modelscope/subject_consistency/a dog playing in park-1.mp4,1.0,success,0.494973,,true
v_ccb76d11203121317ee2,dynamics_degree,test,a dog playing in park,232,modelscope,modelscope/subject_consistency/a dog playing in park-2.mp4,1.0,success,0.491329,,true
v_4b8e9846cc6267baa369,dynamics_degree,test,a dog playing in park,233,modelscope,modelscope/subject_consistency/a dog playing in park-3.mp4,1.0,success,0.490228,,true
v_56d773a6464eca0d7d99,dynamics_degree,test,a dog playing in park,234,modelscope,modelscope/subject_consistency/a dog playing in park-4.mp4,0.0,success,0.490282,,false
v_e9263cfccdd51dd1daf7,dynamics_degree,test,a dog running happily,240,modelscope,modelscope/subject_consistency/a dog running happily-0.mp4,1.0,success,0.487170,,true
v_a7738b26b2a66a4f3fd6,dynamics_degree,test,a dog running happily,241,modelscope,modelscope/subject_consistency/a dog running happily-1.mp4,1.0,success,0.497817,,true
v_0504f0aee434d4171d0c,dynamics_degree,test,a dog running happily,242,modelscope,modelscope/subject_consistency/a dog running happily-2.mp4,1.0,success,0.492599,,true
v_26615d38ade9a88ab4f7,dynamics_degree,test,a dog running happily,243,modelscope,modelscope/subject_consistency/a dog running happily-3.mp4,1.0,success,0.525706,,true
v_b346ebcde95a689d9de4,dynamics_degree,test,a dog running happily,244,modelscope,modelscope/subject_consistency/a dog running happily-4.mp4,1.0,success,0.491362,,true
v_b9ae25e704e4a08b8cd6,dynamics_degree,dev,a giraffe bending down to drink water from a river,345,modelscope,modelscope/subject_consistency/a giraffe bending down to drink water from a river-0.mp4,0.0,success,0.491191,,false
v_16319198998fe400c930,dynamics_degree,dev,a giraffe bending down to drink water from a river,346,modelscope,modelscope/subject_consistency/a giraffe bending down to drink water from a river-1.mp4,0.0,success,0.496050,,false
v_a6812922bda1efedee99,dynamics_degree,dev,a giraffe bending down to drink water from a river,347,modelscope,modelscope/subject_consistency/a giraffe bending down to drink water from a river-2.mp4,0.0,success,0.488856,,false
v_f37f4ced044712c7e6d3,dynamics_degree,dev,a giraffe bending down to drink water from a river,348,modelscope,modelscope/subject_consistency/a giraffe bending down to drink water from a river-3.mp4,0.0,success,0.492250,,false
v_65f77e98f2660e721430,dynamics_degree,dev,a giraffe bending down to drink water from a river,349,modelscope,modelscope/subject_consistency/a giraffe bending down to drink water from a river-4.mp4,1.0,success,0.490637,,true
v_51b4bd54222b1e3a2182,dynamics_degree,test,a giraffe running to join a herd of its kind,355,modelscope,modelscope/subject_consistency/a giraffe running to join a herd of its kind-0.mp4,1.0,success,0.509309,,true
v_08bff1e81827a9795ec3,dynamics_degree,test,a giraffe running to join a herd of its kind,356,modelscope,modelscope/subject_consistency/a giraffe running to join a herd of its kind-1.mp4,1.0,success,0.501363,,true
v_589c76ca05bc71e7ba8b,dynamics_degree,test,a giraffe running to join a herd of its kind,357,modelscope,modelscope/subject_consistency/a giraffe running to join a herd of its kind-2.mp4,1.0,success,0.505504,,true
v_4f8f86489904f391ba1f,dynamics_degree,test,a giraffe running to join a herd of its kind,358,modelscope,modelscope/subject_consistency/a giraffe running to join a herd of its kind-3.mp4,1.0,success,0.510685,,true
v_73127bdc92bc5e9d9355,dynamics_degree,test,a giraffe running to join a herd of its kind,359,modelscope,modelscope/subject_consistency/a giraffe running to join a herd of its kind-4.mp4,1.0,success,0.503463,,true
v_a3da8ea5af89b50d9eb3,dynamics_degree,dev,a giraffe taking a peaceful walk,350,modelscope,modelscope/subject_consistency/a giraffe taking a peaceful walk-0.mp4,1.0,success,0.503967,,true
v_8405be833751e916e56a,dynamics_degree,dev,a giraffe taking a peaceful walk,351,modelscope,modelscope/subject_consistency/a giraffe taking a peaceful walk-1.mp4,1.0,success,0.506170,,true
v_6ae0e8193208e07fe58c,dynamics_degree,dev,a giraffe taking a peaceful walk,352,modelscope,modelscope/subject_consistency/a giraffe taking a peaceful walk-2.mp4,1.0,success,0.510159,,true
v_f5de04e8c475068f7bc8,dynamics_degree,dev,a giraffe taking a peaceful walk,353,modelscope,modelscope/subject_consistency/a giraffe taking a peaceful walk-3.mp4,0.0,success,0.496742,,false
v_2613e075f612d77f66b7,dynamics_degree,dev,a giraffe taking a peaceful walk,354,modelscope,modelscope/subject_consistency/a giraffe taking a peaceful walk-4.mp4,1.0,success,0.503126,,true
v_3afb5d5abf03eafff88f,dynamics_degree,test,a horse bending down to drink water from a river,245,modelscope,modelscope/subject_consistency/a horse bending down to drink water from a river-0.mp4,0.0,success,0.507845,,false
v_2871a98bb8814dfe296f,dynamics_degree,test,a horse bending down to drink water from a river,246,modelscope,modelscope/subject_consistency/a horse bending down to drink water from a river-1.mp4,0.0,success,0.505444,,false
v_084d73c9467de5c9a7a1,dynamics_degree,test,a horse bending down to drink water from a river,247,modelscope,modelscope/subject_consistency/a horse bending down to drink water from a river-2.mp4,0.0,success,0.507446,,false
v_fc1c483476c969ecfe5e,dynamics_degree,test,a horse bending down to drink water from a river,248,modelscope,modelscope/subject_consistency/a horse bending down to drink water from a river-3.mp4,0.0,success,0.511478,,false
v_443fccee47dc334f9b80,dynamics_degree,test,a horse bending down to drink water from a river,249,modelscope,modelscope/subject_consistency/a horse bending down to drink water from a river-4.mp4,0.0,success,0.506244,,false
v_cfe6153d93e48894a675,dynamics_degree,test,a horse galloping across an open field,250,modelscope,modelscope/subject_consistency/a horse galloping across an open field-0.mp4,1.0,success,0.500250,,true
v_15537708a1034d19f8a4,dynamics_degree,test,a horse galloping across an open field,251,modelscope,modelscope/subject_consistency/a horse galloping across an open field-1.mp4,1.0,success,0.507650,,true
v_23b2f28f42bc5bc6fc34,dynamics_degree,test,a horse galloping across an open field,252,modelscope,modelscope/subject_consistency/a horse galloping across an open field-2.mp4,1.0,success,0.503149,,true
v_a8f119c54641ee1c4750,dynamics_degree,test,a horse galloping across an open field,253,modelscope,modelscope/subject_consistency/a horse galloping across an open field-3.mp4,1.0,success,0.511116,,true
v_e34d9009ac9b004785c2,dynamics_degree,test,a horse galloping across an open field,254,modelscope,modelscope/subject_consistency/a horse galloping across an open field-4.mp4,1.0,success,0.507811,,true
v_c4477c0c3f0c187cf89e,dynamics_degree,test,a horse running to join a herd of its kind,260,modelscope,modelscope/subject_consistency/a horse running to join a herd of its kind-0.mp4,1.0,success,0.500502,,true
v_31d1b5cd7b68608d39c3,dynamics_degree,test,a horse running to join a herd of its kind,261,modelscope,modelscope/subject_consistency/a horse running to join a herd of its kind-1.mp4,1.0,success,0.511800,,true
v_fafc448cdc713b0a0616,dynamics_degree,test,a horse running to join a herd of its kind,262,modelscope,modelscope/subject_consistency/a horse running to join a herd of its kind-2.mp4,0.0,success,0.508426,,false
v_90e66b9cb9f6a46d91df,dynamics_degree,test,a horse running to join a herd of its kind,263,modelscope,modelscope/subject_consistency/a horse running to join a herd of its kind-3.mp4,1.0,success,0.502553,,true
v_392874378df242130b0d,dynamics_degree,test,a horse running to join a herd of its kind,264,modelscope,modelscope/subject_consistency/a horse running to join a herd of its kind-4.mp4,1.0,success,0.505403,,true
v_fe6674045fa3eb4294d9,dynamics_degree,dev,a horse taking a peaceful walk,255,modelscope,modelscope/subject_consistency/a horse taking a peaceful walk-0.mp4,1.0,success,0.503380,,true
v_b6a7007e5b17d833bf8a,dynamics_degree,dev,a horse taking a peaceful walk,256,modelscope,modelscope/subject_consistency/a horse taking a peaceful walk-1.mp4,1.0,success,0.513229,,true
v_81de93d6d37a8091fa81,dynamics_degree,dev,a horse taking a peaceful walk,257,modelscope,modelscope/subject_consistency/a horse taking a peaceful walk-2.mp4,1.0,success,0.603818,,true
v_b7ffd8dfb6af0b1760ce,dynamics_degree,dev,a horse taking a peaceful walk,258,modelscope,modelscope/subject_consistency/a horse taking a peaceful walk-3.mp4,1.0,success,0.492128,,true
v_b748bd0b69e051428173,dynamics_degree,dev,a horse taking a peaceful walk,259,modelscope,modelscope/subject_consistency/a horse taking a peaceful walk-4.mp4,1.0,success,0.499672,,true
v_046537f5057c412c801d,dynamics_degree,dev,a motorcycle accelerating to gain speed,95,modelscope,modelscope/subject_consistency/a motorcycle accelerating to gain speed-0.mp4,1.0,success,0.499310,,true
v_914dbfe4826242e986dc,dynamics_degree,dev,a motorcycle accelerating to gain speed,96,modelscope,modelscope/subject_consistency/a motorcycle accelerating to gain speed-1.mp4,1.0,success,0.514503,,true
v_f8f97fc6e535d55a3423,dynamics_degree,dev,a motorcycle accelerating to gain speed,97,modelscope,modelscope/subject_consistency/a motorcycle accelerating to gain speed-2.mp4,1.0,success,0.498323,,true
v_c711a0dd407ef41a74dd,dynamics_degree,dev,a motorcycle accelerating to gain speed,98,modelscope,modelscope/subject_consistency/a motorcycle accelerating to gain speed-3.mp4,1.0,success,0.491313,,true
v_fbabd2136bb2eb22b345,dynamics_degree,dev,a motorcycle accelerating to gain speed,99,modelscope,modelscope/subject_consistency/a motorcycle accelerating to gain speed-4.mp4,0.0,success,0.495543,,false
v_3484195f605449522df8,dynamics_degree,test,a motorcycle cruising along a coastal highway,75,modelscope,modelscope/subject_consistency/a motorcycle cruising along a coastal highway-0.mp4,1.0,success,0.504309,,true
v_4c70a70b82a1a992fc00,dynamics_degree,test,a motorcycle cruising along a coastal highway,76,modelscope,modelscope/subject_consistency/a motorcycle cruising along a coastal highway-1.mp4,1.0,success,0.509304,,true
v_071ac6b7a2d8a924f7b3,dynamics_degree,test,a motorcycle cruising along a coastal highway,77,modelscope,modelscope/subject_consistency/a motorcycle cruising along a coastal highway-2.mp4,1.0,success,0.512278,,true
v_80b5117d4488a08fa896,dynamics_degree,test,a motorcycle cruising along a coastal highway,78,modelscope,modelscope/subject_consistency/a motorcycle cruising along a coastal highway-3.mp4,0.0,success,0.496592,,false
v_830348ea77889282c82e,dynamics_degree,test,a motorcycle cruising along a coastal highway,79,modelscope,modelscope/subject_consistency/a motorcycle cruising along a coastal highway-4.mp4,1.0,success,0.501172,,true
v_1daaf41072651d23fde4,dynamics_degree,test,a motorcycle gliding through a snowy field,90,modelscope,modelscope/subject_consistency/a motorcycle gliding through a snowy field-0.mp4,1.0,success,0.504037,,true
v_1273368a364b5a52278b,dynamics_degree,test,a motorcycle gliding through a snowy field,91,modelscope,modelscope/subject_consistency/a motorcycle gliding through a snowy field-1.mp4,1.0,success,0.512242,,true
v_bb6a5190b36b4eada908,dynamics_degree,test,a motorcycle gliding through a snowy field,92,modelscope,modelscope/subject_consistency/a motorcycle gliding through a snowy field-2.mp4,1.0,success,0.500885,,true
v_1dd11ca59bd3a7732e5f,dynamics_degree,test,a motorcycle gliding through a snowy field,93,modelscope,modelscope/subject_consistency/a motorcycle gliding through a snowy field-3.mp4,1.0,success,0.508497,,true
v_f6b5ca7fa6eee3128486,dynamics_degree,test,a motorcycle gliding through a snowy field,94,modelscope,modelscope/subject_consistency/a motorcycle gliding through a snowy field-4.mp4,1.0,success,0.496682,,true
v_0297ca398b1ab1d6b2f7,dynamics_degree,test,a motorcycle slowing down to stop,85,modelscope,modelscope/subject_consistency/a motorcycle slowing down to stop-0.mp4,0.0,success,0.501511,,false
v_8ca321f7c41535714b96,dynamics_degree,test,a motorcycle slowing down to stop,86,modelscope,modelscope/subject_consistency/a motorcycle slowing down to stop-1.mp4,0.0,success,0.509161,,false
v_b994806ac2791e6e951d,dynamics_degree,test,a motorcycle slowing down to stop,87,modelscope,modelscope/subject_consistency/a motorcycle slowing down to stop-2.mp4,0.0,success,0.585992,,false
v_6e7f757c7c8c9c827017,dynamics_degree,test,a motorcycle slowing down to stop,88,modelscope,modelscope/subject_consistency/a motorcycle slowing down to stop-3.mp4,0.0,success,0.504306,,false
v_1ef88421999f8158c48d,dynamics_degree,test,a motorcycle slowing down to stop,89,modelscope,modelscope/subject_consistency/a motorcycle slowing down to stop-4.mp4,1.0,success,0.495456,,true
v_8b04e1b69350c38b92b0,dynamics_degree,dev,a motorcycle turning a corner,80,modelscope,modelscope/subject_consistency/a motorcycle turning a corner-0.mp4,1.0,success,0.529897,,true
v_07fc5560123fdd2e46bb,dynamics_degree,dev,a motorcycle turning a corner,81,modelscope,modelscope/subject_consistency/a motorcycle turning a corner-1.mp4,1.0,success,0.500117,,true
v_8fc6c62722d39508664a,dynamics_degree,dev,a motorcycle turning a corner,82,modelscope,modelscope/subject_consistency/a motorcycle turning a corner-2.mp4,0.0,success,0.524453,,false
v_c91fa79f0b5db9b6c6d1,dynamics_degree,dev,a motorcycle turning a corner,83,modelscope,modelscope/subject_consistency/a motorcycle turning a corner-3.mp4,1.0,success,0.521406,,true
v_1e1b973a5bac19d3abcc,dynamics_degree,dev,a motorcycle turning a corner,84,modelscope,modelscope/subject_consistency/a motorcycle turning a corner-4.mp4,0.0,success,0.501999,,false
v_b53541681e94a064d9c1,dynamics_degree,dev,a person drinking coffee in a cafe,25,modelscope,modelscope/subject_consistency/a person drinking coffee in a cafe-0.mp4,1.0,success,0.495050,,true
v_113b506f2404a65f0306,dynamics_degree,dev,a person drinking coffee in a cafe,26,modelscope,modelscope/subject_consistency/a person drinking coffee in a cafe-1.mp4,1.0,success,0.489585,,true
v_bb74a0d7250aceae7e4c,dynamics_degree,dev,a person drinking coffee in a cafe,27,modelscope,modelscope/subject_consistency/a person drinking coffee in a cafe-2.mp4,0.0,success,0.490772,,false
v_d0c91a7906ad670e1bdf,dynamics_degree,dev,a person drinking coffee in a cafe,28,modelscope,modelscope/subject_consistency/a person drinking coffee in a cafe-3.mp4,1.0,success,0.491059,,true
v_c0362fcf75d088ea49f3,dynamics_degree,dev,a person drinking coffee in a cafe,29,modelscope,modelscope/subject_consistency/a person drinking coffee in a cafe-4.mp4,0.0,success,0.491412,,false
v_005a57ab56461254137c,dynamics_degree,test,a person eating a burger,15,modelscope,modelscope/subject_consistency/a person eating a burger-0.mp4,1.0,success,0.496941,,true
v_7ce34b9521aade8cb686,dynamics_degree,test,a person eating a burger,16,modelscope,modelscope/subject_consistency/a person eating a burger-1.mp4,1.0,success,0.488733,,true
v_fc2d789af0176798f603,dynamics_degree,test,a person eating a burger,17,modelscope,modelscope/subject_consistency/a person eating a burger-2.mp4,1.0,success,0.489434,,true
v_d3080d7a4aa40b41a6c7,dynamics_degree,test,a person eating a burger,18,modelscope,modelscope/subject_consistency/a person eating a burger-3.mp4,1.0,success,0.488876,,true
v_ab338e2e931ab4521b04,dynamics_degree,test,a person eating a burger,19,modelscope,modelscope/subject_consistency/a person eating a burger-4.mp4,1.0,success,0.489032,,true
v_c97f339059507d03a202,dynamics_degree,test,a person giving a presentation to a room full of colleagues,5,modelscope,modelscope/subject_consistency/a person giving a presentation to a room full of colleagues-0.mp4,0.0,success,0.497758,,false
v_fa616d52235d8d7806a3,dynamics_degree,test,a person giving a presentation to a room full of colleagues,6,modelscope,modelscope/subject_consistency/a person giving a presentation to a room full of colleagues-1.mp4,0.0,success,0.486559,,false
v_c5adfacf5a66dd3655e3,dynamics_degree,test,a person giving a presentation to a room full of colleagues,7,modelscope,modelscope/subject_consistency/a person giving a presentation to a room full of colleagues-2.mp4,0.0,success,0.489119,,false
v_d39dcff94df11dddd3a7,dynamics_degree,test,a person giving a presentation to a room full of colleagues,8,modelscope,modelscope/subject_consistency/a person giving a presentation to a room full of colleagues-3.mp4,0.0,success,0.490580,,false
v_e6f82ca0172b6dede822,dynamics_degree,test,a person giving a presentation to a room full of colleagues,9,modelscope,modelscope/subject_consistency/a person giving a presentation to a room full of colleagues-4.mp4,0.0,success,0.487256,,false
v_30d5c7db5e191aec8222,dynamics_degree,dev,a person playing guitar,30,modelscope,modelscope/subject_consistency/a person playing guitar-0.mp4,1.0,success,0.497085,,true
v_8c743fc97c33dd3aab21,dynamics_degree,dev,a person playing guitar,31,modelscope,modelscope/subject_consistency/a person playing guitar-1.mp4,1.0,success,0.491218,,true
v_d3117431d646774406d8,dynamics_degree,dev,a person playing guitar,32,modelscope,modelscope/subject_consistency/a person playing guitar-2.mp4,1.0,success,0.492067,,true
v_d35c16abdb54053ac4b5,dynamics_degree,dev,a person playing guitar,33,modelscope,modelscope/subject_consistency/a person playing guitar-3.mp4,0.0,success,0.490153,,false
v_d4757118394f7c736b1a,dynamics_degree,dev,a person playing guitar,34,modelscope,modelscope/subject_consistency/a person playing guitar-4.mp4,1.0,success,0.488367,,true
v_fcbcae7d4ee5afd4b6c1,dynamics_degree,test,a person swimming in ocean,0,modelscope,modelscope/subject_consistency/a person swimming in ocean-0.mp4,1.0,success,0.505918,,true
v_9bd734a9f4c16f269eb8,dynamics_degree,test,a person swimming in ocean,1,modelscope,modelscope/subject_consistency/a person swimming in ocean-1.mp4,1.0,success,0.489854,,true
v_670c242e279123673dec,dynamics_degree,test,a person swimming in ocean,2,modelscope,modelscope/subject_consistency/a person swimming in ocean-2.mp4,1.0,success,0.493807,,true
v_44206356c236107c4de0,dynamics_degree,test,a person swimming in ocean,3,modelscope,modelscope/subject_consistency/a person swimming in ocean-3.mp4,1.0,success,0.489835,,true
v_738eb749f789c9fe1b88,dynamics_degree,test,a person swimming in ocean,4,modelscope,modelscope/subject_consistency/a person swimming in ocean-4.mp4,1.0,success,0.509696,,true
v_6fb78fc7574f12b30f6c,dynamics_degree,test,a person walking in the snowstorm,20,modelscope,modelscope/subject_consistency/a person walking in the snowstorm-0.mp4,1.0,success,0.501325,,true
v_ce83992686f20f703858,dynamics_degree,test,a person walking in the snowstorm,21,modelscope,modelscope/subject_consistency/a person walking in the snowstorm-1.mp4,1.0,success,0.530402,,true
v_728aa5931a48fedc05fa,dynamics_degree,test,a person walking in the snowstorm,22,modelscope,modelscope/subject_consistency/a person walking in the snowstorm-2.mp4,0.0,success,0.500011,,false
v_0278ee9dd1c3aae00778,dynamics_degree,test,a person walking in the snowstorm,23,modelscope,modelscope/subject_consistency/a person walking in the snowstorm-3.mp4,0.0,success,0.499153,,false
v_b51c38593f280a86c769,dynamics_degree,test,a person walking in the snowstorm,24,modelscope,modelscope/subject_consistency/a person walking in the snowstorm-4.mp4,0.0,success,0.502024,,false
v_a9556becadf7fb03a000,dynamics_degree,dev,a person washing the dishes,10,modelscope,modelscope/subject_consistency/a person washing the dishes-0.mp4,1.0,success,0.512375,,true
v_68aab574e2a9c3a13f75,dynamics_degree,dev,a person washing the dishes,11,modelscope,modelscope/subject_consistency/a person washing the dishes-1.mp4,1.0,success,0.499262,,true
v_5f2ae0d9846f838c240d,dynamics_degree,dev,a person washing the dishes,12,modelscope,modelscope/subject_consistency/a person washing the dishes-2.mp4,1.0,success,0.501434,,true
v_0b81fe5a3e691dd04b6d,dynamics_degree,dev,a person washing the dishes,13,modelscope,modelscope/subject_consistency/a person washing the dishes-3.mp4,1.0,success,0.506156,,true
v_db2ff403f4714aff193b,dynamics_degree,dev,a person washing the dishes,14,modelscope,modelscope/subject_consistency/a person washing the dishes-4.mp4,1.0,success,0.494427,,true
v_89b3c98686d66f472651,dynamics_degree,test,a sheep bending down to drink water from a river,265,modelscope,modelscope/subject_consistency/a sheep bending down to drink water from a river-0.mp4,1.0,success,0.509935,,true
v_e12d08aecbc8fe6f67dc,dynamics_degree,test,a sheep bending down to drink water from a river,266,modelscope,modelscope/subject_consistency/a sheep bending down to drink water from a river-1.mp4,0.0,success,0.536308,,false
v_6324f5d879c0afcacb2a,dynamics_degree,test,a sheep bending down to drink water from a river,267,modelscope,modelscope/subject_consistency/a sheep bending down to drink water from a river-2.mp4,0.0,success,0.485738,,false
v_cf2727021f5bde326797,dynamics_degree,test,a sheep bending down to drink water from a river,268,modelscope,modelscope/subject_consistency/a sheep bending down to drink water from a river-3.mp4,1.0,success,0.488899,,true
v_ef59cd3947f9d98c9c78,dynamics_degree,test,a sheep bending down to drink water from a river,269,modelscope,modelscope/subject_consistency/a sheep bending down to drink water from a river-4.mp4,0.0,success,0.505483,,false
v_1676e2a992c4954c7cc5,dynamics_degree,dev,a sheep running to join a herd of its kind,275,modelscope,modelscope/subject_consistency/a sheep running to join a herd of its kind-0.mp4,1.0,success,0.487329,,true
v_e0aa17189ae6404dd8ef,dynamics_degree,dev,a sheep running to join a herd of its kind,276,modelscope,modelscope/subject_consistency/a sheep running to join a herd of its kind-1.mp4,1.0,success,0.485802,,true
v_ac17622e6a3a3ceefd11,dynamics_degree,dev,a sheep running to join a herd of its kind,277,modelscope,modelscope/subject_consistency/a sheep running to join a herd of its kind-2.mp4,1.0,success,0.486869,,true
v_67d2fd9a8044c2abcce0,dynamics_degree,dev,a sheep running to join a herd of its kind,278,modelscope,modelscope/subject_consistency/a sheep running to join a herd of its kind-3.mp4,1.0,success,0.487420,,true
v_c222327acc1522aef769,dynamics_degree,dev,a sheep running to join a herd of its kind,279,modelscope,modelscope/subject_consistency/a sheep running to join a herd of its kind-4.mp4,1.0,success,0.490197,,true
v_55f9fe6de2ad40ff80f7,dynamics_degree,test,a sheep taking a peaceful walk,270,modelscope,modelscope/subject_consistency/a sheep taking a peaceful walk-0.mp4,1.0,success,0.502614,,true
v_2cd6b0eada7e67cba24c,dynamics_degree,test,a sheep taking a peaceful walk,271,modelscope,modelscope/subject_consistency/a sheep taking a peaceful walk-1.mp4,1.0,success,0.486799,,true
v_95ea40c6265c90a57191,dynamics_degree,test,a sheep taking a peaceful walk,272,modelscope,modelscope/subject_consistency/a sheep taking a peaceful walk-2.mp4,1.0,success,0.486094,,true
v_4b32459eb9047c07d2d6,dynamics_degree,test,a sheep taking a peaceful walk,273,modelscope,modelscope/subject_consistency/a sheep taking a peaceful walk-3.mp4,1.0,success,0.485917,,true
v_a48dfe52fda14d095541,dynamics_degree,test,a sheep taking a peaceful walk,274,modelscope,modelscope/subject_consistency/a sheep taking a peaceful walk-4.mp4,1.0,success,0.489151,,true
v_c3692ffd86a644c6ef5e,dynamics_degree,test,a train accelerating to gain speed,145,modelscope,modelscope/subject_consistency/a train accelerating to gain speed-0.mp4,1.0,success,0.488605,,true
v_066283f52f25bc115090,dynamics_degree,test,a train accelerating to gain speed,146,modelscope,modelscope/subject_consistency/a train accelerating to gain speed-1.mp4,1.0,success,0.486218,,true
v_c8905966a1eb4f2aa12b,dynamics_degree,test,a train accelerating to gain speed,147,modelscope,modelscope/subject_consistency/a train accelerating to gain speed-2.mp4,1.0,success,0.486254,,true
v_b71812a484d0489118ad,dynamics_degree,test,a train accelerating to gain speed,148,modelscope,modelscope/subject_consistency/a train accelerating to gain speed-3.mp4,1.0,success,0.483879,,true
v_161da3b3e47a196e2bd0,dynamics_degree,test,a train accelerating to gain speed,149,modelscope,modelscope/subject_consistency/a train accelerating to gain speed-4.mp4,1.0,success,0.509244,,true
v_7b383ac940dd522be88c,dynamics_degree,dev,a train crossing over a tall bridge,140,modelscope,modelscope/subject_consistency/a train crossing over a tall bridge-0.mp4,0.0,success,0.498190,,false
v_6b8824eeddb8c855aff3,dynamics_degree,dev,a train crossing over a tall bridge,141,modelscope,modelscope/subject_consistency/a train crossing over a tall bridge-1.mp4,0.0,success,0.497627,,false
v_d763ec50c6af177e60ed,dynamics_degree,dev,a train crossing over a tall bridge,142,modelscope,modelscope/subject_consistency/a train crossing over a tall bridge-2.mp4,0.0,success,0.505734,,false
v_c7c267a6f99b906f8613,dynamics_degree,dev,a train crossing over a tall bridge,143,modelscope,modelscope/subject_consistency/a train crossing over a tall bridge-3.mp4,1.0,success,0.513970,,true
v_6d8535e171e48d4998ad,dynamics_degree,dev,a train crossing over a tall bridge,144,modelscope,modelscope/subject_consistency/a train crossing over a tall bridge-4.mp4,0.0,success,0.506815,,false
v_e50f9d2953a3ff0e6338,dynamics_degree,dev,a train speeding down the tracks,135,modelscope,modelscope/subject_consistency/a train speeding down the tracks-0.mp4,1.0,success,0.510590,,true
v_70788de321a8edb1cdab,dynamics_degree,dev,a train speeding down the tracks,136,modelscope,modelscope/subject_consistency/a train speeding down the tracks-1.mp4,0.0,success,0.500625,,false
v_b40c936b614f54183023,dynamics_degree,dev,a train speeding down the tracks,137,modelscope,modelscope/subject_consistency/a train speeding down the tracks-2.mp4,0.0,success,0.508610,,false
v_1874b16cd7c0b2ca969e,dynamics_degree,dev,a train speeding down the tracks,138,modelscope,modelscope/subject_consistency/a train speeding down the tracks-3.mp4,1.0,success,0.505130,,true
v_e8ad19c3e755741c0a45,dynamics_degree,dev,a train speeding down the tracks,139,modelscope,modelscope/subject_consistency/a train speeding down the tracks-4.mp4,0.0,success,0.516471,,false
v_d19561f43a58b6f88f86,dynamics_degree,test,a truck accelerating to gain speed,170,modelscope,modelscope/subject_consistency/a truck accelerating to gain speed-0.mp4,1.0,success,0.495751,,true
v_b9447c72ac2c21b45945,dynamics_degree,test,a truck accelerating to gain speed,171,modelscope,modelscope/subject_consistency/a truck accelerating to gain speed-1.mp4,1.0,success,0.507891,,true
v_eb82b69d1d759115f409,dynamics_degree,test,a truck accelerating to gain speed,172,modelscope,modelscope/subject_consistency/a truck accelerating to gain speed-2.mp4,1.0,success,0.486771,,true
v_22a811200a2e0c08d507,dynamics_degree,test,a truck accelerating to gain speed,173,modelscope,modelscope/subject_consistency/a truck accelerating to gain speed-3.mp4,1.0,success,0.485422,,true
v_e5d3905c74b907840c22,dynamics_degree,test,a truck accelerating to gain speed,174,modelscope,modelscope/subject_consistency/a truck accelerating to gain speed-4.mp4,1.0,success,0.513653,,true
v_0aac47d5aa09a140f135,dynamics_degree,dev,a truck anchored in a tranquil bay,155,modelscope,modelscope/subject_consistency/a truck anchored in a tranquil bay-0.mp4,0.0,success,0.491786,,false
v_d5826ae52b37c36d6685,dynamics_degree,dev,a truck anchored in a tranquil bay,156,modelscope,modelscope/subject_consistency/a truck anchored in a tranquil bay-1.mp4,0.0,success,0.484377,,false
v_f8d1d282f4a902cbd921,dynamics_degree,dev,a truck anchored in a tranquil bay,157,modelscope,modelscope/subject_consistency/a truck anchored in a tranquil bay-2.mp4,1.0,success,0.488557,,true
v_47b390976fc2544eac5d,dynamics_degree,dev,a truck anchored in a tranquil bay,158,modelscope,modelscope/subject_consistency/a truck anchored in a tranquil bay-3.mp4,0.0,success,0.485662,,false
v_e48bbe4e51fb71807170,dynamics_degree,dev,a truck anchored in a tranquil bay,159,modelscope,modelscope/subject_consistency/a truck anchored in a tranquil bay-4.mp4,0.0,success,0.584279,,false
v_60d140ba30e021b2fb3f,dynamics_degree,test,a truck slowing down to stop,165,modelscope,modelscope/subject_consistency/a truck slowing down to stop-0.mp4,0.0,success,0.488465,,false
v_47ee169cecc069da590f,dynamics_degree,test,a truck slowing down to stop,166,modelscope,modelscope/subject_consistency/a truck slowing down to stop-1.mp4,1.0,success,0.487909,,true
v_f4f4f6aca96b9e97d7b0,dynamics_degree,test,a truck slowing down to stop,167,modelscope,modelscope/subject_consistency/a truck slowing down to stop-2.mp4,0.0,success,0.486861,,false
v_ef57aad780dba600620a,dynamics_degree,test,a truck slowing down to stop,168,modelscope,modelscope/subject_consistency/a truck slowing down to stop-3.mp4,0.0,success,0.499555,,false
v_424d64b1d3190aaed058,dynamics_degree,test,a truck slowing down to stop,169,modelscope,modelscope/subject_consistency/a truck slowing down to stop-4.mp4,1.0,success,0.504622,,true
v_e1a198fbe4c40f57e48b,dynamics_degree,dev,a truck stuck in traffic during rush hour,160,modelscope,modelscope/subject_consistency/a truck stuck in traffic during rush hour-0.mp4,1.0,success,0.492297,,true
v_9b86213a9d00415f53ef,dynamics_degree,dev,a truck stuck in traffic during rush hour,161,modelscope,modelscope/subject_consistency/a truck stuck in traffic during rush hour-1.mp4,1.0,success,0.490256,,true
v_459306b7f1131b0c44fe,dynamics_degree,dev,a truck stuck in traffic during rush hour,162,modelscope,modelscope/subject_consistency/a truck stuck in traffic during rush hour-2.mp4,1.0,success,0.488522,,true
v_a3131b317a922a0acdef,dynamics_degree,dev,a truck stuck in traffic during rush hour,163,modelscope,modelscope/subject_consistency/a truck stuck in traffic during rush hour-3.mp4,1.0,success,0.490776,,true
v_cb0160223f6e61a450de,dynamics_degree,dev,a truck stuck in traffic during rush hour,164,modelscope,modelscope/subject_consistency/a truck stuck in traffic during rush hour-4.mp4,1.0,success,0.492088,,true
v_ec2cfb400d13bb34aeae,dynamics_degree,dev,a truck turning a corner,150,modelscope,modelscope/subject_consistency/a truck turning a corner-0.mp4,1.0,success,0.492409,,true
v_9f2a85899e4349c199ba,dynamics_degree,dev,a truck turning a corner,151,modelscope,modelscope/subject_consistency/a truck turning a corner-1.mp4,0.0,success,0.488854,,false
v_8e06932117519ce4f6dc,dynamics_degree,dev,a truck turning a corner,152,modelscope,modelscope/subject_consistency/a truck turning a corner-2.mp4,1.0,success,0.490737,,true
v_710b01afc6c51e382f19,dynamics_degree,dev,a truck turning a corner,153,modelscope,modelscope/subject_consistency/a truck turning a corner-3.mp4,1.0,success,0.493282,,true
v_3bac781440f74b1be07c,dynamics_degree,dev,a truck turning a corner,154,modelscope,modelscope/subject_consistency/a truck turning a corner-4.mp4,1.0,success,0.497212,,true
v_3d834af0b50e8f083e4d,dynamics_degree,dev,a zebra bending down to drink water from a river,330,modelscope,modelscope/subject_consistency/a zebra bending down to drink water from a river-0.mp4,1.0,success,0.502926,,true
v_08b486ba673f9aba6613,dynamics_degree,dev,a zebra bending down to drink water from a river,331,modelscope,modelscope/subject_consistency/a zebra bending down to drink water from a river-1.mp4,1.0,success,0.502152,,true
v_efe0ccf3f7d949a04a99,dynamics_degree,dev,a zebra bending down to drink water from a river,332,modelscope,modelscope/subject_consistency/a zebra bending down to drink water from a river-2.mp4,1.0,success,0.498483,,true
v_c4ab3a271a985b450f93,dynamics_degree,dev,a zebra bending down to drink water from a river,333,modelscope,modelscope/subject_consistency/a zebra bending down to drink water from a river-3.mp4,1.0,success,0.491530,,true
v_191b7cee4bd67ec769ae,dynamics_degree,dev,a zebra bending down to drink water from a river,334,modelscope,modelscope/subject_consistency/a zebra bending down to drink water from a river-4.mp4,1.0,success,0.506344,,true
v_f4ff2d714409828d9db8,dynamics_degree,test,a zebra running to join a herd of its kind,335,modelscope,modelscope/subject_consistency/a zebra running to join a herd of its kind-0.mp4,1.0,success,0.503051,,true
v_b987aa39a8fe47d6dec3,dynamics_degree,test,a zebra running to join a herd of its kind,336,modelscope,modelscope/subject_consistency/a zebra running to join a herd of its kind-1.mp4,1.0,success,0.506377,,true
v_c8de0f3a6388fe4486db,dynamics_degree,test,a zebra running to join a herd of its kind,337,modelscope,modelscope/subject_consistency/a zebra running to join a herd of its kind-2.mp4,1.0,success,0.505873,,true
v_90c1bcd66cb34bab5702,dynamics_degree,test,a zebra running to join a herd of its kind,338,modelscope,modelscope/subject_consistency/a zebra running to join a herd of its kind-3.mp4,1.0,success,0.594056,,true
v_bcd3658a5b1429092ee4,dynamics_degree,test,a zebra running to join a herd of its kind,339,modelscope,modelscope/subject_consistency/a zebra running to join a herd of its kind-4.mp4,1.0,success,0.519342,,true
v_8edd6b57286c9ffceba6,dynamics_degree,test,a zebra taking a peaceful walk,340,modelscope,modelscope/subject_consistency/a zebra taking a peaceful walk-0.mp4,0.0,success,0.534355,,false
v_b32a5a408e133fa0d70c,dynamics_degree,test,a zebra taking a peaceful walk,341,modelscope,modelscope/subject_consistency/a zebra taking a peaceful walk-1.mp4,1.0,success,0.489962,,true
v_a835a717351f413e3db7,dynamics_degree,test,a zebra taking a peaceful walk,342,modelscope,modelscope/subject_consistency/a zebra taking a peaceful walk-2.mp4,1.0,success,0.487994,,true
v_635fab920c6999166980,dynamics_degree,test,a zebra taking a peaceful walk,343,modelscope,modelscope/subject_consistency/a zebra taking a peaceful walk-3.mp4,1.0,success,0.488650,,true
v_35398afe74751f498f95,dynamics_degree,test,a zebra taking a peaceful walk,344,modelscope,modelscope/subject_consistency/a zebra taking a peaceful walk-4.mp4,1.0,success,0.488600,,true
v_16a8d6c5d9dd091d2fe3,dynamics_degree,test,an airplane accelerating to gain speed,115,modelscope,modelscope/subject_consistency/an airplane accelerating to gain speed-0.mp4,0.0,success,0.487947,,false
v_9bef1fdc2841f1c3aaf4,dynamics_degree,test,an airplane accelerating to gain speed,116,modelscope,modelscope/subject_consistency/an airplane accelerating to gain speed-1.mp4,1.0,success,0.488273,,true
v_99f67428fc976a78e7ba,dynamics_degree,test,an airplane accelerating to gain speed,117,modelscope,modelscope/subject_consistency/an airplane accelerating to gain speed-2.mp4,1.0,success,0.487660,,true
v_514caae02bdd3521de7d,dynamics_degree,test,an airplane accelerating to gain speed,118,modelscope,modelscope/subject_consistency/an airplane accelerating to gain speed-3.mp4,1.0,success,0.487397,,true
v_c09b7bc2dbd1e98e3101,dynamics_degree,test,an airplane accelerating to gain speed,119,modelscope,modelscope/subject_consistency/an airplane accelerating to gain speed-4.mp4,0.0,success,0.489455,,false
v_8f6416e9a1c185d929df,dynamics_degree,test,an airplane landing smoothly on a runway,110,modelscope,modelscope/subject_consistency/an airplane landing smoothly on a runway-0.mp4,0.0,success,0.488266,,false
v_7ec4e8430887455874ca,dynamics_degree,test,an airplane landing smoothly on a runway,111,modelscope,modelscope/subject_consistency/an airplane landing smoothly on a runway-1.mp4,1.0,success,0.490884,,true
v_3e5a18c7f36ff82636a8,dynamics_degree,test,an airplane landing smoothly on a runway,112,modelscope,modelscope/subject_consistency/an airplane landing smoothly on a runway-2.mp4,1.0,success,0.534512,,true
v_409002a2f040a1b1cf6b,dynamics_degree,test,an airplane landing smoothly on a runway,113,modelscope,modelscope/subject_consistency/an airplane landing smoothly on a runway-3.mp4,0.0,success,0.490876,,false
v_579ee88a031f3d4d5521,dynamics_degree,test,an airplane landing smoothly on a runway,114,modelscope,modelscope/subject_consistency/an airplane landing smoothly on a runway-4.mp4,1.0,success,0.500788,,true
v_fab8d3b2601269eb33a6,dynamics_degree,test,an airplane soaring through a clear blue sky,100,modelscope,modelscope/subject_consistency/an airplane soaring through a clear blue sky-0.mp4,1.0,success,0.489961,,true
v_6ccb617f17e1f6f594c2,dynamics_degree,test,an airplane soaring through a clear blue sky,101,modelscope,modelscope/subject_consistency/an airplane soaring through a clear blue sky-1.mp4,1.0,success,0.488464,,true
v_dbbba4170de1d909e691,dynamics_degree,test,an airplane soaring through a clear blue sky,102,modelscope,modelscope/subject_consistency/an airplane soaring through a clear blue sky-2.mp4,1.0,success,0.487899,,true
v_5318dfb2dc51c5947299,dynamics_degree,test,an airplane soaring through a clear blue sky,103,modelscope,modelscope/subject_consistency/an airplane soaring through a clear blue sky-3.mp4,1.0,success,0.490889,,true
v_b6c3aa1b97f524d7bb6b,dynamics_degree,test,an airplane soaring through a clear blue sky,104,modelscope,modelscope/subject_consistency/an airplane soaring through a clear blue sky-4.mp4,1.0,success,0.496534,,true
v_0be429aeb1e9a2936a29,dynamics_degree,dev,an airplane taking off,105,modelscope,modelscope/subject_consistency/an airplane taking off-0.mp4,1.0,success,0.492968,,true
v_506aa73d7612db09b503,dynamics_degree,dev,an airplane taking off,106,modelscope,modelscope/subject_consistency/an airplane taking off-1.mp4,1.0,success,0.492385,,true
v_3055b99c97534b2d4b82,dynamics_degree,dev,an airplane taking off,107,modelscope,modelscope/subject_consistency/an airplane taking off-2.mp4,1.0,success,0.491098,,true
v_359df7a9e7bf28552ab0,dynamics_degree,dev,an airplane taking off,108,modelscope,modelscope/subject_consistency/an airplane taking off-3.mp4,0.0,success,0.505638,,false
v_374c26693648cb6a1acc,dynamics_degree,dev,an airplane taking off,109,modelscope,modelscope/subject_consistency/an airplane taking off-4.mp4,1.0,success,0.507039,,true
v_83db2193bdc9b8456235,dynamics_degree,dev,an elephant running to join a herd of its kind,305,modelscope,modelscope/subject_consistency/an elephant running to join a herd of its kind-0.mp4,1.0,success,0.507991,,true
v_a81fb10136ce171373cd,dynamics_degree,dev,an elephant running to join a herd of its kind,306,modelscope,modelscope/subject_consistency/an elephant running to join a herd of its kind-1.mp4,0.0,success,0.498396,,false
v_41c29b10b7f8e011e4ca,dynamics_degree,dev,an elephant running to join a herd of its kind,307,modelscope,modelscope/subject_consistency/an elephant running to join a herd of its kind-2.mp4,1.0,success,0.498756,,true
v_495b1b32b34d1c983d9d,dynamics_degree,dev,an elephant running to join a herd of its kind,308,modelscope,modelscope/subject_consistency/an elephant running to join a herd of its kind-3.mp4,1.0,success,0.511388,,true
v_eeda6d0d6f1cf025dc45,dynamics_degree,dev,an elephant running to join a herd of its kind,309,modelscope,modelscope/subject_consistency/an elephant running to join a herd of its kind-4.mp4,0.0,success,0.497198,,false
v_af03f722b257831b0b00,dynamics_degree,test,an elephant spraying itself with water using its trunk to cool down,295,modelscope,modelscope/subject_consistency/an elephant spraying itself with water using its trunk to cool down-0.mp4,1.0,success,0.505312,,true
v_aa259b9b4907e029e84c,dynamics_degree,test,an elephant spraying itself with water using its trunk to cool down,296,modelscope,modelscope/subject_consistency/an elephant spraying itself with water using its trunk to cool down-1.mp4,1.0,success,0.502273,,true
v_03f673a94a375bbbda66,dynamics_degree,test,an elephant spraying itself with water using its trunk to cool down,297,modelscope,modelscope/subject_consistency/an elephant spraying itself with water using its trunk to cool down-2.mp4,1.0,success,0.508690,,true
v_120e973b51a5f00f3f63,dynamics_degree,test,an elephant spraying itself with water using its trunk to cool down,298,modelscope,modelscope/subject_consistency/an elephant spraying itself with water using its trunk to cool down-3.mp4,1.0,success,0.497965,,true
v_9c6c60ec7dada538159e,dynamics_degree,test,an elephant spraying itself with water using its trunk to cool down,299,modelscope,modelscope/subject_consistency/an elephant spraying itself with water using its trunk to cool down-4.mp4,1.0,success,0.495379,,true
v_d32f1fe6e456c380a39f,dynamics_degree,dev,an elephant taking a peaceful walk,300,modelscope,modelscope/subject_consistency/an elephant taking a peaceful walk-0.mp4,1.0,success,0.490710,,true
v_e839377f2aa58193f540,dynamics_degree,dev,an elephant taking a peaceful walk,301,modelscope,modelscope/subject_consistency/an elephant taking a peaceful walk-1.mp4,1.0,success,0.494709,,true
v_74ffa3410c74e39ac8d5,dynamics_degree,dev,an elephant taking a peaceful walk,302,modelscope,modelscope/subject_consistency/an elephant taking a peaceful walk-2.mp4,1.0,success,0.493059,,true
v_36f7897fcd04421c1d79,dynamics_degree,dev,an elephant taking a peaceful walk,303,modelscope,modelscope/subject_consistency/an elephant taking a peaceful walk-3.mp4,1.0,success,0.502233,,true
v_9b33cef242d91146b1da,dynamics_degree,dev,an elephant taking a peaceful walk,304,modelscope,modelscope/subject_consistency/an elephant taking a peaceful walk-4.mp4,0.0,success,0.494215,,false
v_7f4f495fab6a2720e01b,dynamics_degree,dev,a bear catching a salmon in its powerful jaws,310,videocraft,videocrafter/subject_consistency/a bear catching a salmon in its powerful jaws-0.mp4,1.0,success,0.535440,,true
v_8d0e61ba038cf5417d1d,dynamics_degree,dev,a bear catching a salmon in its powerful jaws,311,videocraft,videocrafter/subject_consistency/a bear catching a salmon in its powerful jaws-1.mp4,1.0,success,0.516346,,true
v_c1a77debd02375fb3a72,dynamics_degree,dev,a bear catching a salmon in its powerful jaws,312,videocraft,videocrafter/subject_consistency/a bear catching a salmon in its powerful jaws-2.mp4,1.0,success,0.563958,,true
v_cabb93ffb23cce0e5044,dynamics_degree,dev,a bear catching a salmon in its powerful jaws,313,videocraft,videocrafter/subject_consistency/a bear catching a salmon in its powerful jaws-3.mp4,1.0,success,0.630717,,true
v_1d1d672ad5c7c9e075ac,dynamics_degree,dev,a bear catching a salmon in its powerful jaws,314,videocraft,videocrafter/subject_consistency/a bear catching a salmon in its powerful jaws-4.mp4,1.0,success,0.542602,,true
v_30be15db0a2178920667,dynamics_degree,test,a bear climbing a tree,320,videocraft,videocrafter/subject_consistency/a bear climbing a tree-0.mp4,1.0,success,0.516078,,true
v_061547b5e020feeb7a1b,dynamics_degree,test,a bear climbing a tree,321,videocraft,videocrafter/subject_consistency/a bear climbing a tree-1.mp4,1.0,success,0.608389,,true
v_f448eb0ee615a931ad48,dynamics_degree,test,a bear climbing a tree,322,videocraft,videocrafter/subject_consistency/a bear climbing a tree-2.mp4,1.0,success,0.522275,,true
v_4166445f11f776562f3e,dynamics_degree,test,a bear climbing a tree,323,videocraft,videocrafter/subject_consistency/a bear climbing a tree-3.mp4,1.0,success,0.531005,,true
v_5c5450bdf18f8a54f9ae,dynamics_degree,test,a bear climbing a tree,324,videocraft,videocrafter/subject_consistency/a bear climbing a tree-4.mp4,1.0,success,0.515665,,true
v_9991630cf02bc095b77b,dynamics_degree,test,a bear hunting for prey,325,videocraft,videocrafter/subject_consistency/a bear hunting for prey-0.mp4,1.0,success,0.600687,,true
v_187f0daf83785b31ec5f,dynamics_degree,test,a bear hunting for prey,326,videocraft,videocrafter/subject_consistency/a bear hunting for prey-1.mp4,1.0,success,0.523933,,true
v_ec06ad485079504ccf4d,dynamics_degree,test,a bear hunting for prey,327,videocraft,videocrafter/subject_consistency/a bear hunting for prey-2.mp4,1.0,success,0.567730,,true
v_f6c5bd184a04aca427d9,dynamics_degree,test,a bear hunting for prey,328,videocraft,videocrafter/subject_consistency/a bear hunting for prey-3.mp4,1.0,success,0.519164,,true
v_1b379d629be8f7205e57,dynamics_degree,test,a bear hunting for prey,329,videocraft,videocrafter/subject_consistency/a bear hunting for prey-4.mp4,1.0,success,0.598133,,true
v_08de2fdaffe209c04457,dynamics_degree,test,a bear sniffing the air for scents of food,315,videocraft,videocrafter/subject_consistency/a bear sniffing the air for scents of food-0.mp4,1.0,success,0.521549,,true
v_b192ae543595d4df2622,dynamics_degree,test,a bear sniffing the air for scents of food,316,videocraft,videocrafter/subject_consistency/a bear sniffing the air for scents of food-1.mp4,1.0,success,0.536133,,true
v_3651f1fe347feb97b479,dynamics_degree,test,a bear sniffing the air for scents of food,317,videocraft,videocrafter/subject_consistency/a bear sniffing the air for scents of food-2.mp4,1.0,success,0.620807,,true
v_2879f0dee1da82dca0b4,dynamics_degree,test,a bear sniffing the air for scents of food,318,videocraft,videocrafter/subject_consistency/a bear sniffing the air for scents of food-3.mp4,1.0,success,0.554236,,true
v_bca49204915910ef2ca7,dynamics_degree,test,a bear sniffing the air for scents of food,319,videocraft,videocrafter/subject_consistency/a bear sniffing the air for scents of food-4.mp4,0.0,success,0.613898,,false
v_2277386fa073dc01585c,dynamics_degree,dev,a bicycle accelerating to gain speed,50,videocraft,videocrafter/subject_consistency/a bicycle accelerating to gain speed-0.mp4,1.0,success,0.558601,,true
v_1a4b3f26ef24f0a5eb01,dynamics_degree,dev,a bicycle accelerating to gain speed,51,videocraft,videocrafter/subject_consistency/a bicycle accelerating to gain speed-1.mp4,1.0,success,0.601935,,true
v_63415507435d3765bd4e,dynamics_degree,dev,a bicycle accelerating to gain speed,52,videocraft,videocrafter/subject_consistency/a bicycle accelerating to gain speed-2.mp4,1.0,success,0.551239,,true
v_bec36cb1921a7d560a43,dynamics_degree,dev,a bicycle accelerating to gain speed,53,videocraft,videocrafter/subject_consistency/a bicycle accelerating to gain speed-3.mp4,1.0,success,0.588995,,true
v_0dfe7b13ed583d4229a9,dynamics_degree,dev,a bicycle accelerating to gain speed,54,videocraft,videocrafter/subject_consistency/a bicycle accelerating to gain speed-4.mp4,1.0,success,0.524764,,true
v_b3742d63e27345dd394e,dynamics_degree,dev,a bicycle gliding through a snowy field,40,videocraft,videocrafter/subject_consistency/a bicycle gliding through a snowy field-0.mp4,1.0,success,0.527937,,true
v_50331bc1d11c0d5ab476,dynamics_degree,dev,a bicycle gliding through a snowy field,41,videocraft,videocrafter/subject_consistency/a bicycle gliding through a snowy field-1.mp4,1.0,success,0.548462,,true
v_f4fea70177a489ac3da7,dynamics_degree,dev,a bicycle gliding through a snowy field,42,videocraft,videocrafter/subject_consistency/a bicycle gliding through a snowy field-2.mp4,1.0,success,0.522688,,true
v_3a6bfd750879c8638492,dynamics_degree,dev,a bicycle gliding through a snowy field,43,videocraft,videocrafter/subject_consistency/a bicycle gliding through a snowy field-3.mp4,1.0,success,0.530970,,true
v_33a459076d519bbfa630,dynamics_degree,dev,a bicycle gliding through a snowy field,44,videocraft,videocrafter/subject_consistency/a bicycle gliding through a snowy field-4.mp4,1.0,success,0.598333,,true
v_91f06e0a32c2048f6ff2,dynamics_degree,dev,a bicycle leaning against a tree,35,videocraft,videocrafter/subject_consistency/a bicycle leaning against a tree-0.mp4,0.0,success,0.578071,,false
v_b452c41ae5c143ca2e6f,dynamics_degree,dev,a bicycle leaning against a tree,36,videocraft,videocrafter/subject_consistency/a bicycle leaning against a tree-1.mp4,0.0,success,0.583908,,false
v_f48f1b9804694b4ac6d1,dynamics_degree,dev,a bicycle leaning against a tree,37,videocraft,videocrafter/subject_consistency/a bicycle leaning against a tree-2.mp4,1.0,success,0.559298,,true
v_c1d7931908d7a7cec460,dynamics_degree,dev,a bicycle leaning against a tree,38,videocraft,videocrafter/subject_consistency/a bicycle leaning against a tree-3.mp4,0.0,success,0.637042,,false
v_0fc00d906855fcf17879,dynamics_degree,dev,a bicycle leaning against a tree,39,videocraft,videocrafter/subject_consistency/a bicycle leaning against a tree-4.mp4,1.0,success,0.515509,,true
v_46c9f99f4c0de4d62eba,dynamics_degree,dev,a bicycle slowing down to stop,45,videocraft,videocrafter/subject_consistency/a bicycle slowing down to stop-0.mp4,1.0,success,0.531437,,true
v_9f8330365d66b3a95a4f,dynamics_degree,dev,a bicycle slowing down to stop,46,videocraft,videocrafter/subject_consistency/a bicycle slowing down to stop-1.mp4,1.0,success,0.521270,,true
v_d7b29d4a4b6bfa4c0da3,dynamics_degree,dev,a bicycle slowing down to stop,47,videocraft,videocrafter/subject_consistency/a bicycle slowing down to stop-2.mp4,1.0,success,0.531600,,true
v_5143787f2956cae81bbf,dynamics_degree,dev,a bicycle slowing down to stop,48,videocraft,videocrafter/subject_consistency/a bicycle slowing down to stop-3.mp4,1.0,success,0.638685,,true
v_f1cd214a6a95b6a2ab45,dynamics_degree,dev,a bicycle slowing down to stop,49,videocraft,videocrafter/subject_consistency/a bicycle slowing down to stop-4.mp4,1.0,success,0.562967,,true
v_bed498a6bbe42dd0a1e0,dynamics_degree,test,a bird building a nest from twigs and leaves,195,videocraft,videocrafter/subject_consistency/a bird building a nest from twigs and leaves-0.mp4,0.0,success,0.527449,,false
v_3dc778d1dc6bcd07f697,dynamics_degree,test,a bird building a nest from twigs and leaves,196,videocraft,videocrafter/subject_consistency/a bird building a nest from twigs and leaves-1.mp4,1.0,success,0.522977,,true
v_caf1feba45bc481763c0,dynamics_degree,test,a bird building a nest from twigs and leaves,197,videocraft,videocrafter/subject_consistency/a bird building a nest from twigs and leaves-2.mp4,1.0,success,0.601128,,true
v_233bc6e0338d925fce1f,dynamics_degree,test,a bird building a nest from twigs and leaves,198,videocraft,videocrafter/subject_consistency/a bird building a nest from twigs and leaves-3.mp4,0.0,success,0.520543,,false
v_63d72d271d7370377edd,dynamics_degree,test,a bird building a nest from twigs and leaves,199,videocraft,videocrafter/subject_consistency/a bird building a nest from twigs and leaves-4.mp4,1.0,success,0.575752,,true
v_216dee45d2cee373fa98,dynamics_degree,dev,a bird flying over a snowy forest,200,videocraft,videocrafter/subject_consistency/a bird flying over a snowy forest-0.mp4,1.0,success,0.621026,,true
v_1546b918455bb07db8a0,dynamics_degree,dev,a bird flying over a snowy forest,201,videocraft,videocrafter/subject_consistency/a bird flying over a snowy forest-1.mp4,0.0,success,0.554237,,false
v_586b1e64e6b93f0373ef,dynamics_degree,dev,a bird flying over a snowy forest,202,videocraft,videocrafter/subject_consistency/a bird flying over a snowy forest-2.mp4,1.0,success,0.529966,,true
v_7864a4f027dfc5eb2dee,dynamics_degree,dev,a bird flying over a snowy forest,203,videocraft,videocrafter/subject_consistency/a bird flying over a snowy forest-3.mp4,0.0,success,0.524248,,false
v_910556fe7072a28f6e0e,dynamics_degree,dev,a bird flying over a snowy forest,204,videocraft,videocrafter/subject_consistency/a bird flying over a snowy forest-4.mp4,1.0,success,0.580009,,true
v_f20bb1c6be0d7295b698,dynamics_degree,dev,a bird soaring gracefully in the sky,190,videocraft,videocrafter/subject_consistency/a bird soaring gracefully in the sky-0.mp4,1.0,success,0.629263,,true
v_75438561d2a94d7d9f46,dynamics_degree,dev,a bird soaring gracefully in the sky,191,videocraft,videocrafter/subject_consistency/a bird soaring gracefully in the sky-1.mp4,1.0,success,0.519768,,true
v_d26f1e5457911fe65ecc,dynamics_degree,dev,a bird soaring gracefully in the sky,192,videocraft,videocrafter/subject_consistency/a bird soaring gracefully in the sky-2.mp4,0.0,success,0.536728,,false
v_4cb151fc4c8b1b2fa315,dynamics_degree,dev,a bird soaring gracefully in the sky,193,videocraft,videocrafter/subject_consistency/a bird soaring gracefully in the sky-3.mp4,0.0,success,0.589619,,false
v_969e8e689564fa96f2eb,dynamics_degree,dev,a bird soaring gracefully in the sky,194,videocraft,videocrafter/subject_consistency/a bird soaring gracefully in the sky-4.mp4,0.0,success,0.595804,,false
v_1ce1aa85ad62248d5d3d,dynamics_degree,test,a boat accelerating to gain speed,185,videocraft,videocrafter/subject_consistency/a boat accelerating to gain speed-0.mp4,1.0,success,0.550143,,true
v_289a882cfb41c9efa088,dynamics_degree,test,a boat accelerating to gain speed,186,videocraft,videocrafter/subject_consistency/a boat accelerating to gain speed-1.mp4,1.0,success,0.528829,,true
v_b52043a3b761b9050fb6,dynamics_degree,test,a boat accelerating to gain speed,187,videocraft,videocrafter/subject_consistency/a boat accelerating to gain speed-2.mp4,1.0,success,0.532222,,true
v_49ee9e79978bf8540e40,dynamics_degree,test,a boat accelerating to gain speed,188,videocraft,videocrafter/subject_consistency/a boat accelerating to gain speed-3.mp4,1.0,success,0.527883,,true
v_25a8c15b2402f2e329e6,dynamics_degree,test,a boat accelerating to gain speed,189,videocraft,videocrafter/subject_consistency/a boat accelerating to gain speed-4.mp4,1.0,success,0.522385,,true
v_e15fff30f5d362d6b22d,dynamics_degree,dev,a boat sailing smoothly on a calm lake,175,videocraft,videocrafter/subject_consistency/a boat sailing smoothly on a calm lake-0.mp4,0.0,success,0.516450,,false
v_ea95ea977a78321e4ba0,dynamics_degree,dev,a boat sailing smoothly on a calm lake,176,videocraft,videocrafter/subject_consistency/a boat sailing smoothly on a calm lake-1.mp4,1.0,success,0.536674,,true
v_b3a6761b0e70b789f545,dynamics_degree,dev,a boat sailing smoothly on a calm lake,177,videocraft,videocrafter/subject_consistency/a boat sailing smoothly on a calm lake-2.mp4,1.0,success,0.512723,,true
v_630a3cc8f5b24b6133c2,dynamics_degree,dev,a boat sailing smoothly on a calm lake,178,videocraft,videocrafter/subject_consistency/a boat sailing smoothly on a calm lake-3.mp4,0.0,success,0.612064,,false
v_85729217415d11ee750c,dynamics_degree,dev,a boat sailing smoothly on a calm lake,179,videocraft,videocrafter/subject_consistency/a boat sailing smoothly on a calm lake-4.mp4,1.0,success,0.568041,,true
v_7667e96f2af68288ea4e,dynamics_degree,dev,a boat slowing down to stop,180,videocraft,videocrafter/subject_consistency/a boat slowing down to stop-0.mp4,1.0,success,0.509481,,true
v_01f31b3bc2069925af6f,dynamics_degree,dev,a boat slowing down to stop,181,videocraft,videocrafter/subject_consistency/a boat slowing down to stop-1.mp4,1.0,success,0.591947,,true
v_eb70feb96128febee22f,dynamics_degree,dev,a boat slowing down to stop,182,videocraft,videocrafter/subject_consistency/a boat slowing down to stop-2.mp4,1.0,success,0.617310,,true
v_5b667f1440c12d11cc83,dynamics_degree,dev,a boat slowing down to stop,183,videocraft,videocrafter/subject_consistency/a boat slowing down to stop-3.mp4,1.0,success,0.519089,,true
v_f79d7d57e47e18078a08,dynamics_degree,dev,a boat slowing down to stop,184,videocraft,videocrafter/subject_consistency/a boat slowing down to stop-4.mp4,1.0,success,0.529378,,true
v_d7609d33b89def15fd33,dynamics_degree,dev,a bus accelerating to gain speed,130,videocraft,videocrafter/subject_consistency/a bus accelerating to gain speed-0.mp4,1.0,success,0.624790,,true
v_c5e946920213dc5d4070,dynamics_degree,dev,a bus accelerating to gain speed,131,videocraft,videocrafter/subject_consistency/a bus accelerating to gain speed-1.mp4,1.0,success,0.531337,,true
v_7c0010efe3db3735c6b4,dynamics_degree,dev,a bus accelerating to gain speed,132,videocraft,videocrafter/subject_consistency/a bus accelerating to gain speed-2.mp4,1.0,success,0.519322,,true
v_5ec07fa420fc79a96377,dynamics_degree,dev,a bus accelerating to gain speed,133,videocraft,videocrafter/subject_consistency/a bus accelerating to gain speed-3.mp4,1.0,success,0.517229,,true
v_25b710725989a9befff6,dynamics_degree,dev,a bus accelerating to gain speed,134,videocraft,videocrafter/subject_consistency/a bus accelerating to gain speed-4.mp4,1.0,success,0.512551,,true
v_cb234f3ee9d40ab491ed,dynamics_degree,test,a bus stuck in traffic during rush hour,125,videocraft,videocrafter/subject_consistency/a bus stuck in traffic during rush hour-0.mp4,1.0,success,0.520125,,true
v_97c776911e43a6adaf81,dynamics_degree,test,a bus stuck in traffic during rush hour,126,videocraft,videocrafter/subject_consistency/a bus stuck in traffic during rush hour-1.mp4,0.0,success,0.591346,,false
v_d6e023a0cdb52adb5c35,dynamics_degree,test,a bus stuck in traffic during rush hour,127,videocraft,videocrafter/subject_consistency/a bus stuck in traffic during rush hour-2.mp4,1.0,success,0.516931,,true
v_b2603c145036033f9e37,dynamics_degree,test,a bus stuck in traffic during rush hour,128,videocraft,videocrafter/subject_consistency/a bus stuck in traffic during rush hour-3.mp4,0.0,success,0.555376,,false
v_a463c332a4644b5ab975,dynamics_degree,test,a bus stuck in traffic during rush hour,129,videocraft,videocrafter/subject_consistency/a bus stuck in traffic during rush hour-4.mp4,1.0,success,0.602039,,true
v_1f0d8e0a73243ed067c0,dynamics_degree,test,a bus turning a corner,120,videocraft,videocrafter/subject_consistency/a bus turning a corner-0.mp4,1.0,success,0.578843,,true
v_3a3bb2d7786b7bc3e61a,dynamics_degree,test,a bus turning a corner,121,videocraft,videocrafter/subject_consistency/a bus turning a corner-1.mp4,1.0,success,0.567116,,true
v_098aa1c11cdc5ff242c1,dynamics_degree,test,a bus turning a corner,122,videocraft,videocrafter/subject_consistency/a bus turning a corner-2.mp4,1.0,success,0.534618,,true
v_66ca7ada4512d4617395,dynamics_degree,test,a bus turning a corner,123,videocraft,videocrafter/subject_consistency/a bus turning a corner-3.mp4,1.0,success,0.536957,,true
v_ce2da37b2d2f4deb2ad2,dynamics_degree,test,a bus turning a corner,124,videocraft,videocrafter/subject_consistency/a bus turning a corner-4.mp4,1.0,success,0.516080,,true
v_27b5eaf086c67797995b,dynamics_degree,test,a car accelerating to gain speed,70,videocraft,videocrafter/subject_consistency/a car accelerating to gain speed-0.mp4,1.0,success,0.531383,,true
v_c7d9d0563e9a6bbac619,dynamics_degree,test,a car accelerating to gain speed,71,videocraft,videocrafter/subject_consistency/a car accelerating to gain speed-1.mp4,1.0,success,0.528828,,true
v_e5d71409bb334840511b,dynamics_degree,test,a car accelerating to gain speed,72,videocraft,videocrafter/subject_consistency/a car accelerating to gain speed-2.mp4,1.0,success,0.581521,,true
v_d751c708a15d2c137b85,dynamics_degree,test,a car accelerating to gain speed,73,videocraft,videocrafter/subject_consistency/a car accelerating to gain speed-3.mp4,1.0,success,0.528815,,true
v_f781052975d7f6c9c219,dynamics_degree,test,a car accelerating to gain speed,74,videocraft,videocrafter/subject_consistency/a car accelerating to gain speed-4.mp4,1.0,success,0.546594,,true
v_357ba04ad5949f24765d,dynamics_degree,test,a car slowing down to stop,65,videocraft,videocrafter/subject_consistency/a car slowing down to stop-0.mp4,1.0,success,0.612071,,true
v_e5170b148fe82bdd0afc,dynamics_degree,test,a car slowing down to stop,66,videocraft,videocrafter/subject_consistency/a car slowing down to stop-1.mp4,1.0,success,0.503515,,true
v_aac43561608aa436af4d,dynamics_degree,test,a car slowing down to stop,67,videocraft,videocrafter/subject_consistency/a car slowing down to stop-2.mp4,1.0,success,0.546024,,true
v_4a23f75129de916bbb76,dynamics_degree,test,a car slowing down to stop,68,videocraft,videocrafter/subject_consistency/a car slowing down to stop-3.mp4,1.0,success,0.520226,,true
v_9ee20c5cf924dbd0b4ac,dynamics_degree,test,a car slowing down to stop,69,videocraft,videocrafter/subject_consistency/a car slowing down to stop-4.mp4,1.0,success,0.540910,,true
v_6fcdf58c88b483cf08f9,dynamics_degree,test,a car stuck in traffic during rush hour,55,videocraft,videocrafter/subject_consistency/a car stuck in traffic during rush hour-0.mp4,1.0,success,0.515223,,true
v_84c51253aaad512a7286,dynamics_degree,test,a car stuck in traffic during rush hour,56,videocraft,videocrafter/subject_consistency/a car stuck in traffic during rush hour-1.mp4,1.0,success,0.530784,,true
v_4ef51f5cbba506e0fe17,dynamics_degree,test,a car stuck in traffic during rush hour,57,videocraft,videocrafter/subject_consistency/a car stuck in traffic during rush hour-2.mp4,0.0,success,0.603019,,false
v_16e30654e4c051353cad,dynamics_degree,test,a car stuck in traffic during rush hour,58,videocraft,videocrafter/subject_consistency/a car stuck in traffic during rush hour-3.mp4,1.0,success,0.522190,,true
v_4a901bb863737bb280d4,dynamics_degree,test,a car stuck in traffic during rush hour,59,videocraft,videocrafter/subject_consistency/a car stuck in traffic during rush hour-4.mp4,1.0,success,0.588007,,true
v_9e98145fcbf248586e5f,dynamics_degree,dev,a car turning a corner,60,videocraft,videocrafter/subject_consistency/a car turning a corner-0.mp4,1.0,success,0.578943,,true
v_53d9e88d2887d8c2355b,dynamics_degree,dev,a car turning a corner,61,videocraft,videocrafter/subject_consistency/a car turning a corner-1.mp4,1.0,success,0.584698,,true
v_1a3abcf09318085617f2,dynamics_degree,dev,a car turning a corner,62,videocraft,videocrafter/subject_consistency/a car turning a corner-2.mp4,0.0,success,0.614628,,false
v_5bdfa06b8a213911fa1a,dynamics_degree,dev,a car turning a corner,63,videocraft,videocrafter/subject_consistency/a car turning a corner-3.mp4,1.0,success,0.514762,,true
v_f0cd3f27b16f5a16a7c4,dynamics_degree,dev,a car turning a corner,64,videocraft,videocrafter/subject_consistency/a car turning a corner-4.mp4,1.0,success,0.522117,,true
v_33befd65876b1bc09f23,dynamics_degree,test,a cat drinking water,215,videocraft,videocrafter/subject_consistency/a cat drinking water-0.mp4,1.0,success,0.518795,,true
v_21c477f5e980be737261,dynamics_degree,test,a cat drinking water,216,videocraft,videocrafter/subject_consistency/a cat drinking water-1.mp4,1.0,success,0.519605,,true
v_083fdde0a4add10933b6,dynamics_degree,test,a cat drinking water,217,videocraft,videocrafter/subject_consistency/a cat drinking water-2.mp4,1.0,success,0.582894,,true
v_2179d154e3345ad1558c,dynamics_degree,test,a cat drinking water,218,videocraft,videocrafter/subject_consistency/a cat drinking water-3.mp4,1.0,success,0.605470,,true
v_bdab4001907ecc594b47,dynamics_degree,test,a cat drinking water,219,videocraft,videocrafter/subject_consistency/a cat drinking water-4.mp4,1.0,success,0.572078,,true
v_8f715cec003f4847edbc,dynamics_degree,test,a cat grooming itself meticulously with its tongue,205,videocraft,videocrafter/subject_consistency/a cat grooming itself meticulously with its tongue-0.mp4,1.0,success,0.580014,,true
v_a7e9e46f7020e497f4b3,dynamics_degree,test,a cat grooming itself meticulously with its tongue,206,videocraft,videocrafter/subject_consistency/a cat grooming itself meticulously with its tongue-1.mp4,1.0,success,0.605082,,true
v_69486f8fccbb9203c31b,dynamics_degree,test,a cat grooming itself meticulously with its tongue,207,videocraft,videocrafter/subject_consistency/a cat grooming itself meticulously with its tongue-2.mp4,1.0,success,0.570203,,true
v_37bb1d230daedc203863,dynamics_degree,test,a cat grooming itself meticulously with its tongue,208,videocraft,videocrafter/subject_consistency/a cat grooming itself meticulously with its tongue-3.mp4,1.0,success,0.606038,,true
v_b72926c35877256bf33f,dynamics_degree,test,a cat grooming itself meticulously with its tongue,209,videocraft,videocrafter/subject_consistency/a cat grooming itself meticulously with its tongue-4.mp4,1.0,success,0.569266,,true
v_ae1d222f5c66519c5cf8,dynamics_degree,test,a cat playing in park,210,videocraft,videocrafter/subject_consistency/a cat playing in park-0.mp4,1.0,success,0.609498,,true
v_9ccf259aa08bb2fac28f,dynamics_degree,test,a cat playing in park,211,videocraft,videocrafter/subject_consistency/a cat playing in park-1.mp4,1.0,success,0.521038,,true
v_7d0c428756acac7c30c4,dynamics_degree,test,a cat playing in park,212,videocraft,videocrafter/subject_consistency/a cat playing in park-2.mp4,1.0,success,0.529819,,true
v_60ae1966344b073154a4,dynamics_degree,test,a cat playing in park,213,videocraft,videocrafter/subject_consistency/a cat playing in park-3.mp4,1.0,success,0.527565,,true
v_65ea9b94c4ebebef961a,dynamics_degree,test,a cat playing in park,214,videocraft,videocrafter/subject_consistency/a cat playing in park-4.mp4,1.0,success,0.607294,,true
v_78213f8aa76ebd86bb6e,dynamics_degree,test,a cat running happily,220,videocraft,videocrafter/subject_consistency/a cat running happily-0.mp4,1.0,success,0.518715,,true
v_35a8778962db3b71fada,dynamics_degree,test,a cat running happily,221,videocraft,videocrafter/subject_consistency/a cat running happily-1.mp4,1.0,success,0.627276,,true
v_f54cf7ee967a1b941331,dynamics_degree,test,a cat running happily,222,videocraft,videocrafter/subject_consistency/a cat running happily-2.mp4,1.0,success,0.563115,,true
v_64dd9c7da52e5f141a5b,dynamics_degree,test,a cat running happily,223,videocraft,videocrafter/subject_consistency/a cat running happily-3.mp4,1.0,success,0.573624,,true
v_82c634304eabdee71923,dynamics_degree,test,a cat running happily,224,videocraft,videocrafter/subject_consistency/a cat running happily-4.mp4,1.0,success,0.574813,,true
v_3f1d6aaee1a733b2bc31,dynamics_degree,test,a cow bending down to drink water from a river,280,videocraft,videocrafter/subject_consistency/a cow bending down to drink water from a river-0.mp4,1.0,success,0.511300,,true
v_8c0b24c95baf3c91e03d,dynamics_degree,test,a cow bending down to drink water from a river,281,videocraft,videocrafter/subject_consistency/a cow bending down to drink water from a river-1.mp4,1.0,success,0.612840,,true
v_be4ed9b585f4cfac637a,dynamics_degree,test,a cow bending down to drink water from a river,282,videocraft,videocrafter/subject_consistency/a cow bending down to drink water from a river-2.mp4,0.0,success,0.521021,,false
v_1fa7a89c425806066dc5,dynamics_degree,test,a cow bending down to drink water from a river,283,videocraft,videocrafter/subject_consistency/a cow bending down to drink water from a river-3.mp4,1.0,success,0.514152,,true
v_df71898d79f692bf2005,dynamics_degree,test,a cow bending down to drink water from a river,284,videocraft,videocrafter/subject_consistency/a cow bending down to drink water from a river-4.mp4,1.0,success,0.582182,,true
v_5dc4c59e9b639431884c,dynamics_degree,test,a cow chewing cud while resting in a tranquil barn,285,videocraft,videocrafter/subject_consistency/a cow chewing cud while resting in a tranquil barn-0.mp4,1.0,success,0.512449,,true
v_06c6bfcb477d889620f4,dynamics_degree,test,a cow chewing cud while resting in a tranquil barn,286,videocraft,videocrafter/subject_consistency/a cow chewing cud while resting in a tranquil barn-1.mp4,1.0,success,0.562417,,true
v_e058ff7b7795eb8e7e69,dynamics_degree,test,a cow chewing cud while resting in a tranquil barn,287,videocraft,videocrafter/subject_consistency/a cow chewing cud while resting in a tranquil barn-2.mp4,0.0,success,0.574924,,false
v_54309261c0b69ff141d6,dynamics_degree,test,a cow chewing cud while resting in a tranquil barn,288,videocraft,videocrafter/subject_consistency/a cow chewing cud while resting in a tranquil barn-3.mp4,1.0,success,0.517279,,true
v_b00ec810d1f3265e8635,dynamics_degree,test,a cow chewing cud while resting in a tranquil barn,289,videocraft,videocrafter/subject_consistency/a cow chewing cud while resting in a tranquil barn-4.mp4,1.0,success,0.528650,,true
v_c7b9ff7e0f4191ed576f,dynamics_degree,test,a cow running to join a herd of its kind,290,videocraft,videocrafter/subject_consistency/a cow running to join a herd of its kind-0.mp4,1.0,success,0.532285,,true
v_9a4dbd8911d2d072b6aa,dynamics_degree,test,a cow running to join a herd of its kind,291,videocraft,videocrafter/subject_consistency/a cow running to join a herd of its kind-1.mp4,1.0,success,0.556232,,true
v_e5bc4e83f9c82b726e97,dynamics_degree,test,a cow running to join a herd of its kind,292,videocraft,videocrafter/subject_consistency/a cow running to join a herd of its kind-2.mp4,1.0,success,0.610438,,true
v_7f2ee8e3763f191579c8,dynamics_degree,test,a cow running to join a herd of its kind,293,videocraft,videocrafter/subject_consistency/a cow running to join a herd of its kind-3.mp4,1.0,success,0.511528,,true
v_c09c3771b3841b88aba3,dynamics_degree,test,a cow running to join a herd of its kind,294,videocraft,videocrafter/subject_consistency/a cow running to join a herd of its kind-4.mp4,1.0,success,0.520431,,true
v_9e4d124913b3dca54b75,dynamics_degree,test,a dog drinking water,235,videocraft,videocrafter/subject_consistency/a dog drinking water-0.mp4,1.0,success,0.523840,,true
v_78e7996f9b9e2cd9fccc,dynamics_degree,test,a dog drinking water,236,videocraft,videocrafter/subject_consistency/a dog drinking water-1.mp4,1.0,success,0.581791,,true
v_3e000a1516fad1648f53,dynamics_degree,test,a dog drinking water,237,videocraft,videocrafter/subject_consistency/a dog drinking water-2.mp4,1.0,success,0.552967,,true
v_4eef2a42fcef54b9a2b4,dynamics_degree,test,a dog drinking water,238,videocraft,videocrafter/subject_consistency/a dog drinking water-3.mp4,1.0,success,0.538554,,true
v_6dcd1fe3941fdfd116d2,dynamics_degree,test,a dog drinking water,239,videocraft,videocrafter/subject_consistency/a dog drinking water-4.mp4,1.0,success,0.571195,,true
v_659c383b4f1805ea46ba,dynamics_degree,test,a dog enjoying a peaceful walk,225,videocraft,videocrafter/subject_consistency/a dog enjoying a peaceful walk-0.mp4,1.0,success,0.534933,,true
v_31a6c929227ec97f765f,dynamics_degree,test,a dog enjoying a peaceful walk,226,videocraft,videocrafter/subject_consistency/a dog enjoying a peaceful walk-1.mp4,0.0,success,0.535197,,false
v_9f77fca54360cd23c879,dynamics_degree,test,a dog enjoying a peaceful walk,227,videocraft,videocrafter/subject_consistency/a dog enjoying a peaceful walk-2.mp4,1.0,success,0.573029,,true
v_452f72e1849d7c97d521,dynamics_degree,test,a dog enjoying a peaceful walk,228,videocraft,videocrafter/subject_consistency/a dog enjoying a peaceful walk-3.mp4,1.0,success,0.580064,,true
v_e5ecfe7abfade9533e67,dynamics_degree,test,a dog enjoying a peaceful walk,229,videocraft,videocrafter/subject_consistency/a dog enjoying a peaceful walk-4.mp4,1.0,success,0.601005,,true
v_3692b60a2dbcb34dd3e7,dynamics_degree,test,a dog playing in park,230,videocraft,videocrafter/subject_consistency/a dog playing in park-0.mp4,1.0,success,0.538002,,true
v_965a5d0abb3496382d4c,dynamics_degree,test,a dog playing in park,231,videocraft,videocrafter/subject_consistency/a dog playing in park-1.mp4,1.0,success,0.576943,,true
v_f82fef772a58a27d96a8,dynamics_degree,test,a dog playing in park,232,videocraft,videocrafter/subject_consistency/a dog playing in park-2.mp4,1.0,success,0.554270,,true
v_5a3dd9e86de9c8cc8c0b,dynamics_degree,test,a dog playing in park,233,videocraft,videocrafter/subject_consistency/a dog playing in park-3.mp4,1.0,success,0.524322,,true
v_dee485456876cf8a8335,dynamics_degree,test,a dog playing in park,234,videocraft,videocrafter/subject_consistency/a dog playing in park-4.mp4,1.0,success,0.518447,,true
v_9eb429c39c984464d05c,dynamics_degree,test,a dog running happily,240,videocraft,videocrafter/subject_consistency/a dog running happily-0.mp4,1.0,success,0.567755,,true
v_71b000d3cd17197c8591,dynamics_degree,test,a dog running happily,241,videocraft,videocrafter/subject_consistency/a dog running happily-1.mp4,1.0,success,0.598240,,true
v_d056db4f7334f1be8032,dynamics_degree,test,a dog running happily,242,videocraft,videocrafter/subject_consistency/a dog running happily-2.mp4,1.0,success,0.577731,,true
v_c284d262b995b12461c9,dynamics_degree,test,a dog running happily,243,videocraft,videocrafter/subject_consistency/a dog running happily-3.mp4,1.0,success,0.601704,,true
v_ad262a8ea8e75ce14880,dynamics_degree,test,a dog running happily,244,videocraft,videocrafter/subject_consistency/a dog running happily-4.mp4,1.0,success,0.571095,,true
v_89d74d5f2c7c93a5cd29,dynamics_degree,dev,a giraffe bending down to drink water from a river,345,videocraft,videocrafter/subject_consistency/a giraffe bending down to drink water from a river-0.mp4,1.0,success,0.610004,,true
v_300df24fc1d8f6074b52,dynamics_degree,dev,a giraffe bending down to drink water from a river,346,videocraft,videocrafter/subject_consistency/a giraffe bending down to drink water from a river-1.mp4,1.0,success,0.572850,,true
v_11b323706dae65dae8e4,dynamics_degree,dev,a giraffe bending down to drink water from a river,347,videocraft,videocrafter/subject_consistency/a giraffe bending down to drink water from a river-2.mp4,1.0,success,0.576733,,true
v_e72f8212995d711242be,dynamics_degree,dev,a giraffe bending down to drink water from a river,348,videocraft,videocrafter/subject_consistency/a giraffe bending down to drink water from a river-3.mp4,0.0,success,0.645565,,false
v_5e51b6eb01c56b6466f8,dynamics_degree,dev,a giraffe bending down to drink water from a river,349,videocraft,videocrafter/subject_consistency/a giraffe bending down to drink water from a river-4.mp4,1.0,success,0.643814,,true
v_121aa585fdcbf91d0c49,dynamics_degree,test,a giraffe running to join a herd of its kind,355,videocraft,videocrafter/subject_consistency/a giraffe running to join a herd of its kind-0.mp4,1.0,success,0.515512,,true
v_17b0310b4ed247b72f09,dynamics_degree,test,a giraffe running to join a herd of its kind,356,videocraft,videocrafter/subject_consistency/a giraffe running to join a herd of its kind-1.mp4,1.0,success,0.512956,,true
v_c0440aea517e4c96605b,dynamics_degree,test,a giraffe running to join a herd of its kind,357,videocraft,videocrafter/subject_consistency/a giraffe running to join a herd of its kind-2.mp4,1.0,success,0.638970,,true
v_e23926103b13fbd38e51,dynamics_degree,test,a giraffe running to join a herd of its kind,358,videocraft,videocrafter/subject_consistency/a giraffe running to join a herd of its kind-3.mp4,1.0,success,0.510081,,true
v_6cbf9e193a2e409c9de3,dynamics_degree,test,a giraffe running to join a herd of its kind,359,videocraft,videocrafter/subject_consistency/a giraffe running to join a herd of its kind-4.mp4,1.0,success,0.521843,,true
v_4cf4184a216ded23b22e,dynamics_degree,dev,a giraffe taking a peaceful walk,350,videocraft,videocrafter/subject_consistency/a giraffe taking a peaceful walk-0.mp4,1.0,success,0.540565,,true
v_25e71155132231099954,dynamics_degree,dev,a giraffe taking a peaceful walk,351,videocraft,videocrafter/subject_consistency/a giraffe taking a peaceful walk-1.mp4,1.0,success,0.511303,,true
v_66468ac8a2ec67761498,dynamics_degree,dev,a giraffe taking a peaceful walk,352,videocraft,videocrafter/subject_consistency/a giraffe taking a peaceful walk-2.mp4,1.0,success,0.561900,,true
v_2fb4d45745b31704cff8,dynamics_degree,dev,a giraffe taking a peaceful walk,353,videocraft,videocrafter/subject_consistency/a giraffe taking a peaceful walk-3.mp4,1.0,success,0.525901,,true
v_64ba659769def836595f,dynamics_degree,dev,a giraffe taking a peaceful walk,354,videocraft,videocrafter/subject_consistency/a giraffe taking a peaceful walk-4.mp4,1.0,success,0.567579,,true
v_e30bba4359b2ca48763b,dynamics_degree,test,a horse bending down to drink water from a river,245,videocraft,videocrafter/subject_consistency/a horse bending down to drink water from a river-0.mp4,1.0,success,0.621246,,true
v_cd3d89b35e5e2af594e1,dynamics_degree,test,a horse bending down to drink water from a river,246,videocraft,videocrafter/subject_consistency/a horse bending down to drink water from a river-1.mp4,1.0,success,0.530021,,true
v_e0feb8b78fa1185aef2e,dynamics_degree,test,a horse bending down to drink water from a river,247,videocraft,videocrafter/subject_consistency/a horse bending down to drink water from a river-2.mp4,1.0,success,0.595715,,true
v_8673b486f47bddaa67ae,dynamics_degree,test,a horse bending down to drink water from a river,248,videocraft,videocrafter/subject_consistency/a horse bending down to drink water from a river-3.mp4,1.0,success,0.575840,,true
v_66e06b433424212aee4e,dynamics_degree,test,a horse bending down to drink water from a river,249,videocraft,videocrafter/subject_consistency/a horse bending down to drink water from a river-4.mp4,1.0,success,0.577725,,true
v_add7a630989fc3df8472,dynamics_degree,test,a horse galloping across an open field,250,videocraft,videocrafter/subject_consistency/a horse galloping across an open field-0.mp4,1.0,success,0.518073,,true
v_5341d0c2c416c3aaaf43,dynamics_degree,test,a horse galloping across an open field,251,videocraft,videocrafter/subject_consistency/a horse galloping across an open field-1.mp4,1.0,success,0.512960,,true
v_d6ed01e575e7e60eaec6,dynamics_degree,test,a horse galloping across an open field,252,videocraft,videocrafter/subject_consistency/a horse galloping across an open field-2.mp4,1.0,success,0.506830,,true
v_09ed89ea2efc6ecc8e91,dynamics_degree,test,a horse galloping across an open field,253,videocraft,videocrafter/subject_consistency/a horse galloping across an open field-3.mp4,1.0,success,0.591296,,true
v_229b930a70219bd06559,dynamics_degree,test,a horse galloping across an open field,254,videocraft,videocrafter/subject_consistency/a horse galloping across an open field-4.mp4,1.0,success,0.605658,,true
v_25103768efeaedb6d3fb,dynamics_degree,test,a horse running to join a herd of its kind,260,videocraft,videocrafter/subject_consistency/a horse running to join a herd of its kind-0.mp4,1.0,success,0.564060,,true
v_c2af65ce5d76db04d53c,dynamics_degree,test,a horse running to join a herd of its kind,261,videocraft,videocrafter/subject_consistency/a horse running to join a herd of its kind-1.mp4,1.0,success,0.559011,,true
v_0ef4e085644e0e194564,dynamics_degree,test,a horse running to join a herd of its kind,262,videocraft,videocrafter/subject_consistency/a horse running to join a herd of its kind-2.mp4,1.0,success,0.504453,,true
v_798070fe0435b363c67a,dynamics_degree,test,a horse running to join a herd of its kind,263,videocraft,videocrafter/subject_consistency/a horse running to join a herd of its kind-3.mp4,1.0,success,0.591859,,true
v_90a79cd6ada4dd718087,dynamics_degree,test,a horse running to join a herd of its kind,264,videocraft,videocrafter/subject_consistency/a horse running to join a herd of its kind-4.mp4,1.0,success,0.608577,,true
v_25d517ceafc9a70a2ff7,dynamics_degree,dev,a horse taking a peaceful walk,255,videocraft,videocrafter/subject_consistency/a horse taking a peaceful walk-0.mp4,1.0,success,0.513315,,true
v_ac5cc0eeb358f6f5ee2a,dynamics_degree,dev,a horse taking a peaceful walk,256,videocraft,videocrafter/subject_consistency/a horse taking a peaceful walk-1.mp4,1.0,success,0.517441,,true
v_3c772b4da9b1f0d07883,dynamics_degree,dev,a horse taking a peaceful walk,257,videocraft,videocrafter/subject_consistency/a horse taking a peaceful walk-2.mp4,1.0,success,0.521057,,true
v_341071be8a140eda81eb,dynamics_degree,dev,a horse taking a peaceful walk,258,videocraft,videocrafter/subject_consistency/a horse taking a peaceful walk-3.mp4,1.0,success,0.594568,,true
v_c1e0b7d56b994985b148,dynamics_degree,dev,a horse taking a peaceful walk,259,videocraft,videocrafter/subject_consistency/a horse taking a peaceful walk-4.mp4,1.0,success,0.553066,,true
v_4239f3a09337fd695f45,dynamics_degree,dev,a motorcycle accelerating to gain speed,95,videocraft,videocrafter/subject_consistency/a motorcycle accelerating to gain speed-0.mp4,1.0,success,0.613291,,true
v_53e0af6ab5130f8a5e1a,dynamics_degree,dev,a motorcycle accelerating to gain speed,96,videocraft,videocrafter/subject_consistency/a motorcycle accelerating to gain speed-1.mp4,1.0,success,0.518571,,true
v_bcc694918a1193d1978b,dynamics_degree,dev,a motorcycle accelerating to gain speed,97,videocraft,videocrafter/subject_consistency/a motorcycle accelerating to gain speed-2.mp4,1.0,success,0.519558,,true
v_56d81e5eac6b11b98683,dynamics_degree,dev,a motorcycle accelerating to gain speed,98,videocraft,videocrafter/subject_consistency/a motorcycle accelerating to gain speed-3.mp4,1.0,success,0.528744,,true
v_a965f866464948f37e70,dynamics_degree,dev,a motorcycle accelerating to gain speed,99,videocraft,videocrafter/subject_consistency/a motorcycle accelerating to gain speed-4.mp4,1.0,success,0.539621,,true
v_aaddf3e0047a7b6fcb88,dynamics_degree,test,a motorcycle cruising along a coastal highway,75,videocraft,videocrafter/subject_consistency/a motorcycle cruising along a coastal highway-0.mp4,1.0,success,0.533140,,true
v_c2dcd61a45ac18af5ae3,dynamics_degree,test,a motorcycle cruising along a coastal highway,76,videocraft,videocrafter/subject_consistency/a motorcycle cruising along a coastal highway-1.mp4,1.0,success,0.542636,,true
v_8ec3bbb6fe0a3139dfb3,dynamics_degree,test,a motorcycle cruising along a coastal highway,77,videocraft,videocrafter/subject_consistency/a motorcycle cruising along a coastal highway-2.mp4,1.0,success,0.619510,,true
v_9c071d0aa1f0ef8b56ae,dynamics_degree,test,a motorcycle cruising along a coastal highway,78,videocraft,videocrafter/subject_consistency/a motorcycle cruising along a coastal highway-3.mp4,1.0,success,0.521672,,true
v_de9aeba3eddde092ec71,dynamics_degree,test,a motorcycle cruising along a coastal highway,79,videocraft,videocrafter/subject_consistency/a motorcycle cruising along a coastal highway-4.mp4,1.0,success,0.529114,,true
v_7ff31f395deb21411717,dynamics_degree,test,a motorcycle gliding through a snowy field,90,videocraft,videocrafter/subject_consistency/a motorcycle gliding through a snowy field-0.mp4,1.0,success,0.522136,,true
v_f547ffe917bb30374403,dynamics_degree,test,a motorcycle gliding through a snowy field,91,videocraft,videocrafter/subject_consistency/a motorcycle gliding through a snowy field-1.mp4,1.0,success,0.520994,,true
v_ae434001ffa11425e3fb,dynamics_degree,test,a motorcycle gliding through a snowy field,92,videocraft,videocrafter/subject_consistency/a motorcycle gliding through a snowy field-2.mp4,1.0,success,0.529198,,true
v_ab02b3aa14c376d0a141,dynamics_degree,test,a motorcycle gliding through a snowy field,93,videocraft,videocrafter/subject_consistency/a motorcycle gliding through a snowy field-3.mp4,1.0,success,0.518601,,true
v_6c444b8cc455fa13499f,dynamics_degree,test,a motorcycle gliding through a snowy field,94,videocraft,videocrafter/subject_consistency/a motorcycle gliding through a snowy field-4.mp4,1.0,success,0.590854,,true
v_c1f8e8f50fc661805780,dynamics_degree,test,a motorcycle slowing down to stop,85,videocraft,videocrafter/subject_consistency/a motorcycle slowing down to stop-0.mp4,1.0,success,0.523567,,true
v_a1e3f72b4fc16683f0d9,dynamics_degree,test,a motorcycle slowing down to stop,86,videocraft,videocrafter/subject_consistency/a motorcycle slowing down to stop-1.mp4,1.0,success,0.607229,,true
v_36bdb34f2cfe522005c0,dynamics_degree,test,a motorcycle slowing down to stop,87,videocraft,videocrafter/subject_consistency/a motorcycle slowing down to stop-2.mp4,1.0,success,0.543550,,true
v_983025730e4124faa812,dynamics_degree,test,a motorcycle slowing down to stop,88,videocraft,videocrafter/subject_consistency/a motorcycle slowing down to stop-3.mp4,1.0,success,0.585587,,true
v_003ea50c0084ee3b033b,dynamics_degree,test,a motorcycle slowing down to stop,89,videocraft,videocrafter/subject_consistency/a motorcycle slowing down to stop-4.mp4,1.0,success,0.620182,,true
v_855b39ecab3fd7240182,dynamics_degree,dev,a motorcycle turning a corner,80,videocraft,videocrafter/subject_consistency/a motorcycle turning a corner-0.mp4,1.0,success,0.549283,,true
v_c8d0c858d1a5b00bbbe0,dynamics_degree,dev,a motorcycle turning a corner,81,videocraft,videocrafter/subject_consistency/a motorcycle turning a corner-1.mp4,1.0,success,0.602176,,true
v_15fde8d4eba83ae08778,dynamics_degree,dev,a motorcycle turning a corner,82,videocraft,videocrafter/subject_consistency/a motorcycle turning a corner-2.mp4,1.0,success,0.520808,,true
v_98b7c70b310a253c59d6,dynamics_degree,dev,a motorcycle turning a corner,83,videocraft,videocrafter/subject_consistency/a motorcycle turning a corner-3.mp4,1.0,success,0.564444,,true
v_4dbf09901767c9871148,dynamics_degree,dev,a motorcycle turning a corner,84,videocraft,videocrafter/subject_consistency/a motorcycle turning a corner-4.mp4,1.0,success,0.530272,,true
v_e75b74799819ca5254b6,dynamics_degree,dev,a person drinking coffee in a cafe,25,videocraft,videocrafter/subject_consistency/a person drinking coffee in a cafe-0.mp4,1.0,success,0.551534,,true
v_29ddbdaf985616cc4ccb,dynamics_degree,dev,a person drinking coffee in a cafe,26,videocraft,videocrafter/subject_consistency/a person drinking coffee in a cafe-1.mp4,1.0,success,0.565605,,true
v_4a3c0d755244dbe06466,dynamics_degree,dev,a person drinking coffee in a cafe,27,videocraft,videocrafter/subject_consistency/a person drinking coffee in a cafe-2.mp4,1.0,success,0.579042,,true
v_6a9be396c5b11998ac8e,dynamics_degree,dev,a person drinking coffee in a cafe,28,videocraft,videocrafter/subject_consistency/a person drinking coffee in a cafe-3.mp4,1.0,success,0.705181,,true
v_b6a12b72e6bccc90fa26,dynamics_degree,dev,a person drinking coffee in a cafe,29,videocraft,videocrafter/subject_consistency/a person drinking coffee in a cafe-4.mp4,0.0,success,0.560857,,false
v_17f75efc32f5bbf786a5,dynamics_degree,test,a person eating a burger,15,videocraft,videocrafter/subject_consistency/a person eating a burger-0.mp4,1.0,success,0.581821,,true
v_2460283a1ee4d83bd660,dynamics_degree,test,a person eating a burger,16,videocraft,videocrafter/subject_consistency/a person eating a burger-1.mp4,1.0,success,0.606126,,true
v_b141de1444d58cfa046a,dynamics_degree,test,a person eating a burger,17,videocraft,videocrafter/subject_consistency/a person eating a burger-2.mp4,1.0,success,0.569583,,true
v_ea247b77df1a80be09d7,dynamics_degree,test,a person eating a burger,18,videocraft,videocrafter/subject_consistency/a person eating a burger-3.mp4,1.0,success,0.598252,,true
v_e1024a84e352a8ac6504,dynamics_degree,test,a person eating a burger,19,videocraft,videocrafter/subject_consistency/a person eating a burger-4.mp4,1.0,success,0.581923,,true
v_1995c6088b93ed83b34d,dynamics_degree,test,a person giving a presentation to a room full of colleagues,5,videocraft,videocrafter/subject_consistency/a person giving a presentation to a room full of colleagues-0.mp4,1.0,success,0.618332,,true
v_98d817e03f1285a44613,dynamics_degree,test,a person giving a presentation to a room full of colleagues,6,videocraft,videocrafter/subject_consistency/a person giving a presentation to a room full of colleagues-1.mp4,1.0,success,0.519288,,true
v_0131f28d6a48cf5e4943,dynamics_degree,test,a person giving a presentation to a room full of colleagues,7,videocraft,videocrafter/subject_consistency/a person giving a presentation to a room full of colleagues-2.mp4,0.0,success,0.522191,,false
v_cfdce88d3d300baa756f,dynamics_degree,test,a person giving a presentation to a room full of colleagues,8,videocraft,videocrafter/subject_consistency/a person giving a presentation to a room full of colleagues-3.mp4,1.0,success,0.559441,,true
v_84263b3062249f5e8238,dynamics_degree,test,a person giving a presentation to a room full of colleagues,9,videocraft,videocrafter/subject_consistency/a person giving a presentation to a room full of colleagues-4.mp4,1.0,success,0.527499,,true
v_5dc197ecd616b1a7a313,dynamics_degree,dev,a person playing guitar,30,videocraft,videocrafter/subject_consistency/a person playing guitar-0.mp4,1.0,success,0.571921,,true
v_19143b6dd08a341da8f2,dynamics_degree,dev,a person playing guitar,31,videocraft,videocrafter/subject_consistency/a person playing guitar-1.mp4,1.0,success,0.534238,,true
v_28b714ac398ff2016bdc,dynamics_degree,dev,a person playing guitar,32,videocraft,videocrafter/subject_consistency/a person playing guitar-2.mp4,1.0,success,0.514997,,true
v_c2a24bbe6657cecba5de,dynamics_degree,dev,a person playing guitar,33,videocraft,videocrafter/subject_consistency/a person playing guitar-3.mp4,1.0,success,0.577061,,true
v_f9af9391f3785ecf06b1,dynamics_degree,dev,a person playing guitar,34,videocraft,videocrafter/subject_consistency/a person playing guitar-4.mp4,1.0,success,0.554068,,true
v_9461a4c198ca150ec477,dynamics_degree,test,a person swimming in ocean,0,videocraft,videocrafter/subject_consistency/a person swimming in ocean-0.mp4,1.0,success,0.614273,,true
v_8ac1794f1c4fb4d9dac3,dynamics_degree,test,a person swimming in ocean,1,videocraft,videocrafter/subject_consistency/a person swimming in ocean-1.mp4,1.0,success,0.515708,,true
v_225ff0ba60b8b8d028ca,dynamics_degree,test,a person swimming in ocean,2,videocraft,videocrafter/subject_consistency/a person swimming in ocean-2.mp4,1.0,success,0.587467,,true
v_1c686ab628f6a0e73c08,dynamics_degree,test,a person swimming in ocean,3,videocraft,videocrafter/subject_consistency/a person swimming in ocean-3.mp4,0.0,success,0.573719,,false
v_61961b6189642733c5dd,dynamics_degree,test,a person swimming in ocean,4,videocraft,videocrafter/subject_consistency/a person swimming in ocean-4.mp4,1.0,success,0.581182,,true
v_6e20fbd3bf44f31c4d77,dynamics_degree,test,a person walking in the snowstorm,20,videocraft,videocrafter/subject_consistency/a person walking in the snowstorm-0.mp4,1.0,success,0.549258,,true
v_f684329c2994511e8971,dynamics_degree,test,a person walking in the snowstorm,21,videocraft,videocrafter/subject_consistency/a person walking in the snowstorm-1.mp4,1.0,success,0.514859,,true
v_fbbc1be271768f84ca75,dynamics_degree,test,a person walking in the snowstorm,22,videocraft,videocrafter/subject_consistency/a person walking in the snowstorm-2.mp4,1.0,success,0.516635,,true
v_14604dccfe63c0139e91,dynamics_degree,test,a person walking in the snowstorm,23,videocraft,videocrafter/subject_consistency/a person walking in the snowstorm-3.mp4,1.0,success,0.561833,,true
v_08c0de1ea6624ab9e562,dynamics_degree,test,a person walking in the snowstorm,24,videocraft,videocrafter/subject_consistency/a person walking in the snowstorm-4.mp4,1.0,success,0.527052,,true
v_0c09bdaade2c9450cad3,dynamics_degree,dev,a person washing the dishes,10,videocraft,videocrafter/subject_consistency/a person washing the dishes-0.mp4,1.0,success,0.519939,,true
v_5736d5c60b4804de9ba4,dynamics_degree,dev,a person washing the dishes,11,videocraft,videocrafter/subject_consistency/a person washing the dishes-1.mp4,1.0,success,0.537545,,true
v_4697789aad8b9b9c82b7,dynamics_degree,dev,a person washing the dishes,12,videocraft,videocrafter/subject_consistency/a person washing the dishes-2.mp4,1.0,success,0.526857,,true
v_001db2a469d6cb08938a,dynamics_degree,dev,a person washing the dishes,13,videocraft,videocrafter/subject_consistency/a person washing the dishes-3.mp4,1.0,success,0.581068,,true
v_f38e29227ca7c85f26ea,dynamics_degree,dev,a person washing the dishes,14,videocraft,videocrafter/subject_consistency/a person washing the dishes-4.mp4,0.0,success,0.515247,,false
v_0ba305d9ac1b2cc433f5,dynamics_degree,test,a sheep bending down to drink water from a river,265,videocraft,videocrafter/subject_consistency/a sheep bending down to drink water from a river-0.mp4,1.0,success,0.590116,,true
v_c048ccceab1710664f3b,dynamics_degree,test,a sheep bending down to drink water from a river,266,videocraft,videocrafter/subject_consistency/a sheep bending down to drink water from a river-1.mp4,1.0,success,0.552944,,true
v_0d8d1db41c64f023af5b,dynamics_degree,test,a sheep bending down to drink water from a river,267,videocraft,videocrafter/subject_consistency/a sheep bending down to drink water from a river-2.mp4,1.0,success,0.641832,,true
v_edcb0fa8dee04f1f97c5,dynamics_degree,test,a sheep bending down to drink water from a river,268,videocraft,videocrafter/subject_consistency/a sheep bending down to drink water from a river-3.mp4,1.0,success,0.555484,,true
v_83f436533d9749076a52,dynamics_degree,test,a sheep bending down to drink water from a river,269,videocraft,videocrafter/subject_consistency/a sheep bending down to drink water from a river-4.mp4,1.0,success,0.588680,,true
v_146d6be796a4e5a7b53c,dynamics_degree,dev,a sheep running to join a herd of its kind,275,videocraft,videocrafter/subject_consistency/a sheep running to join a herd of its kind-0.mp4,1.0,success,0.589628,,true
v_21b2f637800bc82f8c71,dynamics_degree,dev,a sheep running to join a herd of its kind,276,videocraft,videocrafter/subject_consistency/a sheep running to join a herd of its kind-1.mp4,1.0,success,0.555420,,true
v_1e9915cb62617db30a6d,dynamics_degree,dev,a sheep running to join a herd of its kind,277,videocraft,videocrafter/subject_consistency/a sheep running to join a herd of its kind-2.mp4,1.0,success,0.599506,,true
v_af6946601bc8688dc065,dynamics_degree,dev,a sheep running to join a herd of its kind,278,videocraft,videocrafter/subject_consistency/a sheep running to join a herd of its kind-3.mp4,1.0,success,0.590148,,true
v_3c6274bfc6f9266711e6,dynamics_degree,dev,a sheep running to join a herd of its kind,279,videocraft,videocrafter/subject_consistency/a sheep running to join a herd of its kind-4.mp4,1.0,success,0.583721,,true
v_736b2b8e3285a3d52bb0,dynamics_degree,test,a sheep taking a peaceful walk,270,videocraft,videocrafter/subject_consistency/a sheep taking a peaceful walk-0.mp4,1.0,success,0.566399,,true
v_d34da25c79d24d7927c1,dynamics_degree,test,a sheep taking a peaceful walk,271,videocraft,videocrafter/subject_consistency/a sheep taking a peaceful walk-1.mp4,1.0,success,0.524342,,true
v_59ce55f78abe9d0575a6,dynamics_degree,test,a sheep taking a peaceful walk,272,videocraft,videocrafter/subject_consistency/a sheep taking a peaceful walk-2.mp4,1.0,success,0.525866,,true
v_be6d924823a12e96a546,dynamics_degree,test,a sheep taking a peaceful walk,273,videocraft,videocrafter/subject_consistency/a sheep taking a peaceful walk-3.mp4,1.0,success,0.587506,,true
v_9be149ba05d93dcf67b1,dynamics_degree,test,a sheep taking a peaceful walk,274,videocraft,videocrafter/subject_consistency/a sheep taking a peaceful walk-4.mp4,1.0,success,0.619043,,true
v_5c94e4bb8f7791431bd0,dynamics_degree,test,a train accelerating to gain speed,145,videocraft,videocrafter/subject_consistency/a train accelerating to gain speed-0.mp4,1.0,success,0.599088,,true
v_d02805a201ab1305efa8,dynamics_degree,test,a train accelerating to gain speed,146,videocraft,videocrafter/subject_consistency/a train accelerating to gain speed-1.mp4,1.0,success,0.567087,,true
v_755d6141716b33165b36,dynamics_degree,test,a train accelerating to gain speed,147,videocraft,videocrafter/subject_consistency/a train accelerating to gain speed-2.mp4,1.0,success,0.592930,,true
v_8af0a0a255894b758a4b,dynamics_degree,test,a train accelerating to gain speed,148,videocraft,videocrafter/subject_consistency/a train accelerating to gain speed-3.mp4,1.0,success,0.527300,,true
v_e1a059df36a949cd2525,dynamics_degree,test,a train accelerating to gain speed,149,videocraft,videocrafter/subject_consistency/a train accelerating to gain speed-4.mp4,0.0,success,0.536927,,false
v_8d5353983e55d6288699,dynamics_degree,dev,a train crossing over a tall bridge,140,videocraft,videocrafter/subject_consistency/a train crossing over a tall bridge-0.mp4,1.0,success,0.555034,,true
v_8785cff0e3da6d5b2ea8,dynamics_degree,dev,a train crossing over a tall bridge,141,videocraft,videocrafter/subject_consistency/a train crossing over a tall bridge-1.mp4,0.0,success,0.556616,,false
v_beb2b48c5964eecb8e64,dynamics_degree,dev,a train crossing over a tall bridge,142,videocraft,videocrafter/subject_consistency/a train crossing over a tall bridge-2.mp4,1.0,success,0.566174,,true
v_ed2c06db3c917b9ebe0f,dynamics_degree,dev,a train crossing over a tall bridge,143,videocraft,videocrafter/subject_consistency/a train crossing over a tall bridge-3.mp4,1.0,success,0.541857,,true
v_dd5a644bd9c2952e6a6b,dynamics_degree,dev,a train crossing over a tall bridge,144,videocraft,videocrafter/subject_consistency/a train crossing over a tall bridge-4.mp4,1.0,success,0.587214,,true
v_03e076c8043363f6effc,dynamics_degree,dev,a train speeding down the tracks,135,videocraft,videocrafter/subject_consistency/a train speeding down the tracks-0.mp4,1.0,success,0.579256,,true
v_abed4855a3eff2f47360,dynamics_degree,dev,a train speeding down the tracks,136,videocraft,videocrafter/subject_consistency/a train speeding down the tracks-1.mp4,1.0,success,0.663516,,true
v_b3f5d6d6475b55f6da02,dynamics_degree,dev,a train speeding down the tracks,137,videocraft,videocrafter/subject_consistency/a train speeding down the tracks-2.mp4,1.0,success,0.578384,,true
v_836f3c2d036db62ab1fb,dynamics_degree,dev,a train speeding down the tracks,138,videocraft,videocrafter/subject_consistency/a train speeding down the tracks-3.mp4,1.0,success,0.506554,,true
v_84e15955573e711dc8b8,dynamics_degree,dev,a train speeding down the tracks,139,videocraft,videocrafter/subject_consistency/a train speeding down the tracks-4.mp4,1.0,success,0.587943,,true
v_2d324c86f50486ca0ec4,dynamics_degree,test,a truck accelerating to gain speed,170,videocraft,videocrafter/subject_consistency/a truck accelerating to gain speed-0.mp4,1.0,success,0.596886,,true
v_b7040f85112e2d15679f,dynamics_degree,test,a truck accelerating to gain speed,171,videocraft,videocrafter/subject_consistency/a truck accelerating to gain speed-1.mp4,1.0,success,0.575284,,true
v_b80ef8fc88e924a26bde,dynamics_degree,test,a truck accelerating to gain speed,172,videocraft,videocrafter/subject_consistency/a truck accelerating to gain speed-2.mp4,1.0,success,0.554468,,true
v_e41ae2d6c90af196233e,dynamics_degree,test,a truck accelerating to gain speed,173,videocraft,videocrafter/subject_consistency/a truck accelerating to gain speed-3.mp4,1.0,success,0.507686,,true
v_0f61c72b3feca0c0d941,dynamics_degree,test,a truck accelerating to gain speed,174,videocraft,videocrafter/subject_consistency/a truck accelerating to gain speed-4.mp4,1.0,success,0.577696,,true
v_b618bc445afd58a0e5a7,dynamics_degree,dev,a truck anchored in a tranquil bay,155,videocraft,videocrafter/subject_consistency/a truck anchored in a tranquil bay-0.mp4,1.0,success,0.536217,,true
v_9b7980a5193ba02e05ac,dynamics_degree,dev,a truck anchored in a tranquil bay,156,videocraft,videocrafter/subject_consistency/a truck anchored in a tranquil bay-1.mp4,1.0,success,0.514997,,true
v_c523756c78f8a689c8be,dynamics_degree,dev,a truck anchored in a tranquil bay,157,videocraft,videocrafter/subject_consistency/a truck anchored in a tranquil bay-2.mp4,1.0,success,0.508471,,true
v_756a2879650720ae47b2,dynamics_degree,dev,a truck anchored in a tranquil bay,158,videocraft,videocrafter/subject_consistency/a truck anchored in a tranquil bay-3.mp4,1.0,success,0.506770,,true
v_fcb45bcbea9d05322ca2,dynamics_degree,dev,a truck anchored in a tranquil bay,159,videocraft,videocrafter/subject_consistency/a truck anchored in a tranquil bay-4.mp4,1.0,success,0.550397,,true
v_bf64e19de4580010ccf3,dynamics_degree,test,a truck slowing down to stop,165,videocraft,videocrafter/subject_consistency/a truck slowing down to stop-0.mp4,1.0,success,0.514389,,true
v_686b10b7b065d809a9ee,dynamics_degree,test,a truck slowing down to stop,166,videocraft,videocrafter/subject_consistency/a truck slowing down to stop-1.mp4,1.0,success,0.561193,,true
v_4a7332e5e78ae78364b3,dynamics_degree,test,a truck slowing down to stop,167,videocraft,videocrafter/subject_consistency/a truck slowing down to stop-2.mp4,1.0,success,0.579851,,true
v_f944ca637debe29f0289,dynamics_degree,test,a truck slowing down to stop,168,videocraft,videocrafter/subject_consistency/a truck slowing down to stop-3.mp4,1.0,success,0.585677,,true
v_5848b6668fc6500d2b77,dynamics_degree,test,a truck slowing down to stop,169,videocraft,videocrafter/subject_consistency/a truck slowing down to stop-4.mp4,1.0,success,0.673825,,true
v_a892ea346f9e70d4161b,dynamics_degree,dev,a truck stuck in traffic during rush hour,160,videocraft,videocrafter/subject_consistency/a truck stuck in traffic during rush hour-0.mp4,1.0,success,0.573267,,true
v_712bd48c6e42ec5caf6e,dynamics_degree,dev,a truck stuck in traffic during rush hour,161,videocraft,videocrafter/subject_consistency/a truck stuck in traffic during rush hour-1.mp4,0.0,success,0.511089,,false
v_98f3d4af09bc93c8ab35,dynamics_degree,dev,a truck stuck in traffic during rush hour,162,videocraft,videocrafter/subject_consistency/a truck stuck in traffic during rush hour-2.mp4,0.0,success,0.505888,,false
v_a1e10fb4add3dcb12d14,dynamics_degree,dev,a truck stuck in traffic during rush hour,163,videocraft,videocrafter/subject_consistency/a truck stuck in traffic during rush hour-3.mp4,1.0,success,0.584763,,true
v_fdbce2b66ceffce58ec1,dynamics_degree,dev,a truck stuck in traffic during rush hour,164,videocraft,videocrafter/subject_consistency/a truck stuck in traffic during rush hour-4.mp4,1.0,success,0.535910,,true
v_5bbdf0716f096a92bee4,dynamics_degree,dev,a truck turning a corner,150,videocraft,videocrafter/subject_consistency/a truck turning a corner-0.mp4,1.0,success,0.657220,,true
v_2d594957c7a6bacdce01,dynamics_degree,dev,a truck turning a corner,151,videocraft,videocrafter/subject_consistency/a truck turning a corner-1.mp4,1.0,success,0.519265,,true
v_f52a68b8876bfb402e99,dynamics_degree,dev,a truck turning a corner,152,videocraft,videocrafter/subject_consistency/a truck turning a corner-2.mp4,1.0,success,0.524660,,true
v_8768cfd5bcf937ff7662,dynamics_degree,dev,a truck turning a corner,153,videocraft,videocrafter/subject_consistency/a truck turning a corner-3.mp4,1.0,success,0.525464,,true
v_fa5fcd13be1161b5b376,dynamics_degree,dev,a truck turning a corner,154,videocraft,videocrafter/subject_consistency/a truck turning a corner-4.mp4,1.0,success,0.525287,,true
v_d3f7d4c58d77f745d9bf,dynamics_degree,dev,a zebra bending down to drink water from a river,330,videocraft,videocrafter/subject_consistency/a zebra bending down to drink water from a river-0.mp4,1.0,success,0.576495,,true
v_ee3918ef423f66f9ae46,dynamics_degree,dev,a zebra bending down to drink water from a river,331,videocraft,videocrafter/subject_consistency/a zebra bending down to drink water from a river-1.mp4,1.0,success,0.506594,,true
v_b0dc460aa96faee84e03,dynamics_degree,dev,a zebra bending down to drink water from a river,332,videocraft,videocrafter/subject_consistency/a zebra bending down to drink water from a river-2.mp4,0.0,success,0.542721,,false
v_cd7d9c9ffcc50c59f36f,dynamics_degree,dev,a zebra bending down to drink water from a river,333,videocraft,videocrafter/subject_consistency/a zebra bending down to drink water from a river-3.mp4,1.0,success,0.660590,,true
v_10337527a5382ada458c,dynamics_degree,dev,a zebra bending down to drink water from a river,334,videocraft,videocrafter/subject_consistency/a zebra bending down to drink water from a river-4.mp4,0.0,success,0.537344,,false
v_403d84dfa4c79bab4444,dynamics_degree,test,a zebra running to join a herd of its kind,335,videocraft,videocrafter/subject_consistency/a zebra running to join a herd of its kind-0.mp4,1.0,success,0.553278,,true
v_08848f39936e3e4a42e4,dynamics_degree,test,a zebra running to join a herd of its kind,336,videocraft,videocrafter/subject_consistency/a zebra running to join a herd of its kind-1.mp4,1.0,success,0.586781,,true
v_0e01dd6610844ea4b689,dynamics_degree,test,a zebra running to join a herd of its kind,337,videocraft,videocrafter/subject_consistency/a zebra running to join a herd of its kind-2.mp4,1.0,success,0.586189,,true
v_653bc50fc0a7ebc11e31,dynamics_degree,test,a zebra running to join a herd of its kind,338,videocraft,videocrafter/subject_consistency/a zebra running to join a herd of its kind-3.mp4,1.0,success,0.586888,,true
v_952e1859e499a0fb9f2b,dynamics_degree,test,a zebra running to join a herd of its kind,339,videocraft,videocrafter/subject_consistency/a zebra running to join a herd of its kind-4.mp4,1.0,success,0.572637,,true
v_e499da3b4571234cd1f9,dynamics_degree,test,a zebra taking a peaceful walk,340,videocraft,videocrafter/subject_consistency/a zebra taking a peaceful walk-0.mp4,1.0,success,0.584182,,true
v_c6e4813e391f451e6d9e,dynamics_degree,test,a zebra taking a peaceful walk,341,videocraft,videocrafter/subject_consistency/a zebra taking a peaceful walk-1.mp4,1.0,success,0.590870,,true
v_96c211d2f7896198f7cd,dynamics_degree,test,a zebra taking a peaceful walk,342,videocraft,videocrafter/subject_consistency/a zebra taking a peaceful walk-2.mp4,1.0,success,0.587044,,true
v_1dd0323808befbf6bf32,dynamics_degree,test,a zebra taking a peaceful walk,343,videocraft,videocrafter/subject_consistency/a zebra taking a peaceful walk-3.mp4,1.0,success,0.560183,,true
v_425f89008770ce7f311d,dynamics_degree,test,a zebra taking a peaceful walk,344,videocraft,videocrafter/subject_consistency/a zebra taking a peaceful walk-4.mp4,1.0,success,0.521633,,true
v_a52e0d1dab3047603e56,dynamics_degree,test,an airplane accelerating to gain speed,115,videocraft,videocrafter/subject_consistency/an airplane accelerating to gain speed-0.mp4,1.0,success,0.512142,,true
v_16c61d6067a529cff496,dynamics_degree,test,an airplane accelerating to gain speed,116,videocraft,videocrafter/subject_consistency/an airplane accelerating to gain speed-1.mp4,1.0,success,0.523745,,true
v_7e8611e890bbae1826d2,dynamics_degree,test,an airplane accelerating to gain speed,117,videocraft,videocrafter/subject_consistency/an airplane accelerating to gain speed-2.mp4,1.0,success,0.618279,,true
v_a6028e2902e5969d17e4,dynamics_degree,test,an airplane accelerating to gain speed,118,videocraft,videocrafter/subject_consistency/an airplane accelerating to gain speed-3.mp4,1.0,success,0.504025,,true
v_fdb0f24d37d11e873bc8,dynamics_degree,test,an airplane accelerating to gain speed,119,videocraft,videocrafter/subject_consistency/an airplane accelerating to gain speed-4.mp4,1.0,success,0.527788,,true
v_2c4cbeb74ceeb942502b,dynamics_degree,test,an airplane landing smoothly on a runway,110,videocraft,videocrafter/subject_consistency/an airplane landing smoothly on a runway-0.mp4,0.0,success,0.520335,,false
v_f5ecfd4acde659ab19eb,dynamics_degree,test,an airplane landing smoothly on a runway,111,videocraft,videocrafter/subject_consistency/an airplane landing smoothly on a runway-1.mp4,0.0,success,0.548695,,false
v_fbfc26ba84bb68ff5e81,dynamics_degree,test,an airplane landing smoothly on a runway,112,videocraft,videocrafter/subject_consistency/an airplane landing smoothly on a runway-2.mp4,1.0,success,0.519607,,true
v_de4004b9f316d451442e,dynamics_degree,test,an airplane landing smoothly on a runway,113,videocraft,videocrafter/subject_consistency/an airplane landing smoothly on a runway-3.mp4,0.0,success,0.516592,,false
v_a95eaf8fd8ee7e6876bd,dynamics_degree,test,an airplane landing smoothly on a runway,114,videocraft,videocrafter/subject_consistency/an airplane landing smoothly on a runway-4.mp4,1.0,success,0.561335,,true
v_9febdb06059b76e69d53,dynamics_degree,test,an airplane soaring through a clear blue sky,100,videocraft,videocrafter/subject_consistency/an airplane soaring through a clear blue sky-0.mp4,1.0,success,0.531836,,true
v_0bd93dea33f5c769ba2e,dynamics_degree,test,an airplane soaring through a clear blue sky,101,videocraft,videocrafter/subject_consistency/an airplane soaring through a clear blue sky-1.mp4,1.0,success,0.604552,,true
v_f9de11ef8a5602d322ff,dynamics_degree,test,an airplane soaring through a clear blue sky,102,videocraft,videocrafter/subject_consistency/an airplane soaring through a clear blue sky-2.mp4,1.0,success,0.586607,,true
v_cc8b0e4ebdf95c4f73af,dynamics_degree,test,an airplane soaring through a clear blue sky,103,videocraft,videocrafter/subject_consistency/an airplane soaring through a clear blue sky-3.mp4,0.0,success,0.609313,,false
v_00dbc7f8a701d5344910,dynamics_degree,test,an airplane soaring through a clear blue sky,104,videocraft,videocrafter/subject_consistency/an airplane soaring through a clear blue sky-4.mp4,1.0,success,0.519565,,true
v_566a47678e165847e191,dynamics_degree,dev,an airplane taking off,105,videocraft,videocrafter/subject_consistency/an airplane taking off-0.mp4,1.0,success,0.553871,,true
v_114b0ddec9d96de0af3d,dynamics_degree,dev,an airplane taking off,106,videocraft,videocrafter/subject_consistency/an airplane taking off-1.mp4,0.0,success,0.591952,,false
v_e77a139c502b45763693,dynamics_degree,dev,an airplane taking off,107,videocraft,videocrafter/subject_consistency/an airplane taking off-2.mp4,1.0,success,0.568942,,true
v_2f6582d003a49601b3e5,dynamics_degree,dev,an airplane taking off,108,videocraft,videocrafter/subject_consistency/an airplane taking off-3.mp4,0.0,success,0.599193,,false
v_ea880c8fcc7e94150ccc,dynamics_degree,dev,an airplane taking off,109,videocraft,videocrafter/subject_consistency/an airplane taking off-4.mp4,1.0,success,0.564454,,true
v_72c5faa619576fa65c99,dynamics_degree,dev,an elephant running to join a herd of its kind,305,videocraft,videocrafter/subject_consistency/an elephant running to join a herd of its kind-0.mp4,1.0,success,0.627180,,true
v_ed316c8da551ced8ca6c,dynamics_degree,dev,an elephant running to join a herd of its kind,306,videocraft,videocrafter/subject_consistency/an elephant running to join a herd of its kind-1.mp4,1.0,success,0.539744,,true
v_ac4dc8b29ec0d5d7ce26,dynamics_degree,dev,an elephant running to join a herd of its kind,307,videocraft,videocrafter/subject_consistency/an elephant running to join a herd of its kind-2.mp4,1.0,success,0.627491,,true
v_4acac16a69599ee0fbf1,dynamics_degree,dev,an elephant running to join a herd of its kind,308,videocraft,videocrafter/subject_consistency/an elephant running to join a herd of its kind-3.mp4,1.0,success,0.565091,,true
v_ca664f3e497131f543c6,dynamics_degree,dev,an elephant running to join a herd of its kind,309,videocraft,videocrafter/subject_consistency/an elephant running to join a herd of its kind-4.mp4,1.0,success,0.574582,,true
v_f4ef1c6bdc8b43941bdd,dynamics_degree,test,an elephant spraying itself with water using its trunk to cool down,295,videocraft,videocrafter/subject_consistency/an elephant spraying itself with water using its trunk to cool down-0.mp4,1.0,success,0.579498,,true
v_4e9873b24841812f4fb7,dynamics_degree,test,an elephant spraying itself with water using its trunk to cool down,296,videocraft,videocrafter/subject_consistency/an elephant spraying itself with water using its trunk to cool down-1.mp4,1.0,success,0.619786,,true
v_0b11e8c89a9819a44999,dynamics_degree,test,an elephant spraying itself with water using its trunk to cool down,297,videocraft,videocrafter/subject_consistency/an elephant spraying itself with water using its trunk to cool down-2.mp4,1.0,success,0.536388,,true
v_ebc042230647a978322d,dynamics_degree,test,an elephant spraying itself with water using its trunk to cool down,298,videocraft,videocrafter/subject_consistency/an elephant spraying itself with water using its trunk to cool down-3.mp4,1.0,success,0.512113,,true
v_fdc2eddde69bdd3d12e2,dynamics_degree,test,an elephant spraying itself with water using its trunk to cool down,299,videocraft,videocrafter/subject_consistency/an elephant spraying itself with water using its trunk to cool down-4.mp4,1.0,success,0.581558,,true
v_b34f731d095de86b5daa,dynamics_degree,dev,an elephant taking a peaceful walk,300,videocraft,videocrafter/subject_consistency/an elephant taking a peaceful walk-0.mp4,1.0,success,0.563709,,true
v_592c533f32beaefb9f89,dynamics_degree,dev,an elephant taking a peaceful walk,301,videocraft,videocrafter/subject_consistency/an elephant taking a peaceful walk-1.mp4,1.0,success,0.510693,,true
v_48b62654d2300e84e1d6,dynamics_degree,dev,an elephant taking a peaceful walk,302,videocraft,videocrafter/subject_consistency/an elephant taking a peaceful walk-2.mp4,1.0,success,0.519349,,true
v_05646ef6d373de11e8e9,dynamics_degree,dev,an elephant taking a peaceful walk,303,videocraft,videocrafter/subject_consistency/an elephant taking a peaceful walk-3.mp4,1.0,success,0.511839,,true
v_03bfcd466f8da18449a2,dynamics_degree,dev,an elephant taking a peaceful walk,304,videocraft,videocrafter/subject_consistency/an elephant taking a peaceful walk-4.mp4,1.0,success,0.594246,,true
