video_uid,prompt_id,method,position,clean,background,subject,origin_clean,origin_background,origin_abs_change,repair_abs_change,subject_signed_drop,zero_to_zero,joint_success,runtime_status,review_eligible
v_075ccc862d1b2d4936f0,an elephant running to join a herd of its kind,direct_zero,start,0.9630889296531677,0.9627994894981384,0.8383171558380127,0.9417819976806641,0.8923514485359192,0.04943054914474487,0.0002894401550292969,0.12477177381515503,False,False,completed,True
v_0925f4496cf55ade8e5d,an elephant spraying itself with water using its trunk to cool down,direct_zero,start,0.98935467004776,0.9890068173408508,0.8476720452308655,0.9881947040557861,0.9508606195449829,0.03733408451080322,0.0003478527069091797,0.14168262481689453,False,False,completed,True
v_0a1a6db568841167f9e8,a truck turning a corner,direct_zero,start,0.7832257747650146,0.778403103351593,0.4043329656124115,0.8972001075744629,0.706201434135437,0.19099867343902588,0.004822671413421631,0.37889280915260315,False,True,completed,True
v_10d250e1b4b4a6ec0a82,a cow running to join a herd of its kind,direct_zero,start,0.9591885805130005,0.9437912106513977,0.903526782989502,0.9442958235740662,0.8054091334342957,0.1388866901397705,0.015397369861602783,0.055661797523498535,False,False,completed,True
v_125269dc5fc640751fa4,a zebra running to join a herd of its kind,direct_zero,start,0.9697616100311279,0.9684513807296753,0.5334725975990295,0.9459475874900818,0.8585266470909119,0.08742094039916992,0.0013102293014526367,0.4362890124320984,False,False,completed,True
v_13502c1b9c959957b46a,a zebra taking a peaceful walk,direct_zero,start,0.9967139363288879,0.9930884838104248,0.5483049154281616,0.997106671333313,0.9269951581954956,0.07011151313781738,0.0036254525184631348,0.4484090209007263,False,False,completed,True
v_1814b4d5b25ffa156aa6,an elephant running to join a herd of its kind,direct_zero,start,0.9690490961074829,0.9667909741401672,0.832301914691925,0.9329218864440918,0.875390887260437,0.057530999183654785,0.002258121967315674,0.13674718141555786,False,False,completed,True
v_22506cf5d5a1e6088fc8,a truck slowing down to stop,direct_zero,start,0.8691954612731934,0.48433738946914673,0.6612746119499207,0.7584022879600525,0.5965829491615295,0.16181933879852295,0.38485807180404663,0.2079208493232727,False,False,completed,True
v_2ac6cf025d5e88563949,a zebra running to join a herd of its kind,direct_zero,start,0.9500249624252319,0.9488847851753235,0.5219694375991821,0.9185127019882202,0.859427809715271,0.05908489227294922,0.0011401772499084473,0.4280555248260498,False,False,completed,True
v_2fbefa11a17758f1cd8f,a zebra taking a peaceful walk,direct_zero,start,0.9445307850837708,0.9372467398643494,0.5253149271011353,0.9212554693222046,0.7663257718086243,0.15492969751358032,0.007284045219421387,0.4192158579826355,False,True,completed,True
v_304f65b790cd089803d4,a zebra bending down to drink water from a river,direct_zero,start,0.9545856714248657,0.9432104825973511,0.5254056453704834,0.9624999761581421,0.8149668574333191,0.147533118724823,0.011375188827514648,0.4291800260543823,False,False,completed,True
v_34025bb5b4d01c898f92,a motorcycle accelerating to gain speed,direct_zero,start,0.9564681053161621,0.9554476737976074,0.5419071316719055,0.9416208267211914,0.886849045753479,0.0547717809677124,0.0010204315185546875,0.4145609736442566,False,False,completed,True
v_355010ce10f66a681b88,a truck turning a corner,direct_zero,start,0.9635376334190369,0.9521507620811462,0.5333538055419922,0.9169105887413025,0.8241857886314392,0.09272480010986328,0.011386871337890625,0.4301838278770447,False,False,completed,True
v_35d320b87cf1354b75ab,a zebra running to join a herd of its kind,direct_zero,start,0.9588550925254822,0.9578879475593567,0.5276535749435425,0.9490302205085754,0.8503267168998718,0.09870350360870361,0.0009671449661254883,0.4312015175819397,False,False,completed,True
v_38ae4c230155beb1b259,a zebra taking a peaceful walk,direct_zero,start,0.9856873154640198,0.9833893775939941,0.5428537130355835,0.98517906665802,0.9326372146606445,0.05254185199737549,0.0022979378700256348,0.4428336024284363,False,False,completed,True
v_3b6ddfc07cc98fcf9fa0,an elephant running to join a herd of its kind,direct_zero,start,0.9880058169364929,0.987526535987854,0.845444917678833,0.9849029779434204,0.951630175113678,0.03327280282974243,0.000479280948638916,0.1425608992576599,False,False,completed,True
v_427171327cff517973ed,a zebra bending down to drink water from a river,direct_zero,start,0.9852167367935181,0.9840272665023804,0.542264461517334,0.9767624139785767,0.9160923361778259,0.06067007780075073,0.0011894702911376953,0.4429522752761841,False,False,completed,True
v_4719caef96c8df794757,an elephant running to join a herd of its kind,direct_zero,start,0.9782639741897583,0.9775775074958801,0.869547426700592,0.969979465007782,0.9177584052085876,0.052221059799194336,0.0006864666938781738,0.10871654748916626,False,False,completed,True
v_4d76a76426a219a5f1bb,a zebra bending down to drink water from a river,direct_zero,start,0.9782224893569946,0.9763674139976501,0.5885899066925049,0.9762669801712036,0.9300276041030884,0.046239376068115234,0.0018550753593444824,0.38963258266448975,False,False,completed,True
v_4e7cf3a0868b1b118f55,a zebra running to join a herd of its kind,direct_zero,start,0.9522103071212769,0.9501479268074036,0.6804721355438232,0.9482232928276062,0.8791743516921997,0.0690489411354065,0.002062380313873291,0.2717381715774536,False,False,completed,True
v_4f8abc7bb931501fb862,a truck slowing down to stop,direct_zero,start,0.9940704703330994,0.6523351073265076,0.8542079329490662,0.9710509777069092,0.7360753417015076,0.2349756360054016,0.3417353630065918,0.1398625373840332,False,False,completed,False
v_4ff816e35ca1960d8058,an elephant running to join a herd of its kind,direct_zero,start,0.9646567702293396,0.9645857214927673,0.8053589463233948,0.9487122297286987,0.8650139570236206,0.08369827270507812,7.104873657226562e-05,0.15929782390594482,False,False,completed,True
v_50b265d3f9ccf281a518,an elephant spraying itself with water using its trunk to cool down,direct_zero,start,0.9901018142700195,0.9813719987869263,0.5450409650802612,0.9922862648963928,0.9563887715339661,0.03589749336242676,0.008729815483093262,0.4450608491897583,False,False,completed,True
v_53b3d43654788945925c,a zebra running to join a herd of its kind,direct_zero,start,0.972172737121582,0.9680680632591248,0.53606116771698,0.9581042528152466,0.8574606776237488,0.1006435751914978,0.004104673862457275,0.43611156940460205,False,True,completed,True
v_55a4f07d56cda7470760,an elephant running to join a herd of its kind,direct_zero,start,0.9789860844612122,0.9784351587295532,0.5407834649085999,0.9713909029960632,0.9427875876426697,0.028603315353393555,0.0005509257316589355,0.4382026195526123,False,False,completed,True
v_6015d56a898aa0948639,a zebra bending down to drink water from a river,direct_zero,start,0.9817591905593872,0.956881582736969,0.6931747794151306,0.9774531722068787,0.8144967555999756,0.16295641660690308,0.024877607822418213,0.2885844111442566,False,False,completed,True
v_67c0894760111d0087b6,a motorcycle accelerating to gain speed,direct_zero,start,0.92059326171875,0.6997285485267639,0.5980553030967712,0.7869536280632019,0.6766632199287415,0.11029040813446045,0.22086471319198608,0.32253795862197876,False,False,completed,True
v_6bee77846ce628e11d94,an elephant spraying itself with water using its trunk to cool down,direct_zero,start,0.9835841059684753,0.9760319590568542,0.5947256088256836,0.9801599383354187,0.9359308481216431,0.044229090213775635,0.007552146911621094,0.38885849714279175,False,False,completed,True
v_6d2af08e0301e767c719,a cow running to join a herd of its kind,direct_zero,start,0.9381388425827026,0.8213671445846558,0.7570817470550537,0.871242880821228,0.7005493640899658,0.1706935167312622,0.11677169799804688,0.18105709552764893,False,False,completed,True
v_6ee4476dec8615e1535f,a zebra bending down to drink water from a river,direct_zero,start,0.9657285213470459,0.9656866788864136,0.5508677363395691,0.964434027671814,0.882782518863678,0.08165150880813599,4.184246063232422e-05,0.4148607850074768,False,False,completed,True
v_74d5bd9982ed49689599,a truck turning a corner,direct_zero,start,0.9701874256134033,0.9706344604492188,0.5334962606430054,0.9252806901931763,0.8362703323364258,0.08901035785675049,0.0004470348358154297,0.43669116497039795,False,False,completed,True
v_795022cc03907dc7489e,an elephant spraying itself with water using its trunk to cool down,direct_zero,start,0.24734899401664734,0.21867966651916504,0.21867966651916504,0.9006173610687256,0.7843968868255615,0.11622047424316406,0.0286693274974823,0.0286693274974823,False,False,completed,True
v_7959de66f76bf5fc41d9,a zebra bending down to drink water from a river,direct_zero,start,0.9828632473945618,0.9829871654510498,0.5589017868041992,0.9712667465209961,0.9196377992630005,0.051628947257995605,0.0001239180564880371,0.42396146059036255,False,False,completed,True
v_82dc1689fd289adcc0d2,a zebra taking a peaceful walk,direct_zero,start,0.9778921008110046,0.9761979579925537,0.5402250289916992,0.9754855632781982,0.9159506559371948,0.05953490734100342,0.0016941428184509277,0.4376670718193054,False,False,completed,True
v_88720509dffa7aea9e30,a zebra bending down to drink water from a river,direct_zero,start,0.9738063216209412,0.9741493463516235,0.5352206230163574,0.9799759387969971,0.9121063947677612,0.06786954402923584,0.00034302473068237305,0.43858569860458374,False,False,completed,True
v_8887acf562b32cc84023,a zebra bending down to drink water from a river,direct_zero,start,0.9334750771522522,0.9030027389526367,0.9205021262168884,0.9226030707359314,0.5943952202796936,0.3282078504562378,0.03047233819961548,0.01297295093536377,False,False,completed,True
v_8dca194984971f0a1124,a truck turning a corner,direct_zero,start,0.9337459802627563,0.9357620477676392,0.5162278413772583,0.8681207299232483,0.7854428887367249,0.08267784118652344,0.0020160675048828125,0.41751813888549805,False,False,completed,True
v_8e6a21dfeb7a106dae22,a zebra taking a peaceful walk,direct_zero,start,0.9760703444480896,0.9643340110778809,0.7806483507156372,0.9702401757240295,0.9102954864501953,0.05994468927383423,0.01173633337020874,0.1954219937324524,False,False,completed,True
v_a18cdea6bd26987ddbc4,a cow running to join a herd of its kind,direct_zero,start,0.8598477840423584,0.8579310178756714,0.4683087468147278,0.9539317488670349,0.8826276063919067,0.07130414247512817,0.0019167661666870117,0.3915390372276306,False,False,completed,True
v_a3b6d576bc5c5ef3517f,a zebra running to join a herd of its kind,direct_zero,start,0.9438295960426331,0.9447168111801147,0.7618737816810608,0.9383728504180908,0.8865557312965393,0.051817119121551514,0.0008872151374816895,0.18195581436157227,False,False,completed,True
v_a522928f33a3f29c463c,a truck slowing down to stop,direct_zero,start,0.9893493056297302,0.9867061972618103,0.544757068157196,0.9741533398628235,0.8954675793647766,0.07868576049804688,0.002643108367919922,0.4445922374725342,False,False,completed,True
v_a5b4d7c4b2a095c9e6cc,an elephant running to join a herd of its kind,direct_zero,start,0.9817762970924377,0.9759356379508972,0.6717170476913452,0.9782154560089111,0.9388206005096436,0.03939485549926758,0.005840659141540527,0.31005924940109253,False,False,completed,True
v_aa14318968934ce72fb1,a zebra bending down to drink water from a river,direct_zero,start,0.973966121673584,0.972710132598877,0.5417301654815674,0.9643047451972961,0.8643097877502441,0.099994957447052,0.0012559890747070312,0.4322359561920166,False,False,completed,True
v_ad2f0d6ec69f9ff90382,a zebra taking a peaceful walk,direct_zero,start,0.9869072437286377,0.9854736328125,0.5430995225906372,0.9837861657142639,0.9149706959724426,0.06881546974182129,0.0014336109161376953,0.4438077211380005,False,False,completed,True
v_b2657298416595015a2b,a zebra running to join a herd of its kind,direct_zero,start,0.9221466779708862,0.9217407703399658,0.513124406337738,0.8821325302124023,0.8135291337966919,0.06860339641571045,0.00040590763092041016,0.4090222716331482,False,False,completed,True
v_bc950a10e74a0a5447f1,a zebra bending down to drink water from a river,direct_zero,start,0.9756776690483093,0.9763626456260681,0.538481593132019,0.9725489616394043,0.8785735368728638,0.09397542476654053,0.0006849765777587891,0.4371960759162903,False,False,completed,True
v_bf4b3df29a9616bf26ae,a truck turning a corner,direct_zero,start,0.9515529870986938,0.9514997601509094,0.5312649607658386,0.8850948214530945,0.755422830581665,0.12967199087142944,5.322694778442383e-05,0.4202880263328552,False,True,completed,True
v_c41543fe72d2e5493d15,a truck slowing down to stop,direct_zero,start,0.9834082722663879,0.9819586873054504,0.5613530278205872,0.9530027508735657,0.9158942699432373,0.03710848093032837,0.0014495849609375,0.4220552444458008,False,False,completed,True
v_c424c7aceaf2046394ad,a cow running to join a herd of its kind,direct_zero,start,0.9763944745063782,0.975596010684967,0.875476062297821,0.9669449329376221,0.807241678237915,0.15970325469970703,0.0007984638214111328,0.10091841220855713,False,True,completed,True
v_c4de504a244d437ac3ad,a zebra bending down to drink water from a river,direct_zero,start,0.9940760135650635,0.991468071937561,0.5469377040863037,0.994841992855072,0.9121608138084412,0.08268117904663086,0.0026079416275024414,0.44713830947875977,False,False,completed,True
v_cdab6ebfbdf88aa1365e,an elephant running to join a herd of its kind,direct_zero,start,0.9607254266738892,0.9608128070831299,0.8344665765762329,0.9530994296073914,0.8504621386528015,0.10263729095458984,8.738040924072266e-05,0.12625885009765625,False,True,completed,True
v_d111e2d8975fa9b850b3,a zebra taking a peaceful walk,direct_zero,start,0.9483411908149719,0.8266236186027527,0.6145549416542053,0.9036860466003418,0.8206138014793396,0.0830722451210022,0.12171757221221924,0.3337862491607666,False,False,completed,True
v_d51186bcfc23e2a780ab,a truck slowing down to stop,direct_zero,start,0.9643544554710388,0.982191264629364,0.6178192496299744,0.9112410545349121,0.8695520162582397,0.04168903827667236,0.017836809158325195,0.34653520584106445,False,False,completed,True
v_d86a4852b9a610b4e2ac,a motorcycle accelerating to gain speed,direct_zero,start,0.9552143812179565,0.9548085331916809,0.5241967439651489,0.8991079330444336,0.8011007905006409,0.09800714254379272,0.00040584802627563477,0.4310176372528076,False,False,completed,True
v_e7e6381187b3421f31f4,a zebra taking a peaceful walk,direct_zero,start,0.9758050441741943,0.9736703038215637,0.5368770360946655,0.9502309560775757,0.9060448408126831,0.04418611526489258,0.0021347403526306152,0.4389280080795288,False,False,completed,True
v_e84cd21f77767e064452,an elephant running to join a herd of its kind,direct_zero,start,0.8868926167488098,0.8872633576393127,0.490027517080307,0.9618316292762756,0.790998637676239,0.17083299160003662,0.0003707408905029297,0.3968650996685028,False,True,completed,True
v_f762ed821ba1fba906af,a zebra bending down to drink water from a river,direct_zero,start,0.9867092370986938,0.9765522480010986,0.5420944094657898,0.9777792096138,0.9029129147529602,0.07486629486083984,0.010156989097595215,0.44461482763290405,False,False,completed,True
v_f993f14cdb34fb8383ef,a zebra bending down to drink water from a river,direct_zero,start,0.9814218878746033,0.9781179428100586,0.5409412384033203,0.9786093235015869,0.8968998193740845,0.08170950412750244,0.0033039450645446777,0.44048064947128296,False,False,completed,True
v_fb03b6a21df9c0a51627,a cow running to join a herd of its kind,direct_zero,start,0.9514460563659668,0.9499882459640503,0.8328391313552856,0.9386007189750671,0.8654695153236389,0.07313120365142822,0.001457810401916504,0.11860692501068115,False,False,completed,True
v_fc9b39a4b047b2db243c,an elephant spraying itself with water using its trunk to cool down,direct_zero,start,0.9950287342071533,0.9875721335411072,0.6075531244277954,0.9937685132026672,0.9506339430809021,0.04313457012176514,0.007456600666046143,0.3874756097793579,False,False,completed,True
v_fef8070abcd8dcd3af47,a zebra taking a peaceful walk,direct_zero,start,0.9282910823822021,0.8722943663597107,0.5750738382339478,0.8663416504859924,0.7456777095794678,0.12066394090652466,0.055996716022491455,0.3532172441482544,False,False,completed,True
v_075ccc862d1b2d4936f0,an elephant running to join a herd of its kind,direct_exclude,start,0.9630889296531677,0.9627994894981384,0.8383171558380127,0.9417819976806641,0.8923514485359192,0.04943054914474487,0.0002894401550292969,0.12477177381515503,False,False,completed,True
v_0925f4496cf55ade8e5d,an elephant spraying itself with water using its trunk to cool down,direct_exclude,start,0.98935467004776,0.9890068173408508,0.8476720452308655,0.9881947040557861,0.9508606195449829,0.03733408451080322,0.0003478527069091797,0.14168262481689453,False,False,completed,True
v_0a1a6db568841167f9e8,a truck turning a corner,direct_exclude,start,0.8951151967048645,0.8896034955978394,0.8821808695793152,0.8972001075744629,0.706201434135437,0.19099867343902588,0.0055117011070251465,0.012934327125549316,False,True,completed,True
v_10d250e1b4b4a6ec0a82,a cow running to join a herd of its kind,direct_exclude,start,0.9591885805130005,0.9437912106513977,0.903526782989502,0.9442958235740662,0.8054091334342957,0.1388866901397705,0.015397369861602783,0.055661797523498535,False,False,completed,True
v_125269dc5fc640751fa4,a zebra running to join a herd of its kind,direct_exclude,start,0.9697616100311279,0.9684513807296753,0.9699501395225525,0.9459475874900818,0.8585266470909119,0.08742094039916992,0.0013102293014526367,-0.00018852949142456055,False,False,completed,True
v_13502c1b9c959957b46a,a zebra taking a peaceful walk,direct_exclude,start,0.9967139363288879,0.9930884838104248,0.9969179630279541,0.997106671333313,0.9269951581954956,0.07011151313781738,0.0036254525184631348,-0.0002040266990661621,False,False,completed,True
v_1814b4d5b25ffa156aa6,an elephant running to join a herd of its kind,direct_exclude,start,0.9690490961074829,0.9667909741401672,0.8859987258911133,0.9329218864440918,0.875390887260437,0.057530999183654785,0.002258121967315674,0.08305037021636963,False,False,completed,True
v_22506cf5d5a1e6088fc8,a truck slowing down to stop,direct_exclude,start,0.8691954612731934,0.880613386631012,0.8720104694366455,0.7584022879600525,0.5965829491615295,0.16181933879852295,0.011417925357818604,-0.0028150081634521484,False,False,completed,True
v_2ac6cf025d5e88563949,a zebra running to join a herd of its kind,direct_exclude,start,0.9500249624252319,0.9488847851753235,0.9490353465080261,0.9185127019882202,0.859427809715271,0.05908489227294922,0.0011401772499084473,0.0009896159172058105,False,False,completed,True
v_2fbefa11a17758f1cd8f,a zebra taking a peaceful walk,direct_exclude,start,0.9445307850837708,0.9372467398643494,0.95511794090271,0.9212554693222046,0.7663257718086243,0.15492969751358032,0.007284045219421387,-0.010587155818939209,False,True,completed,True
v_304f65b790cd089803d4,a zebra bending down to drink water from a river,direct_exclude,start,0.9545856714248657,0.9432104825973511,0.9552830457687378,0.9624999761581421,0.8149668574333191,0.147533118724823,0.011375188827514648,-0.0006973743438720703,False,False,completed,True
v_34025bb5b4d01c898f92,a motorcycle accelerating to gain speed,direct_exclude,start,0.9564681053161621,0.9554476737976074,0.9537565112113953,0.9416208267211914,0.886849045753479,0.0547717809677124,0.0010204315185546875,0.0027115941047668457,False,False,completed,True
v_355010ce10f66a681b88,a truck turning a corner,direct_exclude,start,0.9635376334190369,0.9521507620811462,0.9697341918945312,0.9169105887413025,0.8241857886314392,0.09272480010986328,0.011386871337890625,-0.006196558475494385,False,False,completed,True
v_35d320b87cf1354b75ab,a zebra running to join a herd of its kind,direct_exclude,start,0.9588550925254822,0.9578879475593567,0.9593701362609863,0.9490302205085754,0.8503267168998718,0.09870350360870361,0.0009671449661254883,-0.0005150437355041504,False,False,completed,True
v_38ae4c230155beb1b259,a zebra taking a peaceful walk,direct_exclude,start,0.9856873154640198,0.9833893775939941,0.9870067238807678,0.98517906665802,0.9326372146606445,0.05254185199737549,0.0022979378700256348,-0.0013194084167480469,False,False,completed,True
v_3b6ddfc07cc98fcf9fa0,an elephant running to join a herd of its kind,direct_exclude,start,0.9880058169364929,0.987526535987854,0.845444917678833,0.9849029779434204,0.951630175113678,0.03327280282974243,0.000479280948638916,0.1425608992576599,False,False,completed,True
v_427171327cff517973ed,a zebra bending down to drink water from a river,direct_exclude,start,0.9852167367935181,0.9840272665023804,0.9859352111816406,0.9767624139785767,0.9160923361778259,0.06067007780075073,0.0011894702911376953,-0.0007184743881225586,False,False,completed,True
v_4719caef96c8df794757,an elephant running to join a herd of its kind,direct_exclude,start,0.9782639741897583,0.9775775074958801,0.869547426700592,0.969979465007782,0.9177584052085876,0.052221059799194336,0.0006864666938781738,0.10871654748916626,False,False,completed,True
v_4d76a76426a219a5f1bb,a zebra bending down to drink water from a river,direct_exclude,start,0.9782224893569946,0.9763674139976501,0.9562321305274963,0.9762669801712036,0.9300276041030884,0.046239376068115234,0.0018550753593444824,0.02199035882949829,False,False,completed,True
v_4e7cf3a0868b1b118f55,a zebra running to join a herd of its kind,direct_exclude,start,0.9522103071212769,0.9501479268074036,0.8973258137702942,0.9482232928276062,0.8791743516921997,0.0690489411354065,0.002062380313873291,0.054884493350982666,False,False,completed,True
v_4f8abc7bb931501fb862,a truck slowing down to stop,direct_exclude,start,0.9940704703330994,0.9812904000282288,0.9699393510818481,0.9710509777069092,0.7360753417015076,0.2349756360054016,0.012780070304870605,0.02413111925125122,False,False,completed,False
v_4ff816e35ca1960d8058,an elephant running to join a herd of its kind,direct_exclude,start,0.9646567702293396,0.9645857214927673,0.8053589463233948,0.9487122297286987,0.8650139570236206,0.08369827270507812,7.104873657226562e-05,0.15929782390594482,False,False,completed,True
v_50b265d3f9ccf281a518,an elephant spraying itself with water using its trunk to cool down,direct_exclude,start,0.9901018142700195,0.9813719987869263,0.9909836053848267,0.9922862648963928,0.9563887715339661,0.03589749336242676,0.008729815483093262,-0.0008817911148071289,False,False,completed,True
v_53b3d43654788945925c,a zebra running to join a herd of its kind,direct_exclude,start,0.972172737121582,0.9680680632591248,0.9746567010879517,0.9581042528152466,0.8574606776237488,0.1006435751914978,0.004104673862457275,-0.002483963966369629,False,True,completed,True
v_55a4f07d56cda7470760,an elephant running to join a herd of its kind,direct_exclude,start,0.9789860844612122,0.9784351587295532,0.9832426309585571,0.9713909029960632,0.9427875876426697,0.028603315353393555,0.0005509257316589355,-0.004256546497344971,False,False,completed,True
v_6015d56a898aa0948639,a zebra bending down to drink water from a river,direct_exclude,start,0.9817591905593872,0.956881582736969,0.9682440757751465,0.9774531722068787,0.8144967555999756,0.16295641660690308,0.024877607822418213,0.013515114784240723,False,False,completed,True
v_67c0894760111d0087b6,a motorcycle accelerating to gain speed,direct_exclude,start,0.92059326171875,0.9227189421653748,0.9200850129127502,0.7869536280632019,0.6766632199287415,0.11029040813446045,0.002125680446624756,0.0005082488059997559,False,True,completed,True
v_6bee77846ce628e11d94,an elephant spraying itself with water using its trunk to cool down,direct_exclude,start,0.9835841059684753,0.9760319590568542,0.9662003517150879,0.9801599383354187,0.9359308481216431,0.044229090213775635,0.007552146911621094,0.01738375425338745,False,False,completed,True
v_6d2af08e0301e767c719,a cow running to join a herd of its kind,direct_exclude,start,0.9381388425827026,0.9387052655220032,0.8652362823486328,0.871242880821228,0.7005493640899658,0.1706935167312622,0.0005664229393005371,0.07290256023406982,False,True,completed,True
v_6ee4476dec8615e1535f,a zebra bending down to drink water from a river,direct_exclude,start,0.9657285213470459,0.9656866788864136,0.9695273041725159,0.964434027671814,0.882782518863678,0.08165150880813599,4.184246063232422e-05,-0.0037987828254699707,False,False,completed,True
v_74d5bd9982ed49689599,a truck turning a corner,direct_exclude,start,0.9701874256134033,0.9706344604492188,0.9699931740760803,0.9252806901931763,0.8362703323364258,0.08901035785675049,0.0004470348358154297,0.00019425153732299805,False,False,completed,True
v_795022cc03907dc7489e,an elephant spraying itself with water using its trunk to cool down,direct_exclude,start,0.960296094417572,0.9621905088424683,0.9621905088424683,0.9006173610687256,0.7843968868255615,0.11622047424316406,0.0018944144248962402,-0.0018944144248962402,False,True,completed,True
v_7959de66f76bf5fc41d9,a zebra bending down to drink water from a river,direct_exclude,start,0.9828632473945618,0.9829871654510498,0.9836671352386475,0.9712667465209961,0.9196377992630005,0.051628947257995605,0.0001239180564880371,-0.0008038878440856934,False,False,completed,True
v_82dc1689fd289adcc0d2,a zebra taking a peaceful walk,direct_exclude,start,0.9778921008110046,0.9761979579925537,0.9822272658348083,0.9754855632781982,0.9159506559371948,0.05953490734100342,0.0016941428184509277,-0.004335165023803711,False,False,completed,True
v_88720509dffa7aea9e30,a zebra bending down to drink water from a river,direct_exclude,start,0.9738063216209412,0.9741493463516235,0.9731284976005554,0.9799759387969971,0.9121063947677612,0.06786954402923584,0.00034302473068237305,0.0006778240203857422,False,False,completed,True
v_8887acf562b32cc84023,a zebra bending down to drink water from a river,direct_exclude,start,0.9334750771522522,0.9030027389526367,0.9205021262168884,0.9226030707359314,0.5943952202796936,0.3282078504562378,0.03047233819961548,0.01297295093536377,False,False,completed,True
v_8dca194984971f0a1124,a truck turning a corner,direct_exclude,start,0.9337459802627563,0.9357620477676392,0.9385960102081299,0.8681207299232483,0.7854428887367249,0.08267784118652344,0.0020160675048828125,-0.004850029945373535,False,False,completed,True
v_8e6a21dfeb7a106dae22,a zebra taking a peaceful walk,direct_exclude,start,0.9760703444480896,0.9643340110778809,0.9475455284118652,0.9702401757240295,0.9102954864501953,0.05994468927383423,0.01173633337020874,0.028524816036224365,False,False,completed,True
v_a18cdea6bd26987ddbc4,a cow running to join a herd of its kind,direct_exclude,start,0.9763433337211609,0.9741669297218323,0.9773399829864502,0.9539317488670349,0.8826276063919067,0.07130414247512817,0.0021764039993286133,-0.0009966492652893066,False,False,completed,True
v_a3b6d576bc5c5ef3517f,a zebra running to join a herd of its kind,direct_exclude,start,0.9438295960426331,0.9447168111801147,0.8707128763198853,0.9383728504180908,0.8865557312965393,0.051817119121551514,0.0008872151374816895,0.0731167197227478,False,False,completed,True
v_a522928f33a3f29c463c,a truck slowing down to stop,direct_exclude,start,0.9893493056297302,0.9867061972618103,0.9904673099517822,0.9741533398628235,0.8954675793647766,0.07868576049804688,0.002643108367919922,-0.001118004322052002,False,False,completed,True
v_a5b4d7c4b2a095c9e6cc,an elephant running to join a herd of its kind,direct_exclude,start,0.9817762970924377,0.9759356379508972,0.9382712841033936,0.9782154560089111,0.9388206005096436,0.03939485549926758,0.005840659141540527,0.04350501298904419,False,False,completed,True
v_aa14318968934ce72fb1,a zebra bending down to drink water from a river,direct_exclude,start,0.973966121673584,0.972710132598877,0.9849638938903809,0.9643047451972961,0.8643097877502441,0.099994957447052,0.0012559890747070312,-0.010997772216796875,False,False,completed,True
v_ad2f0d6ec69f9ff90382,a zebra taking a peaceful walk,direct_exclude,start,0.9869072437286377,0.9854736328125,0.9874535799026489,0.9837861657142639,0.9149706959724426,0.06881546974182129,0.0014336109161376953,-0.0005463361740112305,False,False,completed,True
v_b2657298416595015a2b,a zebra running to join a herd of its kind,direct_exclude,start,0.9221466779708862,0.9217407703399658,0.9329533576965332,0.8821325302124023,0.8135291337966919,0.06860339641571045,0.00040590763092041016,-0.010806679725646973,False,False,completed,True
v_bc950a10e74a0a5447f1,a zebra bending down to drink water from a river,direct_exclude,start,0.9756776690483093,0.9763626456260681,0.9790573120117188,0.9725489616394043,0.8785735368728638,0.09397542476654053,0.0006849765777587891,-0.003379642963409424,False,False,completed,True
v_bf4b3df29a9616bf26ae,a truck turning a corner,direct_exclude,start,0.9515529870986938,0.9514997601509094,0.9659363031387329,0.8850948214530945,0.755422830581665,0.12967199087142944,5.322694778442383e-05,-0.014383316040039062,False,True,completed,True
v_c41543fe72d2e5493d15,a truck slowing down to stop,direct_exclude,start,0.9834082722663879,0.9819586873054504,0.9879812598228455,0.9530027508735657,0.9158942699432373,0.03710848093032837,0.0014495849609375,-0.0045729875564575195,False,False,completed,True
v_c424c7aceaf2046394ad,a cow running to join a herd of its kind,direct_exclude,start,0.9763944745063782,0.975596010684967,0.875476062297821,0.9669449329376221,0.807241678237915,0.15970325469970703,0.0007984638214111328,0.10091841220855713,False,True,completed,True
v_c4de504a244d437ac3ad,a zebra bending down to drink water from a river,direct_exclude,start,0.9940760135650635,0.991468071937561,0.9944322109222412,0.994841992855072,0.9121608138084412,0.08268117904663086,0.0026079416275024414,-0.0003561973571777344,False,False,completed,True
v_cdab6ebfbdf88aa1365e,an elephant running to join a herd of its kind,direct_exclude,start,0.9607254266738892,0.9608128070831299,0.8344665765762329,0.9530994296073914,0.8504621386528015,0.10263729095458984,8.738040924072266e-05,0.12625885009765625,False,True,completed,True
v_d111e2d8975fa9b850b3,a zebra taking a peaceful walk,direct_exclude,start,0.9483411908149719,0.9447126984596252,0.9454692006111145,0.9036860466003418,0.8206138014793396,0.0830722451210022,0.0036284923553466797,0.002871990203857422,False,False,completed,True
v_d51186bcfc23e2a780ab,a truck slowing down to stop,direct_exclude,start,0.9643544554710388,0.982191264629364,0.9504911303520203,0.9112410545349121,0.8695520162582397,0.04168903827667236,0.017836809158325195,0.013863325119018555,False,False,completed,True
v_d86a4852b9a610b4e2ac,a motorcycle accelerating to gain speed,direct_exclude,start,0.9552143812179565,0.9548085331916809,0.9530850052833557,0.8991079330444336,0.8011007905006409,0.09800714254379272,0.00040584802627563477,0.00212937593460083,False,False,completed,True
v_e7e6381187b3421f31f4,a zebra taking a peaceful walk,direct_exclude,start,0.9758050441741943,0.9736703038215637,0.976140022277832,0.9502309560775757,0.9060448408126831,0.04418611526489258,0.0021347403526306152,-0.0003349781036376953,False,False,completed,True
v_e84cd21f77767e064452,an elephant running to join a herd of its kind,direct_exclude,start,0.8868926167488098,0.8872633576393127,0.8909590840339661,0.9618316292762756,0.790998637676239,0.17083299160003662,0.0003707408905029297,-0.00406646728515625,False,True,completed,True
v_f762ed821ba1fba906af,a zebra bending down to drink water from a river,direct_exclude,start,0.9867092370986938,0.9765522480010986,0.9856260418891907,0.9777792096138,0.9029129147529602,0.07486629486083984,0.010156989097595215,0.0010831952095031738,False,False,completed,True
v_f993f14cdb34fb8383ef,a zebra bending down to drink water from a river,direct_exclude,start,0.9814218878746033,0.9781179428100586,0.9835294485092163,0.9786093235015869,0.8968998193740845,0.08170950412750244,0.0033039450645446777,-0.002107560634613037,False,False,completed,True
v_fb03b6a21df9c0a51627,a cow running to join a herd of its kind,direct_exclude,start,0.9514460563659668,0.9499882459640503,0.8328391313552856,0.9386007189750671,0.8654695153236389,0.07313120365142822,0.001457810401916504,0.11860692501068115,False,False,completed,True
v_fc9b39a4b047b2db243c,an elephant spraying itself with water using its trunk to cool down,direct_exclude,start,0.9950287342071533,0.9875721335411072,0.9346970915794373,0.9937685132026672,0.9506339430809021,0.04313457012176514,0.007456600666046143,0.060331642627716064,False,False,completed,True
v_fef8070abcd8dcd3af47,a zebra taking a peaceful walk,direct_exclude,start,0.9282910823822021,0.928571343421936,0.9342737793922424,0.8663416504859924,0.7456777095794678,0.12066394090652466,0.0002802610397338867,-0.005982697010040283,False,True,completed,True
v_075ccc862d1b2d4936f0,an elephant running to join a herd of its kind,hybrid_zero,start,0.9630889296531677,0.9627994894981384,0.8383171558380127,0.9417819976806641,0.8923514485359192,0.04943054914474487,0.0002894401550292969,0.12477177381515503,False,False,completed,True
v_0925f4496cf55ade8e5d,an elephant spraying itself with water using its trunk to cool down,hybrid_zero,start,0.98935467004776,0.9890068173408508,0.8476720452308655,0.9881947040557861,0.9508606195449829,0.03733408451080322,0.0003478527069091797,0.14168262481689453,False,False,completed,True
v_0a1a6db568841167f9e8,a truck turning a corner,hybrid_zero,start,0.8892853260040283,0.884960949420929,0.7090519070625305,0.8972001075744629,0.706201434135437,0.19099867343902588,0.004324376583099365,0.1802334189414978,False,True,completed,True
v_10d250e1b4b4a6ec0a82,a cow running to join a herd of its kind,hybrid_zero,start,0.9591885805130005,0.9437912106513977,0.903526782989502,0.9442958235740662,0.8054091334342957,0.1388866901397705,0.015397369861602783,0.055661797523498535,False,False,completed,True
v_125269dc5fc640751fa4,a zebra running to join a herd of its kind,hybrid_zero,start,0.9697616100311279,0.9684513807296753,0.831048846244812,0.9459475874900818,0.8585266470909119,0.08742094039916992,0.0013102293014526367,0.13871276378631592,False,False,completed,True
v_13502c1b9c959957b46a,a zebra taking a peaceful walk,hybrid_zero,start,0.9967139363288879,0.9930884838104248,0.8426580429077148,0.997106671333313,0.9269951581954956,0.07011151313781738,0.0036254525184631348,0.1540558934211731,False,False,completed,True
v_1814b4d5b25ffa156aa6,an elephant running to join a herd of its kind,hybrid_zero,start,0.9690490961074829,0.9667909741401672,0.881164014339447,0.9329218864440918,0.875390887260437,0.057530999183654785,0.002258121967315674,0.08788508176803589,False,False,completed,True
v_22506cf5d5a1e6088fc8,a truck slowing down to stop,hybrid_zero,start,0.8691954612731934,0.8325988054275513,0.8413528800010681,0.7584022879600525,0.5965829491615295,0.16181933879852295,0.03659665584564209,0.027842581272125244,False,False,completed,True
v_2ac6cf025d5e88563949,a zebra running to join a herd of its kind,hybrid_zero,start,0.9500249624252319,0.9488847851753235,0.815826416015625,0.9185127019882202,0.859427809715271,0.05908489227294922,0.0011401772499084473,0.13419854640960693,False,False,completed,True
v_2fbefa11a17758f1cd8f,a zebra taking a peaceful walk,hybrid_zero,start,0.9445307850837708,0.9372467398643494,0.8545845746994019,0.9212554693222046,0.7663257718086243,0.15492969751358032,0.007284045219421387,0.0899462103843689,False,True,completed,True
v_304f65b790cd089803d4,a zebra bending down to drink water from a river,hybrid_zero,start,0.9545856714248657,0.9432104825973511,0.8186870813369751,0.9624999761581421,0.8149668574333191,0.147533118724823,0.011375188827514648,0.13589859008789062,False,False,completed,True
v_34025bb5b4d01c898f92,a motorcycle accelerating to gain speed,hybrid_zero,start,0.9564681053161621,0.9554476737976074,0.8743305802345276,0.9416208267211914,0.886849045753479,0.0547717809677124,0.0010204315185546875,0.08213752508163452,False,False,completed,True
v_355010ce10f66a681b88,a truck turning a corner,hybrid_zero,start,0.9635376334190369,0.9521507620811462,0.8482005596160889,0.9169105887413025,0.8241857886314392,0.09272480010986328,0.011386871337890625,0.115337073802948,False,False,completed,True
v_35d320b87cf1354b75ab,a zebra running to join a herd of its kind,hybrid_zero,start,0.9588550925254822,0.9578879475593567,0.7790801525115967,0.9490302205085754,0.8503267168998718,0.09870350360870361,0.0009671449661254883,0.1797749400138855,False,False,completed,True
v_38ae4c230155beb1b259,a zebra taking a peaceful walk,hybrid_zero,start,0.9856873154640198,0.9833893775939941,0.8414715528488159,0.98517906665802,0.9326372146606445,0.05254185199737549,0.0022979378700256348,0.14421576261520386,False,False,completed,True
v_3b6ddfc07cc98fcf9fa0,an elephant running to join a herd of its kind,hybrid_zero,start,0.9880058169364929,0.987526535987854,0.845444917678833,0.9849029779434204,0.951630175113678,0.03327280282974243,0.000479280948638916,0.1425608992576599,False,False,completed,True
v_427171327cff517973ed,a zebra bending down to drink water from a river,hybrid_zero,start,0.9852167367935181,0.9840272665023804,0.8504864573478699,0.9767624139785767,0.9160923361778259,0.06067007780075073,0.0011894702911376953,0.1347302794456482,False,False,completed,True
v_4719caef96c8df794757,an elephant running to join a herd of its kind,hybrid_zero,start,0.9782639741897583,0.9775775074958801,0.869547426700592,0.969979465007782,0.9177584052085876,0.052221059799194336,0.0006864666938781738,0.10871654748916626,False,False,completed,True
v_4d76a76426a219a5f1bb,a zebra bending down to drink water from a river,hybrid_zero,start,0.9782224893569946,0.9763674139976501,0.8589411377906799,0.9762669801712036,0.9300276041030884,0.046239376068115234,0.0018550753593444824,0.1192813515663147,False,False,completed,True
v_4e7cf3a0868b1b118f55,a zebra running to join a herd of its kind,hybrid_zero,start,0.9522103071212769,0.9501479268074036,0.8568049073219299,0.9482232928276062,0.8791743516921997,0.0690489411354065,0.002062380313873291,0.09540539979934692,False,False,completed,True
v_4f8abc7bb931501fb862,a truck slowing down to stop,hybrid_zero,start,0.9940704703330994,0.8850164413452148,0.9646368622779846,0.9710509777069092,0.7360753417015076,0.2349756360054016,0.10905402898788452,0.029433608055114746,False,False,completed,False
v_4ff816e35ca1960d8058,an elephant running to join a herd of its kind,hybrid_zero,start,0.9646567702293396,0.9645857214927673,0.8053589463233948,0.9487122297286987,0.8650139570236206,0.08369827270507812,7.104873657226562e-05,0.15929782390594482,False,False,completed,True
v_50b265d3f9ccf281a518,an elephant spraying itself with water using its trunk to cool down,hybrid_zero,start,0.9901018142700195,0.9813719987869263,0.8470095992088318,0.9922862648963928,0.9563887715339661,0.03589749336242676,0.008729815483093262,0.14309221506118774,False,False,completed,True
v_53b3d43654788945925c,a zebra running to join a herd of its kind,hybrid_zero,start,0.972172737121582,0.9680680632591248,0.811042308807373,0.9581042528152466,0.8574606776237488,0.1006435751914978,0.004104673862457275,0.16113042831420898,False,True,completed,True
v_55a4f07d56cda7470760,an elephant running to join a herd of its kind,hybrid_zero,start,0.9789860844612122,0.9784351587295532,0.8419169783592224,0.9713909029960632,0.9427875876426697,0.028603315353393555,0.0005509257316589355,0.13706910610198975,False,False,completed,True
v_6015d56a898aa0948639,a zebra bending down to drink water from a river,hybrid_zero,start,0.9817591905593872,0.956881582736969,0.8859208226203918,0.9774531722068787,0.8144967555999756,0.16295641660690308,0.024877607822418213,0.09583836793899536,False,False,completed,True
v_67c0894760111d0087b6,a motorcycle accelerating to gain speed,hybrid_zero,start,0.92059326171875,0.8692182302474976,0.8618500232696533,0.7869536280632019,0.6766632199287415,0.11029040813446045,0.05137503147125244,0.05874323844909668,False,False,completed,True
v_6bee77846ce628e11d94,an elephant spraying itself with water using its trunk to cool down,hybrid_zero,start,0.9835841059684753,0.9760319590568542,0.869084358215332,0.9801599383354187,0.9359308481216431,0.044229090213775635,0.007552146911621094,0.11449974775314331,False,False,completed,True
v_6d2af08e0301e767c719,a cow running to join a herd of its kind,hybrid_zero,start,0.9381388425827026,0.9331324696540833,0.8437922596931458,0.871242880821228,0.7005493640899658,0.1706935167312622,0.005006372928619385,0.09434658288955688,False,True,completed,True
v_6ee4476dec8615e1535f,a zebra bending down to drink water from a river,hybrid_zero,start,0.9657285213470459,0.9656866788864136,0.8747174739837646,0.964434027671814,0.882782518863678,0.08165150880813599,4.184246063232422e-05,0.09101104736328125,False,False,completed,True
v_74d5bd9982ed49689599,a truck turning a corner,hybrid_zero,start,0.9701874256134033,0.9706344604492188,0.8695688247680664,0.9252806901931763,0.8362703323364258,0.08901035785675049,0.0004470348358154297,0.10061860084533691,False,False,completed,True
v_795022cc03907dc7489e,an elephant spraying itself with water using its trunk to cool down,hybrid_zero,start,0.9523473978042603,0.9490475654602051,0.8722556233406067,0.9006173610687256,0.7843968868255615,0.11622047424316406,0.0032998323440551758,0.08009177446365356,False,True,completed,True
v_7959de66f76bf5fc41d9,a zebra bending down to drink water from a river,hybrid_zero,start,0.9828632473945618,0.9829871654510498,0.8762847185134888,0.9712667465209961,0.9196377992630005,0.051628947257995605,0.0001239180564880371,0.106578528881073,False,False,completed,True
v_82dc1689fd289adcc0d2,a zebra taking a peaceful walk,hybrid_zero,start,0.9778921008110046,0.9761979579925537,0.8342604637145996,0.9754855632781982,0.9159506559371948,0.05953490734100342,0.0016941428184509277,0.14363163709640503,False,False,completed,True
v_88720509dffa7aea9e30,a zebra bending down to drink water from a river,hybrid_zero,start,0.9738063216209412,0.9741493463516235,0.85809725522995,0.9799759387969971,0.9121063947677612,0.06786954402923584,0.00034302473068237305,0.11570906639099121,False,False,completed,True
v_8887acf562b32cc84023,a zebra bending down to drink water from a river,hybrid_zero,start,0.9334750771522522,0.9030027389526367,0.9205021262168884,0.9226030707359314,0.5943952202796936,0.3282078504562378,0.03047233819961548,0.01297295093536377,False,False,completed,True
v_8dca194984971f0a1124,a truck turning a corner,hybrid_zero,start,0.9337459802627563,0.9357620477676392,0.8207120299339294,0.8681207299232483,0.7854428887367249,0.08267784118652344,0.0020160675048828125,0.1130339503288269,False,False,completed,True
v_8e6a21dfeb7a106dae22,a zebra taking a peaceful walk,hybrid_zero,start,0.9760703444480896,0.9643340110778809,0.9097573757171631,0.9702401757240295,0.9102954864501953,0.05994468927383423,0.01173633337020874,0.06631296873092651,False,False,completed,True
v_a18cdea6bd26987ddbc4,a cow running to join a herd of its kind,hybrid_zero,start,0.9762948155403137,0.9742782115936279,0.8576053380966187,0.9539317488670349,0.8826276063919067,0.07130414247512817,0.002016603946685791,0.11868947744369507,False,False,completed,True
v_a3b6d576bc5c5ef3517f,a zebra running to join a herd of its kind,hybrid_zero,start,0.9438295960426331,0.9447168111801147,0.8445479273796082,0.9383728504180908,0.8865557312965393,0.051817119121551514,0.0008872151374816895,0.0992816686630249,False,False,completed,True
v_a522928f33a3f29c463c,a truck slowing down to stop,hybrid_zero,start,0.9893493056297302,0.9867061972618103,0.8246649503707886,0.9741533398628235,0.8954675793647766,0.07868576049804688,0.002643108367919922,0.16468435525894165,False,False,completed,True
v_a5b4d7c4b2a095c9e6cc,an elephant running to join a herd of its kind,hybrid_zero,start,0.9817762970924377,0.9759356379508972,0.865776777267456,0.9782154560089111,0.9388206005096436,0.03939485549926758,0.005840659141540527,0.11599951982498169,False,False,completed,True
v_aa14318968934ce72fb1,a zebra bending down to drink water from a river,hybrid_zero,start,0.973966121673584,0.972710132598877,0.8433724045753479,0.9643047451972961,0.8643097877502441,0.099994957447052,0.0012559890747070312,0.13059371709823608,False,False,completed,True
v_ad2f0d6ec69f9ff90382,a zebra taking a peaceful walk,hybrid_zero,start,0.9869072437286377,0.9854736328125,0.8389226794242859,0.9837861657142639,0.9149706959724426,0.06881546974182129,0.0014336109161376953,0.1479845643043518,False,False,completed,True
v_b2657298416595015a2b,a zebra running to join a herd of its kind,hybrid_zero,start,0.9221466779708862,0.9217407703399658,0.8063082695007324,0.8821325302124023,0.8135291337966919,0.06860339641571045,0.00040590763092041016,0.11583840847015381,False,False,completed,True
v_bc950a10e74a0a5447f1,a zebra bending down to drink water from a river,hybrid_zero,start,0.9756776690483093,0.9763626456260681,0.8183425068855286,0.9725489616394043,0.8785735368728638,0.09397542476654053,0.0006849765777587891,0.15733516216278076,False,False,completed,True
v_bf4b3df29a9616bf26ae,a truck turning a corner,hybrid_zero,start,0.9515529870986938,0.9514997601509094,0.8371441960334778,0.8850948214530945,0.755422830581665,0.12967199087142944,5.322694778442383e-05,0.11440879106521606,False,True,completed,True
v_c41543fe72d2e5493d15,a truck slowing down to stop,hybrid_zero,start,0.9834082722663879,0.9819586873054504,0.9008842706680298,0.9530027508735657,0.9158942699432373,0.03710848093032837,0.0014495849609375,0.08252400159835815,False,False,completed,True
v_c424c7aceaf2046394ad,a cow running to join a herd of its kind,hybrid_zero,start,0.9763944745063782,0.975596010684967,0.875476062297821,0.9669449329376221,0.807241678237915,0.15970325469970703,0.0007984638214111328,0.10091841220855713,False,True,completed,True
v_c4de504a244d437ac3ad,a zebra bending down to drink water from a river,hybrid_zero,start,0.9940760135650635,0.991468071937561,0.8266913890838623,0.994841992855072,0.9121608138084412,0.08268117904663086,0.0026079416275024414,0.16738462448120117,False,False,completed,True
v_cdab6ebfbdf88aa1365e,an elephant running to join a herd of its kind,hybrid_zero,start,0.9607254266738892,0.9608128070831299,0.8344665765762329,0.9530994296073914,0.8504621386528015,0.10263729095458984,8.738040924072266e-05,0.12625885009765625,False,True,completed,True
v_d111e2d8975fa9b850b3,a zebra taking a peaceful walk,hybrid_zero,start,0.9483411908149719,0.906829833984375,0.8627225756645203,0.9036860466003418,0.8206138014793396,0.0830722451210022,0.041511356830596924,0.08561861515045166,False,False,completed,True
v_d51186bcfc23e2a780ab,a truck slowing down to stop,hybrid_zero,start,0.9643544554710388,0.982191264629364,0.8531618118286133,0.9112410545349121,0.8695520162582397,0.04168903827667236,0.017836809158325195,0.11119264364242554,False,False,completed,True
v_d86a4852b9a610b4e2ac,a motorcycle accelerating to gain speed,hybrid_zero,start,0.9552143812179565,0.9548085331916809,0.8467294573783875,0.8991079330444336,0.8011007905006409,0.09800714254379272,0.00040584802627563477,0.10848492383956909,False,False,completed,True
v_e7e6381187b3421f31f4,a zebra taking a peaceful walk,hybrid_zero,start,0.9758050441741943,0.9736703038215637,0.8359667658805847,0.9502309560775757,0.9060448408126831,0.04418611526489258,0.0021347403526306152,0.13983827829360962,False,False,completed,True
v_e84cd21f77767e064452,an elephant running to join a herd of its kind,hybrid_zero,start,0.8868926167488098,0.8872633576393127,0.8562166094779968,0.9618316292762756,0.790998637676239,0.17083299160003662,0.0003707408905029297,0.03067600727081299,False,True,completed,True
v_f762ed821ba1fba906af,a zebra bending down to drink water from a river,hybrid_zero,start,0.9867092370986938,0.9765522480010986,0.8288573026657104,0.9777792096138,0.9029129147529602,0.07486629486083984,0.010156989097595215,0.1578519344329834,False,False,completed,True
v_f993f14cdb34fb8383ef,a zebra bending down to drink water from a river,hybrid_zero,start,0.9814218878746033,0.9781179428100586,0.8640438318252563,0.9786093235015869,0.8968998193740845,0.08170950412750244,0.0033039450645446777,0.11737805604934692,False,False,completed,True
v_fb03b6a21df9c0a51627,a cow running to join a herd of its kind,hybrid_zero,start,0.9514460563659668,0.9499882459640503,0.8328391313552856,0.9386007189750671,0.8654695153236389,0.07313120365142822,0.001457810401916504,0.11860692501068115,False,False,completed,True
v_fc9b39a4b047b2db243c,an elephant spraying itself with water using its trunk to cool down,hybrid_zero,start,0.9950287342071533,0.9875721335411072,0.844912588596344,0.9937685132026672,0.9506339430809021,0.04313457012176514,0.007456600666046143,0.15011614561080933,False,False,completed,True
v_fef8070abcd8dcd3af47,a zebra taking a peaceful walk,hybrid_zero,start,0.9282910823822021,0.9081080555915833,0.8443580865859985,0.8663416504859924,0.7456777095794678,0.12066394090652466,0.020183026790618896,0.08393299579620361,False,False,completed,True
v_075ccc862d1b2d4936f0,an elephant running to join a herd of its kind,hybrid_exclude,start,0.9630889296531677,0.9627994894981384,0.8383171558380127,0.9417819976806641,0.8923514485359192,0.04943054914474487,0.0002894401550292969,0.12477177381515503,False,False,completed,True
v_0925f4496cf55ade8e5d,an elephant spraying itself with water using its trunk to cool down,hybrid_exclude,start,0.98935467004776,0.9890068173408508,0.8476720452308655,0.9881947040557861,0.9508606195449829,0.03733408451080322,0.0003478527069091797,0.14168262481689453,False,False,completed,True
v_0a1a6db568841167f9e8,a truck turning a corner,hybrid_exclude,start,0.8892853260040283,0.884960949420929,0.7090519070625305,0.8972001075744629,0.706201434135437,0.19099867343902588,0.004324376583099365,0.1802334189414978,False,True,completed,True
v_10d250e1b4b4a6ec0a82,a cow running to join a herd of its kind,hybrid_exclude,start,0.9591885805130005,0.9437912106513977,0.903526782989502,0.9442958235740662,0.8054091334342957,0.1388866901397705,0.015397369861602783,0.055661797523498535,False,False,completed,True
v_125269dc5fc640751fa4,a zebra running to join a herd of its kind,hybrid_exclude,start,0.9697616100311279,0.9684513807296753,0.831048846244812,0.9459475874900818,0.8585266470909119,0.08742094039916992,0.0013102293014526367,0.13871276378631592,False,False,completed,True
v_13502c1b9c959957b46a,a zebra taking a peaceful walk,hybrid_exclude,start,0.9967139363288879,0.9930884838104248,0.8426580429077148,0.997106671333313,0.9269951581954956,0.07011151313781738,0.0036254525184631348,0.1540558934211731,False,False,completed,True
v_1814b4d5b25ffa156aa6,an elephant running to join a herd of its kind,hybrid_exclude,start,0.9690490961074829,0.9667909741401672,0.881164014339447,0.9329218864440918,0.875390887260437,0.057530999183654785,0.002258121967315674,0.08788508176803589,False,False,completed,True
v_22506cf5d5a1e6088fc8,a truck slowing down to stop,hybrid_exclude,start,0.8691954612731934,0.8325988054275513,0.8413528800010681,0.7584022879600525,0.5965829491615295,0.16181933879852295,0.03659665584564209,0.027842581272125244,False,False,completed,True
v_2ac6cf025d5e88563949,a zebra running to join a herd of its kind,hybrid_exclude,start,0.9500249624252319,0.9488847851753235,0.815826416015625,0.9185127019882202,0.859427809715271,0.05908489227294922,0.0011401772499084473,0.13419854640960693,False,False,completed,True
v_2fbefa11a17758f1cd8f,a zebra taking a peaceful walk,hybrid_exclude,start,0.9445307850837708,0.9372467398643494,0.8545845746994019,0.9212554693222046,0.7663257718086243,0.15492969751358032,0.007284045219421387,0.0899462103843689,False,True,completed,True
v_304f65b790cd089803d4,a zebra bending down to drink water from a river,hybrid_exclude,start,0.9545856714248657,0.9432104825973511,0.8186870813369751,0.9624999761581421,0.8149668574333191,0.147533118724823,0.011375188827514648,0.13589859008789062,False,False,completed,True
v_34025bb5b4d01c898f92,a motorcycle accelerating to gain speed,hybrid_exclude,start,0.9564681053161621,0.9554476737976074,0.8743305802345276,0.9416208267211914,0.886849045753479,0.0547717809677124,0.0010204315185546875,0.08213752508163452,False,False,completed,True
v_355010ce10f66a681b88,a truck turning a corner,hybrid_exclude,start,0.9635376334190369,0.9521507620811462,0.8482005596160889,0.9169105887413025,0.8241857886314392,0.09272480010986328,0.011386871337890625,0.115337073802948,False,False,completed,True
v_35d320b87cf1354b75ab,a zebra running to join a herd of its kind,hybrid_exclude,start,0.9588550925254822,0.9578879475593567,0.7790801525115967,0.9490302205085754,0.8503267168998718,0.09870350360870361,0.0009671449661254883,0.1797749400138855,False,False,completed,True
v_38ae4c230155beb1b259,a zebra taking a peaceful walk,hybrid_exclude,start,0.9856873154640198,0.9833893775939941,0.8414715528488159,0.98517906665802,0.9326372146606445,0.05254185199737549,0.0022979378700256348,0.14421576261520386,False,False,completed,True
v_3b6ddfc07cc98fcf9fa0,an elephant running to join a herd of its kind,hybrid_exclude,start,0.9880058169364929,0.987526535987854,0.845444917678833,0.9849029779434204,0.951630175113678,0.03327280282974243,0.000479280948638916,0.1425608992576599,False,False,completed,True
v_427171327cff517973ed,a zebra bending down to drink water from a river,hybrid_exclude,start,0.9852167367935181,0.9840272665023804,0.8504864573478699,0.9767624139785767,0.9160923361778259,0.06067007780075073,0.0011894702911376953,0.1347302794456482,False,False,completed,True
v_4719caef96c8df794757,an elephant running to join a herd of its kind,hybrid_exclude,start,0.9782639741897583,0.9775775074958801,0.869547426700592,0.969979465007782,0.9177584052085876,0.052221059799194336,0.0006864666938781738,0.10871654748916626,False,False,completed,True
v_4d76a76426a219a5f1bb,a zebra bending down to drink water from a river,hybrid_exclude,start,0.9782224893569946,0.9763674139976501,0.8589411377906799,0.9762669801712036,0.9300276041030884,0.046239376068115234,0.0018550753593444824,0.1192813515663147,False,False,completed,True
v_4e7cf3a0868b1b118f55,a zebra running to join a herd of its kind,hybrid_exclude,start,0.9522103071212769,0.9501479268074036,0.8568049073219299,0.9482232928276062,0.8791743516921997,0.0690489411354065,0.002062380313873291,0.09540539979934692,False,False,completed,True
v_4f8abc7bb931501fb862,a truck slowing down to stop,hybrid_exclude,start,0.9940704703330994,0.8850164413452148,0.9646368622779846,0.9710509777069092,0.7360753417015076,0.2349756360054016,0.10905402898788452,0.029433608055114746,False,False,completed,False
v_4ff816e35ca1960d8058,an elephant running to join a herd of its kind,hybrid_exclude,start,0.9646567702293396,0.9645857214927673,0.8053589463233948,0.9487122297286987,0.8650139570236206,0.08369827270507812,7.104873657226562e-05,0.15929782390594482,False,False,completed,True
v_50b265d3f9ccf281a518,an elephant spraying itself with water using its trunk to cool down,hybrid_exclude,start,0.9901018142700195,0.9813719987869263,0.8470095992088318,0.9922862648963928,0.9563887715339661,0.03589749336242676,0.008729815483093262,0.14309221506118774,False,False,completed,True
v_53b3d43654788945925c,a zebra running to join a herd of its kind,hybrid_exclude,start,0.972172737121582,0.9680680632591248,0.811042308807373,0.9581042528152466,0.8574606776237488,0.1006435751914978,0.004104673862457275,0.16113042831420898,False,True,completed,True
v_55a4f07d56cda7470760,an elephant running to join a herd of its kind,hybrid_exclude,start,0.9789860844612122,0.9784351587295532,0.8419169783592224,0.9713909029960632,0.9427875876426697,0.028603315353393555,0.0005509257316589355,0.13706910610198975,False,False,completed,True
v_6015d56a898aa0948639,a zebra bending down to drink water from a river,hybrid_exclude,start,0.9817591905593872,0.956881582736969,0.8859208226203918,0.9774531722068787,0.8144967555999756,0.16295641660690308,0.024877607822418213,0.09583836793899536,False,False,completed,True
v_67c0894760111d0087b6,a motorcycle accelerating to gain speed,hybrid_exclude,start,0.92059326171875,0.8692182302474976,0.8618500232696533,0.7869536280632019,0.6766632199287415,0.11029040813446045,0.05137503147125244,0.05874323844909668,False,False,completed,True
v_6bee77846ce628e11d94,an elephant spraying itself with water using its trunk to cool down,hybrid_exclude,start,0.9835841059684753,0.9760319590568542,0.869084358215332,0.9801599383354187,0.9359308481216431,0.044229090213775635,0.007552146911621094,0.11449974775314331,False,False,completed,True
v_6d2af08e0301e767c719,a cow running to join a herd of its kind,hybrid_exclude,start,0.9381388425827026,0.9331324696540833,0.8437922596931458,0.871242880821228,0.7005493640899658,0.1706935167312622,0.005006372928619385,0.09434658288955688,False,True,completed,True
v_6ee4476dec8615e1535f,a zebra bending down to drink water from a river,hybrid_exclude,start,0.9657285213470459,0.9656866788864136,0.8747174739837646,0.964434027671814,0.882782518863678,0.08165150880813599,4.184246063232422e-05,0.09101104736328125,False,False,completed,True
v_74d5bd9982ed49689599,a truck turning a corner,hybrid_exclude,start,0.9701874256134033,0.9706344604492188,0.8695688247680664,0.9252806901931763,0.8362703323364258,0.08901035785675049,0.0004470348358154297,0.10061860084533691,False,False,completed,True
v_795022cc03907dc7489e,an elephant spraying itself with water using its trunk to cool down,hybrid_exclude,start,0.9523473978042603,0.9490475654602051,0.8722556233406067,0.9006173610687256,0.7843968868255615,0.11622047424316406,0.0032998323440551758,0.08009177446365356,False,True,completed,True
v_7959de66f76bf5fc41d9,a zebra bending down to drink water from a river,hybrid_exclude,start,0.9828632473945618,0.9829871654510498,0.8762847185134888,0.9712667465209961,0.9196377992630005,0.051628947257995605,0.0001239180564880371,0.106578528881073,False,False,completed,True
v_82dc1689fd289adcc0d2,a zebra taking a peaceful walk,hybrid_exclude,start,0.9778921008110046,0.9761979579925537,0.8342604637145996,0.9754855632781982,0.9159506559371948,0.05953490734100342,0.0016941428184509277,0.14363163709640503,False,False,completed,True
v_88720509dffa7aea9e30,a zebra bending down to drink water from a river,hybrid_exclude,start,0.9738063216209412,0.9741493463516235,0.85809725522995,0.9799759387969971,0.9121063947677612,0.06786954402923584,0.00034302473068237305,0.11570906639099121,False,False,completed,True
v_8887acf562b32cc84023,a zebra bending down to drink water from a river,hybrid_exclude,start,0.9334750771522522,0.9030027389526367,0.9205021262168884,0.9226030707359314,0.5943952202796936,0.3282078504562378,0.03047233819961548,0.01297295093536377,False,False,completed,True
v_8dca194984971f0a1124,a truck turning a corner,hybrid_exclude,start,0.9337459802627563,0.9357620477676392,0.8207120299339294,0.8681207299232483,0.7854428887367249,0.08267784118652344,0.0020160675048828125,0.1130339503288269,False,False,completed,True
v_8e6a21dfeb7a106dae22,a zebra taking a peaceful walk,hybrid_exclude,start,0.9760703444480896,0.9643340110778809,0.9097573757171631,0.9702401757240295,0.9102954864501953,0.05994468927383423,0.01173633337020874,0.06631296873092651,False,False,completed,True
v_a18cdea6bd26987ddbc4,a cow running to join a herd of its kind,hybrid_exclude,start,0.9762948155403137,0.9742782115936279,0.8576053380966187,0.9539317488670349,0.8826276063919067,0.07130414247512817,0.002016603946685791,0.11868947744369507,False,False,completed,True
v_a3b6d576bc5c5ef3517f,a zebra running to join a herd of its kind,hybrid_exclude,start,0.9438295960426331,0.9447168111801147,0.8445479273796082,0.9383728504180908,0.8865557312965393,0.051817119121551514,0.0008872151374816895,0.0992816686630249,False,False,completed,True
v_a522928f33a3f29c463c,a truck slowing down to stop,hybrid_exclude,start,0.9893493056297302,0.9867061972618103,0.8246649503707886,0.9741533398628235,0.8954675793647766,0.07868576049804688,0.002643108367919922,0.16468435525894165,False,False,completed,True
v_a5b4d7c4b2a095c9e6cc,an elephant running to join a herd of its kind,hybrid_exclude,start,0.9817762970924377,0.9759356379508972,0.865776777267456,0.9782154560089111,0.9388206005096436,0.03939485549926758,0.005840659141540527,0.11599951982498169,False,False,completed,True
v_aa14318968934ce72fb1,a zebra bending down to drink water from a river,hybrid_exclude,start,0.973966121673584,0.972710132598877,0.8433724045753479,0.9643047451972961,0.8643097877502441,0.099994957447052,0.0012559890747070312,0.13059371709823608,False,False,completed,True
v_ad2f0d6ec69f9ff90382,a zebra taking a peaceful walk,hybrid_exclude,start,0.9869072437286377,0.9854736328125,0.8389226794242859,0.9837861657142639,0.9149706959724426,0.06881546974182129,0.0014336109161376953,0.1479845643043518,False,False,completed,True
v_b2657298416595015a2b,a zebra running to join a herd of its kind,hybrid_exclude,start,0.9221466779708862,0.9217407703399658,0.8063082695007324,0.8821325302124023,0.8135291337966919,0.06860339641571045,0.00040590763092041016,0.11583840847015381,False,False,completed,True
v_bc950a10e74a0a5447f1,a zebra bending down to drink water from a river,hybrid_exclude,start,0.9756776690483093,0.9763626456260681,0.8183425068855286,0.9725489616394043,0.8785735368728638,0.09397542476654053,0.0006849765777587891,0.15733516216278076,False,False,completed,True
v_bf4b3df29a9616bf26ae,a truck turning a corner,hybrid_exclude,start,0.9515529870986938,0.9514997601509094,0.8371441960334778,0.8850948214530945,0.755422830581665,0.12967199087142944,5.322694778442383e-05,0.11440879106521606,False,True,completed,True
v_c41543fe72d2e5493d15,a truck slowing down to stop,hybrid_exclude,start,0.9834082722663879,0.9819586873054504,0.9008842706680298,0.9530027508735657,0.9158942699432373,0.03710848093032837,0.0014495849609375,0.08252400159835815,False,False,completed,True
v_c424c7aceaf2046394ad,a cow running to join a herd of its kind,hybrid_exclude,start,0.9763944745063782,0.975596010684967,0.875476062297821,0.9669449329376221,0.807241678237915,0.15970325469970703,0.0007984638214111328,0.10091841220855713,False,True,completed,True
v_c4de504a244d437ac3ad,a zebra bending down to drink water from a river,hybrid_exclude,start,0.9940760135650635,0.991468071937561,0.8266913890838623,0.994841992855072,0.9121608138084412,0.08268117904663086,0.0026079416275024414,0.16738462448120117,False,False,completed,True
v_cdab6ebfbdf88aa1365e,an elephant running to join a herd of its kind,hybrid_exclude,start,0.9607254266738892,0.9608128070831299,0.8344665765762329,0.9530994296073914,0.8504621386528015,0.10263729095458984,8.738040924072266e-05,0.12625885009765625,False,True,completed,True
v_d111e2d8975fa9b850b3,a zebra taking a peaceful walk,hybrid_exclude,start,0.9483411908149719,0.906829833984375,0.8627225756645203,0.9036860466003418,0.8206138014793396,0.0830722451210022,0.041511356830596924,0.08561861515045166,False,False,completed,True
v_d51186bcfc23e2a780ab,a truck slowing down to stop,hybrid_exclude,start,0.9643544554710388,0.982191264629364,0.8531618118286133,0.9112410545349121,0.8695520162582397,0.04168903827667236,0.017836809158325195,0.11119264364242554,False,False,completed,True
v_d86a4852b9a610b4e2ac,a motorcycle accelerating to gain speed,hybrid_exclude,start,0.9552143812179565,0.9548085331916809,0.8467294573783875,0.8991079330444336,0.8011007905006409,0.09800714254379272,0.00040584802627563477,0.10848492383956909,False,False,completed,True
v_e7e6381187b3421f31f4,a zebra taking a peaceful walk,hybrid_exclude,start,0.9758050441741943,0.9736703038215637,0.8359667658805847,0.9502309560775757,0.9060448408126831,0.04418611526489258,0.0021347403526306152,0.13983827829360962,False,False,completed,True
v_e84cd21f77767e064452,an elephant running to join a herd of its kind,hybrid_exclude,start,0.8868926167488098,0.8872633576393127,0.8562166094779968,0.9618316292762756,0.790998637676239,0.17083299160003662,0.0003707408905029297,0.03067600727081299,False,True,completed,True
v_f762ed821ba1fba906af,a zebra bending down to drink water from a river,hybrid_exclude,start,0.9867092370986938,0.9765522480010986,0.8288573026657104,0.9777792096138,0.9029129147529602,0.07486629486083984,0.010156989097595215,0.1578519344329834,False,False,completed,True
v_f993f14cdb34fb8383ef,a zebra bending down to drink water from a river,hybrid_exclude,start,0.9814218878746033,0.9781179428100586,0.8640438318252563,0.9786093235015869,0.8968998193740845,0.08170950412750244,0.0033039450645446777,0.11737805604934692,False,False,completed,True
v_fb03b6a21df9c0a51627,a cow running to join a herd of its kind,hybrid_exclude,start,0.9514460563659668,0.9499882459640503,0.8328391313552856,0.9386007189750671,0.8654695153236389,0.07313120365142822,0.001457810401916504,0.11860692501068115,False,False,completed,True
v_fc9b39a4b047b2db243c,an elephant spraying itself with water using its trunk to cool down,hybrid_exclude,start,0.9950287342071533,0.9875721335411072,0.844912588596344,0.9937685132026672,0.9506339430809021,0.04313457012176514,0.007456600666046143,0.15011614561080933,False,False,completed,True
v_fef8070abcd8dcd3af47,a zebra taking a peaceful walk,hybrid_exclude,start,0.9282910823822021,0.9081080555915833,0.8443580865859985,0.8663416504859924,0.7456777095794678,0.12066394090652466,0.020183026790618896,0.08393299579620361,False,False,completed,True
v_075ccc862d1b2d4936f0,an elephant running to join a herd of its kind,direct_zero,middle,0.9630889296531677,0.962742269039154,0.8520931601524353,0.9417819976806641,0.9128097891807556,0.028972208499908447,0.0003466606140136719,0.11099576950073242,False,False,completed,True
v_0925f4496cf55ade8e5d,an elephant spraying itself with water using its trunk to cool down,direct_zero,middle,0.98935467004776,0.9866204261779785,0.6797491908073425,0.9881947040557861,0.9688540697097778,0.0193406343460083,0.002734243869781494,0.3096054792404175,False,False,completed,True
v_0a1a6db568841167f9e8,a truck turning a corner,direct_zero,middle,0.7832257747650146,0.7806839346885681,0.4168933033943176,0.8972001075744629,0.7981710433959961,0.0990290641784668,0.002541840076446533,0.366332471370697,False,False,completed,True
v_10d250e1b4b4a6ec0a82,a cow running to join a herd of its kind,direct_zero,middle,0.9591885805130005,0.9386562705039978,0.9165752530097961,0.9442958235740662,0.8615908026695251,0.08270502090454102,0.020532310009002686,0.042613327503204346,False,False,completed,True
v_125269dc5fc640751fa4,a zebra running to join a herd of its kind,direct_zero,middle,0.9697616100311279,0.9688266515731812,0.5322958827018738,0.9459475874900818,0.908256471157074,0.03769111633300781,0.0009349584579467773,0.43746572732925415,False,False,completed,True
v_13502c1b9c959957b46a,a zebra taking a peaceful walk,direct_zero,middle,0.9967139363288879,0.9926572442054749,0.548169732093811,0.997106671333313,0.9632741212844849,0.033832550048828125,0.004056692123413086,0.4485442042350769,False,False,completed,True
v_1814b4d5b25ffa156aa6,an elephant running to join a herd of its kind,direct_zero,middle,0.9690490961074829,0.9669535756111145,0.837766706943512,0.9329218864440918,0.9156540632247925,0.017267823219299316,0.002095520496368408,0.13128238916397095,False,False,completed,True
v_22506cf5d5a1e6088fc8,a truck slowing down to stop,direct_zero,middle,0.8691954612731934,0.5614812970161438,0.7527182698249817,0.7584022879600525,0.6633264422416687,0.09507584571838379,0.30771416425704956,0.11647719144821167,False,False,completed,True
v_2ac6cf025d5e88563949,a zebra running to join a herd of its kind,direct_zero,middle,0.9500249624252319,0.9490814805030823,0.5239045023918152,0.9185127019882202,0.8833000659942627,0.03521263599395752,0.0009434819221496582,0.42612046003341675,False,False,completed,True
v_2fbefa11a17758f1cd8f,a zebra taking a peaceful walk,direct_zero,middle,0.9445307850837708,0.9414812922477722,0.6799780130386353,0.9212554693222046,0.8592905402183533,0.06196492910385132,0.003049492835998535,0.2645527720451355,False,False,completed,True
v_304f65b790cd089803d4,a zebra bending down to drink water from a river,direct_zero,middle,0.9545856714248657,0.9435728788375854,0.5231435298919678,0.9624999761581421,0.8930643796920776,0.06943559646606445,0.011012792587280273,0.43144214153289795,False,False,completed,True
v_34025bb5b4d01c898f92,a motorcycle accelerating to gain speed,direct_zero,middle,0.9564681053161621,0.9533853530883789,0.5425961017608643,0.9416208267211914,0.9211914539337158,0.020429372787475586,0.003082752227783203,0.41387200355529785,False,False,completed,True
v_355010ce10f66a681b88,a truck turning a corner,direct_zero,middle,0.9635376334190369,0.9592529535293579,0.5286144018173218,0.9169105887413025,0.8902531266212463,0.026657462120056152,0.004284679889678955,0.4349232316017151,False,False,completed,True
v_35d320b87cf1354b75ab,a zebra running to join a herd of its kind,direct_zero,middle,0.9588550925254822,0.9590621590614319,0.5310264825820923,0.9490302205085754,0.9046167135238647,0.04441350698471069,0.00020706653594970703,0.4278286099433899,False,False,completed,True
v_38ae4c230155beb1b259,a zebra taking a peaceful walk,direct_zero,middle,0.9856873154640198,0.9851730465888977,0.5420722365379333,0.98517906665802,0.9615530371665955,0.02362602949142456,0.0005142688751220703,0.4436150789260864,False,False,completed,True
v_3b6ddfc07cc98fcf9fa0,an elephant running to join a herd of its kind,direct_zero,middle,0.9880058169364929,0.987851619720459,0.8241502642631531,0.9849029779434204,0.969648003578186,0.015254974365234375,0.00015419721603393555,0.16385555267333984,False,False,completed,True
v_427171327cff517973ed,a zebra bending down to drink water from a river,direct_zero,middle,0.9852167367935181,0.9839082360267639,0.5410616993904114,0.9767624139785767,0.9461359977722168,0.030626416206359863,0.0013085007667541504,0.4441550374031067,False,False,completed,True
v_4719caef96c8df794757,an elephant running to join a herd of its kind,direct_zero,middle,0.9782639741897583,0.9784224629402161,0.8761636018753052,0.969979465007782,0.9477419257164001,0.022237539291381836,0.00015848875045776367,0.10210037231445312,False,False,completed,True
v_4d76a76426a219a5f1bb,a zebra bending down to drink water from a river,direct_zero,middle,0.9782224893569946,0.9775223135948181,0.5563910603523254,0.9762669801712036,0.9558696150779724,0.0203973650932312,0.0007001757621765137,0.4218314290046692,False,False,completed,True
v_4e7cf3a0868b1b118f55,a zebra running to join a herd of its kind,direct_zero,middle,0.9522103071212769,0.9504151940345764,0.5990914702415466,0.9482232928276062,0.917809009552002,0.030414283275604248,0.0017951130867004395,0.3531188368797302,False,False,completed,True
v_4f8abc7bb931501fb862,a truck slowing down to stop,direct_zero,middle,0.9940704703330994,0.7006932497024536,0.915092945098877,0.9710509777069092,0.8996484279632568,0.07140254974365234,0.29337722063064575,0.07897752523422241,False,False,completed,False
v_4ff816e35ca1960d8058,an elephant running to join a herd of its kind,direct_zero,middle,0.9646567702293396,0.9651584029197693,0.8318284749984741,0.9487122297286987,0.9121847748756409,0.03652745485305786,0.0005016326904296875,0.13282829523086548,False,False,completed,True
v_50b265d3f9ccf281a518,an elephant spraying itself with water using its trunk to cool down,direct_zero,middle,0.9901018142700195,0.9828479290008545,0.607937753200531,0.9922862648963928,0.9755533337593079,0.01673293113708496,0.007253885269165039,0.3821640610694885,False,False,completed,True
v_53b3d43654788945925c,a zebra running to join a herd of its kind,direct_zero,middle,0.972172737121582,0.9649897813796997,0.5341596603393555,0.9581042528152466,0.91292804479599,0.04517620801925659,0.007182955741882324,0.43801307678222656,False,False,completed,True
v_55a4f07d56cda7470760,an elephant running to join a herd of its kind,direct_zero,middle,0.9789860844612122,0.977896511554718,0.6015465259552002,0.9713909029960632,0.9519089460372925,0.019481956958770752,0.0010895729064941406,0.37743955850601196,False,False,completed,True
v_6015d56a898aa0948639,a zebra bending down to drink water from a river,direct_zero,middle,0.9817591905593872,0.9174503087997437,0.6478915810585022,0.9774531722068787,0.9346516132354736,0.04280155897140503,0.06430888175964355,0.333867609500885,False,False,completed,True
v_67c0894760111d0087b6,a motorcycle accelerating to gain speed,direct_zero,middle,0.92059326171875,0.921631395816803,0.5040352940559387,0.7869536280632019,0.755790114402771,0.031163513660430908,0.0010381340980529785,0.4165579676628113,False,False,completed,True
v_6bee77846ce628e11d94,an elephant spraying itself with water using its trunk to cool down,direct_zero,middle,0.9835841059684753,0.9688091278076172,0.62786465883255,0.9801599383354187,0.9500394463539124,0.030120491981506348,0.014774978160858154,0.3557194471359253,False,False,completed,True
v_6d2af08e0301e767c719,a cow running to join a herd of its kind,direct_zero,middle,0.9381388425827026,0.9374849796295166,0.8495727777481079,0.871242880821228,0.7971887588500977,0.07405412197113037,0.0006538629531860352,0.08856606483459473,False,False,completed,True
v_6ee4476dec8615e1535f,a zebra bending down to drink water from a river,direct_zero,middle,0.9657285213470459,0.9656318426132202,0.5478355288505554,0.964434027671814,0.9355262517929077,0.02890777587890625,9.66787338256836e-05,0.4178929924964905,False,False,completed,True
v_74d5bd9982ed49689599,a truck turning a corner,direct_zero,middle,0.9701874256134033,0.9702586531639099,0.5328681468963623,0.9252806901931763,0.8705189824104309,0.05476170778274536,7.12275505065918e-05,0.437319278717041,False,False,completed,True
v_795022cc03907dc7489e,an elephant spraying itself with water using its trunk to cool down,direct_zero,middle,0.24734899401664734,0.21913476288318634,0.12070617079734802,0.9006173610687256,0.8624638319015503,0.03815352916717529,0.028214231133461,0.12664282321929932,False,False,completed,True
v_7959de66f76bf5fc41d9,a zebra bending down to drink water from a river,direct_zero,middle,0.9828632473945618,0.9832535982131958,0.5588856935501099,0.9712667465209961,0.9532992243766785,0.017967522144317627,0.0003903508186340332,0.4239775538444519,False,False,completed,True
v_82dc1689fd289adcc0d2,a zebra taking a peaceful walk,direct_zero,middle,0.9778921008110046,0.9776456356048584,0.5371137261390686,0.9754855632781982,0.9499823451042175,0.025503218173980713,0.00024646520614624023,0.44077837467193604,False,False,completed,True
v_88720509dffa7aea9e30,a zebra bending down to drink water from a river,direct_zero,middle,0.9738063216209412,0.9728988409042358,0.5350083708763123,0.9799759387969971,0.9473423957824707,0.03263354301452637,0.0009074807167053223,0.4387979507446289,False,False,completed,True
v_8887acf562b32cc84023,a zebra bending down to drink water from a river,direct_zero,middle,0.9334750771522522,0.8084923624992371,0.8088836669921875,0.9226030707359314,0.8308297991752625,0.09177327156066895,0.12498271465301514,0.1245914101600647,False,False,completed,True
v_8dca194984971f0a1124,a truck turning a corner,direct_zero,middle,0.9337459802627563,0.9171112179756165,0.5093067288398743,0.8681207299232483,0.8358290791511536,0.03229165077209473,0.016634762287139893,0.4244392514228821,False,False,completed,True
v_8e6a21dfeb7a106dae22,a zebra taking a peaceful walk,direct_zero,middle,0.9760703444480896,0.9605769515037537,0.8787081241607666,0.9702401757240295,0.947573184967041,0.022666990756988525,0.015493392944335938,0.097362220287323,False,False,completed,True
v_a18cdea6bd26987ddbc4,a cow running to join a herd of its kind,direct_zero,middle,0.8598477840423584,0.8551621437072754,0.46766138076782227,0.9539317488670349,0.9288480877876282,0.02508366107940674,0.004685640335083008,0.39218640327453613,False,False,completed,True
v_a3b6d576bc5c5ef3517f,a zebra running to join a herd of its kind,direct_zero,middle,0.9438295960426331,0.9419271945953369,0.5893051028251648,0.9383728504180908,0.9178263545036316,0.02054649591445923,0.0019024014472961426,0.35452449321746826,False,False,completed,True
v_a522928f33a3f29c463c,a truck slowing down to stop,direct_zero,middle,0.9893493056297302,0.9859509468078613,0.543546199798584,0.9741533398628235,0.9425485730171204,0.031604766845703125,0.0033983588218688965,0.44580310583114624,False,False,completed,True
v_a5b4d7c4b2a095c9e6cc,an elephant running to join a herd of its kind,direct_zero,middle,0.9817762970924377,0.9744895100593567,0.6967847943305969,0.9782154560089111,0.9629001021385193,0.015315353870391846,0.007286787033081055,0.2849915027618408,False,False,completed,True
v_aa14318968934ce72fb1,a zebra bending down to drink water from a river,direct_zero,middle,0.973966121673584,0.9698869585990906,0.533784031867981,0.9643047451972961,0.9225031137466431,0.041801631450653076,0.004079163074493408,0.440182089805603,False,False,completed,True
v_ad2f0d6ec69f9ff90382,a zebra taking a peaceful walk,direct_zero,middle,0.9869072437286377,0.9843986630439758,0.5426084995269775,0.9837861657142639,0.9491942524909973,0.0345919132232666,0.0025085806846618652,0.44429874420166016,False,False,completed,True
v_b2657298416595015a2b,a zebra running to join a herd of its kind,direct_zero,middle,0.9221466779708862,0.920199453830719,0.5119274854660034,0.8821325302124023,0.8337770104408264,0.04835551977157593,0.0019472241401672363,0.4102191925048828,False,False,completed,True
v_bc950a10e74a0a5447f1,a zebra bending down to drink water from a river,direct_zero,middle,0.9756776690483093,0.9740997552871704,0.536416232585907,0.9725489616394043,0.9232771992683411,0.04927176237106323,0.001577913761138916,0.43926143646240234,False,False,completed,True
v_bf4b3df29a9616bf26ae,a truck turning a corner,direct_zero,middle,0.9515529870986938,0.9501432180404663,0.5194674730300903,0.8850948214530945,0.8108173608779907,0.07427746057510376,0.001409769058227539,0.4320855140686035,False,False,completed,True
v_c41543fe72d2e5493d15,a truck slowing down to stop,direct_zero,middle,0.9834082722663879,0.9815629124641418,0.6330342292785645,0.9530027508735657,0.9279801845550537,0.025022566318511963,0.0018453598022460938,0.3503740429878235,False,False,completed,True
v_c424c7aceaf2046394ad,a cow running to join a herd of its kind,direct_zero,middle,0.9763944745063782,0.9747448563575745,0.8725829720497131,0.9669449329376221,0.8923825621604919,0.07456237077713013,0.001649618148803711,0.10381150245666504,False,False,completed,True
v_c4de504a244d437ac3ad,a zebra bending down to drink water from a river,direct_zero,middle,0.9940760135650635,0.9911165237426758,0.5466642379760742,0.994841992855072,0.9458056092262268,0.049036383628845215,0.0029594898223876953,0.44741177558898926,False,False,completed,True
v_cdab6ebfbdf88aa1365e,an elephant running to join a herd of its kind,direct_zero,middle,0.9607254266738892,0.9608181715011597,0.8453503251075745,0.9530994296073914,0.8970373868942261,0.05606204271316528,9.274482727050781e-05,0.1153751015663147,False,False,completed,True
v_d111e2d8975fa9b850b3,a zebra taking a peaceful walk,direct_zero,middle,0.9483411908149719,0.9433081150054932,0.6037672758102417,0.9036860466003418,0.8584465980529785,0.04523944854736328,0.00503307580947876,0.3445739150047302,False,False,completed,True
v_d51186bcfc23e2a780ab,a truck slowing down to stop,direct_zero,middle,0.9643544554710388,0.9642865657806396,0.5272865295410156,0.9112410545349121,0.8716952800750732,0.03954577445983887,6.788969039916992e-05,0.4370679259300232,False,False,completed,True
v_d86a4852b9a610b4e2ac,a motorcycle accelerating to gain speed,direct_zero,middle,0.9552143812179565,0.9548308849334717,0.5227262377738953,0.8991079330444336,0.8629534244537354,0.03615450859069824,0.0003834962844848633,0.4324881434440613,False,False,completed,True
v_e7e6381187b3421f31f4,a zebra taking a peaceful walk,direct_zero,middle,0.9758050441741943,0.9736459851264954,0.5364276170730591,0.9502309560775757,0.9255211353302002,0.02470982074737549,0.0021590590476989746,0.43937742710113525,False,False,completed,True
v_e84cd21f77767e064452,an elephant running to join a herd of its kind,direct_zero,middle,0.8868926167488098,0.7729970812797546,0.6331197619438171,0.9618316292762756,0.8763224482536316,0.08550918102264404,0.11389553546905518,0.2537728548049927,False,False,completed,True
v_f762ed821ba1fba906af,a zebra bending down to drink water from a river,direct_zero,middle,0.9867092370986938,0.9800233840942383,0.5427852272987366,0.9777792096138,0.9403358697891235,0.037443339824676514,0.006685853004455566,0.4439240097999573,False,False,completed,True
v_f993f14cdb34fb8383ef,a zebra bending down to drink water from a river,direct_zero,middle,0.9814218878746033,0.9782984256744385,0.5400670170783997,0.9786093235015869,0.9359763264656067,0.042632997035980225,0.003123462200164795,0.4413548707962036,False,False,completed,True
v_fb03b6a21df9c0a51627,a cow running to join a herd of its kind,direct_zero,middle,0.9514460563659668,0.9415115118026733,0.8466508388519287,0.9386007189750671,0.8664149641990662,0.07218575477600098,0.009934544563293457,0.10479521751403809,False,False,completed,True
v_fc9b39a4b047b2db243c,an elephant spraying itself with water using its trunk to cool down,direct_zero,middle,0.9950287342071533,0.9880107045173645,0.607851505279541,0.9937685132026672,0.9743756055831909,0.01939290761947632,0.007018029689788818,0.3871772289276123,False,False,completed,True
v_fef8070abcd8dcd3af47,a zebra taking a peaceful walk,direct_zero,middle,0.9282910823822021,0.9264858365058899,0.5262413024902344,0.8663416504859924,0.841574490070343,0.024767160415649414,0.0018052458763122559,0.4020497798919678,False,False,completed,True
v_075ccc862d1b2d4936f0,an elephant running to join a herd of its kind,direct_exclude,middle,0.9630889296531677,0.962742269039154,0.8520931601524353,0.9417819976806641,0.9128097891807556,0.028972208499908447,0.0003466606140136719,0.11099576950073242,False,False,completed,True
v_0925f4496cf55ade8e5d,an elephant spraying itself with water using its trunk to cool down,direct_exclude,middle,0.98935467004776,0.9866204261779785,0.8963725566864014,0.9881947040557861,0.9688540697097778,0.0193406343460083,0.002734243869781494,0.09298211336135864,False,False,completed,True
v_0a1a6db568841167f9e8,a truck turning a corner,direct_exclude,middle,0.8951151967048645,0.8922101855278015,0.9095854163169861,0.8972001075744629,0.7981710433959961,0.0990290641784668,0.0029050111770629883,-0.014470219612121582,False,False,completed,True
v_10d250e1b4b4a6ec0a82,a cow running to join a herd of its kind,direct_exclude,middle,0.9591885805130005,0.9386562705039978,0.9165752530097961,0.9442958235740662,0.8615908026695251,0.08270502090454102,0.020532310009002686,0.042613327503204346,False,False,completed,True
v_125269dc5fc640751fa4,a zebra running to join a herd of its kind,direct_exclude,middle,0.9697616100311279,0.9688266515731812,0.9678106904029846,0.9459475874900818,0.908256471157074,0.03769111633300781,0.0009349584579467773,0.0019509196281433105,False,False,completed,True
v_13502c1b9c959957b46a,a zebra taking a peaceful walk,direct_exclude,middle,0.9967139363288879,0.9926572442054749,0.9966722130775452,0.997106671333313,0.9632741212844849,0.033832550048828125,0.004056692123413086,4.172325134277344e-05,False,False,completed,True
v_1814b4d5b25ffa156aa6,an elephant running to join a herd of its kind,direct_exclude,middle,0.9690490961074829,0.9669535756111145,0.837766706943512,0.9329218864440918,0.9156540632247925,0.017267823219299316,0.002095520496368408,0.13128238916397095,False,False,completed,True
v_22506cf5d5a1e6088fc8,a truck slowing down to stop,direct_exclude,middle,0.8691954612731934,0.8638173937797546,0.8602493405342102,0.7584022879600525,0.6633264422416687,0.09507584571838379,0.005378067493438721,0.008946120738983154,False,False,completed,True
v_2ac6cf025d5e88563949,a zebra running to join a herd of its kind,direct_exclude,middle,0.9500249624252319,0.9490814805030823,0.9525535702705383,0.9185127019882202,0.8833000659942627,0.03521263599395752,0.0009434819221496582,-0.0025286078453063965,False,False,completed,True
v_2fbefa11a17758f1cd8f,a zebra taking a peaceful walk,direct_exclude,middle,0.9445307850837708,0.9414812922477722,0.8966742157936096,0.9212554693222046,0.8592905402183533,0.06196492910385132,0.003049492835998535,0.04785656929016113,False,False,completed,True
v_304f65b790cd089803d4,a zebra bending down to drink water from a river,direct_exclude,middle,0.9545856714248657,0.9435728788375854,0.951170027256012,0.9624999761581421,0.8930643796920776,0.06943559646606445,0.011012792587280273,0.0034156441688537598,False,False,completed,True
v_34025bb5b4d01c898f92,a motorcycle accelerating to gain speed,direct_exclude,middle,0.9564681053161621,0.9533853530883789,0.9549691081047058,0.9416208267211914,0.9211914539337158,0.020429372787475586,0.003082752227783203,0.0014989972114562988,False,False,completed,True
v_355010ce10f66a681b88,a truck turning a corner,direct_exclude,middle,0.9635376334190369,0.9592529535293579,0.9611170291900635,0.9169105887413025,0.8902531266212463,0.026657462120056152,0.004284679889678955,0.0024206042289733887,False,False,completed,True
v_35d320b87cf1354b75ab,a zebra running to join a herd of its kind,direct_exclude,middle,0.9588550925254822,0.9590621590614319,0.9655026793479919,0.9490302205085754,0.9046167135238647,0.04441350698471069,0.00020706653594970703,-0.006647586822509766,False,False,completed,True
v_38ae4c230155beb1b259,a zebra taking a peaceful walk,direct_exclude,middle,0.9856873154640198,0.9851730465888977,0.9855859279632568,0.98517906665802,0.9615530371665955,0.02362602949142456,0.0005142688751220703,0.00010138750076293945,False,False,completed,True
v_3b6ddfc07cc98fcf9fa0,an elephant running to join a herd of its kind,direct_exclude,middle,0.9880058169364929,0.987851619720459,0.8241502642631531,0.9849029779434204,0.969648003578186,0.015254974365234375,0.00015419721603393555,0.16385555267333984,False,False,completed,True
v_427171327cff517973ed,a zebra bending down to drink water from a river,direct_exclude,middle,0.9852167367935181,0.9839082360267639,0.9837484955787659,0.9767624139785767,0.9461359977722168,0.030626416206359863,0.0013085007667541504,0.0014682412147521973,False,False,completed,True
v_4719caef96c8df794757,an elephant running to join a herd of its kind,direct_exclude,middle,0.9782639741897583,0.9784224629402161,0.8761636018753052,0.969979465007782,0.9477419257164001,0.022237539291381836,0.00015848875045776367,0.10210037231445312,False,False,completed,True
v_4d76a76426a219a5f1bb,a zebra bending down to drink water from a river,direct_exclude,middle,0.9782224893569946,0.9775223135948181,0.9792484045028687,0.9762669801712036,0.9558696150779724,0.0203973650932312,0.0007001757621765137,-0.0010259151458740234,False,False,completed,True
v_4e7cf3a0868b1b118f55,a zebra running to join a herd of its kind,direct_exclude,middle,0.9522103071212769,0.9504151940345764,0.9216791987419128,0.9482232928276062,0.917809009552002,0.030414283275604248,0.0017951130867004395,0.030531108379364014,False,False,completed,True
v_4f8abc7bb931501fb862,a truck slowing down to stop,direct_exclude,middle,0.9940704703330994,0.9787461161613464,0.974131166934967,0.9710509777069092,0.8996484279632568,0.07140254974365234,0.01532435417175293,0.019939303398132324,False,False,completed,False
v_4ff816e35ca1960d8058,an elephant running to join a herd of its kind,direct_exclude,middle,0.9646567702293396,0.9651584029197693,0.8318284749984741,0.9487122297286987,0.9121847748756409,0.03652745485305786,0.0005016326904296875,0.13282829523086548,False,False,completed,True
v_50b265d3f9ccf281a518,an elephant spraying itself with water using its trunk to cool down,direct_exclude,middle,0.9901018142700195,0.9828479290008545,0.9352887868881226,0.9922862648963928,0.9755533337593079,0.01673293113708496,0.007253885269165039,0.05481302738189697,False,False,completed,True
v_53b3d43654788945925c,a zebra running to join a herd of its kind,direct_exclude,middle,0.972172737121582,0.9649897813796997,0.9711992740631104,0.9581042528152466,0.91292804479599,0.04517620801925659,0.007182955741882324,0.0009734630584716797,False,False,completed,True
v_55a4f07d56cda7470760,an elephant running to join a herd of its kind,direct_exclude,middle,0.9789860844612122,0.977896511554718,0.9254561066627502,0.9713909029960632,0.9519089460372925,0.019481956958770752,0.0010895729064941406,0.053529977798461914,False,False,completed,True
v_6015d56a898aa0948639,a zebra bending down to drink water from a river,direct_exclude,middle,0.9817591905593872,0.9766405820846558,0.9746060371398926,0.9774531722068787,0.9346516132354736,0.04280155897140503,0.005118608474731445,0.007153153419494629,False,False,completed,True
v_67c0894760111d0087b6,a motorcycle accelerating to gain speed,direct_exclude,middle,0.92059326171875,0.921631395816803,0.916427731513977,0.7869536280632019,0.755790114402771,0.031163513660430908,0.0010381340980529785,0.004165530204772949,False,False,completed,True
v_6bee77846ce628e11d94,an elephant spraying itself with water using its trunk to cool down,direct_exclude,middle,0.9835841059684753,0.9688091278076172,0.9444801807403564,0.9801599383354187,0.9500394463539124,0.030120491981506348,0.014774978160858154,0.039103925228118896,False,False,completed,True
v_6d2af08e0301e767c719,a cow running to join a herd of its kind,direct_exclude,middle,0.9381388425827026,0.9374849796295166,0.8495727777481079,0.871242880821228,0.7971887588500977,0.07405412197113037,0.0006538629531860352,0.08856606483459473,False,False,completed,True
v_6ee4476dec8615e1535f,a zebra bending down to drink water from a river,direct_exclude,middle,0.9657285213470459,0.9656318426132202,0.9641906023025513,0.964434027671814,0.9355262517929077,0.02890777587890625,9.66787338256836e-05,0.001537919044494629,False,False,completed,True
v_74d5bd9982ed49689599,a truck turning a corner,direct_exclude,middle,0.9701874256134033,0.9702586531639099,0.9688511490821838,0.9252806901931763,0.8705189824104309,0.05476170778274536,7.12275505065918e-05,0.0013362765312194824,False,False,completed,True
v_795022cc03907dc7489e,an elephant spraying itself with water using its trunk to cool down,direct_exclude,middle,0.960296094417572,0.9641928672790527,0.965649425983429,0.9006173610687256,0.8624638319015503,0.03815352916717529,0.003896772861480713,-0.005353331565856934,False,False,completed,True
v_7959de66f76bf5fc41d9,a zebra bending down to drink water from a river,direct_exclude,middle,0.9828632473945618,0.9832535982131958,0.9836388230323792,0.9712667465209961,0.9532992243766785,0.017967522144317627,0.0003903508186340332,-0.0007755756378173828,False,False,completed,True
v_82dc1689fd289adcc0d2,a zebra taking a peaceful walk,direct_exclude,middle,0.9778921008110046,0.9776456356048584,0.9765704870223999,0.9754855632781982,0.9499823451042175,0.025503218173980713,0.00024646520614624023,0.0013216137886047363,False,False,completed,True
v_88720509dffa7aea9e30,a zebra bending down to drink water from a river,direct_exclude,middle,0.9738063216209412,0.9728988409042358,0.97274249792099,0.9799759387969971,0.9473423957824707,0.03263354301452637,0.0009074807167053223,0.0010638236999511719,False,False,completed,True
v_8887acf562b32cc84023,a zebra bending down to drink water from a river,direct_exclude,middle,0.9334750771522522,0.9239912629127502,0.9244384169578552,0.9226030707359314,0.8308297991752625,0.09177327156066895,0.009483814239501953,0.009036660194396973,False,False,completed,True
v_8dca194984971f0a1124,a truck turning a corner,direct_exclude,middle,0.9337459802627563,0.9171112179756165,0.9260120987892151,0.8681207299232483,0.8358290791511536,0.03229165077209473,0.016634762287139893,0.00773388147354126,False,False,completed,True
v_8e6a21dfeb7a106dae22,a zebra taking a peaceful walk,direct_exclude,middle,0.9760703444480896,0.9605769515037537,0.9353989362716675,0.9702401757240295,0.947573184967041,0.022666990756988525,0.015493392944335938,0.04067140817642212,False,False,completed,True
v_a18cdea6bd26987ddbc4,a cow running to join a herd of its kind,direct_exclude,middle,0.9763433337211609,0.97102290391922,0.9759889841079712,0.9539317488670349,0.9288480877876282,0.02508366107940674,0.005320429801940918,0.00035434961318969727,False,False,completed,True
v_a3b6d576bc5c5ef3517f,a zebra running to join a herd of its kind,direct_exclude,middle,0.9438295960426331,0.9419271945953369,0.9066231846809387,0.9383728504180908,0.9178263545036316,0.02054649591445923,0.0019024014472961426,0.037206411361694336,False,False,completed,True
v_a522928f33a3f29c463c,a truck slowing down to stop,direct_exclude,middle,0.9893493056297302,0.9859509468078613,0.9882658123970032,0.9741533398628235,0.9425485730171204,0.031604766845703125,0.0033983588218688965,0.0010834932327270508,False,False,completed,True
v_a5b4d7c4b2a095c9e6cc,an elephant running to join a herd of its kind,direct_exclude,middle,0.9817762970924377,0.9744895100593567,0.9061635136604309,0.9782154560089111,0.9629001021385193,0.015315353870391846,0.007286787033081055,0.07561278343200684,False,False,completed,True
v_aa14318968934ce72fb1,a zebra bending down to drink water from a river,direct_exclude,middle,0.973966121673584,0.9698869585990906,0.9705163240432739,0.9643047451972961,0.9225031137466431,0.041801631450653076,0.004079163074493408,0.0034497976303100586,False,False,completed,True
v_ad2f0d6ec69f9ff90382,a zebra taking a peaceful walk,direct_exclude,middle,0.9869072437286377,0.9843986630439758,0.9865608215332031,0.9837861657142639,0.9491942524909973,0.0345919132232666,0.0025085806846618652,0.0003464221954345703,False,False,completed,True
v_b2657298416595015a2b,a zebra running to join a herd of its kind,direct_exclude,middle,0.9221466779708862,0.920199453830719,0.9307772517204285,0.8821325302124023,0.8337770104408264,0.04835551977157593,0.0019472241401672363,-0.008630573749542236,False,False,completed,True
v_bc950a10e74a0a5447f1,a zebra bending down to drink water from a river,direct_exclude,middle,0.9756776690483093,0.9740997552871704,0.9753021597862244,0.9725489616394043,0.9232771992683411,0.04927176237106323,0.001577913761138916,0.00037550926208496094,False,False,completed,True
v_bf4b3df29a9616bf26ae,a truck turning a corner,direct_exclude,middle,0.9515529870986938,0.9501432180404663,0.9444863796234131,0.8850948214530945,0.8108173608779907,0.07427746057510376,0.001409769058227539,0.007066607475280762,False,False,completed,True
v_c41543fe72d2e5493d15,a truck slowing down to stop,direct_exclude,middle,0.9834082722663879,0.9815629124641418,0.9522566199302673,0.9530027508735657,0.9279801845550537,0.025022566318511963,0.0018453598022460938,0.031151652336120605,False,False,completed,True
v_c424c7aceaf2046394ad,a cow running to join a herd of its kind,direct_exclude,middle,0.9763944745063782,0.9747448563575745,0.8725829720497131,0.9669449329376221,0.8923825621604919,0.07456237077713013,0.001649618148803711,0.10381150245666504,False,False,completed,True
v_c4de504a244d437ac3ad,a zebra bending down to drink water from a river,direct_exclude,middle,0.9940760135650635,0.9911165237426758,0.9939348697662354,0.994841992855072,0.9458056092262268,0.049036383628845215,0.0029594898223876953,0.000141143798828125,False,False,completed,True
v_cdab6ebfbdf88aa1365e,an elephant running to join a herd of its kind,direct_exclude,middle,0.9607254266738892,0.9608181715011597,0.8453503251075745,0.9530994296073914,0.8970373868942261,0.05606204271316528,9.274482727050781e-05,0.1153751015663147,False,False,completed,True
v_d111e2d8975fa9b850b3,a zebra taking a peaceful walk,direct_exclude,middle,0.9483411908149719,0.9433081150054932,0.9288727045059204,0.9036860466003418,0.8584465980529785,0.04523944854736328,0.00503307580947876,0.019468486309051514,False,False,completed,True
v_d51186bcfc23e2a780ab,a truck slowing down to stop,direct_exclude,middle,0.9643544554710388,0.9642865657806396,0.958702802658081,0.9112410545349121,0.8716952800750732,0.03954577445983887,6.788969039916992e-05,0.005651652812957764,False,False,completed,True
v_d86a4852b9a610b4e2ac,a motorcycle accelerating to gain speed,direct_exclude,middle,0.9552143812179565,0.9548308849334717,0.9504112601280212,0.8991079330444336,0.8629534244537354,0.03615450859069824,0.0003834962844848633,0.004803121089935303,False,False,completed,True
v_e7e6381187b3421f31f4,a zebra taking a peaceful walk,direct_exclude,middle,0.9758050441741943,0.9736459851264954,0.9753228425979614,0.9502309560775757,0.9255211353302002,0.02470982074737549,0.0021590590476989746,0.00048220157623291016,False,False,completed,True
v_e84cd21f77767e064452,an elephant running to join a herd of its kind,direct_exclude,middle,0.8868926167488098,0.883425235748291,0.8348831534385681,0.9618316292762756,0.8763224482536316,0.08550918102264404,0.003467381000518799,0.0520094633102417,False,False,completed,True
v_f762ed821ba1fba906af,a zebra bending down to drink water from a river,direct_exclude,middle,0.9867092370986938,0.9800233840942383,0.9868820905685425,0.9777792096138,0.9403358697891235,0.037443339824676514,0.006685853004455566,-0.0001728534698486328,False,False,completed,True
v_f993f14cdb34fb8383ef,a zebra bending down to drink water from a river,direct_exclude,middle,0.9814218878746033,0.9782984256744385,0.9819398522377014,0.9786093235015869,0.9359763264656067,0.042632997035980225,0.003123462200164795,-0.0005179643630981445,False,False,completed,True
v_fb03b6a21df9c0a51627,a cow running to join a herd of its kind,direct_exclude,middle,0.9514460563659668,0.9415115118026733,0.8466508388519287,0.9386007189750671,0.8664149641990662,0.07218575477600098,0.009934544563293457,0.10479521751403809,False,False,completed,True
v_fc9b39a4b047b2db243c,an elephant spraying itself with water using its trunk to cool down,direct_exclude,middle,0.9950287342071533,0.9880107045173645,0.9351561069488525,0.9937685132026672,0.9743756055831909,0.01939290761947632,0.007018029689788818,0.05987262725830078,False,False,completed,True
v_fef8070abcd8dcd3af47,a zebra taking a peaceful walk,direct_exclude,middle,0.9282910823822021,0.9264858365058899,0.9261847138404846,0.8663416504859924,0.841574490070343,0.024767160415649414,0.0018052458763122559,0.0021063685417175293,False,False,completed,True
v_075ccc862d1b2d4936f0,an elephant running to join a herd of its kind,hybrid_zero,middle,0.9630889296531677,0.962742269039154,0.8520931601524353,0.9417819976806641,0.9128097891807556,0.028972208499908447,0.0003466606140136719,0.11099576950073242,False,False,completed,True
v_0925f4496cf55ade8e5d,an elephant spraying itself with water using its trunk to cool down,hybrid_zero,middle,0.98935467004776,0.9866204261779785,0.8496980667114258,0.9881947040557861,0.9688540697097778,0.0193406343460083,0.002734243869781494,0.13965660333633423,False,False,completed,True
v_0a1a6db568841167f9e8,a truck turning a corner,hybrid_zero,middle,0.8892853260040283,0.8726711869239807,0.7278138995170593,0.8972001075744629,0.7981710433959961,0.0990290641784668,0.016614139080047607,0.161471426486969,False,False,completed,True
v_10d250e1b4b4a6ec0a82,a cow running to join a herd of its kind,hybrid_zero,middle,0.9591885805130005,0.9386562705039978,0.9165752530097961,0.9442958235740662,0.8615908026695251,0.08270502090454102,0.020532310009002686,0.042613327503204346,False,False,completed,True
v_125269dc5fc640751fa4,a zebra running to join a herd of its kind,hybrid_zero,middle,0.9697616100311279,0.9688266515731812,0.8043728470802307,0.9459475874900818,0.908256471157074,0.03769111633300781,0.0009349584579467773,0.16538876295089722,False,False,completed,True
v_13502c1b9c959957b46a,a zebra taking a peaceful walk,hybrid_zero,middle,0.9967139363288879,0.9926572442054749,0.8390485644340515,0.997106671333313,0.9632741212844849,0.033832550048828125,0.004056692123413086,0.15766537189483643,False,False,completed,True
v_1814b4d5b25ffa156aa6,an elephant running to join a herd of its kind,hybrid_zero,middle,0.9690490961074829,0.9669535756111145,0.837766706943512,0.9329218864440918,0.9156540632247925,0.017267823219299316,0.002095520496368408,0.13128238916397095,False,False,completed,True
v_22506cf5d5a1e6088fc8,a truck slowing down to stop,hybrid_zero,middle,0.8691954612731934,0.8398646116256714,0.8598089218139648,0.7584022879600525,0.6633264422416687,0.09507584571838379,0.029330849647521973,0.009386539459228516,False,False,completed,True
v_2ac6cf025d5e88563949,a zebra running to join a herd of its kind,hybrid_zero,middle,0.9500249624252319,0.9490814805030823,0.8455120325088501,0.9185127019882202,0.8833000659942627,0.03521263599395752,0.0009434819221496582,0.10451292991638184,False,False,completed,True
v_2fbefa11a17758f1cd8f,a zebra taking a peaceful walk,hybrid_zero,middle,0.9445307850837708,0.9414812922477722,0.8603091835975647,0.9212554693222046,0.8592905402183533,0.06196492910385132,0.003049492835998535,0.08422160148620605,False,False,completed,True
v_304f65b790cd089803d4,a zebra bending down to drink water from a river,hybrid_zero,middle,0.9545856714248657,0.9435728788375854,0.8168910145759583,0.9624999761581421,0.8930643796920776,0.06943559646606445,0.011012792587280273,0.13769465684890747,False,False,completed,True
v_34025bb5b4d01c898f92,a motorcycle accelerating to gain speed,hybrid_zero,middle,0.9564681053161621,0.9533853530883789,0.8721149563789368,0.9416208267211914,0.9211914539337158,0.020429372787475586,0.003082752227783203,0.08435314893722534,False,False,completed,True
v_355010ce10f66a681b88,a truck turning a corner,hybrid_zero,middle,0.9635376334190369,0.9592529535293579,0.8510590195655823,0.9169105887413025,0.8902531266212463,0.026657462120056152,0.004284679889678955,0.11247861385345459,False,False,completed,True
v_35d320b87cf1354b75ab,a zebra running to join a herd of its kind,hybrid_zero,middle,0.9588550925254822,0.9590621590614319,0.794542670249939,0.9490302205085754,0.9046167135238647,0.04441350698471069,0.00020706653594970703,0.1643124222755432,False,False,completed,True
v_38ae4c230155beb1b259,a zebra taking a peaceful walk,hybrid_zero,middle,0.9856873154640198,0.9851730465888977,0.850344717502594,0.98517906665802,0.9615530371665955,0.02362602949142456,0.0005142688751220703,0.13534259796142578,False,False,completed,True
v_3b6ddfc07cc98fcf9fa0,an elephant running to join a herd of its kind,hybrid_zero,middle,0.9880058169364929,0.987851619720459,0.8241502642631531,0.9849029779434204,0.969648003578186,0.015254974365234375,0.00015419721603393555,0.16385555267333984,False,False,completed,True
v_427171327cff517973ed,a zebra bending down to drink water from a river,hybrid_zero,middle,0.9852167367935181,0.9839082360267639,0.8462523818016052,0.9767624139785767,0.9461359977722168,0.030626416206359863,0.0013085007667541504,0.13896435499191284,False,False,completed,True
v_4719caef96c8df794757,an elephant running to join a herd of its kind,hybrid_zero,middle,0.9782639741897583,0.9784224629402161,0.8761636018753052,0.969979465007782,0.9477419257164001,0.022237539291381836,0.00015848875045776367,0.10210037231445312,False,False,completed,True
v_4d76a76426a219a5f1bb,a zebra bending down to drink water from a river,hybrid_zero,middle,0.9782224893569946,0.9775223135948181,0.864197850227356,0.9762669801712036,0.9558696150779724,0.0203973650932312,0.0007001757621765137,0.11402463912963867,False,False,completed,True
v_4e7cf3a0868b1b118f55,a zebra running to join a herd of its kind,hybrid_zero,middle,0.9522103071212769,0.9504151940345764,0.8521989583969116,0.9482232928276062,0.917809009552002,0.030414283275604248,0.0017951130867004395,0.10001134872436523,False,False,completed,True
v_4f8abc7bb931501fb862,a truck slowing down to stop,hybrid_zero,middle,0.9940704703330994,0.917751133441925,0.9708768725395203,0.9710509777069092,0.8996484279632568,0.07140254974365234,0.07631933689117432,0.0231935977935791,False,False,completed,False
v_4ff816e35ca1960d8058,an elephant running to join a herd of its kind,hybrid_zero,middle,0.9646567702293396,0.9651584029197693,0.8318284749984741,0.9487122297286987,0.9121847748756409,0.03652745485305786,0.0005016326904296875,0.13282829523086548,False,False,completed,True
v_50b265d3f9ccf281a518,an elephant spraying itself with water using its trunk to cool down,hybrid_zero,middle,0.9901018142700195,0.9828479290008545,0.8496962189674377,0.9922862648963928,0.9755533337593079,0.01673293113708496,0.007253885269165039,0.1404055953025818,False,False,completed,True
v_53b3d43654788945925c,a zebra running to join a herd of its kind,hybrid_zero,middle,0.972172737121582,0.9649897813796997,0.7984728813171387,0.9581042528152466,0.91292804479599,0.04517620801925659,0.007182955741882324,0.17369985580444336,False,False,completed,True
v_55a4f07d56cda7470760,an elephant running to join a herd of its kind,hybrid_zero,middle,0.9789860844612122,0.977896511554718,0.8428698778152466,0.9713909029960632,0.9519089460372925,0.019481956958770752,0.0010895729064941406,0.13611620664596558,False,False,completed,True
v_6015d56a898aa0948639,a zebra bending down to drink water from a river,hybrid_zero,middle,0.9817591905593872,0.9686428904533386,0.8817791938781738,0.9774531722068787,0.9346516132354736,0.04280155897140503,0.013116300106048584,0.09997999668121338,False,False,completed,True
v_67c0894760111d0087b6,a motorcycle accelerating to gain speed,hybrid_zero,middle,0.92059326171875,0.921631395816803,0.8113182783126831,0.7869536280632019,0.755790114402771,0.031163513660430908,0.0010381340980529785,0.1092749834060669,False,False,completed,True
v_6bee77846ce628e11d94,an elephant spraying itself with water using its trunk to cool down,hybrid_zero,middle,0.9835841059684753,0.9688091278076172,0.8680811524391174,0.9801599383354187,0.9500394463539124,0.030120491981506348,0.014774978160858154,0.11550295352935791,False,False,completed,True
v_6d2af08e0301e767c719,a cow running to join a herd of its kind,hybrid_zero,middle,0.9381388425827026,0.9374849796295166,0.8495727777481079,0.871242880821228,0.7971887588500977,0.07405412197113037,0.0006538629531860352,0.08856606483459473,False,False,completed,True
v_6ee4476dec8615e1535f,a zebra bending down to drink water from a river,hybrid_zero,middle,0.9657285213470459,0.9656318426132202,0.8752769827842712,0.964434027671814,0.9355262517929077,0.02890777587890625,9.66787338256836e-05,0.09045153856277466,False,False,completed,True
v_74d5bd9982ed49689599,a truck turning a corner,hybrid_zero,middle,0.9701874256134033,0.9702586531639099,0.8517113327980042,0.9252806901931763,0.8705189824104309,0.05476170778274536,7.12275505065918e-05,0.11847609281539917,False,False,completed,True
v_795022cc03907dc7489e,an elephant spraying itself with water using its trunk to cool down,hybrid_zero,middle,0.9523473978042603,0.952789843082428,0.8590744733810425,0.9006173610687256,0.8624638319015503,0.03815352916717529,0.0004424452781677246,0.09327292442321777,False,False,completed,True
v_7959de66f76bf5fc41d9,a zebra bending down to drink water from a river,hybrid_zero,middle,0.9828632473945618,0.9832535982131958,0.8788125514984131,0.9712667465209961,0.9532992243766785,0.017967522144317627,0.0003903508186340332,0.10405069589614868,False,False,completed,True
v_82dc1689fd289adcc0d2,a zebra taking a peaceful walk,hybrid_zero,middle,0.9778921008110046,0.9776456356048584,0.8335942029953003,0.9754855632781982,0.9499823451042175,0.025503218173980713,0.00024646520614624023,0.14429789781570435,False,False,completed,True
v_88720509dffa7aea9e30,a zebra bending down to drink water from a river,hybrid_zero,middle,0.9738063216209412,0.9728988409042358,0.8567456007003784,0.9799759387969971,0.9473423957824707,0.03263354301452637,0.0009074807167053223,0.11706072092056274,False,False,completed,True
v_8887acf562b32cc84023,a zebra bending down to drink water from a river,hybrid_zero,middle,0.9334750771522522,0.8963457942008972,0.8927696943283081,0.9226030707359314,0.8308297991752625,0.09177327156066895,0.03712928295135498,0.04070538282394409,False,False,completed,True
v_8dca194984971f0a1124,a truck turning a corner,hybrid_zero,middle,0.9337459802627563,0.9171112179756165,0.844253659248352,0.8681207299232483,0.8358290791511536,0.03229165077209473,0.016634762287139893,0.0894923210144043,False,False,completed,True
v_8e6a21dfeb7a106dae22,a zebra taking a peaceful walk,hybrid_zero,middle,0.9760703444480896,0.9605769515037537,0.9228559732437134,0.9702401757240295,0.947573184967041,0.022666990756988525,0.015493392944335938,0.05321437120437622,False,False,completed,True
v_a18cdea6bd26987ddbc4,a cow running to join a herd of its kind,hybrid_zero,middle,0.9762948155403137,0.9712696075439453,0.8476826548576355,0.9539317488670349,0.9288480877876282,0.02508366107940674,0.005025207996368408,0.12861216068267822,False,False,completed,True
v_a3b6d576bc5c5ef3517f,a zebra running to join a herd of its kind,hybrid_zero,middle,0.9438295960426331,0.9419271945953369,0.8370257616043091,0.9383728504180908,0.9178263545036316,0.02054649591445923,0.0019024014472961426,0.10680383443832397,False,False,completed,True
v_a522928f33a3f29c463c,a truck slowing down to stop,hybrid_zero,middle,0.9893493056297302,0.9859509468078613,0.8247048854827881,0.9741533398628235,0.9425485730171204,0.031604766845703125,0.0033983588218688965,0.16464442014694214,False,False,completed,True
v_a5b4d7c4b2a095c9e6cc,an elephant running to join a herd of its kind,hybrid_zero,middle,0.9817762970924377,0.9744895100593567,0.8550914525985718,0.9782154560089111,0.9629001021385193,0.015315353870391846,0.007286787033081055,0.12668484449386597,False,False,completed,True
v_aa14318968934ce72fb1,a zebra bending down to drink water from a river,hybrid_zero,middle,0.973966121673584,0.9698869585990906,0.8180423974990845,0.9643047451972961,0.9225031137466431,0.041801631450653076,0.004079163074493408,0.1559237241744995,False,False,completed,True
v_ad2f0d6ec69f9ff90382,a zebra taking a peaceful walk,hybrid_zero,middle,0.9869072437286377,0.9843986630439758,0.8324176073074341,0.9837861657142639,0.9491942524909973,0.0345919132232666,0.0025085806846618652,0.1544896364212036,False,False,completed,True
v_b2657298416595015a2b,a zebra running to join a herd of its kind,hybrid_zero,middle,0.9221466779708862,0.920199453830719,0.7765561938285828,0.8821325302124023,0.8337770104408264,0.04835551977157593,0.0019472241401672363,0.14559048414230347,False,False,completed,True
v_bc950a10e74a0a5447f1,a zebra bending down to drink water from a river,hybrid_zero,middle,0.9756776690483093,0.9740997552871704,0.8153309226036072,0.9725489616394043,0.9232771992683411,0.04927176237106323,0.001577913761138916,0.16034674644470215,False,False,completed,True
v_bf4b3df29a9616bf26ae,a truck turning a corner,hybrid_zero,middle,0.9515529870986938,0.9501432180404663,0.7954692244529724,0.8850948214530945,0.8108173608779907,0.07427746057510376,0.001409769058227539,0.15608376264572144,False,False,completed,True
v_c41543fe72d2e5493d15,a truck slowing down to stop,hybrid_zero,middle,0.9834082722663879,0.9815629124641418,0.9026601314544678,0.9530027508735657,0.9279801845550537,0.025022566318511963,0.0018453598022460938,0.08074814081192017,False,False,completed,True
v_c424c7aceaf2046394ad,a cow running to join a herd of its kind,hybrid_zero,middle,0.9763944745063782,0.9747448563575745,0.8725829720497131,0.9669449329376221,0.8923825621604919,0.07456237077713013,0.001649618148803711,0.10381150245666504,False,False,completed,True
v_c4de504a244d437ac3ad,a zebra bending down to drink water from a river,hybrid_zero,middle,0.9940760135650635,0.9911165237426758,0.8293968439102173,0.994841992855072,0.9458056092262268,0.049036383628845215,0.0029594898223876953,0.1646791696548462,False,False,completed,True
v_cdab6ebfbdf88aa1365e,an elephant running to join a herd of its kind,hybrid_zero,middle,0.9607254266738892,0.9608181715011597,0.8453503251075745,0.9530994296073914,0.8970373868942261,0.05606204271316528,9.274482727050781e-05,0.1153751015663147,False,False,completed,True
v_d111e2d8975fa9b850b3,a zebra taking a peaceful walk,hybrid_zero,middle,0.9483411908149719,0.9433081150054932,0.867717981338501,0.9036860466003418,0.8584465980529785,0.04523944854736328,0.00503307580947876,0.08062320947647095,False,False,completed,True
v_d51186bcfc23e2a780ab,a truck slowing down to stop,hybrid_zero,middle,0.9643544554710388,0.9642865657806396,0.8408166170120239,0.9112410545349121,0.8716952800750732,0.03954577445983887,6.788969039916992e-05,0.12353783845901489,False,False,completed,True
v_d86a4852b9a610b4e2ac,a motorcycle accelerating to gain speed,hybrid_zero,middle,0.9552143812179565,0.9548308849334717,0.8538550138473511,0.8991079330444336,0.8629534244537354,0.03615450859069824,0.0003834962844848633,0.10135936737060547,False,False,completed,True
v_e7e6381187b3421f31f4,a zebra taking a peaceful walk,hybrid_zero,middle,0.9758050441741943,0.9736459851264954,0.8296570181846619,0.9502309560775757,0.9255211353302002,0.02470982074737549,0.0021590590476989746,0.14614802598953247,False,False,completed,True
v_e84cd21f77767e064452,an elephant running to join a herd of its kind,hybrid_zero,middle,0.8868926167488098,0.8840382695198059,0.8181021809577942,0.9618316292762756,0.8763224482536316,0.08550918102264404,0.0028543472290039062,0.06879043579101562,False,False,completed,True
v_f762ed821ba1fba906af,a zebra bending down to drink water from a river,hybrid_zero,middle,0.9867092370986938,0.9800233840942383,0.8303682208061218,0.9777792096138,0.9403358697891235,0.037443339824676514,0.006685853004455566,0.15634101629257202,False,False,completed,True
v_f993f14cdb34fb8383ef,a zebra bending down to drink water from a river,hybrid_zero,middle,0.9814218878746033,0.9782984256744385,0.8648278713226318,0.9786093235015869,0.9359763264656067,0.042632997035980225,0.003123462200164795,0.11659401655197144,False,False,completed,True
v_fb03b6a21df9c0a51627,a cow running to join a herd of its kind,hybrid_zero,middle,0.9514460563659668,0.9415115118026733,0.8466508388519287,0.9386007189750671,0.8664149641990662,0.07218575477600098,0.009934544563293457,0.10479521751403809,False,False,completed,True
v_fc9b39a4b047b2db243c,an elephant spraying itself with water using its trunk to cool down,hybrid_zero,middle,0.9950287342071533,0.9880107045173645,0.8377236127853394,0.9937685132026672,0.9743756055831909,0.01939290761947632,0.007018029689788818,0.15730512142181396,False,False,completed,True
v_fef8070abcd8dcd3af47,a zebra taking a peaceful walk,hybrid_zero,middle,0.9282910823822021,0.9264858365058899,0.8279969692230225,0.8663416504859924,0.841574490070343,0.024767160415649414,0.0018052458763122559,0.10029411315917969,False,False,completed,True
v_075ccc862d1b2d4936f0,an elephant running to join a herd of its kind,hybrid_exclude,middle,0.9630889296531677,0.962742269039154,0.8520931601524353,0.9417819976806641,0.9128097891807556,0.028972208499908447,0.0003466606140136719,0.11099576950073242,False,False,completed,True
v_0925f4496cf55ade8e5d,an elephant spraying itself with water using its trunk to cool down,hybrid_exclude,middle,0.98935467004776,0.9866204261779785,0.8496980667114258,0.9881947040557861,0.9688540697097778,0.0193406343460083,0.002734243869781494,0.13965660333633423,False,False,completed,True
v_0a1a6db568841167f9e8,a truck turning a corner,hybrid_exclude,middle,0.8892853260040283,0.8726711869239807,0.7278138995170593,0.8972001075744629,0.7981710433959961,0.0990290641784668,0.016614139080047607,0.161471426486969,False,False,completed,True
v_10d250e1b4b4a6ec0a82,a cow running to join a herd of its kind,hybrid_exclude,middle,0.9591885805130005,0.9386562705039978,0.9165752530097961,0.9442958235740662,0.8615908026695251,0.08270502090454102,0.020532310009002686,0.042613327503204346,False,False,completed,True
v_125269dc5fc640751fa4,a zebra running to join a herd of its kind,hybrid_exclude,middle,0.9697616100311279,0.9688266515731812,0.8043728470802307,0.9459475874900818,0.908256471157074,0.03769111633300781,0.0009349584579467773,0.16538876295089722,False,False,completed,True
v_13502c1b9c959957b46a,a zebra taking a peaceful walk,hybrid_exclude,middle,0.9967139363288879,0.9926572442054749,0.8390485644340515,0.997106671333313,0.9632741212844849,0.033832550048828125,0.004056692123413086,0.15766537189483643,False,False,completed,True
v_1814b4d5b25ffa156aa6,an elephant running to join a herd of its kind,hybrid_exclude,middle,0.9690490961074829,0.9669535756111145,0.837766706943512,0.9329218864440918,0.9156540632247925,0.017267823219299316,0.002095520496368408,0.13128238916397095,False,False,completed,True
v_22506cf5d5a1e6088fc8,a truck slowing down to stop,hybrid_exclude,middle,0.8691954612731934,0.8398646116256714,0.8598089218139648,0.7584022879600525,0.6633264422416687,0.09507584571838379,0.029330849647521973,0.009386539459228516,False,False,completed,True
v_2ac6cf025d5e88563949,a zebra running to join a herd of its kind,hybrid_exclude,middle,0.9500249624252319,0.9490814805030823,0.8455120325088501,0.9185127019882202,0.8833000659942627,0.03521263599395752,0.0009434819221496582,0.10451292991638184,False,False,completed,True
v_2fbefa11a17758f1cd8f,a zebra taking a peaceful walk,hybrid_exclude,middle,0.9445307850837708,0.9414812922477722,0.8603091835975647,0.9212554693222046,0.8592905402183533,0.06196492910385132,0.003049492835998535,0.08422160148620605,False,False,completed,True
v_304f65b790cd089803d4,a zebra bending down to drink water from a river,hybrid_exclude,middle,0.9545856714248657,0.9435728788375854,0.8168910145759583,0.9624999761581421,0.8930643796920776,0.06943559646606445,0.011012792587280273,0.13769465684890747,False,False,completed,True
v_34025bb5b4d01c898f92,a motorcycle accelerating to gain speed,hybrid_exclude,middle,0.9564681053161621,0.9533853530883789,0.8721149563789368,0.9416208267211914,0.9211914539337158,0.020429372787475586,0.003082752227783203,0.08435314893722534,False,False,completed,True
v_355010ce10f66a681b88,a truck turning a corner,hybrid_exclude,middle,0.9635376334190369,0.9592529535293579,0.8510590195655823,0.9169105887413025,0.8902531266212463,0.026657462120056152,0.004284679889678955,0.11247861385345459,False,False,completed,True
v_35d320b87cf1354b75ab,a zebra running to join a herd of its kind,hybrid_exclude,middle,0.9588550925254822,0.9590621590614319,0.794542670249939,0.9490302205085754,0.9046167135238647,0.04441350698471069,0.00020706653594970703,0.1643124222755432,False,False,completed,True
v_38ae4c230155beb1b259,a zebra taking a peaceful walk,hybrid_exclude,middle,0.9856873154640198,0.9851730465888977,0.850344717502594,0.98517906665802,0.9615530371665955,0.02362602949142456,0.0005142688751220703,0.13534259796142578,False,False,completed,True
v_3b6ddfc07cc98fcf9fa0,an elephant running to join a herd of its kind,hybrid_exclude,middle,0.9880058169364929,0.987851619720459,0.8241502642631531,0.9849029779434204,0.969648003578186,0.015254974365234375,0.00015419721603393555,0.16385555267333984,False,False,completed,True
v_427171327cff517973ed,a zebra bending down to drink water from a river,hybrid_exclude,middle,0.9852167367935181,0.9839082360267639,0.8462523818016052,0.9767624139785767,0.9461359977722168,0.030626416206359863,0.0013085007667541504,0.13896435499191284,False,False,completed,True
v_4719caef96c8df794757,an elephant running to join a herd of its kind,hybrid_exclude,middle,0.9782639741897583,0.9784224629402161,0.8761636018753052,0.969979465007782,0.9477419257164001,0.022237539291381836,0.00015848875045776367,0.10210037231445312,False,False,completed,True
v_4d76a76426a219a5f1bb,a zebra bending down to drink water from a river,hybrid_exclude,middle,0.9782224893569946,0.9775223135948181,0.864197850227356,0.9762669801712036,0.9558696150779724,0.0203973650932312,0.0007001757621765137,0.11402463912963867,False,False,completed,True
v_4e7cf3a0868b1b118f55,a zebra running to join a herd of its kind,hybrid_exclude,middle,0.9522103071212769,0.9504151940345764,0.8521989583969116,0.9482232928276062,0.917809009552002,0.030414283275604248,0.0017951130867004395,0.10001134872436523,False,False,completed,True
v_4f8abc7bb931501fb862,a truck slowing down to stop,hybrid_exclude,middle,0.9940704703330994,0.917751133441925,0.9708768725395203,0.9710509777069092,0.8996484279632568,0.07140254974365234,0.07631933689117432,0.0231935977935791,False,False,completed,False
v_4ff816e35ca1960d8058,an elephant running to join a herd of its kind,hybrid_exclude,middle,0.9646567702293396,0.9651584029197693,0.8318284749984741,0.9487122297286987,0.9121847748756409,0.03652745485305786,0.0005016326904296875,0.13282829523086548,False,False,completed,True
v_50b265d3f9ccf281a518,an elephant spraying itself with water using its trunk to cool down,hybrid_exclude,middle,0.9901018142700195,0.9828479290008545,0.8496962189674377,0.9922862648963928,0.9755533337593079,0.01673293113708496,0.007253885269165039,0.1404055953025818,False,False,completed,True
v_53b3d43654788945925c,a zebra running to join a herd of its kind,hybrid_exclude,middle,0.972172737121582,0.9649897813796997,0.7984728813171387,0.9581042528152466,0.91292804479599,0.04517620801925659,0.007182955741882324,0.17369985580444336,False,False,completed,True
v_55a4f07d56cda7470760,an elephant running to join a herd of its kind,hybrid_exclude,middle,0.9789860844612122,0.977896511554718,0.8428698778152466,0.9713909029960632,0.9519089460372925,0.019481956958770752,0.0010895729064941406,0.13611620664596558,False,False,completed,True
v_6015d56a898aa0948639,a zebra bending down to drink water from a river,hybrid_exclude,middle,0.9817591905593872,0.9686428904533386,0.8817791938781738,0.9774531722068787,0.9346516132354736,0.04280155897140503,0.013116300106048584,0.09997999668121338,False,False,completed,True
v_67c0894760111d0087b6,a motorcycle accelerating to gain speed,hybrid_exclude,middle,0.92059326171875,0.921631395816803,0.8113182783126831,0.7869536280632019,0.755790114402771,0.031163513660430908,0.0010381340980529785,0.1092749834060669,False,False,completed,True
v_6bee77846ce628e11d94,an elephant spraying itself with water using its trunk to cool down,hybrid_exclude,middle,0.9835841059684753,0.9688091278076172,0.8680811524391174,0.9801599383354187,0.9500394463539124,0.030120491981506348,0.014774978160858154,0.11550295352935791,False,False,completed,True
v_6d2af08e0301e767c719,a cow running to join a herd of its kind,hybrid_exclude,middle,0.9381388425827026,0.9374849796295166,0.8495727777481079,0.871242880821228,0.7971887588500977,0.07405412197113037,0.0006538629531860352,0.08856606483459473,False,False,completed,True
v_6ee4476dec8615e1535f,a zebra bending down to drink water from a river,hybrid_exclude,middle,0.9657285213470459,0.9656318426132202,0.8752769827842712,0.964434027671814,0.9355262517929077,0.02890777587890625,9.66787338256836e-05,0.09045153856277466,False,False,completed,True
v_74d5bd9982ed49689599,a truck turning a corner,hybrid_exclude,middle,0.9701874256134033,0.9702586531639099,0.8517113327980042,0.9252806901931763,0.8705189824104309,0.05476170778274536,7.12275505065918e-05,0.11847609281539917,False,False,completed,True
v_795022cc03907dc7489e,an elephant spraying itself with water using its trunk to cool down,hybrid_exclude,middle,0.9523473978042603,0.952789843082428,0.8590744733810425,0.9006173610687256,0.8624638319015503,0.03815352916717529,0.0004424452781677246,0.09327292442321777,False,False,completed,True
v_7959de66f76bf5fc41d9,a zebra bending down to drink water from a river,hybrid_exclude,middle,0.9828632473945618,0.9832535982131958,0.8788125514984131,0.9712667465209961,0.9532992243766785,0.017967522144317627,0.0003903508186340332,0.10405069589614868,False,False,completed,True
v_82dc1689fd289adcc0d2,a zebra taking a peaceful walk,hybrid_exclude,middle,0.9778921008110046,0.9776456356048584,0.8335942029953003,0.9754855632781982,0.9499823451042175,0.025503218173980713,0.00024646520614624023,0.14429789781570435,False,False,completed,True
v_88720509dffa7aea9e30,a zebra bending down to drink water from a river,hybrid_exclude,middle,0.9738063216209412,0.9728988409042358,0.8567456007003784,0.9799759387969971,0.9473423957824707,0.03263354301452637,0.0009074807167053223,0.11706072092056274,False,False,completed,True
v_8887acf562b32cc84023,a zebra bending down to drink water from a river,hybrid_exclude,middle,0.9334750771522522,0.8963457942008972,0.8927696943283081,0.9226030707359314,0.8308297991752625,0.09177327156066895,0.03712928295135498,0.04070538282394409,False,False,completed,True
v_8dca194984971f0a1124,a truck turning a corner,hybrid_exclude,middle,0.9337459802627563,0.9171112179756165,0.844253659248352,0.8681207299232483,0.8358290791511536,0.03229165077209473,0.016634762287139893,0.0894923210144043,False,False,completed,True
v_8e6a21dfeb7a106dae22,a zebra taking a peaceful walk,hybrid_exclude,middle,0.9760703444480896,0.9605769515037537,0.9228559732437134,0.9702401757240295,0.947573184967041,0.022666990756988525,0.015493392944335938,0.05321437120437622,False,False,completed,True
v_a18cdea6bd26987ddbc4,a cow running to join a herd of its kind,hybrid_exclude,middle,0.9762948155403137,0.9712696075439453,0.8476826548576355,0.9539317488670349,0.9288480877876282,0.02508366107940674,0.005025207996368408,0.12861216068267822,False,False,completed,True
v_a3b6d576bc5c5ef3517f,a zebra running to join a herd of its kind,hybrid_exclude,middle,0.9438295960426331,0.9419271945953369,0.8370257616043091,0.9383728504180908,0.9178263545036316,0.02054649591445923,0.0019024014472961426,0.10680383443832397,False,False,completed,True
v_a522928f33a3f29c463c,a truck slowing down to stop,hybrid_exclude,middle,0.9893493056297302,0.9859509468078613,0.8247048854827881,0.9741533398628235,0.9425485730171204,0.031604766845703125,0.0033983588218688965,0.16464442014694214,False,False,completed,True
v_a5b4d7c4b2a095c9e6cc,an elephant running to join a herd of its kind,hybrid_exclude,middle,0.9817762970924377,0.9744895100593567,0.8550914525985718,0.9782154560089111,0.9629001021385193,0.015315353870391846,0.007286787033081055,0.12668484449386597,False,False,completed,True
v_aa14318968934ce72fb1,a zebra bending down to drink water from a river,hybrid_exclude,middle,0.973966121673584,0.9698869585990906,0.8180423974990845,0.9643047451972961,0.9225031137466431,0.041801631450653076,0.004079163074493408,0.1559237241744995,False,False,completed,True
v_ad2f0d6ec69f9ff90382,a zebra taking a peaceful walk,hybrid_exclude,middle,0.9869072437286377,0.9843986630439758,0.8324176073074341,0.9837861657142639,0.9491942524909973,0.0345919132232666,0.0025085806846618652,0.1544896364212036,False,False,completed,True
v_b2657298416595015a2b,a zebra running to join a herd of its kind,hybrid_exclude,middle,0.9221466779708862,0.920199453830719,0.7765561938285828,0.8821325302124023,0.8337770104408264,0.04835551977157593,0.0019472241401672363,0.14559048414230347,False,False,completed,True
v_bc950a10e74a0a5447f1,a zebra bending down to drink water from a river,hybrid_exclude,middle,0.9756776690483093,0.9740997552871704,0.8153309226036072,0.9725489616394043,0.9232771992683411,0.04927176237106323,0.001577913761138916,0.16034674644470215,False,False,completed,True
v_bf4b3df29a9616bf26ae,a truck turning a corner,hybrid_exclude,middle,0.9515529870986938,0.9501432180404663,0.7954692244529724,0.8850948214530945,0.8108173608779907,0.07427746057510376,0.001409769058227539,0.15608376264572144,False,False,completed,True
v_c41543fe72d2e5493d15,a truck slowing down to stop,hybrid_exclude,middle,0.9834082722663879,0.9815629124641418,0.9026601314544678,0.9530027508735657,0.9279801845550537,0.025022566318511963,0.0018453598022460938,0.08074814081192017,False,False,completed,True
v_c424c7aceaf2046394ad,a cow running to join a herd of its kind,hybrid_exclude,middle,0.9763944745063782,0.9747448563575745,0.8725829720497131,0.9669449329376221,0.8923825621604919,0.07456237077713013,0.001649618148803711,0.10381150245666504,False,False,completed,True
v_c4de504a244d437ac3ad,a zebra bending down to drink water from a river,hybrid_exclude,middle,0.9940760135650635,0.9911165237426758,0.8293968439102173,0.994841992855072,0.9458056092262268,0.049036383628845215,0.0029594898223876953,0.1646791696548462,False,False,completed,True
v_cdab6ebfbdf88aa1365e,an elephant running to join a herd of its kind,hybrid_exclude,middle,0.9607254266738892,0.9608181715011597,0.8453503251075745,0.9530994296073914,0.8970373868942261,0.05606204271316528,9.274482727050781e-05,0.1153751015663147,False,False,completed,True
v_d111e2d8975fa9b850b3,a zebra taking a peaceful walk,hybrid_exclude,middle,0.9483411908149719,0.9433081150054932,0.867717981338501,0.9036860466003418,0.8584465980529785,0.04523944854736328,0.00503307580947876,0.08062320947647095,False,False,completed,True
v_d51186bcfc23e2a780ab,a truck slowing down to stop,hybrid_exclude,middle,0.9643544554710388,0.9642865657806396,0.8408166170120239,0.9112410545349121,0.8716952800750732,0.03954577445983887,6.788969039916992e-05,0.12353783845901489,False,False,completed,True
v_d86a4852b9a610b4e2ac,a motorcycle accelerating to gain speed,hybrid_exclude,middle,0.9552143812179565,0.9548308849334717,0.8538550138473511,0.8991079330444336,0.8629534244537354,0.03615450859069824,0.0003834962844848633,0.10135936737060547,False,False,completed,True
v_e7e6381187b3421f31f4,a zebra taking a peaceful walk,hybrid_exclude,middle,0.9758050441741943,0.9736459851264954,0.8296570181846619,0.9502309560775757,0.9255211353302002,0.02470982074737549,0.0021590590476989746,0.14614802598953247,False,False,completed,True
v_e84cd21f77767e064452,an elephant running to join a herd of its kind,hybrid_exclude,middle,0.8868926167488098,0.8840382695198059,0.8181021809577942,0.9618316292762756,0.8763224482536316,0.08550918102264404,0.0028543472290039062,0.06879043579101562,False,False,completed,True
v_f762ed821ba1fba906af,a zebra bending down to drink water from a river,hybrid_exclude,middle,0.9867092370986938,0.9800233840942383,0.8303682208061218,0.9777792096138,0.9403358697891235,0.037443339824676514,0.006685853004455566,0.15634101629257202,False,False,completed,True
v_f993f14cdb34fb8383ef,a zebra bending down to drink water from a river,hybrid_exclude,middle,0.9814218878746033,0.9782984256744385,0.8648278713226318,0.9786093235015869,0.9359763264656067,0.042632997035980225,0.003123462200164795,0.11659401655197144,False,False,completed,True
v_fb03b6a21df9c0a51627,a cow running to join a herd of its kind,hybrid_exclude,middle,0.9514460563659668,0.9415115118026733,0.8466508388519287,0.9386007189750671,0.8664149641990662,0.07218575477600098,0.009934544563293457,0.10479521751403809,False,False,completed,True
v_fc9b39a4b047b2db243c,an elephant spraying itself with water using its trunk to cool down,hybrid_exclude,middle,0.9950287342071533,0.9880107045173645,0.8377236127853394,0.9937685132026672,0.9743756055831909,0.01939290761947632,0.007018029689788818,0.15730512142181396,False,False,completed,True
v_fef8070abcd8dcd3af47,a zebra taking a peaceful walk,hybrid_exclude,middle,0.9282910823822021,0.9264858365058899,0.8279969692230225,0.8663416504859924,0.841574490070343,0.024767160415649414,0.0018052458763122559,0.10029411315917969,False,False,completed,True
v_075ccc862d1b2d4936f0,an elephant running to join a herd of its kind,direct_zero,end,0.9630889296531677,0.9627413749694824,0.8536427021026611,0.9417819976806641,0.9103372693061829,0.0314447283744812,0.00034755468368530273,0.10944622755050659,False,False,completed,True
v_0925f4496cf55ade8e5d,an elephant spraying itself with water using its trunk to cool down,direct_zero,end,0.98935467004776,0.9893279671669006,0.5445933938026428,0.9881947040557861,0.9747408628463745,0.013453841209411621,2.6702880859375e-05,0.4447612762451172,False,False,completed,True
v_0a1a6db568841167f9e8,a truck turning a corner,direct_zero,end,0.7832257747650146,0.7835403084754944,0.4975113272666931,0.8972001075744629,0.8586615324020386,0.038538575172424316,0.00031453371047973633,0.28571444749832153,False,False,completed,True
v_10d250e1b4b4a6ec0a82,a cow running to join a herd of its kind,direct_zero,end,0.9591885805130005,0.949384868144989,0.9158123731613159,0.9442958235740662,0.8848939538002014,0.059401869773864746,0.009803712368011475,0.04337620735168457,False,False,completed,True
v_125269dc5fc640751fa4,a zebra running to join a herd of its kind,direct_zero,end,0.9697616100311279,0.9691144227981567,0.5353197455406189,0.9459475874900818,0.9167956709861755,0.02915191650390625,0.0006471872329711914,0.43444186449050903,False,False,completed,True
v_13502c1b9c959957b46a,a zebra taking a peaceful walk,direct_zero,end,0.9967139363288879,0.9922338128089905,0.5482940077781677,0.997106671333313,0.968305766582489,0.028800904750823975,0.004480123519897461,0.4484199285507202,False,False,completed,True
v_1814b4d5b25ffa156aa6,an elephant running to join a herd of its kind,direct_zero,end,0.9690490961074829,0.9667475819587708,0.7744325399398804,0.9329218864440918,0.9155285358428955,0.01739335060119629,0.002301514148712158,0.19461655616760254,False,False,completed,True
v_22506cf5d5a1e6088fc8,a truck slowing down to stop,direct_zero,end,0.8691954612731934,0.6587398052215576,0.48244708776474,0.7584022879600525,0.7176706790924072,0.040731608867645264,0.21045565605163574,0.38674837350845337,False,False,completed,True
v_2ac6cf025d5e88563949,a zebra running to join a herd of its kind,direct_zero,end,0.9500249624252319,0.9482209086418152,0.5237540602684021,0.9185127019882202,0.887677013874054,0.03083568811416626,0.001804053783416748,0.42627090215682983,False,False,completed,True
v_2fbefa11a17758f1cd8f,a zebra taking a peaceful walk,direct_zero,end,0.9445307850837708,0.934963047504425,0.686335027217865,0.9212554693222046,0.8589720726013184,0.06228339672088623,0.009567737579345703,0.25819575786590576,False,False,completed,True
v_304f65b790cd089803d4,a zebra bending down to drink water from a river,direct_zero,end,0.9545856714248657,0.9545581340789795,0.5315200090408325,0.9624999761581421,0.9098421335220337,0.0526578426361084,2.753734588623047e-05,0.4230656623840332,False,False,completed,True
v_34025bb5b4d01c898f92,a motorcycle accelerating to gain speed,direct_zero,end,0.9564681053161621,0.9528484344482422,0.5466840267181396,0.9416208267211914,0.9220390915870667,0.019581735134124756,0.003619670867919922,0.40978407859802246,False,False,completed,True
v_355010ce10f66a681b88,a truck turning a corner,direct_zero,end,0.9635376334190369,0.9630545377731323,0.5297309756278992,0.9169105887413025,0.8946434855461121,0.02226710319519043,0.000483095645904541,0.4338066577911377,False,False,completed,True
v_35d320b87cf1354b75ab,a zebra running to join a herd of its kind,direct_zero,end,0.9588550925254822,0.9563491344451904,0.5273218154907227,0.9490302205085754,0.9170541167259216,0.03197610378265381,0.002505958080291748,0.4315332770347595,False,False,completed,True
v_38ae4c230155beb1b259,a zebra taking a peaceful walk,direct_zero,end,0.9856873154640198,0.9845519065856934,0.5433310866355896,0.98517906665802,0.9673340320587158,0.0178450345993042,0.001135408878326416,0.4423562288284302,False,False,completed,True
v_3b6ddfc07cc98fcf9fa0,an elephant running to join a herd of its kind,direct_zero,end,0.9880058169364929,0.9876692295074463,0.8399812579154968,0.9849029779434204,0.9714210033416748,0.013481974601745605,0.00033658742904663086,0.1480245590209961,False,False,completed,True
v_427171327cff517973ed,a zebra bending down to drink water from a river,direct_zero,end,0.9852167367935181,0.9821943044662476,0.5439338684082031,0.9767624139785767,0.9504866003990173,0.026275813579559326,0.003022432327270508,0.44128286838531494,False,False,completed,True
v_4719caef96c8df794757,an elephant running to join a herd of its kind,direct_zero,end,0.9782639741897583,0.978000283241272,0.7596830129623413,0.969979465007782,0.9504252672195435,0.019554197788238525,0.0002636909484863281,0.218580961227417,False,False,completed,True
v_4d76a76426a219a5f1bb,a zebra bending down to drink water from a river,direct_zero,end,0.9782224893569946,0.972489595413208,0.5562604665756226,0.9762669801712036,0.956145167350769,0.02012181282043457,0.005732893943786621,0.42196202278137207,False,False,completed,True
v_4e7cf3a0868b1b118f55,a zebra running to join a herd of its kind,direct_zero,end,0.9522103071212769,0.9492702484130859,0.686347246170044,0.9482232928276062,0.924427330493927,0.0237959623336792,0.002940058708190918,0.2658630609512329,False,False,completed,True
v_4f8abc7bb931501fb862,a truck slowing down to stop,direct_zero,end,0.9940704703330994,0.6531381607055664,0.930454432964325,0.9710509777069092,0.8858708739280701,0.08518010377883911,0.34093230962753296,0.06361603736877441,False,False,completed,False
v_4ff816e35ca1960d8058,an elephant running to join a herd of its kind,direct_zero,end,0.9646567702293396,0.9640020132064819,0.8273432850837708,0.9487122297286987,0.9084317088127136,0.04028052091598511,0.000654757022857666,0.13731348514556885,False,False,completed,True
v_50b265d3f9ccf281a518,an elephant spraying itself with water using its trunk to cool down,direct_zero,end,0.9901018142700195,0.9861820340156555,0.6093299388885498,0.9922862648963928,0.9781625866889954,0.014123678207397461,0.003919780254364014,0.3807718753814697,False,False,completed,True
v_53b3d43654788945925c,a zebra running to join a herd of its kind,direct_zero,end,0.972172737121582,0.9667842388153076,0.5358194708824158,0.9581042528152466,0.9230413436889648,0.03506290912628174,0.005388498306274414,0.43635326623916626,False,False,completed,True
v_55a4f07d56cda7470760,an elephant running to join a herd of its kind,direct_zero,end,0.9789860844612122,0.9765671491622925,0.6613132953643799,0.9713909029960632,0.9555157423019409,0.015875160694122314,0.0024189352989196777,0.3176727890968323,False,False,completed,True
v_6015d56a898aa0948639,a zebra bending down to drink water from a river,direct_zero,end,0.9817591905593872,0.9809727668762207,0.5577080249786377,0.9774531722068787,0.9577445983886719,0.019708573818206787,0.0007864236831665039,0.4240511655807495,False,False,completed,True
v_67c0894760111d0087b6,a motorcycle accelerating to gain speed,direct_zero,end,0.92059326171875,0.7000170946121216,0.510689914226532,0.7869536280632019,0.7131235003471375,0.07383012771606445,0.22057616710662842,0.409903347492218,False,False,completed,True
v_6bee77846ce628e11d94,an elephant spraying itself with water using its trunk to cool down,direct_zero,end,0.9835841059684753,0.9723532795906067,0.6737639904022217,0.9801599383354187,0.9511452913284302,0.029014647006988525,0.011230826377868652,0.30982011556625366,False,False,completed,True
v_6d2af08e0301e767c719,a cow running to join a herd of its kind,direct_zero,end,0.9381388425827026,0.9366507530212402,0.8510204553604126,0.871242880821228,0.8221011161804199,0.049141764640808105,0.0014880895614624023,0.08711838722229004,False,False,completed,True
v_6ee4476dec8615e1535f,a zebra bending down to drink water from a river,direct_zero,end,0.9657285213470459,0.9651934504508972,0.5479131937026978,0.964434027671814,0.9391606450080872,0.025273382663726807,0.0005350708961486816,0.41781532764434814,False,False,completed,True
v_74d5bd9982ed49689599,a truck turning a corner,direct_zero,end,0.9701874256134033,0.966564416885376,0.5371468663215637,0.9252806901931763,0.884803831577301,0.040476858615875244,0.0036230087280273438,0.4330405592918396,False,False,completed,True
v_795022cc03907dc7489e,an elephant spraying itself with water using its trunk to cool down,direct_zero,end,0.24734899401664734,0.21839773654937744,0.06516627967357635,0.9006173610687256,0.870885968208313,0.029731392860412598,0.028951257467269897,0.18218271434307098,False,False,completed,True
v_7959de66f76bf5fc41d9,a zebra bending down to drink water from a river,direct_zero,end,0.9828632473945618,0.9827602505683899,0.5582776069641113,0.9712667465209961,0.955113410949707,0.016153335571289062,0.000102996826171875,0.42458564043045044,False,False,completed,True
v_82dc1689fd289adcc0d2,a zebra taking a peaceful walk,direct_zero,end,0.9778921008110046,0.9756691455841064,0.5376293063163757,0.9754855632781982,0.9531843662261963,0.022301197052001953,0.0022229552268981934,0.4402627944946289,False,False,completed,True
v_88720509dffa7aea9e30,a zebra bending down to drink water from a river,direct_zero,end,0.9738063216209412,0.9747627973556519,0.5380228757858276,0.9799759387969971,0.9552984237670898,0.024677515029907227,0.0009564757347106934,0.4357834458351135,False,False,completed,True
v_8887acf562b32cc84023,a zebra bending down to drink water from a river,direct_zero,end,0.9334750771522522,0.9272030591964722,0.9284511804580688,0.9226030707359314,0.8875599503517151,0.03504312038421631,0.006272017955780029,0.00502389669418335,False,False,completed,True
v_8dca194984971f0a1124,a truck turning a corner,direct_zero,end,0.9337459802627563,0.8194906115531921,0.6892214417457581,0.8681207299232483,0.8129715323448181,0.055149197578430176,0.11425536870956421,0.2445245385169983,False,False,completed,True
v_8e6a21dfeb7a106dae22,a zebra taking a peaceful walk,direct_zero,end,0.9760703444480896,0.9667937755584717,0.6338154077529907,0.9702401757240295,0.9475866556167603,0.022653520107269287,0.00927656888961792,0.3422549366950989,False,False,completed,True
v_a18cdea6bd26987ddbc4,a cow running to join a herd of its kind,direct_zero,end,0.8598477840423584,0.8027465343475342,0.4683510661125183,0.9539317488670349,0.9314562678337097,0.022475481033325195,0.05710124969482422,0.3914967179298401,False,False,completed,True
v_a3b6d576bc5c5ef3517f,a zebra running to join a herd of its kind,direct_zero,end,0.9438295960426331,0.9406277537345886,0.5995404124259949,0.9383728504180908,0.9212743043899536,0.017098546028137207,0.0032018423080444336,0.3442891836166382,False,False,completed,True
v_a522928f33a3f29c463c,a truck slowing down to stop,direct_zero,end,0.9893493056297302,0.985117495059967,0.5452040433883667,0.9741533398628235,0.9434444904327393,0.03070884943008423,0.004231810569763184,0.4441452622413635,False,False,completed,True
v_a5b4d7c4b2a095c9e6cc,an elephant running to join a herd of its kind,direct_zero,end,0.9817762970924377,0.85728919506073,0.7132472395896912,0.9782154560089111,0.9575716853141785,0.020643770694732666,0.12448710203170776,0.2685290575027466,False,False,completed,True
v_aa14318968934ce72fb1,a zebra bending down to drink water from a river,direct_zero,end,0.973966121673584,0.9703741073608398,0.5346936583518982,0.9643047451972961,0.9328287839889526,0.031475961208343506,0.0035920143127441406,0.4392724633216858,False,False,completed,True
v_ad2f0d6ec69f9ff90382,a zebra taking a peaceful walk,direct_zero,end,0.9869072437286377,0.9853271245956421,0.5432075262069702,0.9837861657142639,0.9578271508216858,0.025959014892578125,0.0015801191329956055,0.4436997175216675,False,False,completed,True
v_b2657298416595015a2b,a zebra running to join a herd of its kind,direct_zero,end,0.9221466779708862,0.9221654534339905,0.503022313117981,0.8821325302124023,0.8608633875846863,0.021269142627716064,1.8775463104248047e-05,0.4191243648529053,False,False,completed,True
v_bc950a10e74a0a5447f1,a zebra bending down to drink water from a river,direct_zero,end,0.9756776690483093,0.9753782153129578,0.5366916656494141,0.9725489616394043,0.9397315382957458,0.03281742334365845,0.0002994537353515625,0.43898600339889526,False,False,completed,True
v_bf4b3df29a9616bf26ae,a truck turning a corner,direct_zero,end,0.9515529870986938,0.9514700174331665,0.5269891619682312,0.8850948214530945,0.8379579186439514,0.047136902809143066,8.296966552734375e-05,0.42456382513046265,False,False,completed,True
v_c41543fe72d2e5493d15,a truck slowing down to stop,direct_zero,end,0.9834082722663879,0.9746777415275574,0.5997453331947327,0.9530027508735657,0.9266903400421143,0.026312410831451416,0.008730530738830566,0.3836629390716553,False,False,completed,True
v_c424c7aceaf2046394ad,a cow running to join a herd of its kind,direct_zero,end,0.9763944745063782,0.9745514392852783,0.8742261528968811,0.9669449329376221,0.9104470610618591,0.05649787187576294,0.0018430352210998535,0.10216832160949707,False,False,completed,True
v_c4de504a244d437ac3ad,a zebra bending down to drink water from a river,direct_zero,end,0.9940760135650635,0.9922345280647278,0.5467960834503174,0.994841992855072,0.9534440636634827,0.041397929191589355,0.0018414855003356934,0.4472799301147461,False,False,completed,True
v_cdab6ebfbdf88aa1365e,an elephant running to join a herd of its kind,direct_zero,end,0.9607254266738892,0.9603354930877686,0.8344331383705139,0.9530994296073914,0.8975823521614075,0.05551707744598389,0.00038993358612060547,0.12629228830337524,False,False,completed,True
v_d111e2d8975fa9b850b3,a zebra taking a peaceful walk,direct_zero,end,0.9483411908149719,0.9429029822349548,0.5277775526046753,0.9036860466003418,0.8771469593048096,0.026539087295532227,0.00543820858001709,0.42056363821029663,False,False,completed,True
v_d51186bcfc23e2a780ab,a truck slowing down to stop,direct_zero,end,0.9643544554710388,0.9640612602233887,0.5272501707077026,0.9112410545349121,0.8782930374145508,0.03294801712036133,0.0002931952476501465,0.4371042847633362,False,False,completed,True
v_d86a4852b9a610b4e2ac,a motorcycle accelerating to gain speed,direct_zero,end,0.9552143812179565,0.8398531675338745,0.5321645140647888,0.8991079330444336,0.8583348989486694,0.04077303409576416,0.11536121368408203,0.4230498671531677,False,False,completed,True
v_e7e6381187b3421f31f4,a zebra taking a peaceful walk,direct_zero,end,0.9758050441741943,0.9745622873306274,0.5383746027946472,0.9502309560775757,0.9283863306045532,0.02184462547302246,0.0012427568435668945,0.4374304413795471,False,False,completed,True
v_e84cd21f77767e064452,an elephant running to join a herd of its kind,direct_zero,end,0.8868926167488098,0.8892099261283875,0.7249305248260498,0.9618316292762756,0.8908522725105286,0.07097935676574707,0.0023173093795776367,0.16196209192276,False,False,completed,True
v_f762ed821ba1fba906af,a zebra bending down to drink water from a river,direct_zero,end,0.9867092370986938,0.9838622212409973,0.5434139370918274,0.9777792096138,0.9446045160293579,0.03317469358444214,0.002847015857696533,0.44329530000686646,False,False,completed,True
v_f993f14cdb34fb8383ef,a zebra bending down to drink water from a river,direct_zero,end,0.9814218878746033,0.9780422449111938,0.5396797060966492,0.9786093235015869,0.9448332786560059,0.033776044845581055,0.003379642963409424,0.4417421817779541,False,False,completed,True
v_fb03b6a21df9c0a51627,a cow running to join a herd of its kind,direct_zero,end,0.9514460563659668,0.9515306353569031,0.7907680869102478,0.9386007189750671,0.8954836130142212,0.04311710596084595,8.45789909362793e-05,0.160677969455719,False,False,completed,True
v_fc9b39a4b047b2db243c,an elephant spraying itself with water using its trunk to cool down,direct_zero,end,0.9950287342071533,0.9928830862045288,0.5475605130195618,0.9937685132026672,0.9814032912254333,0.012365221977233887,0.0021456480026245117,0.44746822118759155,False,False,completed,True
v_fef8070abcd8dcd3af47,a zebra taking a peaceful walk,direct_zero,end,0.9282910823822021,0.9273741841316223,0.5294126272201538,0.8663416504859924,0.8418623805046082,0.024479269981384277,0.000916898250579834,0.39887845516204834,False,False,completed,True
v_075ccc862d1b2d4936f0,an elephant running to join a herd of its kind,direct_exclude,end,0.9630889296531677,0.9627413749694824,0.8536427021026611,0.9417819976806641,0.9103372693061829,0.0314447283744812,0.00034755468368530273,0.10944622755050659,False,False,completed,True
v_0925f4496cf55ade8e5d,an elephant spraying itself with water using its trunk to cool down,direct_exclude,end,0.98935467004776,0.9893279671669006,0.9901697635650635,0.9881947040557861,0.9747408628463745,0.013453841209411621,2.6702880859375e-05,-0.0008150935173034668,False,False,completed,True
v_0a1a6db568841167f9e8,a truck turning a corner,direct_exclude,end,0.8951151967048645,0.8954745531082153,0.9045659899711609,0.8972001075744629,0.8586615324020386,0.038538575172424316,0.0003593564033508301,-0.009450793266296387,False,False,completed,True
v_10d250e1b4b4a6ec0a82,a cow running to join a herd of its kind,direct_exclude,end,0.9591885805130005,0.949384868144989,0.9158123731613159,0.9442958235740662,0.8848939538002014,0.059401869773864746,0.009803712368011475,0.04337620735168457,False,False,completed,True
v_125269dc5fc640751fa4,a zebra running to join a herd of its kind,direct_exclude,end,0.9697616100311279,0.9691144227981567,0.9733085632324219,0.9459475874900818,0.9167956709861755,0.02915191650390625,0.0006471872329711914,-0.0035469532012939453,False,False,completed,True
v_13502c1b9c959957b46a,a zebra taking a peaceful walk,direct_exclude,end,0.9967139363288879,0.9922338128089905,0.9968982338905334,0.997106671333313,0.968305766582489,0.028800904750823975,0.004480123519897461,-0.0001842975616455078,False,False,completed,True
v_1814b4d5b25ffa156aa6,an elephant running to join a herd of its kind,direct_exclude,end,0.9690490961074829,0.9667475819587708,0.8793556094169617,0.9329218864440918,0.9155285358428955,0.01739335060119629,0.002301514148712158,0.08969348669052124,False,False,completed,True
v_22506cf5d5a1e6088fc8,a truck slowing down to stop,direct_exclude,end,0.8691954612731934,0.8686677813529968,0.8771764636039734,0.7584022879600525,0.7176706790924072,0.040731608867645264,0.0005276799201965332,-0.00798100233078003,False,False,completed,True
v_2ac6cf025d5e88563949,a zebra running to join a herd of its kind,direct_exclude,end,0.9500249624252319,0.9482209086418152,0.9522801041603088,0.9185127019882202,0.887677013874054,0.03083568811416626,0.001804053783416748,-0.0022551417350769043,False,False,completed,True
v_2fbefa11a17758f1cd8f,a zebra taking a peaceful walk,direct_exclude,end,0.9445307850837708,0.934963047504425,0.9050571322441101,0.9212554693222046,0.8589720726013184,0.06228339672088623,0.009567737579345703,0.039473652839660645,False,False,completed,True
v_304f65b790cd089803d4,a zebra bending down to drink water from a river,direct_exclude,end,0.9545856714248657,0.9545581340789795,0.9663999676704407,0.9624999761581421,0.9098421335220337,0.0526578426361084,2.753734588623047e-05,-0.011814296245574951,False,False,completed,True
v_34025bb5b4d01c898f92,a motorcycle accelerating to gain speed,direct_exclude,end,0.9564681053161621,0.9528484344482422,0.9621639251708984,0.9416208267211914,0.9220390915870667,0.019581735134124756,0.003619670867919922,-0.005695819854736328,False,False,completed,True
v_355010ce10f66a681b88,a truck turning a corner,direct_exclude,end,0.9635376334190369,0.9630545377731323,0.9631471633911133,0.9169105887413025,0.8946434855461121,0.02226710319519043,0.000483095645904541,0.000390470027923584,False,False,completed,True
v_35d320b87cf1354b75ab,a zebra running to join a herd of its kind,direct_exclude,end,0.9588550925254822,0.9563491344451904,0.9587668776512146,0.9490302205085754,0.9170541167259216,0.03197610378265381,0.002505958080291748,8.821487426757812e-05,False,False,completed,True
v_38ae4c230155beb1b259,a zebra taking a peaceful walk,direct_exclude,end,0.9856873154640198,0.9845519065856934,0.9878747463226318,0.98517906665802,0.9673340320587158,0.0178450345993042,0.001135408878326416,-0.0021874308586120605,False,False,completed,True
v_3b6ddfc07cc98fcf9fa0,an elephant running to join a herd of its kind,direct_exclude,end,0.9880058169364929,0.9876692295074463,0.8399812579154968,0.9849029779434204,0.9714210033416748,0.013481974601745605,0.00033658742904663086,0.1480245590209961,False,False,completed,True
v_427171327cff517973ed,a zebra bending down to drink water from a river,direct_exclude,end,0.9852167367935181,0.9821943044662476,0.9889706969261169,0.9767624139785767,0.9504866003990173,0.026275813579559326,0.003022432327270508,-0.003753960132598877,False,False,completed,True
v_4719caef96c8df794757,an elephant running to join a herd of its kind,direct_exclude,end,0.9782639741897583,0.978000283241272,0.8682091236114502,0.969979465007782,0.9504252672195435,0.019554197788238525,0.0002636909484863281,0.1100548505783081,False,False,completed,True
v_4d76a76426a219a5f1bb,a zebra bending down to drink water from a river,direct_exclude,end,0.9782224893569946,0.972489595413208,0.9790183901786804,0.9762669801712036,0.956145167350769,0.02012181282043457,0.005732893943786621,-0.000795900821685791,False,False,completed,True
v_4e7cf3a0868b1b118f55,a zebra running to join a herd of its kind,direct_exclude,end,0.9522103071212769,0.9492702484130859,0.9050732254981995,0.9482232928276062,0.924427330493927,0.0237959623336792,0.002940058708190918,0.04713708162307739,False,False,completed,True
v_4f8abc7bb931501fb862,a truck slowing down to stop,direct_exclude,end,0.9940704703330994,0.9824984073638916,0.9904837012290955,0.9710509777069092,0.8858708739280701,0.08518010377883911,0.011572062969207764,0.0035867691040039062,False,False,completed,False
v_4ff816e35ca1960d8058,an elephant running to join a herd of its kind,direct_exclude,end,0.9646567702293396,0.9640020132064819,0.8273432850837708,0.9487122297286987,0.9084317088127136,0.04028052091598511,0.000654757022857666,0.13731348514556885,False,False,completed,True
v_50b265d3f9ccf281a518,an elephant spraying itself with water using its trunk to cool down,direct_exclude,end,0.9901018142700195,0.9861820340156555,0.9374306797981262,0.9922862648963928,0.9781625866889954,0.014123678207397461,0.003919780254364014,0.05267113447189331,False,False,completed,True
v_53b3d43654788945925c,a zebra running to join a herd of its kind,direct_exclude,end,0.972172737121582,0.9667842388153076,0.9742172956466675,0.9581042528152466,0.9230413436889648,0.03506290912628174,0.005388498306274414,-0.0020445585250854492,False,False,completed,True
v_55a4f07d56cda7470760,an elephant running to join a herd of its kind,direct_exclude,end,0.9789860844612122,0.9765671491622925,0.8720614314079285,0.9713909029960632,0.9555157423019409,0.015875160694122314,0.0024189352989196777,0.10692465305328369,False,False,completed,True
v_6015d56a898aa0948639,a zebra bending down to drink water from a river,direct_exclude,end,0.9817591905593872,0.9809727668762207,0.9815660119056702,0.9774531722068787,0.9577445983886719,0.019708573818206787,0.0007864236831665039,0.00019317865371704102,False,False,completed,True
v_67c0894760111d0087b6,a motorcycle accelerating to gain speed,direct_exclude,end,0.92059326171875,0.9230993986129761,0.9285270571708679,0.7869536280632019,0.7131235003471375,0.07383012771606445,0.0025061368942260742,-0.00793379545211792,False,False,completed,True
v_6bee77846ce628e11d94,an elephant spraying itself with water using its trunk to cool down,direct_exclude,end,0.9835841059684753,0.9723532795906067,0.9411305785179138,0.9801599383354187,0.9511452913284302,0.029014647006988525,0.011230826377868652,0.04245352745056152,False,False,completed,True
v_6d2af08e0301e767c719,a cow running to join a herd of its kind,direct_exclude,end,0.9381388425827026,0.9366507530212402,0.8510204553604126,0.871242880821228,0.8221011161804199,0.049141764640808105,0.0014880895614624023,0.08711838722229004,False,False,completed,True
v_6ee4476dec8615e1535f,a zebra bending down to drink water from a river,direct_exclude,end,0.9657285213470459,0.9651934504508972,0.9643272161483765,0.964434027671814,0.9391606450080872,0.025273382663726807,0.0005350708961486816,0.0014013051986694336,False,False,completed,True
v_74d5bd9982ed49689599,a truck turning a corner,direct_exclude,end,0.9701874256134033,0.966564416885376,0.9766306281089783,0.9252806901931763,0.884803831577301,0.040476858615875244,0.0036230087280273438,-0.006443202495574951,False,False,completed,True
v_795022cc03907dc7489e,an elephant spraying itself with water using its trunk to cool down,direct_exclude,end,0.960296094417572,0.9609500169754028,0.9557721018791199,0.9006173610687256,0.870885968208313,0.029731392860412598,0.0006539225578308105,0.0045239925384521484,False,False,completed,True
v_7959de66f76bf5fc41d9,a zebra bending down to drink water from a river,direct_exclude,end,0.9828632473945618,0.9827602505683899,0.9825685620307922,0.9712667465209961,0.955113410949707,0.016153335571289062,0.000102996826171875,0.00029468536376953125,False,False,completed,True
v_82dc1689fd289adcc0d2,a zebra taking a peaceful walk,direct_exclude,end,0.9778921008110046,0.9756691455841064,0.9775077700614929,0.9754855632781982,0.9531843662261963,0.022301197052001953,0.0022229552268981934,0.00038433074951171875,False,False,completed,True
v_88720509dffa7aea9e30,a zebra bending down to drink water from a river,direct_exclude,end,0.9738063216209412,0.9747627973556519,0.978223443031311,0.9799759387969971,0.9552984237670898,0.024677515029907227,0.0009564757347106934,-0.004417121410369873,False,False,completed,True
v_8887acf562b32cc84023,a zebra bending down to drink water from a river,direct_exclude,end,0.9334750771522522,0.9272030591964722,0.9284511804580688,0.9226030707359314,0.8875599503517151,0.03504312038421631,0.006272017955780029,0.00502389669418335,False,False,completed,True
v_8dca194984971f0a1124,a truck turning a corner,direct_exclude,end,0.9337459802627563,0.9365606904029846,0.9088633060455322,0.8681207299232483,0.8129715323448181,0.055149197578430176,0.0028147101402282715,0.02488267421722412,False,False,completed,True
v_8e6a21dfeb7a106dae22,a zebra taking a peaceful walk,direct_exclude,end,0.9760703444480896,0.9667937755584717,0.9534317255020142,0.9702401757240295,0.9475866556167603,0.022653520107269287,0.00927656888961792,0.02263861894607544,False,False,completed,True
v_a18cdea6bd26987ddbc4,a cow running to join a herd of its kind,direct_exclude,end,0.9763433337211609,0.974368155002594,0.9774283766746521,0.9539317488670349,0.9314562678337097,0.022475481033325195,0.0019751787185668945,-0.001085042953491211,False,False,completed,True
v_a3b6d576bc5c5ef3517f,a zebra running to join a herd of its kind,direct_exclude,end,0.9438295960426331,0.9406277537345886,0.9223698377609253,0.9383728504180908,0.9212743043899536,0.017098546028137207,0.0032018423080444336,0.021459758281707764,False,False,completed,True
v_a522928f33a3f29c463c,a truck slowing down to stop,direct_exclude,end,0.9893493056297302,0.985117495059967,0.9912800788879395,0.9741533398628235,0.9434444904327393,0.03070884943008423,0.004231810569763184,-0.0019307732582092285,False,False,completed,True
v_a5b4d7c4b2a095c9e6cc,an elephant running to join a herd of its kind,direct_exclude,end,0.9817762970924377,0.973438024520874,0.9275727272033691,0.9782154560089111,0.9575716853141785,0.020643770694732666,0.00833827257156372,0.054203569889068604,False,False,completed,True
v_aa14318968934ce72fb1,a zebra bending down to drink water from a river,direct_exclude,end,0.973966121673584,0.9703741073608398,0.9721702933311462,0.9643047451972961,0.9328287839889526,0.031475961208343506,0.0035920143127441406,0.0017958283424377441,False,False,completed,True
v_ad2f0d6ec69f9ff90382,a zebra taking a peaceful walk,direct_exclude,end,0.9869072437286377,0.9853271245956421,0.9876499772071838,0.9837861657142639,0.9578271508216858,0.025959014892578125,0.0015801191329956055,-0.0007427334785461426,False,False,completed,True
v_b2657298416595015a2b,a zebra running to join a herd of its kind,direct_exclude,end,0.9221466779708862,0.9221654534339905,0.9145859479904175,0.8821325302124023,0.8608633875846863,0.021269142627716064,1.8775463104248047e-05,0.00756072998046875,False,False,completed,True
v_bc950a10e74a0a5447f1,a zebra bending down to drink water from a river,direct_exclude,end,0.9756776690483093,0.9753782153129578,0.9758030772209167,0.9725489616394043,0.9397315382957458,0.03281742334365845,0.0002994537353515625,-0.00012540817260742188,False,False,completed,True
v_bf4b3df29a9616bf26ae,a truck turning a corner,direct_exclude,end,0.9515529870986938,0.9514700174331665,0.9581620693206787,0.8850948214530945,0.8379579186439514,0.047136902809143066,8.296966552734375e-05,-0.006609082221984863,False,False,completed,True
v_c41543fe72d2e5493d15,a truck slowing down to stop,direct_exclude,end,0.9834082722663879,0.9746777415275574,0.9743554592132568,0.9530027508735657,0.9266903400421143,0.026312410831451416,0.008730530738830566,0.009052813053131104,False,False,completed,True
v_c424c7aceaf2046394ad,a cow running to join a herd of its kind,direct_exclude,end,0.9763944745063782,0.9745514392852783,0.8742261528968811,0.9669449329376221,0.9104470610618591,0.05649787187576294,0.0018430352210998535,0.10216832160949707,False,False,completed,True
v_c4de504a244d437ac3ad,a zebra bending down to drink water from a river,direct_exclude,end,0.9940760135650635,0.9922345280647278,0.9941746592521667,0.994841992855072,0.9534440636634827,0.041397929191589355,0.0018414855003356934,-9.864568710327148e-05,False,False,completed,True
v_cdab6ebfbdf88aa1365e,an elephant running to join a herd of its kind,direct_exclude,end,0.9607254266738892,0.9603354930877686,0.8344331383705139,0.9530994296073914,0.8975823521614075,0.05551707744598389,0.00038993358612060547,0.12629228830337524,False,False,completed,True
v_d111e2d8975fa9b850b3,a zebra taking a peaceful walk,direct_exclude,end,0.9483411908149719,0.9429029822349548,0.9595955610275269,0.9036860466003418,0.8771469593048096,0.026539087295532227,0.00543820858001709,-0.011254370212554932,False,False,completed,True
v_d51186bcfc23e2a780ab,a truck slowing down to stop,direct_exclude,end,0.9643544554710388,0.9640612602233887,0.9586366415023804,0.9112410545349121,0.8782930374145508,0.03294801712036133,0.0002931952476501465,0.005717813968658447,False,False,completed,True
v_d86a4852b9a610b4e2ac,a motorcycle accelerating to gain speed,direct_exclude,end,0.9552143812179565,0.9598320722579956,0.9675717353820801,0.8991079330444336,0.8583348989486694,0.04077303409576416,0.0046176910400390625,-0.012357354164123535,False,False,completed,True
v_e7e6381187b3421f31f4,a zebra taking a peaceful walk,direct_exclude,end,0.9758050441741943,0.9745622873306274,0.978863000869751,0.9502309560775757,0.9283863306045532,0.02184462547302246,0.0012427568435668945,-0.0030579566955566406,False,False,completed,True
v_e84cd21f77767e064452,an elephant running to join a herd of its kind,direct_exclude,end,0.8868926167488098,0.8892099261283875,0.8284920454025269,0.9618316292762756,0.8908522725105286,0.07097935676574707,0.0023173093795776367,0.05840057134628296,False,False,completed,True
v_f762ed821ba1fba906af,a zebra bending down to drink water from a river,direct_exclude,end,0.9867092370986938,0.9838622212409973,0.9880254864692688,0.9777792096138,0.9446045160293579,0.03317469358444214,0.002847015857696533,-0.0013162493705749512,False,False,completed,True
v_f993f14cdb34fb8383ef,a zebra bending down to drink water from a river,direct_exclude,end,0.9814218878746033,0.9780422449111938,0.9812358617782593,0.9786093235015869,0.9448332786560059,0.033776044845581055,0.003379642963409424,0.00018602609634399414,False,False,completed,True
v_fb03b6a21df9c0a51627,a cow running to join a herd of its kind,direct_exclude,end,0.9514460563659668,0.9515306353569031,0.7907680869102478,0.9386007189750671,0.8954836130142212,0.04311710596084595,8.45789909362793e-05,0.160677969455719,False,False,completed,True
v_fc9b39a4b047b2db243c,an elephant spraying itself with water using its trunk to cool down,direct_exclude,end,0.9950287342071533,0.9928830862045288,0.9955645799636841,0.9937685132026672,0.9814032912254333,0.012365221977233887,0.0021456480026245117,-0.0005358457565307617,False,False,completed,True
v_fef8070abcd8dcd3af47,a zebra taking a peaceful walk,direct_exclude,end,0.9282910823822021,0.9273741841316223,0.931766152381897,0.8663416504859924,0.8418623805046082,0.024479269981384277,0.000916898250579834,-0.0034750699996948242,False,False,completed,True
v_075ccc862d1b2d4936f0,an elephant running to join a herd of its kind,hybrid_zero,end,0.9630889296531677,0.9627413749694824,0.8536427021026611,0.9417819976806641,0.9103372693061829,0.0314447283744812,0.00034755468368530273,0.10944622755050659,False,False,completed,True
v_0925f4496cf55ade8e5d,an elephant spraying itself with water using its trunk to cool down,hybrid_zero,end,0.98935467004776,0.9893279671669006,0.8396173119544983,0.9881947040557861,0.9747408628463745,0.013453841209411621,2.6702880859375e-05,0.14973735809326172,False,False,completed,True
v_0a1a6db568841167f9e8,a truck turning a corner,hybrid_zero,end,0.8892853260040283,0.8899115324020386,0.7404869198799133,0.8972001075744629,0.8586615324020386,0.038538575172424316,0.0006262063980102539,0.148798406124115,False,False,completed,True
v_10d250e1b4b4a6ec0a82,a cow running to join a herd of its kind,hybrid_zero,end,0.9591885805130005,0.949384868144989,0.9158123731613159,0.9442958235740662,0.8848939538002014,0.059401869773864746,0.009803712368011475,0.04337620735168457,False,False,completed,True
v_125269dc5fc640751fa4,a zebra running to join a herd of its kind,hybrid_zero,end,0.9697616100311279,0.9691144227981567,0.7888519167900085,0.9459475874900818,0.9167956709861755,0.02915191650390625,0.0006471872329711914,0.18090969324111938,False,False,completed,True
v_13502c1b9c959957b46a,a zebra taking a peaceful walk,hybrid_zero,end,0.9967139363288879,0.9922338128089905,0.8389756679534912,0.997106671333313,0.968305766582489,0.028800904750823975,0.004480123519897461,0.15773826837539673,False,False,completed,True
v_1814b4d5b25ffa156aa6,an elephant running to join a herd of its kind,hybrid_zero,end,0.9690490961074829,0.9667475819587708,0.8662509918212891,0.9329218864440918,0.9155285358428955,0.01739335060119629,0.002301514148712158,0.10279810428619385,False,False,completed,True
v_22506cf5d5a1e6088fc8,a truck slowing down to stop,hybrid_zero,end,0.8691954612731934,0.871643602848053,0.7817445397377014,0.7584022879600525,0.7176706790924072,0.040731608867645264,0.002448141574859619,0.08745092153549194,False,False,completed,True
v_2ac6cf025d5e88563949,a zebra running to join a herd of its kind,hybrid_zero,end,0.9500249624252319,0.9482209086418152,0.8379537463188171,0.9185127019882202,0.887677013874054,0.03083568811416626,0.001804053783416748,0.1120712161064148,False,False,completed,True
v_2fbefa11a17758f1cd8f,a zebra taking a peaceful walk,hybrid_zero,end,0.9445307850837708,0.934963047504425,0.8660656213760376,0.9212554693222046,0.8589720726013184,0.06228339672088623,0.009567737579345703,0.07846516370773315,False,False,completed,True
v_304f65b790cd089803d4,a zebra bending down to drink water from a river,hybrid_zero,end,0.9545856714248657,0.9545581340789795,0.8166796565055847,0.9624999761581421,0.9098421335220337,0.0526578426361084,2.753734588623047e-05,0.137906014919281,False,False,completed,True
v_34025bb5b4d01c898f92,a motorcycle accelerating to gain speed,hybrid_zero,end,0.9564681053161621,0.9528484344482422,0.8676281571388245,0.9416208267211914,0.9220390915870667,0.019581735134124756,0.003619670867919922,0.08883994817733765,False,False,completed,True
v_355010ce10f66a681b88,a truck turning a corner,hybrid_zero,end,0.9635376334190369,0.9630545377731323,0.8564932942390442,0.9169105887413025,0.8946434855461121,0.02226710319519043,0.000483095645904541,0.10704433917999268,False,False,completed,True
v_35d320b87cf1354b75ab,a zebra running to join a herd of its kind,hybrid_zero,end,0.9588550925254822,0.9563491344451904,0.7654407620429993,0.9490302205085754,0.9170541167259216,0.03197610378265381,0.002505958080291748,0.1934143304824829,False,False,completed,True
v_38ae4c230155beb1b259,a zebra taking a peaceful walk,hybrid_zero,end,0.9856873154640198,0.9845519065856934,0.8320805430412292,0.98517906665802,0.9673340320587158,0.0178450345993042,0.001135408878326416,0.15360677242279053,False,False,completed,True
v_3b6ddfc07cc98fcf9fa0,an elephant running to join a herd of its kind,hybrid_zero,end,0.9880058169364929,0.9876692295074463,0.8399812579154968,0.9849029779434204,0.9714210033416748,0.013481974601745605,0.00033658742904663086,0.1480245590209961,False,False,completed,True
v_427171327cff517973ed,a zebra bending down to drink water from a river,hybrid_zero,end,0.9852167367935181,0.9821943044662476,0.8471270799636841,0.9767624139785767,0.9504866003990173,0.026275813579559326,0.003022432327270508,0.13808965682983398,False,False,completed,True
v_4719caef96c8df794757,an elephant running to join a herd of its kind,hybrid_zero,end,0.9782639741897583,0.978000283241272,0.8456668257713318,0.969979465007782,0.9504252672195435,0.019554197788238525,0.0002636909484863281,0.1325971484184265,False,False,completed,True
v_4d76a76426a219a5f1bb,a zebra bending down to drink water from a river,hybrid_zero,end,0.9782224893569946,0.972489595413208,0.862928569316864,0.9762669801712036,0.956145167350769,0.02012181282043457,0.005732893943786621,0.11529392004013062,False,False,completed,True
v_4e7cf3a0868b1b118f55,a zebra running to join a herd of its kind,hybrid_zero,end,0.9522103071212769,0.9492702484130859,0.8575820326805115,0.9482232928276062,0.924427330493927,0.0237959623336792,0.002940058708190918,0.09462827444076538,False,False,completed,True
v_4f8abc7bb931501fb862,a truck slowing down to stop,hybrid_zero,end,0.9940704703330994,0.8837952613830566,0.9862117767333984,0.9710509777069092,0.8858708739280701,0.08518010377883911,0.11027520895004272,0.007858693599700928,False,False,completed,False
v_4ff816e35ca1960d8058,an elephant running to join a herd of its kind,hybrid_zero,end,0.9646567702293396,0.9640020132064819,0.8273432850837708,0.9487122297286987,0.9084317088127136,0.04028052091598511,0.000654757022857666,0.13731348514556885,False,False,completed,True
v_50b265d3f9ccf281a518,an elephant spraying itself with water using its trunk to cool down,hybrid_zero,end,0.9901018142700195,0.9861820340156555,0.8530858755111694,0.9922862648963928,0.9781625866889954,0.014123678207397461,0.003919780254364014,0.1370159387588501,False,False,completed,True
v_53b3d43654788945925c,a zebra running to join a herd of its kind,hybrid_zero,end,0.972172737121582,0.9667842388153076,0.8230574727058411,0.9581042528152466,0.9230413436889648,0.03506290912628174,0.005388498306274414,0.14911526441574097,False,False,completed,True
v_55a4f07d56cda7470760,an elephant running to join a herd of its kind,hybrid_zero,end,0.9789860844612122,0.9765671491622925,0.8269748687744141,0.9713909029960632,0.9555157423019409,0.015875160694122314,0.0024189352989196777,0.1520112156867981,False,False,completed,True
v_6015d56a898aa0948639,a zebra bending down to drink water from a river,hybrid_zero,end,0.9817591905593872,0.9809727668762207,0.8657909631729126,0.9774531722068787,0.9577445983886719,0.019708573818206787,0.0007864236831665039,0.11596822738647461,False,False,completed,True
v_67c0894760111d0087b6,a motorcycle accelerating to gain speed,hybrid_zero,end,0.92059326171875,0.9017197489738464,0.8486474752426147,0.7869536280632019,0.7131235003471375,0.07383012771606445,0.018873512744903564,0.07194578647613525,False,False,completed,True
v_6bee77846ce628e11d94,an elephant spraying itself with water using its trunk to cool down,hybrid_zero,end,0.9835841059684753,0.9723532795906067,0.8757344484329224,0.9801599383354187,0.9511452913284302,0.029014647006988525,0.011230826377868652,0.10784965753555298,False,False,completed,True
v_6d2af08e0301e767c719,a cow running to join a herd of its kind,hybrid_zero,end,0.9381388425827026,0.9366507530212402,0.8510204553604126,0.871242880821228,0.8221011161804199,0.049141764640808105,0.0014880895614624023,0.08711838722229004,False,False,completed,True
v_6ee4476dec8615e1535f,a zebra bending down to drink water from a river,hybrid_zero,end,0.9657285213470459,0.9651934504508972,0.8728671669960022,0.964434027671814,0.9391606450080872,0.025273382663726807,0.0005350708961486816,0.0928613543510437,False,False,completed,True
v_74d5bd9982ed49689599,a truck turning a corner,hybrid_zero,end,0.9701874256134033,0.966564416885376,0.8710198402404785,0.9252806901931763,0.884803831577301,0.040476858615875244,0.0036230087280273438,0.0991675853729248,False,False,completed,True
v_795022cc03907dc7489e,an elephant spraying itself with water using its trunk to cool down,hybrid_zero,end,0.9523473978042603,0.9556039571762085,0.855392575263977,0.9006173610687256,0.870885968208313,0.029731392860412598,0.003256559371948242,0.0969548225402832,False,False,completed,True
v_7959de66f76bf5fc41d9,a zebra bending down to drink water from a river,hybrid_zero,end,0.9828632473945618,0.9827602505683899,0.8789947628974915,0.9712667465209961,0.955113410949707,0.016153335571289062,0.000102996826171875,0.10386848449707031,False,False,completed,True
v_82dc1689fd289adcc0d2,a zebra taking a peaceful walk,hybrid_zero,end,0.9778921008110046,0.9756691455841064,0.8227844834327698,0.9754855632781982,0.9531843662261963,0.022301197052001953,0.0022229552268981934,0.15510761737823486,False,False,completed,True
v_88720509dffa7aea9e30,a zebra bending down to drink water from a river,hybrid_zero,end,0.9738063216209412,0.9747627973556519,0.8583781123161316,0.9799759387969971,0.9552984237670898,0.024677515029907227,0.0009564757347106934,0.11542820930480957,False,False,completed,True
v_8887acf562b32cc84023,a zebra bending down to drink water from a river,hybrid_zero,end,0.9334750771522522,0.9272030591964722,0.9284511804580688,0.9226030707359314,0.8875599503517151,0.03504312038421631,0.006272017955780029,0.00502389669418335,False,False,completed,True
v_8dca194984971f0a1124,a truck turning a corner,hybrid_zero,end,0.9337459802627563,0.9096421003341675,0.8785038590431213,0.8681207299232483,0.8129715323448181,0.055149197578430176,0.024103879928588867,0.05524212121963501,False,False,completed,True
v_8e6a21dfeb7a106dae22,a zebra taking a peaceful walk,hybrid_zero,end,0.9760703444480896,0.9667937755584717,0.8742771744728088,0.9702401757240295,0.9475866556167603,0.022653520107269287,0.00927656888961792,0.10179316997528076,False,False,completed,True
v_a18cdea6bd26987ddbc4,a cow running to join a herd of its kind,hybrid_zero,end,0.9762948155403137,0.9730243682861328,0.8388546109199524,0.9539317488670349,0.9314562678337097,0.022475481033325195,0.003270447254180908,0.13744020462036133,False,False,completed,True
v_a3b6d576bc5c5ef3517f,a zebra running to join a herd of its kind,hybrid_zero,end,0.9438295960426331,0.9406277537345886,0.8443778157234192,0.9383728504180908,0.9212743043899536,0.017098546028137207,0.0032018423080444336,0.09945178031921387,False,False,completed,True
v_a522928f33a3f29c463c,a truck slowing down to stop,hybrid_zero,end,0.9893493056297302,0.985117495059967,0.8520544767379761,0.9741533398628235,0.9434444904327393,0.03070884943008423,0.004231810569763184,0.13729482889175415,False,False,completed,True
v_a5b4d7c4b2a095c9e6cc,an elephant running to join a herd of its kind,hybrid_zero,end,0.9817762970924377,0.9708786010742188,0.870881974697113,0.9782154560089111,0.9575716853141785,0.020643770694732666,0.010897696018218994,0.11089432239532471,False,False,completed,True
v_aa14318968934ce72fb1,a zebra bending down to drink water from a river,hybrid_zero,end,0.973966121673584,0.9703741073608398,0.820946216583252,0.9643047451972961,0.9328287839889526,0.031475961208343506,0.0035920143127441406,0.15301990509033203,False,False,completed,True
v_ad2f0d6ec69f9ff90382,a zebra taking a peaceful walk,hybrid_zero,end,0.9869072437286377,0.9853271245956421,0.8408559560775757,0.9837861657142639,0.9578271508216858,0.025959014892578125,0.0015801191329956055,0.146051287651062,False,False,completed,True
v_b2657298416595015a2b,a zebra running to join a herd of its kind,hybrid_zero,end,0.9221466779708862,0.9221654534339905,0.8097882270812988,0.8821325302124023,0.8608633875846863,0.021269142627716064,1.8775463104248047e-05,0.1123584508895874,False,False,completed,True
v_bc950a10e74a0a5447f1,a zebra bending down to drink water from a river,hybrid_zero,end,0.9756776690483093,0.9753782153129578,0.8210535049438477,0.9725489616394043,0.9397315382957458,0.03281742334365845,0.0002994537353515625,0.15462416410446167,False,False,completed,True
v_bf4b3df29a9616bf26ae,a truck turning a corner,hybrid_zero,end,0.9515529870986938,0.9514700174331665,0.7880069017410278,0.8850948214530945,0.8379579186439514,0.047136902809143066,8.296966552734375e-05,0.16354608535766602,False,False,completed,True
v_c41543fe72d2e5493d15,a truck slowing down to stop,hybrid_zero,end,0.9834082722663879,0.9746777415275574,0.8995319604873657,0.9530027508735657,0.9266903400421143,0.026312410831451416,0.008730530738830566,0.08387631177902222,False,False,completed,True
v_c424c7aceaf2046394ad,a cow running to join a herd of its kind,hybrid_zero,end,0.9763944745063782,0.9745514392852783,0.8742261528968811,0.9669449329376221,0.9104470610618591,0.05649787187576294,0.0018430352210998535,0.10216832160949707,False,False,completed,True
v_c4de504a244d437ac3ad,a zebra bending down to drink water from a river,hybrid_zero,end,0.9940760135650635,0.9922345280647278,0.830220103263855,0.994841992855072,0.9534440636634827,0.041397929191589355,0.0018414855003356934,0.1638559103012085,False,False,completed,True
v_cdab6ebfbdf88aa1365e,an elephant running to join a herd of its kind,hybrid_zero,end,0.9607254266738892,0.9603354930877686,0.8344331383705139,0.9530994296073914,0.8975823521614075,0.05551707744598389,0.00038993358612060547,0.12629228830337524,False,False,completed,True
v_d111e2d8975fa9b850b3,a zebra taking a peaceful walk,hybrid_zero,end,0.9483411908149719,0.9429029822349548,0.8157040476799011,0.9036860466003418,0.8771469593048096,0.026539087295532227,0.00543820858001709,0.1326371431350708,False,False,completed,True
v_d51186bcfc23e2a780ab,a truck slowing down to stop,hybrid_zero,end,0.9643544554710388,0.9640612602233887,0.8451262712478638,0.9112410545349121,0.8782930374145508,0.03294801712036133,0.0002931952476501465,0.11922818422317505,False,False,completed,True
v_d86a4852b9a610b4e2ac,a motorcycle accelerating to gain speed,hybrid_zero,end,0.9552143812179565,0.9544634819030762,0.8749391436576843,0.8991079330444336,0.8583348989486694,0.04077303409576416,0.0007508993148803711,0.08027523756027222,False,False,completed,True
v_e7e6381187b3421f31f4,a zebra taking a peaceful walk,hybrid_zero,end,0.9758050441741943,0.9745622873306274,0.8235583901405334,0.9502309560775757,0.9283863306045532,0.02184462547302246,0.0012427568435668945,0.1522466540336609,False,False,completed,True
v_e84cd21f77767e064452,an elephant running to join a herd of its kind,hybrid_zero,end,0.8868926167488098,0.8892099261283875,0.818653404712677,0.9618316292762756,0.8908522725105286,0.07097935676574707,0.0023173093795776367,0.06823921203613281,False,False,completed,True
v_f762ed821ba1fba906af,a zebra bending down to drink water from a river,hybrid_zero,end,0.9867092370986938,0.9838622212409973,0.842894434928894,0.9777792096138,0.9446045160293579,0.03317469358444214,0.002847015857696533,0.1438148021697998,False,False,completed,True
v_f993f14cdb34fb8383ef,a zebra bending down to drink water from a river,hybrid_zero,end,0.9814218878746033,0.9780422449111938,0.8705520033836365,0.9786093235015869,0.9448332786560059,0.033776044845581055,0.003379642963409424,0.1108698844909668,False,False,completed,True
v_fb03b6a21df9c0a51627,a cow running to join a herd of its kind,hybrid_zero,end,0.9514460563659668,0.9515306353569031,0.7907680869102478,0.9386007189750671,0.8954836130142212,0.04311710596084595,8.45789909362793e-05,0.160677969455719,False,False,completed,True
v_fc9b39a4b047b2db243c,an elephant spraying itself with water using its trunk to cool down,hybrid_zero,end,0.9950287342071533,0.9928830862045288,0.8418434858322144,0.9937685132026672,0.9814032912254333,0.012365221977233887,0.0021456480026245117,0.15318524837493896,False,False,completed,True
v_fef8070abcd8dcd3af47,a zebra taking a peaceful walk,hybrid_zero,end,0.9282910823822021,0.9273741841316223,0.7781361937522888,0.8663416504859924,0.8418623805046082,0.024479269981384277,0.000916898250579834,0.15015488862991333,False,False,completed,True
v_075ccc862d1b2d4936f0,an elephant running to join a herd of its kind,hybrid_exclude,end,0.9630889296531677,0.9627413749694824,0.8536427021026611,0.9417819976806641,0.9103372693061829,0.0314447283744812,0.00034755468368530273,0.10944622755050659,False,False,completed,True
v_0925f4496cf55ade8e5d,an elephant spraying itself with water using its trunk to cool down,hybrid_exclude,end,0.98935467004776,0.9893279671669006,0.8396173119544983,0.9881947040557861,0.9747408628463745,0.013453841209411621,2.6702880859375e-05,0.14973735809326172,False,False,completed,True
v_0a1a6db568841167f9e8,a truck turning a corner,hybrid_exclude,end,0.8892853260040283,0.8899115324020386,0.7404869198799133,0.8972001075744629,0.8586615324020386,0.038538575172424316,0.0006262063980102539,0.148798406124115,False,False,completed,True
v_10d250e1b4b4a6ec0a82,a cow running to join a herd of its kind,hybrid_exclude,end,0.9591885805130005,0.949384868144989,0.9158123731613159,0.9442958235740662,0.8848939538002014,0.059401869773864746,0.009803712368011475,0.04337620735168457,False,False,completed,True
v_125269dc5fc640751fa4,a zebra running to join a herd of its kind,hybrid_exclude,end,0.9697616100311279,0.9691144227981567,0.7888519167900085,0.9459475874900818,0.9167956709861755,0.02915191650390625,0.0006471872329711914,0.18090969324111938,False,False,completed,True
v_13502c1b9c959957b46a,a zebra taking a peaceful walk,hybrid_exclude,end,0.9967139363288879,0.9922338128089905,0.8389756679534912,0.997106671333313,0.968305766582489,0.028800904750823975,0.004480123519897461,0.15773826837539673,False,False,completed,True
v_1814b4d5b25ffa156aa6,an elephant running to join a herd of its kind,hybrid_exclude,end,0.9690490961074829,0.9667475819587708,0.8662509918212891,0.9329218864440918,0.9155285358428955,0.01739335060119629,0.002301514148712158,0.10279810428619385,False,False,completed,True
v_22506cf5d5a1e6088fc8,a truck slowing down to stop,hybrid_exclude,end,0.8691954612731934,0.871643602848053,0.7817445397377014,0.7584022879600525,0.7176706790924072,0.040731608867645264,0.002448141574859619,0.08745092153549194,False,False,completed,True
v_2ac6cf025d5e88563949,a zebra running to join a herd of its kind,hybrid_exclude,end,0.9500249624252319,0.9482209086418152,0.8379537463188171,0.9185127019882202,0.887677013874054,0.03083568811416626,0.001804053783416748,0.1120712161064148,False,False,completed,True
v_2fbefa11a17758f1cd8f,a zebra taking a peaceful walk,hybrid_exclude,end,0.9445307850837708,0.934963047504425,0.8660656213760376,0.9212554693222046,0.8589720726013184,0.06228339672088623,0.009567737579345703,0.07846516370773315,False,False,completed,True
v_304f65b790cd089803d4,a zebra bending down to drink water from a river,hybrid_exclude,end,0.9545856714248657,0.9545581340789795,0.8166796565055847,0.9624999761581421,0.9098421335220337,0.0526578426361084,2.753734588623047e-05,0.137906014919281,False,False,completed,True
v_34025bb5b4d01c898f92,a motorcycle accelerating to gain speed,hybrid_exclude,end,0.9564681053161621,0.9528484344482422,0.8676281571388245,0.9416208267211914,0.9220390915870667,0.019581735134124756,0.003619670867919922,0.08883994817733765,False,False,completed,True
v_355010ce10f66a681b88,a truck turning a corner,hybrid_exclude,end,0.9635376334190369,0.9630545377731323,0.8564932942390442,0.9169105887413025,0.8946434855461121,0.02226710319519043,0.000483095645904541,0.10704433917999268,False,False,completed,True
v_35d320b87cf1354b75ab,a zebra running to join a herd of its kind,hybrid_exclude,end,0.9588550925254822,0.9563491344451904,0.7654407620429993,0.9490302205085754,0.9170541167259216,0.03197610378265381,0.002505958080291748,0.1934143304824829,False,False,completed,True
v_38ae4c230155beb1b259,a zebra taking a peaceful walk,hybrid_exclude,end,0.9856873154640198,0.9845519065856934,0.8320805430412292,0.98517906665802,0.9673340320587158,0.0178450345993042,0.001135408878326416,0.15360677242279053,False,False,completed,True
v_3b6ddfc07cc98fcf9fa0,an elephant running to join a herd of its kind,hybrid_exclude,end,0.9880058169364929,0.9876692295074463,0.8399812579154968,0.9849029779434204,0.9714210033416748,0.013481974601745605,0.00033658742904663086,0.1480245590209961,False,False,completed,True
v_427171327cff517973ed,a zebra bending down to drink water from a river,hybrid_exclude,end,0.9852167367935181,0.9821943044662476,0.8471270799636841,0.9767624139785767,0.9504866003990173,0.026275813579559326,0.003022432327270508,0.13808965682983398,False,False,completed,True
v_4719caef96c8df794757,an elephant running to join a herd of its kind,hybrid_exclude,end,0.9782639741897583,0.978000283241272,0.8456668257713318,0.969979465007782,0.9504252672195435,0.019554197788238525,0.0002636909484863281,0.1325971484184265,False,False,completed,True
v_4d76a76426a219a5f1bb,a zebra bending down to drink water from a river,hybrid_exclude,end,0.9782224893569946,0.972489595413208,0.862928569316864,0.9762669801712036,0.956145167350769,0.02012181282043457,0.005732893943786621,0.11529392004013062,False,False,completed,True
v_4e7cf3a0868b1b118f55,a zebra running to join a herd of its kind,hybrid_exclude,end,0.9522103071212769,0.9492702484130859,0.8575820326805115,0.9482232928276062,0.924427330493927,0.0237959623336792,0.002940058708190918,0.09462827444076538,False,False,completed,True
v_4f8abc7bb931501fb862,a truck slowing down to stop,hybrid_exclude,end,0.9940704703330994,0.8837952613830566,0.9862117767333984,0.9710509777069092,0.8858708739280701,0.08518010377883911,0.11027520895004272,0.007858693599700928,False,False,completed,False
v_4ff816e35ca1960d8058,an elephant running to join a herd of its kind,hybrid_exclude,end,0.9646567702293396,0.9640020132064819,0.8273432850837708,0.9487122297286987,0.9084317088127136,0.04028052091598511,0.000654757022857666,0.13731348514556885,False,False,completed,True
v_50b265d3f9ccf281a518,an elephant spraying itself with water using its trunk to cool down,hybrid_exclude,end,0.9901018142700195,0.9861820340156555,0.8530858755111694,0.9922862648963928,0.9781625866889954,0.014123678207397461,0.003919780254364014,0.1370159387588501,False,False,completed,True
v_53b3d43654788945925c,a zebra running to join a herd of its kind,hybrid_exclude,end,0.972172737121582,0.9667842388153076,0.8230574727058411,0.9581042528152466,0.9230413436889648,0.03506290912628174,0.005388498306274414,0.14911526441574097,False,False,completed,True
v_55a4f07d56cda7470760,an elephant running to join a herd of its kind,hybrid_exclude,end,0.9789860844612122,0.9765671491622925,0.8269748687744141,0.9713909029960632,0.9555157423019409,0.015875160694122314,0.0024189352989196777,0.1520112156867981,False,False,completed,True
v_6015d56a898aa0948639,a zebra bending down to drink water from a river,hybrid_exclude,end,0.9817591905593872,0.9809727668762207,0.8657909631729126,0.9774531722068787,0.9577445983886719,0.019708573818206787,0.0007864236831665039,0.11596822738647461,False,False,completed,True
v_67c0894760111d0087b6,a motorcycle accelerating to gain speed,hybrid_exclude,end,0.92059326171875,0.9017197489738464,0.8486474752426147,0.7869536280632019,0.7131235003471375,0.07383012771606445,0.018873512744903564,0.07194578647613525,False,False,completed,True
v_6bee77846ce628e11d94,an elephant spraying itself with water using its trunk to cool down,hybrid_exclude,end,0.9835841059684753,0.9723532795906067,0.8757344484329224,0.9801599383354187,0.9511452913284302,0.029014647006988525,0.011230826377868652,0.10784965753555298,False,False,completed,True
v_6d2af08e0301e767c719,a cow running to join a herd of its kind,hybrid_exclude,end,0.9381388425827026,0.9366507530212402,0.8510204553604126,0.871242880821228,0.8221011161804199,0.049141764640808105,0.0014880895614624023,0.08711838722229004,False,False,completed,True
v_6ee4476dec8615e1535f,a zebra bending down to drink water from a river,hybrid_exclude,end,0.9657285213470459,0.9651934504508972,0.8728671669960022,0.964434027671814,0.9391606450080872,0.025273382663726807,0.0005350708961486816,0.0928613543510437,False,False,completed,True
v_74d5bd9982ed49689599,a truck turning a corner,hybrid_exclude,end,0.9701874256134033,0.966564416885376,0.8710198402404785,0.9252806901931763,0.884803831577301,0.040476858615875244,0.0036230087280273438,0.0991675853729248,False,False,completed,True
v_795022cc03907dc7489e,an elephant spraying itself with water using its trunk to cool down,hybrid_exclude,end,0.9523473978042603,0.9556039571762085,0.855392575263977,0.9006173610687256,0.870885968208313,0.029731392860412598,0.003256559371948242,0.0969548225402832,False,False,completed,True
v_7959de66f76bf5fc41d9,a zebra bending down to drink water from a river,hybrid_exclude,end,0.9828632473945618,0.9827602505683899,0.8789947628974915,0.9712667465209961,0.955113410949707,0.016153335571289062,0.000102996826171875,0.10386848449707031,False,False,completed,True
v_82dc1689fd289adcc0d2,a zebra taking a peaceful walk,hybrid_exclude,end,0.9778921008110046,0.9756691455841064,0.8227844834327698,0.9754855632781982,0.9531843662261963,0.022301197052001953,0.0022229552268981934,0.15510761737823486,False,False,completed,True
v_88720509dffa7aea9e30,a zebra bending down to drink water from a river,hybrid_exclude,end,0.9738063216209412,0.9747627973556519,0.8583781123161316,0.9799759387969971,0.9552984237670898,0.024677515029907227,0.0009564757347106934,0.11542820930480957,False,False,completed,True
v_8887acf562b32cc84023,a zebra bending down to drink water from a river,hybrid_exclude,end,0.9334750771522522,0.9272030591964722,0.9284511804580688,0.9226030707359314,0.8875599503517151,0.03504312038421631,0.006272017955780029,0.00502389669418335,False,False,completed,True
v_8dca194984971f0a1124,a truck turning a corner,hybrid_exclude,end,0.9337459802627563,0.9096421003341675,0.8785038590431213,0.8681207299232483,0.8129715323448181,0.055149197578430176,0.024103879928588867,0.05524212121963501,False,False,completed,True
v_8e6a21dfeb7a106dae22,a zebra taking a peaceful walk,hybrid_exclude,end,0.9760703444480896,0.9667937755584717,0.8742771744728088,0.9702401757240295,0.9475866556167603,0.022653520107269287,0.00927656888961792,0.10179316997528076,False,False,completed,True
v_a18cdea6bd26987ddbc4,a cow running to join a herd of its kind,hybrid_exclude,end,0.9762948155403137,0.9730243682861328,0.8388546109199524,0.9539317488670349,0.9314562678337097,0.022475481033325195,0.003270447254180908,0.13744020462036133,False,False,completed,True
v_a3b6d576bc5c5ef3517f,a zebra running to join a herd of its kind,hybrid_exclude,end,0.9438295960426331,0.9406277537345886,0.8443778157234192,0.9383728504180908,0.9212743043899536,0.017098546028137207,0.0032018423080444336,0.09945178031921387,False,False,completed,True
v_a522928f33a3f29c463c,a truck slowing down to stop,hybrid_exclude,end,0.9893493056297302,0.985117495059967,0.8520544767379761,0.9741533398628235,0.9434444904327393,0.03070884943008423,0.004231810569763184,0.13729482889175415,False,False,completed,True
v_a5b4d7c4b2a095c9e6cc,an elephant running to join a herd of its kind,hybrid_exclude,end,0.9817762970924377,0.9708786010742188,0.870881974697113,0.9782154560089111,0.9575716853141785,0.020643770694732666,0.010897696018218994,0.11089432239532471,False,False,completed,True
v_aa14318968934ce72fb1,a zebra bending down to drink water from a river,hybrid_exclude,end,0.973966121673584,0.9703741073608398,0.820946216583252,0.9643047451972961,0.9328287839889526,0.031475961208343506,0.0035920143127441406,0.15301990509033203,False,False,completed,True
v_ad2f0d6ec69f9ff90382,a zebra taking a peaceful walk,hybrid_exclude,end,0.9869072437286377,0.9853271245956421,0.8408559560775757,0.9837861657142639,0.9578271508216858,0.025959014892578125,0.0015801191329956055,0.146051287651062,False,False,completed,True
v_b2657298416595015a2b,a zebra running to join a herd of its kind,hybrid_exclude,end,0.9221466779708862,0.9221654534339905,0.8097882270812988,0.8821325302124023,0.8608633875846863,0.021269142627716064,1.8775463104248047e-05,0.1123584508895874,False,False,completed,True
v_bc950a10e74a0a5447f1,a zebra bending down to drink water from a river,hybrid_exclude,end,0.9756776690483093,0.9753782153129578,0.8210535049438477,0.9725489616394043,0.9397315382957458,0.03281742334365845,0.0002994537353515625,0.15462416410446167,False,False,completed,True
v_bf4b3df29a9616bf26ae,a truck turning a corner,hybrid_exclude,end,0.9515529870986938,0.9514700174331665,0.7880069017410278,0.8850948214530945,0.8379579186439514,0.047136902809143066,8.296966552734375e-05,0.16354608535766602,False,False,completed,True
v_c41543fe72d2e5493d15,a truck slowing down to stop,hybrid_exclude,end,0.9834082722663879,0.9746777415275574,0.8995319604873657,0.9530027508735657,0.9266903400421143,0.026312410831451416,0.008730530738830566,0.08387631177902222,False,False,completed,True
v_c424c7aceaf2046394ad,a cow running to join a herd of its kind,hybrid_exclude,end,0.9763944745063782,0.9745514392852783,0.8742261528968811,0.9669449329376221,0.9104470610618591,0.05649787187576294,0.0018430352210998535,0.10216832160949707,False,False,completed,True
v_c4de504a244d437ac3ad,a zebra bending down to drink water from a river,hybrid_exclude,end,0.9940760135650635,0.9922345280647278,0.830220103263855,0.994841992855072,0.9534440636634827,0.041397929191589355,0.0018414855003356934,0.1638559103012085,False,False,completed,True
v_cdab6ebfbdf88aa1365e,an elephant running to join a herd of its kind,hybrid_exclude,end,0.9607254266738892,0.9603354930877686,0.8344331383705139,0.9530994296073914,0.8975823521614075,0.05551707744598389,0.00038993358612060547,0.12629228830337524,False,False,completed,True
v_d111e2d8975fa9b850b3,a zebra taking a peaceful walk,hybrid_exclude,end,0.9483411908149719,0.9429029822349548,0.8157040476799011,0.9036860466003418,0.8771469593048096,0.026539087295532227,0.00543820858001709,0.1326371431350708,False,False,completed,True
v_d51186bcfc23e2a780ab,a truck slowing down to stop,hybrid_exclude,end,0.9643544554710388,0.9640612602233887,0.8451262712478638,0.9112410545349121,0.8782930374145508,0.03294801712036133,0.0002931952476501465,0.11922818422317505,False,False,completed,True
v_d86a4852b9a610b4e2ac,a motorcycle accelerating to gain speed,hybrid_exclude,end,0.9552143812179565,0.9544634819030762,0.8749391436576843,0.8991079330444336,0.8583348989486694,0.04077303409576416,0.0007508993148803711,0.08027523756027222,False,False,completed,True
v_e7e6381187b3421f31f4,a zebra taking a peaceful walk,hybrid_exclude,end,0.9758050441741943,0.9745622873306274,0.8235583901405334,0.9502309560775757,0.9283863306045532,0.02184462547302246,0.0012427568435668945,0.1522466540336609,False,False,completed,True
v_e84cd21f77767e064452,an elephant running to join a herd of its kind,hybrid_exclude,end,0.8868926167488098,0.8892099261283875,0.818653404712677,0.9618316292762756,0.8908522725105286,0.07097935676574707,0.0023173093795776367,0.06823921203613281,False,False,completed,True
v_f762ed821ba1fba906af,a zebra bending down to drink water from a river,hybrid_exclude,end,0.9867092370986938,0.9838622212409973,0.842894434928894,0.9777792096138,0.9446045160293579,0.03317469358444214,0.002847015857696533,0.1438148021697998,False,False,completed,True
v_f993f14cdb34fb8383ef,a zebra bending down to drink water from a river,hybrid_exclude,end,0.9814218878746033,0.9780422449111938,0.8705520033836365,0.9786093235015869,0.9448332786560059,0.033776044845581055,0.003379642963409424,0.1108698844909668,False,False,completed,True
v_fb03b6a21df9c0a51627,a cow running to join a herd of its kind,hybrid_exclude,end,0.9514460563659668,0.9515306353569031,0.7907680869102478,0.9386007189750671,0.8954836130142212,0.04311710596084595,8.45789909362793e-05,0.160677969455719,False,False,completed,True
v_fc9b39a4b047b2db243c,an elephant spraying itself with water using its trunk to cool down,hybrid_exclude,end,0.9950287342071533,0.9928830862045288,0.8418434858322144,0.9937685132026672,0.9814032912254333,0.012365221977233887,0.0021456480026245117,0.15318524837493896,False,False,completed,True
v_fef8070abcd8dcd3af47,a zebra taking a peaceful walk,hybrid_exclude,end,0.9282910823822021,0.9273741841316223,0.7781361937522888,0.8663416504859924,0.8418623805046082,0.024479269981384277,0.000916898250579834,0.15015488862991333,False,False,completed,True
v_075ccc862d1b2d4936f0,an elephant running to join a herd of its kind,direct_zero,full,0.9630889296531677,0.9635209441184998,0.9222519397735596,0.9417819976806641,0.9250732660293579,0.016708731651306152,0.00043201446533203125,0.040836989879608154,False,False,completed,True
v_0925f4496cf55ade8e5d,an elephant spraying itself with water using its trunk to cool down,direct_zero,full,0.98935467004776,0.9858912825584412,0.23238201439380646,0.9881947040557861,0.9828840494155884,0.005310654640197754,0.0034633874893188477,0.7569726556539536,False,False,completed,True
v_0a1a6db568841167f9e8,a truck turning a corner,direct_zero,full,0.7832257747650146,0.78145432472229,0.0,0.8972001075744629,0.8625630140304565,0.03463709354400635,0.0017714500427246094,0.7832257747650146,False,False,completed,True
v_10d250e1b4b4a6ec0a82,a cow running to join a herd of its kind,direct_zero,full,0.9591885805130005,0.9330654144287109,0.9364047646522522,0.9442958235740662,0.8954891562461853,0.04880666732788086,0.02612316608428955,0.02278381586074829,False,False,completed,True
v_125269dc5fc640751fa4,a zebra running to join a herd of its kind,direct_zero,full,0.9697616100311279,0.9675594568252563,0.0,0.9459475874900818,0.9380553364753723,0.007892251014709473,0.002202153205871582,0.9697616100311279,False,False,completed,True
v_13502c1b9c959957b46a,a zebra taking a peaceful walk,direct_zero,full,0.9967139363288879,0.9941625595092773,0.0,0.997106671333313,0.9948625564575195,0.002244114875793457,0.0025513768196105957,0.9967139363288879,False,False,completed,True
v_1814b4d5b25ffa156aa6,an elephant running to join a herd of its kind,direct_zero,full,0.9690490961074829,0.9601041078567505,0.7044568657875061,0.9329218864440918,0.9016836881637573,0.031238198280334473,0.008944988250732422,0.2645922303199768,False,False,completed,True
v_22506cf5d5a1e6088fc8,a truck slowing down to stop,direct_zero,full,0.8691954612731934,0.15123817324638367,0.07232305407524109,0.7584022879600525,0.701805591583252,0.05659669637680054,0.7179572880268097,0.7968724071979523,False,False,completed,True
v_2ac6cf025d5e88563949,a zebra running to join a herd of its kind,direct_zero,full,0.9500249624252319,0.9475387930870056,0.0,0.9185127019882202,0.9093586206436157,0.009154081344604492,0.0024861693382263184,0.9500249624252319,False,False,completed,True
v_2fbefa11a17758f1cd8f,a zebra taking a peaceful walk,direct_zero,full,0.9445307850837708,0.931852400302887,0.15830263495445251,0.9212554693222046,0.8462927937507629,0.07496267557144165,0.012678384780883789,0.7862281501293182,False,False,completed,True
v_304f65b790cd089803d4,a zebra bending down to drink water from a river,direct_zero,full,0.9545856714248657,0.9584835171699524,0.0,0.9624999761581421,0.9367153644561768,0.025784611701965332,0.00389784574508667,0.9545856714248657,False,False,completed,True
v_34025bb5b4d01c898f92,a motorcycle accelerating to gain speed,direct_zero,full,0.9564681053161621,0.9586743712425232,0.0,0.9416208267211914,0.9312145709991455,0.010406255722045898,0.002206265926361084,0.9564681053161621,False,False,completed,True
v_355010ce10f66a681b88,a truck turning a corner,direct_zero,full,0.9635376334190369,0.9471014142036438,0.0,0.9169105887413025,0.8767268061637878,0.04018378257751465,0.016436219215393066,0.9635376334190369,False,False,completed,True
v_35d320b87cf1354b75ab,a zebra running to join a herd of its kind,direct_zero,full,0.9588550925254822,0.9563136100769043,0.0,0.9490302205085754,0.9364952445030212,0.0125349760055542,0.002541482448577881,0.9588550925254822,False,False,completed,True
v_38ae4c230155beb1b259,a zebra taking a peaceful walk,direct_zero,full,0.9856873154640198,0.9825937151908875,0.0,0.98517906665802,0.9811515808105469,0.0040274858474731445,0.0030936002731323242,0.9856873154640198,False,False,completed,True
v_3b6ddfc07cc98fcf9fa0,an elephant running to join a herd of its kind,direct_zero,full,0.9880058169364929,0.9871799945831299,0.9781123399734497,0.9849029779434204,0.9831123948097229,0.0017905831336975098,0.0008258223533630371,0.009893476963043213,False,False,completed,True
v_427171327cff517973ed,a zebra bending down to drink water from a river,direct_zero,full,0.9852167367935181,0.9825498461723328,0.0,0.9767624139785767,0.9774017333984375,0.0006393194198608398,0.0026668906211853027,0.9852167367935181,False,False,completed,True
v_4719caef96c8df794757,an elephant running to join a herd of its kind,direct_zero,full,0.9782639741897583,0.9783834218978882,0.8485943078994751,0.969979465007782,0.95478755235672,0.015191912651062012,0.00011944770812988281,0.1296696662902832,False,False,completed,True
v_4d76a76426a219a5f1bb,a zebra bending down to drink water from a river,direct_zero,full,0.9782224893569946,0.971054196357727,0.0,0.9762669801712036,0.9626756906509399,0.013591289520263672,0.007168292999267578,0.9782224893569946,False,False,completed,True
v_4e7cf3a0868b1b118f55,a zebra running to join a herd of its kind,direct_zero,full,0.9522103071212769,0.9504322409629822,0.10203244537115097,0.9482232928276062,0.9372345805168152,0.010988712310791016,0.0017780661582946777,0.8501778617501259,False,False,completed,True
v_4f8abc7bb931501fb862,a truck slowing down to stop,direct_zero,full,0.9940704703330994,0.05049720034003258,0.671510636806488,0.9710509777069092,0.8021548986434937,0.16889607906341553,0.9435732699930668,0.32255983352661133,False,False,completed,False
v_4ff816e35ca1960d8058,an elephant running to join a herd of its kind,direct_zero,full,0.9646567702293396,0.9657081961631775,0.9501775503158569,0.9487122297286987,0.9171633720397949,0.03154885768890381,0.0010514259338378906,0.014479219913482666,False,False,completed,True
v_50b265d3f9ccf281a518,an elephant spraying itself with water using its trunk to cool down,direct_zero,full,0.9901018142700195,0.9821529984474182,0.008077963255345821,0.9922862648963928,0.9814439415931702,0.010842323303222656,0.007948815822601318,0.9820238510146737,False,False,completed,True
v_53b3d43654788945925c,a zebra running to join a herd of its kind,direct_zero,full,0.972172737121582,0.9646115899085999,0.0,0.9581042528152466,0.9465862512588501,0.011518001556396484,0.007561147212982178,0.972172737121582,False,False,completed,True
v_55a4f07d56cda7470760,an elephant running to join a herd of its kind,direct_zero,full,0.9789860844612122,0.9749211668968201,0.021751943975687027,0.9713909029960632,0.9524977803230286,0.018893122673034668,0.00406491756439209,0.9572341404855251,False,False,completed,True
v_6015d56a898aa0948639,a zebra bending down to drink water from a river,direct_zero,full,0.9817591905593872,0.8957253694534302,0.017717067152261734,0.9774531722068787,0.868056058883667,0.10939711332321167,0.08603382110595703,0.9640421234071255,False,False,completed,True
v_67c0894760111d0087b6,a motorcycle accelerating to gain speed,direct_zero,full,0.92059326171875,0.511381983757019,0.0,0.7869536280632019,0.687890887260437,0.09906274080276489,0.40921127796173096,0.92059326171875,False,False,completed,True
v_6bee77846ce628e11d94,an elephant spraying itself with water using its trunk to cool down,direct_zero,full,0.9835841059684753,0.9604412913322449,0.03266977518796921,0.9801599383354187,0.9311152100563049,0.04904472827911377,0.02314281463623047,0.9509143307805061,False,False,completed,True
v_6d2af08e0301e767c719,a cow running to join a herd of its kind,direct_zero,full,0.9381388425827026,0.710843563079834,0.8006440997123718,0.871242880821228,0.8299393057823181,0.04130357503890991,0.22729527950286865,0.1374947428703308,False,False,completed,True
v_6ee4476dec8615e1535f,a zebra bending down to drink water from a river,direct_zero,full,0.9657285213470459,0.9664310216903687,0.0,0.964434027671814,0.9498815536499023,0.014552474021911621,0.0007025003433227539,0.9657285213470459,False,False,completed,True
v_74d5bd9982ed49689599,a truck turning a corner,direct_zero,full,0.9701874256134033,0.966801643371582,0.0,0.9252806901931763,0.8994961380958557,0.025784552097320557,0.003385782241821289,0.9701874256134033,False,False,completed,True
v_795022cc03907dc7489e,an elephant spraying itself with water using its trunk to cool down,direct_zero,full,0.24734899401664734,0.14326122403144836,0.0,0.9006173610687256,0.8606120347976685,0.04000532627105713,0.10408776998519897,0.24734899401664734,False,False,completed,True
v_7959de66f76bf5fc41d9,a zebra bending down to drink water from a river,direct_zero,full,0.9828632473945618,0.9837024807929993,0.0,0.9712667465209961,0.9687389135360718,0.0025278329849243164,0.0008392333984375,0.9828632473945618,False,False,completed,True
v_82dc1689fd289adcc0d2,a zebra taking a peaceful walk,direct_zero,full,0.9778921008110046,0.9737805128097534,0.0,0.9754855632781982,0.9710027575492859,0.0044828057289123535,0.004111588001251221,0.9778921008110046,False,False,completed,True
v_88720509dffa7aea9e30,a zebra bending down to drink water from a river,direct_zero,full,0.9738063216209412,0.9764664173126221,0.0,0.9799759387969971,0.9769402146339417,0.00303572416305542,0.002660095691680908,0.9738063216209412,False,False,completed,True
v_8887acf562b32cc84023,a zebra bending down to drink water from a river,direct_zero,full,0.9334750771522522,0.7842090725898743,0.6001461148262024,0.9226030707359314,0.6891586780548096,0.23344439268112183,0.14926600456237793,0.3333289623260498,False,False,completed,True
v_8dca194984971f0a1124,a truck turning a corner,direct_zero,full,0.9337459802627563,0.8060628771781921,0.00789523683488369,0.8681207299232483,0.8216990828514099,0.04642164707183838,0.1276831030845642,0.9258507434278727,False,False,completed,True
v_8e6a21dfeb7a106dae22,a zebra taking a peaceful walk,direct_zero,full,0.9760703444480896,0.9520334005355835,0.3572499454021454,0.9702401757240295,0.92816561460495,0.04207456111907959,0.024036943912506104,0.6188203990459442,False,False,completed,True
v_a18cdea6bd26987ddbc4,a cow running to join a herd of its kind,direct_zero,full,0.8598477840423584,0.7433285713195801,0.0,0.9539317488670349,0.9433321952819824,0.01059955358505249,0.11651921272277832,0.8598477840423584,False,False,completed,True
v_a3b6d576bc5c5ef3517f,a zebra running to join a herd of its kind,direct_zero,full,0.9438295960426331,0.9417133927345276,0.06766680628061295,0.9383728504180908,0.9338036179542542,0.00456923246383667,0.0021162033081054688,0.8761627897620201,False,False,completed,True
v_a522928f33a3f29c463c,a truck slowing down to stop,direct_zero,full,0.9893493056297302,0.9867972135543823,0.0,0.9741533398628235,0.9624667167663574,0.011686623096466064,0.0025520920753479004,0.9893493056297302,False,False,completed,True
v_a5b4d7c4b2a095c9e6cc,an elephant running to join a herd of its kind,direct_zero,full,0.9817762970924377,0.7969970703125,0.12494417279958725,0.9782154560089111,0.9437472224235535,0.034468233585357666,0.18477922677993774,0.8568321242928505,False,False,completed,True
v_aa14318968934ce72fb1,a zebra bending down to drink water from a river,direct_zero,full,0.973966121673584,0.9731464385986328,0.0,0.9643047451972961,0.9493719935417175,0.014932751655578613,0.0008196830749511719,0.973966121673584,False,False,completed,True
v_ad2f0d6ec69f9ff90382,a zebra taking a peaceful walk,direct_zero,full,0.9869072437286377,0.983411967754364,0.0,0.9837861657142639,0.9787200093269348,0.0050661563873291016,0.0034952759742736816,0.9869072437286377,False,False,completed,True
v_b2657298416595015a2b,a zebra running to join a herd of its kind,direct_zero,full,0.9221466779708862,0.9204328656196594,0.0,0.8821325302124023,0.8674682974815369,0.014664232730865479,0.0017138123512268066,0.9221466779708862,False,False,completed,True
v_bc950a10e74a0a5447f1,a zebra bending down to drink water from a river,direct_zero,full,0.9756776690483093,0.98028564453125,0.0,0.9725489616394043,0.9462301135063171,0.026318848133087158,0.004607975482940674,0.9756776690483093,False,False,completed,True
v_bf4b3df29a9616bf26ae,a truck turning a corner,direct_zero,full,0.9515529870986938,0.9506728053092957,0.0,0.8850948214530945,0.8448199033737183,0.04027491807937622,0.0008801817893981934,0.9515529870986938,False,False,completed,True
v_c41543fe72d2e5493d15,a truck slowing down to stop,direct_zero,full,0.9834082722663879,0.971211314201355,0.018133025616407394,0.9530027508735657,0.9184328317642212,0.03456991910934448,0.012196958065032959,0.9652752466499805,False,False,completed,True
v_c424c7aceaf2046394ad,a cow running to join a herd of its kind,direct_zero,full,0.9763944745063782,0.9746676683425903,0.9721425175666809,0.9669449329376221,0.959201455116272,0.007743477821350098,0.0017268061637878418,0.004251956939697266,False,False,completed,True
v_c4de504a244d437ac3ad,a zebra bending down to drink water from a river,direct_zero,full,0.9940760135650635,0.9888899922370911,0.0,0.994841992855072,0.962252676486969,0.03258931636810303,0.005186021327972412,0.9940760135650635,False,False,completed,True
v_cdab6ebfbdf88aa1365e,an elephant running to join a herd of its kind,direct_zero,full,0.9607254266738892,0.9600853323936462,0.9605380296707153,0.9530994296073914,0.9037695527076721,0.04932987689971924,0.0006400942802429199,0.00018739700317382812,False,False,completed,True
v_d111e2d8975fa9b850b3,a zebra taking a peaceful walk,direct_zero,full,0.9483411908149719,0.8171374797821045,0.021650653332471848,0.9036860466003418,0.860892653465271,0.0427933931350708,0.13120371103286743,0.9266905374825001,False,False,completed,True
v_d51186bcfc23e2a780ab,a truck slowing down to stop,direct_zero,full,0.9643544554710388,0.9852426648139954,0.0,0.9112410545349121,0.91810142993927,0.00686037540435791,0.020888209342956543,0.9643544554710388,False,False,completed,True
v_d86a4852b9a610b4e2ac,a motorcycle accelerating to gain speed,direct_zero,full,0.9552143812179565,0.8380138278007507,0.0,0.8991079330444336,0.8470813035964966,0.05202662944793701,0.11720055341720581,0.9552143812179565,False,False,completed,True
v_e7e6381187b3421f31f4,a zebra taking a peaceful walk,direct_zero,full,0.9758050441741943,0.9672815799713135,0.0,0.9502309560775757,0.9394810199737549,0.0107499361038208,0.00852346420288086,0.9758050441741943,False,False,completed,True
v_e84cd21f77767e064452,an elephant running to join a herd of its kind,direct_zero,full,0.8868926167488098,0.692823588848114,0.0778549537062645,0.9618316292762756,0.9119257926940918,0.04990583658218384,0.1940690279006958,0.8090376630425453,False,False,completed,True
v_f762ed821ba1fba906af,a zebra bending down to drink water from a river,direct_zero,full,0.9867092370986938,0.9745410084724426,0.0,0.9777792096138,0.9542761445045471,0.02350306510925293,0.01216822862625122,0.9867092370986938,False,False,completed,True
v_f993f14cdb34fb8383ef,a zebra bending down to drink water from a river,direct_zero,full,0.9814218878746033,0.9836223125457764,0.0,0.9786093235015869,0.9746005535125732,0.004008769989013672,0.0022004246711730957,0.9814218878746033,False,False,completed,True
v_fb03b6a21df9c0a51627,a cow running to join a herd of its kind,direct_zero,full,0.9514460563659668,0.9409741163253784,0.8888809680938721,0.9386007189750671,0.8921583294868469,0.046442389488220215,0.010471940040588379,0.06256508827209473,False,False,completed,True
v_fc9b39a4b047b2db243c,an elephant spraying itself with water using its trunk to cool down,direct_zero,full,0.9950287342071533,0.9871493577957153,0.024174107238650322,0.9937685132026672,0.9855453372001648,0.008223176002502441,0.007879376411437988,0.970854626968503,False,False,completed,True
v_fef8070abcd8dcd3af47,a zebra taking a peaceful walk,direct_zero,full,0.9282910823822021,0.8707586526870728,0.0,0.8663416504859924,0.7882739305496216,0.07806771993637085,0.057532429695129395,0.9282910823822021,False,False,completed,True
v_075ccc862d1b2d4936f0,an elephant running to join a herd of its kind,direct_exclude,full,0.9630889296531677,0.9635209441184998,0.9222519397735596,0.9417819976806641,0.9250732660293579,0.016708731651306152,0.00043201446533203125,0.040836989879608154,False,False,completed,True
v_0925f4496cf55ade8e5d,an elephant spraying itself with water using its trunk to cool down,direct_exclude,full,0.98935467004776,0.9858912825584412,0.9959228038787842,0.9881947040557861,0.9828840494155884,0.005310654640197754,0.0034633874893188477,-0.00656813383102417,False,False,completed,True
v_0a1a6db568841167f9e8,a truck turning a corner,direct_exclude,full,0.8951151967048645,0.893090546131134,,0.8972001075744629,0.8625630140304565,0.03463709354400635,0.0020246505737304688,,False,False,completed,True
v_10d250e1b4b4a6ec0a82,a cow running to join a herd of its kind,direct_exclude,full,0.9591885805130005,0.9330654144287109,0.9364047646522522,0.9442958235740662,0.8954891562461853,0.04880666732788086,0.02612316608428955,0.02278381586074829,False,False,completed,True
v_125269dc5fc640751fa4,a zebra running to join a herd of its kind,direct_exclude,full,0.9697616100311279,0.9675594568252563,,0.9459475874900818,0.9380553364753723,0.007892251014709473,0.002202153205871582,,False,False,completed,True
v_13502c1b9c959957b46a,a zebra taking a peaceful walk,direct_exclude,full,0.9967139363288879,0.9941625595092773,,0.997106671333313,0.9948625564575195,0.002244114875793457,0.0025513768196105957,,False,False,completed,True
v_1814b4d5b25ffa156aa6,an elephant running to join a herd of its kind,direct_exclude,full,0.9690490961074829,0.9601041078567505,0.8550648093223572,0.9329218864440918,0.9016836881637573,0.031238198280334473,0.008944988250732422,0.11398428678512573,False,False,completed,True
v_22506cf5d5a1e6088fc8,a truck slowing down to stop,direct_exclude,full,0.8691954612731934,0.8642181158065796,0.8678766489028931,0.7584022879600525,0.701805591583252,0.05659669637680054,0.0049773454666137695,0.001318812370300293,False,False,completed,True
v_2ac6cf025d5e88563949,a zebra running to join a herd of its kind,direct_exclude,full,0.9500249624252319,0.9475387930870056,,0.9185127019882202,0.9093586206436157,0.009154081344604492,0.0024861693382263184,,False,False,completed,True
v_2fbefa11a17758f1cd8f,a zebra taking a peaceful walk,direct_exclude,full,0.9445307850837708,0.931852400302887,0.9045864343643188,0.9212554693222046,0.8462927937507629,0.07496267557144165,0.012678384780883789,0.039944350719451904,False,False,completed,True
v_304f65b790cd089803d4,a zebra bending down to drink water from a river,direct_exclude,full,0.9545856714248657,0.9584835171699524,,0.9624999761581421,0.9367153644561768,0.025784611701965332,0.00389784574508667,,False,False,completed,True
v_34025bb5b4d01c898f92,a motorcycle accelerating to gain speed,direct_exclude,full,0.9564681053161621,0.9586743712425232,,0.9416208267211914,0.9312145709991455,0.010406255722045898,0.002206265926361084,,False,False,completed,True
v_355010ce10f66a681b88,a truck turning a corner,direct_exclude,full,0.9635376334190369,0.9471014142036438,,0.9169105887413025,0.8767268061637878,0.04018378257751465,0.016436219215393066,,False,False,completed,True
v_35d320b87cf1354b75ab,a zebra running to join a herd of its kind,direct_exclude,full,0.9588550925254822,0.9563136100769043,,0.9490302205085754,0.9364952445030212,0.0125349760055542,0.002541482448577881,,False,False,completed,True
v_38ae4c230155beb1b259,a zebra taking a peaceful walk,direct_exclude,full,0.9856873154640198,0.9825937151908875,,0.98517906665802,0.9811515808105469,0.0040274858474731445,0.0030936002731323242,,False,False,completed,True
v_3b6ddfc07cc98fcf9fa0,an elephant running to join a herd of its kind,direct_exclude,full,0.9880058169364929,0.9871799945831299,0.9781123399734497,0.9849029779434204,0.9831123948097229,0.0017905831336975098,0.0008258223533630371,0.009893476963043213,False,False,completed,True
v_427171327cff517973ed,a zebra bending down to drink water from a river,direct_exclude,full,0.9852167367935181,0.9825498461723328,,0.9767624139785767,0.9774017333984375,0.0006393194198608398,0.0026668906211853027,,False,False,completed,True
v_4719caef96c8df794757,an elephant running to join a herd of its kind,direct_exclude,full,0.9782639741897583,0.9783834218978882,0.9698220491409302,0.969979465007782,0.95478755235672,0.015191912651062012,0.00011944770812988281,0.008441925048828125,False,False,completed,True
v_4d76a76426a219a5f1bb,a zebra bending down to drink water from a river,direct_exclude,full,0.9782224893569946,0.971054196357727,,0.9762669801712036,0.9626756906509399,0.013591289520263672,0.007168292999267578,,False,False,completed,True
v_4e7cf3a0868b1b118f55,a zebra running to join a herd of its kind,direct_exclude,full,0.9522103071212769,0.9504322409629822,0.816259503364563,0.9482232928276062,0.9372345805168152,0.010988712310791016,0.0017780661582946777,0.13595080375671387,False,False,completed,True
v_4f8abc7bb931501fb862,a truck slowing down to stop,direct_exclude,full,0.9940704703330994,0.9522329568862915,0.9379830956459045,0.9710509777069092,0.8021548986434937,0.16889607906341553,0.04183751344680786,0.056087374687194824,False,False,completed,False
v_4ff816e35ca1960d8058,an elephant running to join a herd of its kind,direct_exclude,full,0.9646567702293396,0.9657081961631775,0.9501775503158569,0.9487122297286987,0.9171633720397949,0.03154885768890381,0.0010514259338378906,0.014479219913482666,False,False,completed,True
v_50b265d3f9ccf281a518,an elephant spraying itself with water using its trunk to cool down,direct_exclude,full,0.9901018142700195,0.9821529984474182,0.9693555235862732,0.9922862648963928,0.9814439415931702,0.010842323303222656,0.007948815822601318,0.020746290683746338,False,False,completed,True
v_53b3d43654788945925c,a zebra running to join a herd of its kind,direct_exclude,full,0.972172737121582,0.9646115899085999,,0.9581042528152466,0.9465862512588501,0.011518001556396484,0.007561147212982178,,False,False,completed,True
v_55a4f07d56cda7470760,an elephant running to join a herd of its kind,direct_exclude,full,0.9789860844612122,0.9749211668968201,0.8700776100158691,0.9713909029960632,0.9524977803230286,0.018893122673034668,0.00406491756439209,0.10890847444534302,False,False,completed,True
v_6015d56a898aa0948639,a zebra bending down to drink water from a river,direct_exclude,full,0.9817591905593872,0.9535140991210938,0.9354610443115234,0.9774531722068787,0.868056058883667,0.10939711332321167,0.028245091438293457,0.04629814624786377,False,False,completed,True
v_67c0894760111d0087b6,a motorcycle accelerating to gain speed,direct_exclude,full,0.92059326171875,0.9297853708267212,,0.7869536280632019,0.687890887260437,0.09906274080276489,0.009192109107971191,,False,False,completed,True
v_6bee77846ce628e11d94,an elephant spraying itself with water using its trunk to cool down,direct_exclude,full,0.9835841059684753,0.9604412913322449,0.8214114904403687,0.9801599383354187,0.9311152100563049,0.04904472827911377,0.02314281463623047,0.1621726155281067,False,False,completed,True
v_6d2af08e0301e767c719,a cow running to join a herd of its kind,direct_exclude,full,0.9381388425827026,0.937376081943512,0.9150217175483704,0.871242880821228,0.8299393057823181,0.04130357503890991,0.0007627606391906738,0.023117125034332275,False,False,completed,True
v_6ee4476dec8615e1535f,a zebra bending down to drink water from a river,direct_exclude,full,0.9657285213470459,0.9664310216903687,,0.964434027671814,0.9498815536499023,0.014552474021911621,0.0007025003433227539,,False,False,completed,True
v_74d5bd9982ed49689599,a truck turning a corner,direct_exclude,full,0.9701874256134033,0.966801643371582,,0.9252806901931763,0.8994961380958557,0.025784552097320557,0.003385782241821289,,False,False,completed,True
v_795022cc03907dc7489e,an elephant spraying itself with water using its trunk to cool down,direct_exclude,full,0.960296094417572,0.9697681665420532,,0.9006173610687256,0.8606120347976685,0.04000532627105713,0.009472072124481201,,False,False,completed,True
v_7959de66f76bf5fc41d9,a zebra bending down to drink water from a river,direct_exclude,full,0.9828632473945618,0.9837024807929993,,0.9712667465209961,0.9687389135360718,0.0025278329849243164,0.0008392333984375,,False,False,completed,True
v_82dc1689fd289adcc0d2,a zebra taking a peaceful walk,direct_exclude,full,0.9778921008110046,0.9737805128097534,,0.9754855632781982,0.9710027575492859,0.0044828057289123535,0.004111588001251221,,False,False,completed,True
v_88720509dffa7aea9e30,a zebra bending down to drink water from a river,direct_exclude,full,0.9738063216209412,0.9764664173126221,,0.9799759387969971,0.9769402146339417,0.00303572416305542,0.002660095691680908,,False,False,completed,True
v_8887acf562b32cc84023,a zebra bending down to drink water from a river,direct_exclude,full,0.9334750771522522,0.8962389826774597,0.923301637172699,0.9226030707359314,0.6891586780548096,0.23344439268112183,0.03723609447479248,0.010173439979553223,False,False,completed,True
v_8dca194984971f0a1124,a truck turning a corner,direct_exclude,full,0.9337459802627563,0.9212146997451782,0.9474284052848816,0.8681207299232483,0.8216990828514099,0.04642164707183838,0.012531280517578125,-0.013682425022125244,False,False,completed,True
v_8e6a21dfeb7a106dae22,a zebra taking a peaceful walk,direct_exclude,full,0.9760703444480896,0.9520334005355835,0.8982284069061279,0.9702401757240295,0.92816561460495,0.04207456111907959,0.024036943912506104,0.07784193754196167,False,False,completed,True
v_a18cdea6bd26987ddbc4,a cow running to join a herd of its kind,direct_exclude,full,0.9763433337211609,0.9666932821273804,,0.9539317488670349,0.9433321952819824,0.01059955358505249,0.009650051593780518,,False,False,completed,True
v_a3b6d576bc5c5ef3517f,a zebra running to join a herd of its kind,direct_exclude,full,0.9438295960426331,0.9417133927345276,0.812001645565033,0.9383728504180908,0.9338036179542542,0.00456923246383667,0.0021162033081054688,0.1318279504776001,False,False,completed,True
v_a522928f33a3f29c463c,a truck slowing down to stop,direct_exclude,full,0.9893493056297302,0.9867972135543823,,0.9741533398628235,0.9624667167663574,0.011686623096466064,0.0025520920753479004,,False,False,completed,True
v_a5b4d7c4b2a095c9e6cc,an elephant running to join a herd of its kind,direct_exclude,full,0.9817762970924377,0.9673895239830017,0.8457760214805603,0.9782154560089111,0.9437472224235535,0.034468233585357666,0.014386773109436035,0.13600027561187744,False,False,completed,True
v_aa14318968934ce72fb1,a zebra bending down to drink water from a river,direct_exclude,full,0.973966121673584,0.9731464385986328,,0.9643047451972961,0.9493719935417175,0.014932751655578613,0.0008196830749511719,,False,False,completed,True
v_ad2f0d6ec69f9ff90382,a zebra taking a peaceful walk,direct_exclude,full,0.9869072437286377,0.983411967754364,,0.9837861657142639,0.9787200093269348,0.0050661563873291016,0.0034952759742736816,,False,False,completed,True
v_b2657298416595015a2b,a zebra running to join a herd of its kind,direct_exclude,full,0.9221466779708862,0.9204328656196594,,0.8821325302124023,0.8674682974815369,0.014664232730865479,0.0017138123512268066,,False,False,completed,True
v_bc950a10e74a0a5447f1,a zebra bending down to drink water from a river,direct_exclude,full,0.9756776690483093,0.98028564453125,,0.9725489616394043,0.9462301135063171,0.026318848133087158,0.004607975482940674,,False,False,completed,True
v_bf4b3df29a9616bf26ae,a truck turning a corner,direct_exclude,full,0.9515529870986938,0.9506728053092957,,0.8850948214530945,0.8448199033737183,0.04027491807937622,0.0008801817893981934,,False,False,completed,True
v_c41543fe72d2e5493d15,a truck slowing down to stop,direct_exclude,full,0.9834082722663879,0.971211314201355,0.9574236869812012,0.9530027508735657,0.9184328317642212,0.03456991910934448,0.012196958065032959,0.025984585285186768,False,False,completed,True
v_c424c7aceaf2046394ad,a cow running to join a herd of its kind,direct_exclude,full,0.9763944745063782,0.9746676683425903,0.9721425175666809,0.9669449329376221,0.959201455116272,0.007743477821350098,0.0017268061637878418,0.004251956939697266,False,False,completed,True
v_c4de504a244d437ac3ad,a zebra bending down to drink water from a river,direct_exclude,full,0.9940760135650635,0.9888899922370911,,0.994841992855072,0.962252676486969,0.03258931636810303,0.005186021327972412,,False,False,completed,True
v_cdab6ebfbdf88aa1365e,an elephant running to join a herd of its kind,direct_exclude,full,0.9607254266738892,0.9600853323936462,0.9605380296707153,0.9530994296073914,0.9037695527076721,0.04932987689971924,0.0006400942802429199,0.00018739700317382812,False,False,completed,True
v_d111e2d8975fa9b850b3,a zebra taking a peaceful walk,direct_exclude,full,0.9483411908149719,0.9338715076446533,0.8660261034965515,0.9036860466003418,0.860892653465271,0.0427933931350708,0.014469683170318604,0.08231508731842041,False,False,completed,True
v_d51186bcfc23e2a780ab,a truck slowing down to stop,direct_exclude,full,0.9643544554710388,0.9852426648139954,,0.9112410545349121,0.91810142993927,0.00686037540435791,0.020888209342956543,,False,False,completed,True
v_d86a4852b9a610b4e2ac,a motorcycle accelerating to gain speed,direct_exclude,full,0.9552143812179565,0.9577299952507019,,0.8991079330444336,0.8470813035964966,0.05202662944793701,0.0025156140327453613,,False,False,completed,True
v_e7e6381187b3421f31f4,a zebra taking a peaceful walk,direct_exclude,full,0.9758050441741943,0.9672815799713135,,0.9502309560775757,0.9394810199737549,0.0107499361038208,0.00852346420288086,,False,False,completed,True
v_e84cd21f77767e064452,an elephant running to join a herd of its kind,direct_exclude,full,0.8868926167488098,0.913613498210907,0.9342594146728516,0.9618316292762756,0.9119257926940918,0.04990583658218384,0.026720881462097168,-0.04736679792404175,False,False,completed,True
v_f762ed821ba1fba906af,a zebra bending down to drink water from a river,direct_exclude,full,0.9867092370986938,0.9745410084724426,,0.9777792096138,0.9542761445045471,0.02350306510925293,0.01216822862625122,,False,False,completed,True
v_f993f14cdb34fb8383ef,a zebra bending down to drink water from a river,direct_exclude,full,0.9814218878746033,0.9836223125457764,,0.9786093235015869,0.9746005535125732,0.004008769989013672,0.0022004246711730957,,False,False,completed,True
v_fb03b6a21df9c0a51627,a cow running to join a herd of its kind,direct_exclude,full,0.9514460563659668,0.9409741163253784,0.8888809680938721,0.9386007189750671,0.8921583294868469,0.046442389488220215,0.010471940040588379,0.06256508827209473,False,False,completed,True
v_fc9b39a4b047b2db243c,an elephant spraying itself with water using its trunk to cool down,direct_exclude,full,0.9950287342071533,0.9871493577957153,0.9669642448425293,0.9937685132026672,0.9855453372001648,0.008223176002502441,0.007879376411437988,0.028064489364624023,False,False,completed,True
v_fef8070abcd8dcd3af47,a zebra taking a peaceful walk,direct_exclude,full,0.9282910823822021,0.9269366264343262,,0.8663416504859924,0.7882739305496216,0.07806771993637085,0.0013544559478759766,,False,False,completed,True
v_075ccc862d1b2d4936f0,an elephant running to join a herd of its kind,hybrid_zero,full,0.9630889296531677,0.9635209441184998,0.9222519397735596,0.9417819976806641,0.9250732660293579,0.016708731651306152,0.00043201446533203125,0.040836989879608154,False,False,completed,True
v_0925f4496cf55ade8e5d,an elephant spraying itself with water using its trunk to cool down,hybrid_zero,full,0.98935467004776,0.9858912825584412,0.987285852432251,0.9881947040557861,0.9828840494155884,0.005310654640197754,0.0034633874893188477,0.002068817615509033,False,False,completed,True
v_0a1a6db568841167f9e8,a truck turning a corner,hybrid_zero,full,0.8892853260040283,0.8892737627029419,0.0,0.8972001075744629,0.8625630140304565,0.03463709354400635,1.1563301086425781e-05,0.8892853260040283,False,False,completed,True
v_10d250e1b4b4a6ec0a82,a cow running to join a herd of its kind,hybrid_zero,full,0.9591885805130005,0.9330654144287109,0.9364047646522522,0.9442958235740662,0.8954891562461853,0.04880666732788086,0.02612316608428955,0.02278381586074829,False,False,completed,True
v_125269dc5fc640751fa4,a zebra running to join a herd of its kind,hybrid_zero,full,0.9697616100311279,0.9675594568252563,0.0,0.9459475874900818,0.9380553364753723,0.007892251014709473,0.002202153205871582,0.9697616100311279,False,False,completed,True
v_13502c1b9c959957b46a,a zebra taking a peaceful walk,hybrid_zero,full,0.9967139363288879,0.9941625595092773,0.0,0.997106671333313,0.9948625564575195,0.002244114875793457,0.0025513768196105957,0.9967139363288879,False,False,completed,True
v_1814b4d5b25ffa156aa6,an elephant running to join a herd of its kind,hybrid_zero,full,0.9690490961074829,0.9601041078567505,0.8604077100753784,0.9329218864440918,0.9016836881637573,0.031238198280334473,0.008944988250732422,0.10864138603210449,False,False,completed,True
v_22506cf5d5a1e6088fc8,a truck slowing down to stop,hybrid_zero,full,0.8691954612731934,0.8058532476425171,0.7704780697822571,0.7584022879600525,0.701805591583252,0.05659669637680054,0.06334221363067627,0.09871739149093628,False,False,completed,True
v_2ac6cf025d5e88563949,a zebra running to join a herd of its kind,hybrid_zero,full,0.9500249624252319,0.9475387930870056,0.0,0.9185127019882202,0.9093586206436157,0.009154081344604492,0.0024861693382263184,0.9500249624252319,False,False,completed,True
v_2fbefa11a17758f1cd8f,a zebra taking a peaceful walk,hybrid_zero,full,0.9445307850837708,0.931852400302887,0.8227097988128662,0.9212554693222046,0.8462927937507629,0.07496267557144165,0.012678384780883789,0.12182098627090454,False,False,completed,True
v_304f65b790cd089803d4,a zebra bending down to drink water from a river,hybrid_zero,full,0.9545856714248657,0.9584835171699524,0.0,0.9624999761581421,0.9367153644561768,0.025784611701965332,0.00389784574508667,0.9545856714248657,False,False,completed,True
v_34025bb5b4d01c898f92,a motorcycle accelerating to gain speed,hybrid_zero,full,0.9564681053161621,0.9586743712425232,0.9502571821212769,0.9416208267211914,0.9312145709991455,0.010406255722045898,0.002206265926361084,0.006210923194885254,False,False,completed,True
v_355010ce10f66a681b88,a truck turning a corner,hybrid_zero,full,0.9635376334190369,0.9471014142036438,0.0,0.9169105887413025,0.8767268061637878,0.04018378257751465,0.016436219215393066,0.9635376334190369,False,False,completed,True
v_35d320b87cf1354b75ab,a zebra running to join a herd of its kind,hybrid_zero,full,0.9588550925254822,0.9563136100769043,0.0,0.9490302205085754,0.9364952445030212,0.0125349760055542,0.002541482448577881,0.9588550925254822,False,False,completed,True
v_38ae4c230155beb1b259,a zebra taking a peaceful walk,hybrid_zero,full,0.9856873154640198,0.9825937151908875,0.0,0.98517906665802,0.9811515808105469,0.0040274858474731445,0.0030936002731323242,0.9856873154640198,False,False,completed,True
v_3b6ddfc07cc98fcf9fa0,an elephant running to join a herd of its kind,hybrid_zero,full,0.9880058169364929,0.9871799945831299,0.9781123399734497,0.9849029779434204,0.9831123948097229,0.0017905831336975098,0.0008258223533630371,0.009893476963043213,False,False,completed,True
v_427171327cff517973ed,a zebra bending down to drink water from a river,hybrid_zero,full,0.9852167367935181,0.9825498461723328,0.0,0.9767624139785767,0.9774017333984375,0.0006393194198608398,0.0026668906211853027,0.9852167367935181,False,False,completed,True
v_4719caef96c8df794757,an elephant running to join a herd of its kind,hybrid_zero,full,0.9782639741897583,0.9783834218978882,0.9682222008705139,0.969979465007782,0.95478755235672,0.015191912651062012,0.00011944770812988281,0.010041773319244385,False,False,completed,True
v_4d76a76426a219a5f1bb,a zebra bending down to drink water from a river,hybrid_zero,full,0.9782224893569946,0.971054196357727,0.7566174268722534,0.9762669801712036,0.9626756906509399,0.013591289520263672,0.007168292999267578,0.2216050624847412,False,False,completed,True
v_4e7cf3a0868b1b118f55,a zebra running to join a herd of its kind,hybrid_zero,full,0.9522103071212769,0.9504322409629822,0.7753104567527771,0.9482232928276062,0.9372345805168152,0.010988712310791016,0.0017780661582946777,0.17689985036849976,False,False,completed,True
v_4f8abc7bb931501fb862,a truck slowing down to stop,hybrid_zero,full,0.9940704703330994,0.8125409483909607,0.9337686896324158,0.9710509777069092,0.8021548986434937,0.16889607906341553,0.18152952194213867,0.060301780700683594,False,False,completed,False
v_4ff816e35ca1960d8058,an elephant running to join a herd of its kind,hybrid_zero,full,0.9646567702293396,0.9657081961631775,0.9501775503158569,0.9487122297286987,0.9171633720397949,0.03154885768890381,0.0010514259338378906,0.014479219913482666,False,False,completed,True
v_50b265d3f9ccf281a518,an elephant spraying itself with water using its trunk to cool down,hybrid_zero,full,0.9901018142700195,0.9821529984474182,0.9772655367851257,0.9922862648963928,0.9814439415931702,0.010842323303222656,0.007948815822601318,0.012836277484893799,False,False,completed,True
v_53b3d43654788945925c,a zebra running to join a herd of its kind,hybrid_zero,full,0.972172737121582,0.9646115899085999,0.0,0.9581042528152466,0.9465862512588501,0.011518001556396484,0.007561147212982178,0.972172737121582,False,False,completed,True
v_55a4f07d56cda7470760,an elephant running to join a herd of its kind,hybrid_zero,full,0.9789860844612122,0.9749211668968201,0.9322619438171387,0.9713909029960632,0.9524977803230286,0.018893122673034668,0.00406491756439209,0.046724140644073486,False,False,completed,True
v_6015d56a898aa0948639,a zebra bending down to drink water from a river,hybrid_zero,full,0.9817591905593872,0.947404146194458,0.8743963837623596,0.9774531722068787,0.868056058883667,0.10939711332321167,0.0343550443649292,0.10736280679702759,False,False,completed,True
v_67c0894760111d0087b6,a motorcycle accelerating to gain speed,hybrid_zero,full,0.92059326171875,0.8603213429450989,0.7597061395645142,0.7869536280632019,0.687890887260437,0.09906274080276489,0.06027191877365112,0.16088712215423584,False,False,completed,True
v_6bee77846ce628e11d94,an elephant spraying itself with water using its trunk to cool down,hybrid_zero,full,0.9835841059684753,0.9604412913322449,0.9183762669563293,0.9801599383354187,0.9311152100563049,0.04904472827911377,0.02314281463623047,0.065207839012146,False,False,completed,True
v_6d2af08e0301e767c719,a cow running to join a herd of its kind,hybrid_zero,full,0.9381388425827026,0.930412769317627,0.9095316529273987,0.871242880821228,0.8299393057823181,0.04130357503890991,0.007726073265075684,0.028607189655303955,False,False,completed,True
v_6ee4476dec8615e1535f,a zebra bending down to drink water from a river,hybrid_zero,full,0.9657285213470459,0.9664310216903687,0.0,0.964434027671814,0.9498815536499023,0.014552474021911621,0.0007025003433227539,0.9657285213470459,False,False,completed,True
v_74d5bd9982ed49689599,a truck turning a corner,hybrid_zero,full,0.9701874256134033,0.966801643371582,0.0,0.9252806901931763,0.8994961380958557,0.025784552097320557,0.003385782241821289,0.9701874256134033,False,False,completed,True
v_795022cc03907dc7489e,an elephant spraying itself with water using its trunk to cool down,hybrid_zero,full,0.9523473978042603,0.9550139904022217,0.0,0.9006173610687256,0.8606120347976685,0.04000532627105713,0.0026665925979614258,0.9523473978042603,False,False,completed,True
v_7959de66f76bf5fc41d9,a zebra bending down to drink water from a river,hybrid_zero,full,0.9828632473945618,0.9837024807929993,0.0,0.9712667465209961,0.9687389135360718,0.0025278329849243164,0.0008392333984375,0.9828632473945618,False,False,completed,True
v_82dc1689fd289adcc0d2,a zebra taking a peaceful walk,hybrid_zero,full,0.9778921008110046,0.9737805128097534,0.0,0.9754855632781982,0.9710027575492859,0.0044828057289123535,0.004111588001251221,0.9778921008110046,False,False,completed,True
v_88720509dffa7aea9e30,a zebra bending down to drink water from a river,hybrid_zero,full,0.9738063216209412,0.9764664173126221,0.0,0.9799759387969971,0.9769402146339417,0.00303572416305542,0.002660095691680908,0.9738063216209412,False,False,completed,True
v_8887acf562b32cc84023,a zebra bending down to drink water from a river,hybrid_zero,full,0.9334750771522522,0.8857240080833435,0.877543568611145,0.9226030707359314,0.6891586780548096,0.23344439268112183,0.04775106906890869,0.05593150854110718,False,False,completed,True
v_8dca194984971f0a1124,a truck turning a corner,hybrid_zero,full,0.9337459802627563,0.8772704005241394,0.7426971197128296,0.8681207299232483,0.8216990828514099,0.04642164707183838,0.05647557973861694,0.19104886054992676,False,False,completed,True
v_8e6a21dfeb7a106dae22,a zebra taking a peaceful walk,hybrid_zero,full,0.9760703444480896,0.9520334005355835,0.8282732367515564,0.9702401757240295,0.92816561460495,0.04207456111907959,0.024036943912506104,0.1477971076965332,False,False,completed,True
v_a18cdea6bd26987ddbc4,a cow running to join a herd of its kind,hybrid_zero,full,0.9762948155403137,0.9668416380882263,0.0,0.9539317488670349,0.9433321952819824,0.01059955358505249,0.009453177452087402,0.9762948155403137,False,False,completed,True
v_a3b6d576bc5c5ef3517f,a zebra running to join a herd of its kind,hybrid_zero,full,0.9438295960426331,0.9417133927345276,0.6718370318412781,0.9383728504180908,0.9338036179542542,0.00456923246383667,0.0021162033081054688,0.271992564201355,False,False,completed,True
v_a522928f33a3f29c463c,a truck slowing down to stop,hybrid_zero,full,0.9893493056297302,0.9867972135543823,0.0,0.9741533398628235,0.9624667167663574,0.011686623096466064,0.0025520920753479004,0.9893493056297302,False,False,completed,True
v_a5b4d7c4b2a095c9e6cc,an elephant running to join a herd of its kind,hybrid_zero,full,0.9817762970924377,0.9669276475906372,0.8899230360984802,0.9782154560089111,0.9437472224235535,0.034468233585357666,0.014848649501800537,0.09185326099395752,False,False,completed,True
v_aa14318968934ce72fb1,a zebra bending down to drink water from a river,hybrid_zero,full,0.973966121673584,0.9731464385986328,0.0,0.9643047451972961,0.9493719935417175,0.014932751655578613,0.0008196830749511719,0.973966121673584,False,False,completed,True
v_ad2f0d6ec69f9ff90382,a zebra taking a peaceful walk,hybrid_zero,full,0.9869072437286377,0.983411967754364,0.0,0.9837861657142639,0.9787200093269348,0.0050661563873291016,0.0034952759742736816,0.9869072437286377,False,False,completed,True
v_b2657298416595015a2b,a zebra running to join a herd of its kind,hybrid_zero,full,0.9221466779708862,0.9204328656196594,0.0,0.8821325302124023,0.8674682974815369,0.014664232730865479,0.0017138123512268066,0.9221466779708862,False,False,completed,True
v_bc950a10e74a0a5447f1,a zebra bending down to drink water from a river,hybrid_zero,full,0.9756776690483093,0.98028564453125,0.0,0.9725489616394043,0.9462301135063171,0.026318848133087158,0.004607975482940674,0.9756776690483093,False,False,completed,True
v_bf4b3df29a9616bf26ae,a truck turning a corner,hybrid_zero,full,0.9515529870986938,0.9506728053092957,0.0,0.8850948214530945,0.8448199033737183,0.04027491807937622,0.0008801817893981934,0.9515529870986938,False,False,completed,True
v_c41543fe72d2e5493d15,a truck slowing down to stop,hybrid_zero,full,0.9834082722663879,0.971211314201355,0.9605889916419983,0.9530027508735657,0.9184328317642212,0.03456991910934448,0.012196958065032959,0.02281928062438965,False,False,completed,True
v_c424c7aceaf2046394ad,a cow running to join a herd of its kind,hybrid_zero,full,0.9763944745063782,0.9746676683425903,0.9721425175666809,0.9669449329376221,0.959201455116272,0.007743477821350098,0.0017268061637878418,0.004251956939697266,False,False,completed,True
v_c4de504a244d437ac3ad,a zebra bending down to drink water from a river,hybrid_zero,full,0.9940760135650635,0.9888899922370911,0.0,0.994841992855072,0.962252676486969,0.03258931636810303,0.005186021327972412,0.9940760135650635,False,False,completed,True
v_cdab6ebfbdf88aa1365e,an elephant running to join a herd of its kind,hybrid_zero,full,0.9607254266738892,0.9600853323936462,0.9605380296707153,0.9530994296073914,0.9037695527076721,0.04932987689971924,0.0006400942802429199,0.00018739700317382812,False,False,completed,True
v_d111e2d8975fa9b850b3,a zebra taking a peaceful walk,hybrid_zero,full,0.9483411908149719,0.9014571309089661,0.7769398093223572,0.9036860466003418,0.860892653465271,0.0427933931350708,0.04688405990600586,0.17140138149261475,False,False,completed,True
v_d51186bcfc23e2a780ab,a truck slowing down to stop,hybrid_zero,full,0.9643544554710388,0.9852426648139954,0.8676981925964355,0.9112410545349121,0.91810142993927,0.00686037540435791,0.020888209342956543,0.09665626287460327,False,False,completed,True
v_d86a4852b9a610b4e2ac,a motorcycle accelerating to gain speed,hybrid_zero,full,0.9552143812179565,0.952140212059021,0.0,0.8991079330444336,0.8470813035964966,0.05202662944793701,0.003074169158935547,0.9552143812179565,False,False,completed,True
v_e7e6381187b3421f31f4,a zebra taking a peaceful walk,hybrid_zero,full,0.9758050441741943,0.9672815799713135,0.0,0.9502309560775757,0.9394810199737549,0.0107499361038208,0.00852346420288086,0.9758050441741943,False,False,completed,True
v_e84cd21f77767e064452,an elephant running to join a herd of its kind,hybrid_zero,full,0.8868926167488098,0.9168387055397034,0.8096510171890259,0.9618316292762756,0.9119257926940918,0.04990583658218384,0.029946088790893555,0.07724159955978394,False,False,completed,True
v_f762ed821ba1fba906af,a zebra bending down to drink water from a river,hybrid_zero,full,0.9867092370986938,0.9745410084724426,0.0,0.9777792096138,0.9542761445045471,0.02350306510925293,0.01216822862625122,0.9867092370986938,False,False,completed,True
v_f993f14cdb34fb8383ef,a zebra bending down to drink water from a river,hybrid_zero,full,0.9814218878746033,0.9836223125457764,0.0,0.9786093235015869,0.9746005535125732,0.004008769989013672,0.0022004246711730957,0.9814218878746033,False,False,completed,True
v_fb03b6a21df9c0a51627,a cow running to join a herd of its kind,hybrid_zero,full,0.9514460563659668,0.9409741163253784,0.8888809680938721,0.9386007189750671,0.8921583294868469,0.046442389488220215,0.010471940040588379,0.06256508827209473,False,False,completed,True
v_fc9b39a4b047b2db243c,an elephant spraying itself with water using its trunk to cool down,hybrid_zero,full,0.9950287342071533,0.9871493577957153,0.9738678932189941,0.9937685132026672,0.9855453372001648,0.008223176002502441,0.007879376411437988,0.02116084098815918,False,False,completed,True
v_fef8070abcd8dcd3af47,a zebra taking a peaceful walk,hybrid_zero,full,0.9282910823822021,0.9130675792694092,0.738467276096344,0.8663416504859924,0.7882739305496216,0.07806771993637085,0.015223503112792969,0.18982380628585815,False,False,completed,True
v_075ccc862d1b2d4936f0,an elephant running to join a herd of its kind,hybrid_exclude,full,0.9630889296531677,0.9635209441184998,0.9222519397735596,0.9417819976806641,0.9250732660293579,0.016708731651306152,0.00043201446533203125,0.040836989879608154,False,False,completed,True
v_0925f4496cf55ade8e5d,an elephant spraying itself with water using its trunk to cool down,hybrid_exclude,full,0.98935467004776,0.9858912825584412,0.987285852432251,0.9881947040557861,0.9828840494155884,0.005310654640197754,0.0034633874893188477,0.002068817615509033,False,False,completed,True
v_0a1a6db568841167f9e8,a truck turning a corner,hybrid_exclude,full,0.8892853260040283,0.8892737627029419,,0.8972001075744629,0.8625630140304565,0.03463709354400635,1.1563301086425781e-05,,False,False,completed,True
v_10d250e1b4b4a6ec0a82,a cow running to join a herd of its kind,hybrid_exclude,full,0.9591885805130005,0.9330654144287109,0.9364047646522522,0.9442958235740662,0.8954891562461853,0.04880666732788086,0.02612316608428955,0.02278381586074829,False,False,completed,True
v_125269dc5fc640751fa4,a zebra running to join a herd of its kind,hybrid_exclude,full,0.9697616100311279,0.9675594568252563,,0.9459475874900818,0.9380553364753723,0.007892251014709473,0.002202153205871582,,False,False,completed,True
v_13502c1b9c959957b46a,a zebra taking a peaceful walk,hybrid_exclude,full,0.9967139363288879,0.9941625595092773,,0.997106671333313,0.9948625564575195,0.002244114875793457,0.0025513768196105957,,False,False,completed,True
v_1814b4d5b25ffa156aa6,an elephant running to join a herd of its kind,hybrid_exclude,full,0.9690490961074829,0.9601041078567505,0.8604077100753784,0.9329218864440918,0.9016836881637573,0.031238198280334473,0.008944988250732422,0.10864138603210449,False,False,completed,True
v_22506cf5d5a1e6088fc8,a truck slowing down to stop,hybrid_exclude,full,0.8691954612731934,0.8058532476425171,0.7704780697822571,0.7584022879600525,0.701805591583252,0.05659669637680054,0.06334221363067627,0.09871739149093628,False,False,completed,True
v_2ac6cf025d5e88563949,a zebra running to join a herd of its kind,hybrid_exclude,full,0.9500249624252319,0.9475387930870056,,0.9185127019882202,0.9093586206436157,0.009154081344604492,0.0024861693382263184,,False,False,completed,True
v_2fbefa11a17758f1cd8f,a zebra taking a peaceful walk,hybrid_exclude,full,0.9445307850837708,0.931852400302887,0.8227097988128662,0.9212554693222046,0.8462927937507629,0.07496267557144165,0.012678384780883789,0.12182098627090454,False,False,completed,True
v_304f65b790cd089803d4,a zebra bending down to drink water from a river,hybrid_exclude,full,0.9545856714248657,0.9584835171699524,,0.9624999761581421,0.9367153644561768,0.025784611701965332,0.00389784574508667,,False,False,completed,True
v_34025bb5b4d01c898f92,a motorcycle accelerating to gain speed,hybrid_exclude,full,0.9564681053161621,0.9586743712425232,0.9502571821212769,0.9416208267211914,0.9312145709991455,0.010406255722045898,0.002206265926361084,0.006210923194885254,False,False,completed,True
v_355010ce10f66a681b88,a truck turning a corner,hybrid_exclude,full,0.9635376334190369,0.9471014142036438,,0.9169105887413025,0.8767268061637878,0.04018378257751465,0.016436219215393066,,False,False,completed,True
v_35d320b87cf1354b75ab,a zebra running to join a herd of its kind,hybrid_exclude,full,0.9588550925254822,0.9563136100769043,,0.9490302205085754,0.9364952445030212,0.0125349760055542,0.002541482448577881,,False,False,completed,True
v_38ae4c230155beb1b259,a zebra taking a peaceful walk,hybrid_exclude,full,0.9856873154640198,0.9825937151908875,,0.98517906665802,0.9811515808105469,0.0040274858474731445,0.0030936002731323242,,False,False,completed,True
v_3b6ddfc07cc98fcf9fa0,an elephant running to join a herd of its kind,hybrid_exclude,full,0.9880058169364929,0.9871799945831299,0.9781123399734497,0.9849029779434204,0.9831123948097229,0.0017905831336975098,0.0008258223533630371,0.009893476963043213,False,False,completed,True
v_427171327cff517973ed,a zebra bending down to drink water from a river,hybrid_exclude,full,0.9852167367935181,0.9825498461723328,,0.9767624139785767,0.9774017333984375,0.0006393194198608398,0.0026668906211853027,,False,False,completed,True
v_4719caef96c8df794757,an elephant running to join a herd of its kind,hybrid_exclude,full,0.9782639741897583,0.9783834218978882,0.9682222008705139,0.969979465007782,0.95478755235672,0.015191912651062012,0.00011944770812988281,0.010041773319244385,False,False,completed,True
v_4d76a76426a219a5f1bb,a zebra bending down to drink water from a river,hybrid_exclude,full,0.9782224893569946,0.971054196357727,0.7566174268722534,0.9762669801712036,0.9626756906509399,0.013591289520263672,0.007168292999267578,0.2216050624847412,False,False,completed,True
v_4e7cf3a0868b1b118f55,a zebra running to join a herd of its kind,hybrid_exclude,full,0.9522103071212769,0.9504322409629822,0.7753104567527771,0.9482232928276062,0.9372345805168152,0.010988712310791016,0.0017780661582946777,0.17689985036849976,False,False,completed,True
v_4f8abc7bb931501fb862,a truck slowing down to stop,hybrid_exclude,full,0.9940704703330994,0.8125409483909607,0.9337686896324158,0.9710509777069092,0.8021548986434937,0.16889607906341553,0.18152952194213867,0.060301780700683594,False,False,completed,False
v_4ff816e35ca1960d8058,an elephant running to join a herd of its kind,hybrid_exclude,full,0.9646567702293396,0.9657081961631775,0.9501775503158569,0.9487122297286987,0.9171633720397949,0.03154885768890381,0.0010514259338378906,0.014479219913482666,False,False,completed,True
v_50b265d3f9ccf281a518,an elephant spraying itself with water using its trunk to cool down,hybrid_exclude,full,0.9901018142700195,0.9821529984474182,0.9772655367851257,0.9922862648963928,0.9814439415931702,0.010842323303222656,0.007948815822601318,0.012836277484893799,False,False,completed,True
v_53b3d43654788945925c,a zebra running to join a herd of its kind,hybrid_exclude,full,0.972172737121582,0.9646115899085999,,0.9581042528152466,0.9465862512588501,0.011518001556396484,0.007561147212982178,,False,False,completed,True
v_55a4f07d56cda7470760,an elephant running to join a herd of its kind,hybrid_exclude,full,0.9789860844612122,0.9749211668968201,0.9322619438171387,0.9713909029960632,0.9524977803230286,0.018893122673034668,0.00406491756439209,0.046724140644073486,False,False,completed,True
v_6015d56a898aa0948639,a zebra bending down to drink water from a river,hybrid_exclude,full,0.9817591905593872,0.947404146194458,0.8743963837623596,0.9774531722068787,0.868056058883667,0.10939711332321167,0.0343550443649292,0.10736280679702759,False,False,completed,True
v_67c0894760111d0087b6,a motorcycle accelerating to gain speed,hybrid_exclude,full,0.92059326171875,0.8603213429450989,0.7597061395645142,0.7869536280632019,0.687890887260437,0.09906274080276489,0.06027191877365112,0.16088712215423584,False,False,completed,True
v_6bee77846ce628e11d94,an elephant spraying itself with water using its trunk to cool down,hybrid_exclude,full,0.9835841059684753,0.9604412913322449,0.9183762669563293,0.9801599383354187,0.9311152100563049,0.04904472827911377,0.02314281463623047,0.065207839012146,False,False,completed,True
v_6d2af08e0301e767c719,a cow running to join a herd of its kind,hybrid_exclude,full,0.9381388425827026,0.930412769317627,0.9095316529273987,0.871242880821228,0.8299393057823181,0.04130357503890991,0.007726073265075684,0.028607189655303955,False,False,completed,True
v_6ee4476dec8615e1535f,a zebra bending down to drink water from a river,hybrid_exclude,full,0.9657285213470459,0.9664310216903687,,0.964434027671814,0.9498815536499023,0.014552474021911621,0.0007025003433227539,,False,False,completed,True
v_74d5bd9982ed49689599,a truck turning a corner,hybrid_exclude,full,0.9701874256134033,0.966801643371582,,0.9252806901931763,0.8994961380958557,0.025784552097320557,0.003385782241821289,,False,False,completed,True
v_795022cc03907dc7489e,an elephant spraying itself with water using its trunk to cool down,hybrid_exclude,full,0.9523473978042603,0.9550139904022217,,0.9006173610687256,0.8606120347976685,0.04000532627105713,0.0026665925979614258,,False,False,completed,True
v_7959de66f76bf5fc41d9,a zebra bending down to drink water from a river,hybrid_exclude,full,0.9828632473945618,0.9837024807929993,,0.9712667465209961,0.9687389135360718,0.0025278329849243164,0.0008392333984375,,False,False,completed,True
v_82dc1689fd289adcc0d2,a zebra taking a peaceful walk,hybrid_exclude,full,0.9778921008110046,0.9737805128097534,,0.9754855632781982,0.9710027575492859,0.0044828057289123535,0.004111588001251221,,False,False,completed,True
v_88720509dffa7aea9e30,a zebra bending down to drink water from a river,hybrid_exclude,full,0.9738063216209412,0.9764664173126221,,0.9799759387969971,0.9769402146339417,0.00303572416305542,0.002660095691680908,,False,False,completed,True
v_8887acf562b32cc84023,a zebra bending down to drink water from a river,hybrid_exclude,full,0.9334750771522522,0.8857240080833435,0.877543568611145,0.9226030707359314,0.6891586780548096,0.23344439268112183,0.04775106906890869,0.05593150854110718,False,False,completed,True
v_8dca194984971f0a1124,a truck turning a corner,hybrid_exclude,full,0.9337459802627563,0.8772704005241394,0.7426971197128296,0.8681207299232483,0.8216990828514099,0.04642164707183838,0.05647557973861694,0.19104886054992676,False,False,completed,True
v_8e6a21dfeb7a106dae22,a zebra taking a peaceful walk,hybrid_exclude,full,0.9760703444480896,0.9520334005355835,0.8282732367515564,0.9702401757240295,0.92816561460495,0.04207456111907959,0.024036943912506104,0.1477971076965332,False,False,completed,True
v_a18cdea6bd26987ddbc4,a cow running to join a herd of its kind,hybrid_exclude,full,0.9762948155403137,0.9668416380882263,,0.9539317488670349,0.9433321952819824,0.01059955358505249,0.009453177452087402,,False,False,completed,True
v_a3b6d576bc5c5ef3517f,a zebra running to join a herd of its kind,hybrid_exclude,full,0.9438295960426331,0.9417133927345276,0.6718370318412781,0.9383728504180908,0.9338036179542542,0.00456923246383667,0.0021162033081054688,0.271992564201355,False,False,completed,True
v_a522928f33a3f29c463c,a truck slowing down to stop,hybrid_exclude,full,0.9893493056297302,0.9867972135543823,,0.9741533398628235,0.9624667167663574,0.011686623096466064,0.0025520920753479004,,False,False,completed,True
v_a5b4d7c4b2a095c9e6cc,an elephant running to join a herd of its kind,hybrid_exclude,full,0.9817762970924377,0.9669276475906372,0.8899230360984802,0.9782154560089111,0.9437472224235535,0.034468233585357666,0.014848649501800537,0.09185326099395752,False,False,completed,True
v_aa14318968934ce72fb1,a zebra bending down to drink water from a river,hybrid_exclude,full,0.973966121673584,0.9731464385986328,,0.9643047451972961,0.9493719935417175,0.014932751655578613,0.0008196830749511719,,False,False,completed,True
v_ad2f0d6ec69f9ff90382,a zebra taking a peaceful walk,hybrid_exclude,full,0.9869072437286377,0.983411967754364,,0.9837861657142639,0.9787200093269348,0.0050661563873291016,0.0034952759742736816,,False,False,completed,True
v_b2657298416595015a2b,a zebra running to join a herd of its kind,hybrid_exclude,full,0.9221466779708862,0.9204328656196594,,0.8821325302124023,0.8674682974815369,0.014664232730865479,0.0017138123512268066,,False,False,completed,True
v_bc950a10e74a0a5447f1,a zebra bending down to drink water from a river,hybrid_exclude,full,0.9756776690483093,0.98028564453125,,0.9725489616394043,0.9462301135063171,0.026318848133087158,0.004607975482940674,,False,False,completed,True
v_bf4b3df29a9616bf26ae,a truck turning a corner,hybrid_exclude,full,0.9515529870986938,0.9506728053092957,,0.8850948214530945,0.8448199033737183,0.04027491807937622,0.0008801817893981934,,False,False,completed,True
v_c41543fe72d2e5493d15,a truck slowing down to stop,hybrid_exclude,full,0.9834082722663879,0.971211314201355,0.9605889916419983,0.9530027508735657,0.9184328317642212,0.03456991910934448,0.012196958065032959,0.02281928062438965,False,False,completed,True
v_c424c7aceaf2046394ad,a cow running to join a herd of its kind,hybrid_exclude,full,0.9763944745063782,0.9746676683425903,0.9721425175666809,0.9669449329376221,0.959201455116272,0.007743477821350098,0.0017268061637878418,0.004251956939697266,False,False,completed,True
v_c4de504a244d437ac3ad,a zebra bending down to drink water from a river,hybrid_exclude,full,0.9940760135650635,0.9888899922370911,,0.994841992855072,0.962252676486969,0.03258931636810303,0.005186021327972412,,False,False,completed,True
v_cdab6ebfbdf88aa1365e,an elephant running to join a herd of its kind,hybrid_exclude,full,0.9607254266738892,0.9600853323936462,0.9605380296707153,0.9530994296073914,0.9037695527076721,0.04932987689971924,0.0006400942802429199,0.00018739700317382812,False,False,completed,True
v_d111e2d8975fa9b850b3,a zebra taking a peaceful walk,hybrid_exclude,full,0.9483411908149719,0.9014571309089661,0.7769398093223572,0.9036860466003418,0.860892653465271,0.0427933931350708,0.04688405990600586,0.17140138149261475,False,False,completed,True
v_d51186bcfc23e2a780ab,a truck slowing down to stop,hybrid_exclude,full,0.9643544554710388,0.9852426648139954,0.8676981925964355,0.9112410545349121,0.91810142993927,0.00686037540435791,0.020888209342956543,0.09665626287460327,False,False,completed,True
v_d86a4852b9a610b4e2ac,a motorcycle accelerating to gain speed,hybrid_exclude,full,0.9552143812179565,0.952140212059021,,0.8991079330444336,0.8470813035964966,0.05202662944793701,0.003074169158935547,,False,False,completed,True
v_e7e6381187b3421f31f4,a zebra taking a peaceful walk,hybrid_exclude,full,0.9758050441741943,0.9672815799713135,,0.9502309560775757,0.9394810199737549,0.0107499361038208,0.00852346420288086,,False,False,completed,True
v_e84cd21f77767e064452,an elephant running to join a herd of its kind,hybrid_exclude,full,0.8868926167488098,0.9168387055397034,0.8096510171890259,0.9618316292762756,0.9119257926940918,0.04990583658218384,0.029946088790893555,0.07724159955978394,False,False,completed,True
v_f762ed821ba1fba906af,a zebra bending down to drink water from a river,hybrid_exclude,full,0.9867092370986938,0.9745410084724426,,0.9777792096138,0.9542761445045471,0.02350306510925293,0.01216822862625122,,False,False,completed,True
v_f993f14cdb34fb8383ef,a zebra bending down to drink water from a river,hybrid_exclude,full,0.9814218878746033,0.9836223125457764,,0.9786093235015869,0.9746005535125732,0.004008769989013672,0.0022004246711730957,,False,False,completed,True
v_fb03b6a21df9c0a51627,a cow running to join a herd of its kind,hybrid_exclude,full,0.9514460563659668,0.9409741163253784,0.8888809680938721,0.9386007189750671,0.8921583294868469,0.046442389488220215,0.010471940040588379,0.06256508827209473,False,False,completed,True
v_fc9b39a4b047b2db243c,an elephant spraying itself with water using its trunk to cool down,hybrid_exclude,full,0.9950287342071533,0.9871493577957153,0.9738678932189941,0.9937685132026672,0.9855453372001648,0.008223176002502441,0.007879376411437988,0.02116084098815918,False,False,completed,True
v_fef8070abcd8dcd3af47,a zebra taking a peaceful walk,hybrid_exclude,full,0.9282910823822021,0.9130675792694092,0.738467276096344,0.8663416504859924,0.7882739305496216,0.07806771993637085,0.015223503112792969,0.18982380628585815,False,False,completed,True
