video_uid,prompt_id,method,position,clean,background,subject,origin_clean,origin_background,origin_abs_change,repair_abs_change,subject_signed_drop,zero_to_zero,joint_success,runtime_status,review_eligible
v_075ccc862d1b2d4936f0,an elephant running to join a herd of its kind,direct_zero,start,0.9630889296531677,0.9625487327575684,0.8240401744842529,0.9417819976806641,0.8932369947433472,0.048545002937316895,0.0005401968955993652,0.1390487551689148,False,False,completed,True
v_0925f4496cf55ade8e5d,an elephant spraying itself with water using its trunk to cool down,direct_zero,start,0.98935467004776,0.9890267848968506,0.5443400144577026,0.9881947040557861,0.9490744471549988,0.039120256900787354,0.00032788515090942383,0.4450146555900574,False,False,completed,True
v_0a1a6db568841167f9e8,a truck turning a corner,direct_zero,start,0.7832257747650146,0.7782981395721436,0.4043329656124115,0.8972001075744629,0.7116873860359192,0.1855127215385437,0.004927635192871094,0.37889280915260315,False,True,completed,True
v_10d250e1b4b4a6ec0a82,a cow running to join a herd of its kind,direct_zero,start,0.9591885805130005,0.9432221055030823,0.8623783588409424,0.9442958235740662,0.8067334294319153,0.13756239414215088,0.015966475009918213,0.0968102216720581,False,False,completed,True
v_125269dc5fc640751fa4,a zebra running to join a herd of its kind,direct_zero,start,0.9697616100311279,0.9688010215759277,0.5334725975990295,0.9459475874900818,0.863007664680481,0.08293992280960083,0.0009605884552001953,0.4362890124320984,False,False,completed,True
v_13502c1b9c959957b46a,a zebra taking a peaceful walk,direct_zero,start,0.9967139363288879,0.9930904507637024,0.5483049154281616,0.997106671333313,0.9290491342544556,0.06805753707885742,0.003623485565185547,0.4484090209007263,False,False,completed,True
v_1814b4d5b25ffa156aa6,an elephant running to join a herd of its kind,direct_zero,start,0.9690490961074829,0.9672452211380005,0.7057242393493652,0.9329218864440918,0.8717503547668457,0.061171531677246094,0.0018038749694824219,0.2633248567581177,False,False,completed,True
v_22506cf5d5a1e6088fc8,a truck slowing down to stop,direct_zero,start,0.8691954612731934,0.5684778094291687,0.5691977739334106,0.7584022879600525,0.5946659445762634,0.16373634338378906,0.30071765184402466,0.2999976873397827,False,False,completed,True
v_2ac6cf025d5e88563949,a zebra running to join a herd of its kind,direct_zero,start,0.9500249624252319,0.9490681886672974,0.5219694375991821,0.9185127019882202,0.8605685234069824,0.05794417858123779,0.0009567737579345703,0.4280555248260498,False,False,completed,True
v_2fbefa11a17758f1cd8f,a zebra taking a peaceful walk,direct_zero,start,0.9445307850837708,0.9372715950012207,0.5253149271011353,0.9212554693222046,0.767675518989563,0.1535799503326416,0.007259190082550049,0.4192158579826355,False,True,completed,True
v_304f65b790cd089803d4,a zebra bending down to drink water from a river,direct_zero,start,0.9545856714248657,0.9433712959289551,0.5254056453704834,0.9624999761581421,0.8197110295295715,0.14278894662857056,0.011214375495910645,0.4291800260543823,False,False,completed,True
v_34025bb5b4d01c898f92,a motorcycle accelerating to gain speed,direct_zero,start,0.9564681053161621,0.9555155634880066,0.5419071316719055,0.9416208267211914,0.8757214546203613,0.06589937210083008,0.0009525418281555176,0.4145609736442566,False,False,completed,True
v_355010ce10f66a681b88,a truck turning a corner,direct_zero,start,0.9635376334190369,0.9517265558242798,0.5333538055419922,0.9169105887413025,0.8206220865249634,0.09628850221633911,0.01181107759475708,0.4301838278770447,False,False,completed,True
v_35d320b87cf1354b75ab,a zebra running to join a herd of its kind,direct_zero,start,0.9588550925254822,0.9577028155326843,0.5276535749435425,0.9490302205085754,0.8494598865509033,0.09957033395767212,0.0011522769927978516,0.4312015175819397,False,False,completed,True
v_38ae4c230155beb1b259,a zebra taking a peaceful walk,direct_zero,start,0.9856873154640198,0.9833280444145203,0.5428537130355835,0.98517906665802,0.9297595024108887,0.05541956424713135,0.0023592710494995117,0.4428336024284363,False,False,completed,True
v_3b6ddfc07cc98fcf9fa0,an elephant running to join a herd of its kind,direct_zero,start,0.9880058169364929,0.9875212907791138,0.8406468629837036,0.9849029779434204,0.9514684081077576,0.03343456983566284,0.0004845261573791504,0.1473589539527893,False,False,completed,True
v_427171327cff517973ed,a zebra bending down to drink water from a river,direct_zero,start,0.9852167367935181,0.9839049577713013,0.542264461517334,0.9767624139785767,0.915226936340332,0.06153547763824463,0.0013117790222167969,0.4429522752761841,False,False,completed,True
v_4719caef96c8df794757,an elephant running to join a herd of its kind,direct_zero,start,0.9782639741897583,0.9779982566833496,0.7421789169311523,0.969979465007782,0.9184213876724243,0.051558077335357666,0.0002657175064086914,0.23608505725860596,False,False,completed,True
v_4d76a76426a219a5f1bb,a zebra bending down to drink water from a river,direct_zero,start,0.9782224893569946,0.9762777090072632,0.5886616706848145,0.9762669801712036,0.9248760938644409,0.051390886306762695,0.0019447803497314453,0.3895608186721802,False,False,completed,True
v_4e7cf3a0868b1b118f55,a zebra running to join a herd of its kind,direct_zero,start,0.9522103071212769,0.9503936171531677,0.6842535734176636,0.9482232928276062,0.8828932642936707,0.06533002853393555,0.0018166899681091309,0.2679567337036133,False,False,completed,True
v_4f8abc7bb931501fb862,a truck slowing down to stop,direct_zero,start,0.9940704703330994,0.6527461409568787,0.8620031476020813,0.9710509777069092,0.73086017370224,0.2401908040046692,0.3413243293762207,0.13206732273101807,False,False,completed,False
v_4ff816e35ca1960d8058,an elephant running to join a herd of its kind,direct_zero,start,0.9646567702293396,0.9646967053413391,0.8071439266204834,0.9487122297286987,0.8709574937820435,0.07775473594665527,3.993511199951172e-05,0.1575128436088562,False,False,completed,True
v_50b265d3f9ccf281a518,an elephant spraying itself with water using its trunk to cool down,direct_zero,start,0.9901018142700195,0.981290876865387,0.7382470369338989,0.9922862648963928,0.9563817977905273,0.03590446710586548,0.008810937404632568,0.2518547773361206,False,False,completed,True
v_53b3d43654788945925c,a zebra running to join a herd of its kind,direct_zero,start,0.972172737121582,0.9690646529197693,0.53606116771698,0.9581042528152466,0.8623304963111877,0.09577375650405884,0.003108084201812744,0.43611156940460205,False,False,completed,True
v_55a4f07d56cda7470760,an elephant running to join a herd of its kind,direct_zero,start,0.9789860844612122,0.9784016013145447,0.5407834649085999,0.9713909029960632,0.9434090256690979,0.027981877326965332,0.0005844831466674805,0.4382026195526123,False,False,completed,True
v_6015d56a898aa0948639,a zebra bending down to drink water from a river,direct_zero,start,0.9817591905593872,0.9567474722862244,0.6935466527938843,0.9774531722068787,0.8067880868911743,0.17066508531570435,0.025011718273162842,0.28821253776550293,False,False,completed,True
v_67c0894760111d0087b6,a motorcycle accelerating to gain speed,direct_zero,start,0.92059326171875,0.7002804279327393,0.5994289517402649,0.7869536280632019,0.678907036781311,0.10804659128189087,0.22031283378601074,0.3211643099784851,False,False,completed,True
v_6bee77846ce628e11d94,an elephant spraying itself with water using its trunk to cool down,direct_zero,start,0.9835841059684753,0.9760249853134155,0.5852194428443909,0.9801599383354187,0.9309580326080322,0.049201905727386475,0.0075591206550598145,0.3983646631240845,False,False,completed,True
v_6d2af08e0301e767c719,a cow running to join a herd of its kind,direct_zero,start,0.9381388425827026,0.8215727210044861,0.5861274600028992,0.871242880821228,0.7083876729011536,0.16285520792007446,0.11656612157821655,0.35201138257980347,False,False,completed,True
v_6ee4476dec8615e1535f,a zebra bending down to drink water from a river,direct_zero,start,0.9657285213470459,0.9659106135368347,0.5508677363395691,0.964434027671814,0.8695021867752075,0.09493184089660645,0.00018209218978881836,0.4148607850074768,False,False,completed,True
v_74d5bd9982ed49689599,a truck turning a corner,direct_zero,start,0.9701874256134033,0.9705944061279297,0.5334962606430054,0.9252806901931763,0.8334928154945374,0.09178787469863892,0.0004069805145263672,0.43669116497039795,False,False,completed,True
v_795022cc03907dc7489e,an elephant spraying itself with water using its trunk to cool down,direct_zero,start,0.24734899401664734,0.21867966651916504,0.21867966651916504,0.9006173610687256,0.7817234396934509,0.11889392137527466,0.0286693274974823,0.0286693274974823,False,False,completed,True
v_7959de66f76bf5fc41d9,a zebra bending down to drink water from a river,direct_zero,start,0.9828632473945618,0.9830207228660583,0.5589017868041992,0.9712667465209961,0.9074462652206421,0.063820481300354,0.00015747547149658203,0.42396146059036255,False,False,completed,True
v_82dc1689fd289adcc0d2,a zebra taking a peaceful walk,direct_zero,start,0.9778921008110046,0.976453959941864,0.5402250289916992,0.9754855632781982,0.9190781116485596,0.05640745162963867,0.001438140869140625,0.4376670718193054,False,False,completed,True
v_88720509dffa7aea9e30,a zebra bending down to drink water from a river,direct_zero,start,0.9738063216209412,0.9743157029151917,0.5352206230163574,0.9799759387969971,0.9114131927490234,0.06856274604797363,0.0005093812942504883,0.43858569860458374,False,False,completed,True
v_8887acf562b32cc84023,a zebra bending down to drink water from a river,direct_zero,start,0.9334750771522522,0.902740478515625,0.9209463000297546,0.9226030707359314,0.5928455591201782,0.3297575116157532,0.030734598636627197,0.012528777122497559,False,False,completed,True
v_8dca194984971f0a1124,a truck turning a corner,direct_zero,start,0.9337459802627563,0.935077965259552,0.5162278413772583,0.8681207299232483,0.7794278264045715,0.08869290351867676,0.0013319849967956543,0.41751813888549805,False,False,completed,True
v_8e6a21dfeb7a106dae22,a zebra taking a peaceful walk,direct_zero,start,0.9760703444480896,0.9641224145889282,0.7750470638275146,0.9702401757240295,0.9063626527786255,0.06387752294540405,0.011947929859161377,0.20102328062057495,False,False,completed,True
v_a18cdea6bd26987ddbc4,a cow running to join a herd of its kind,direct_zero,start,0.8598477840423584,0.8584769368171692,0.4683087468147278,0.9539317488670349,0.8778938055038452,0.0760379433631897,0.001370847225189209,0.3915390372276306,False,False,completed,True
v_a3b6d576bc5c5ef3517f,a zebra running to join a herd of its kind,direct_zero,start,0.9438295960426331,0.9446007013320923,0.8454663753509521,0.9383728504180908,0.8830835819244385,0.055289268493652344,0.0007711052894592285,0.09836322069168091,False,False,completed,True
v_a522928f33a3f29c463c,a truck slowing down to stop,direct_zero,start,0.9893493056297302,0.9869624376296997,0.544757068157196,0.9741533398628235,0.8917540907859802,0.08239924907684326,0.0023868680000305176,0.4445922374725342,False,False,completed,True
v_a5b4d7c4b2a095c9e6cc,an elephant running to join a herd of its kind,direct_zero,start,0.9817762970924377,0.9733368158340454,0.7263394594192505,0.9782154560089111,0.9361703991889954,0.04204505681991577,0.008439481258392334,0.25543683767318726,False,False,completed,True
v_aa14318968934ce72fb1,a zebra bending down to drink water from a river,direct_zero,start,0.973966121673584,0.9729641079902649,0.5417301654815674,0.9643047451972961,0.8656508326530457,0.09865391254425049,0.0010020136833190918,0.4322359561920166,False,False,completed,True
v_ad2f0d6ec69f9ff90382,a zebra taking a peaceful walk,direct_zero,start,0.9869072437286377,0.985538899898529,0.5430995225906372,0.9837861657142639,0.9170989394187927,0.06668722629547119,0.0013683438301086426,0.4438077211380005,False,False,completed,True
v_b2657298416595015a2b,a zebra running to join a herd of its kind,direct_zero,start,0.9221466779708862,0.9219837784767151,0.513124406337738,0.8821325302124023,0.8098487854003906,0.07228374481201172,0.00016289949417114258,0.4090222716331482,False,False,completed,True
v_bc950a10e74a0a5447f1,a zebra bending down to drink water from a river,direct_zero,start,0.9756776690483093,0.9763115644454956,0.538481593132019,0.9725489616394043,0.8805453181266785,0.09200364351272583,0.0006338953971862793,0.4371960759162903,False,False,completed,True
v_bf4b3df29a9616bf26ae,a truck turning a corner,direct_zero,start,0.9515529870986938,0.9515179395675659,0.5312649607658386,0.8850948214530945,0.7442750930786133,0.1408197283744812,3.504753112792969e-05,0.4202880263328552,False,True,completed,True
v_c41543fe72d2e5493d15,a truck slowing down to stop,direct_zero,start,0.9834082722663879,0.9817558526992798,0.5971012711524963,0.9530027508735657,0.9071909189224243,0.04581183195114136,0.0016524195671081543,0.3863070011138916,False,False,completed,True
v_c424c7aceaf2046394ad,a cow running to join a herd of its kind,direct_zero,start,0.9763944745063782,0.9756922721862793,0.8555437326431274,0.9669449329376221,0.8107388019561768,0.1562061309814453,0.000702202320098877,0.12085074186325073,False,True,completed,True
v_c4de504a244d437ac3ad,a zebra bending down to drink water from a river,direct_zero,start,0.9940760135650635,0.991242527961731,0.5469377040863037,0.994841992855072,0.9200426936149597,0.0747992992401123,0.0028334856033325195,0.44713830947875977,False,False,completed,True
v_cdab6ebfbdf88aa1365e,an elephant running to join a herd of its kind,direct_zero,start,0.9607254266738892,0.9608942270278931,0.5815114378929138,0.9530994296073914,0.8548263907432556,0.09827303886413574,0.00016880035400390625,0.37921398878097534,False,False,completed,True
v_d111e2d8975fa9b850b3,a zebra taking a peaceful walk,direct_zero,start,0.9483411908149719,0.8265712261199951,0.6146018505096436,0.9036860466003418,0.8236051797866821,0.08008086681365967,0.1217699646949768,0.33373934030532837,False,False,completed,True
v_d51186bcfc23e2a780ab,a truck slowing down to stop,direct_zero,start,0.9643544554710388,0.9822658896446228,0.6177434325218201,0.9112410545349121,0.8714932799339294,0.039747774600982666,0.017911434173583984,0.34661102294921875,False,False,completed,True
v_d86a4852b9a610b4e2ac,a motorcycle accelerating to gain speed,direct_zero,start,0.9552143812179565,0.9549835920333862,0.5241967439651489,0.8991079330444336,0.8051381707191467,0.09396976232528687,0.0002307891845703125,0.4310176372528076,False,False,completed,True
v_e7e6381187b3421f31f4,a zebra taking a peaceful walk,direct_zero,start,0.9758050441741943,0.9737548828125,0.5368770360946655,0.9502309560775757,0.9104286432266235,0.03980231285095215,0.002050161361694336,0.4389280080795288,False,False,completed,True
v_e84cd21f77767e064452,an elephant running to join a herd of its kind,direct_zero,start,0.8868926167488098,0.8879293203353882,0.490027517080307,0.9618316292762756,0.8043679594993591,0.1574636697769165,0.0010367035865783691,0.3968650996685028,False,True,completed,True
v_f762ed821ba1fba906af,a zebra bending down to drink water from a river,direct_zero,start,0.9867092370986938,0.9773361682891846,0.5420944094657898,0.9777792096138,0.9088538885116577,0.06892532110214233,0.009373068809509277,0.44461482763290405,False,False,completed,True
v_f993f14cdb34fb8383ef,a zebra bending down to drink water from a river,direct_zero,start,0.9814218878746033,0.9781326651573181,0.5409412384033203,0.9786093235015869,0.8957720398902893,0.08283728361129761,0.0032892227172851562,0.44048064947128296,False,False,completed,True
v_fb03b6a21df9c0a51627,a cow running to join a herd of its kind,direct_zero,start,0.9514460563659668,0.9501078128814697,0.8249584436416626,0.9386007189750671,0.8674851059913635,0.07111561298370361,0.0013382434844970703,0.1264876127243042,False,False,completed,True
v_fc9b39a4b047b2db243c,an elephant spraying itself with water using its trunk to cool down,direct_zero,start,0.9950287342071533,0.9875890016555786,0.7926084399223328,0.9937685132026672,0.9498541951179504,0.0439143180847168,0.007439732551574707,0.20242029428482056,False,False,completed,True
v_fef8070abcd8dcd3af47,a zebra taking a peaceful walk,direct_zero,start,0.9282910823822021,0.8729867935180664,0.5750899910926819,0.8663416504859924,0.7383865118026733,0.1279551386833191,0.05530428886413574,0.35320109128952026,False,False,completed,True
v_075ccc862d1b2d4936f0,an elephant running to join a herd of its kind,direct_exclude,start,0.9630889296531677,0.9625487327575684,0.8240401744842529,0.9417819976806641,0.8932369947433472,0.048545002937316895,0.0005401968955993652,0.1390487551689148,False,False,completed,True
v_0925f4496cf55ade8e5d,an elephant spraying itself with water using its trunk to cool down,direct_exclude,start,0.98935467004776,0.9890267848968506,0.9897092580795288,0.9881947040557861,0.9490744471549988,0.039120256900787354,0.00032788515090942383,-0.00035458803176879883,False,False,completed,True
v_0a1a6db568841167f9e8,a truck turning a corner,direct_exclude,start,0.8951151967048645,0.8894836902618408,0.8821808695793152,0.8972001075744629,0.7116873860359192,0.1855127215385437,0.005631506443023682,0.012934327125549316,False,True,completed,True
v_10d250e1b4b4a6ec0a82,a cow running to join a herd of its kind,direct_exclude,start,0.9591885805130005,0.9432221055030823,0.8623783588409424,0.9442958235740662,0.8067334294319153,0.13756239414215088,0.015966475009918213,0.0968102216720581,False,False,completed,True
v_125269dc5fc640751fa4,a zebra running to join a herd of its kind,direct_exclude,start,0.9697616100311279,0.9688010215759277,0.9699501395225525,0.9459475874900818,0.863007664680481,0.08293992280960083,0.0009605884552001953,-0.00018852949142456055,False,False,completed,True
v_13502c1b9c959957b46a,a zebra taking a peaceful walk,direct_exclude,start,0.9967139363288879,0.9930904507637024,0.9969179630279541,0.997106671333313,0.9290491342544556,0.06805753707885742,0.003623485565185547,-0.0002040266990661621,False,False,completed,True
v_1814b4d5b25ffa156aa6,an elephant running to join a herd of its kind,direct_exclude,start,0.9690490961074829,0.9672452211380005,0.8566031455993652,0.9329218864440918,0.8717503547668457,0.061171531677246094,0.0018038749694824219,0.11244595050811768,False,False,completed,True
v_22506cf5d5a1e6088fc8,a truck slowing down to stop,direct_exclude,start,0.8691954612731934,0.8745811581611633,0.8756887912750244,0.7584022879600525,0.5946659445762634,0.16373634338378906,0.005385696887969971,-0.006493330001831055,False,True,completed,True
v_2ac6cf025d5e88563949,a zebra running to join a herd of its kind,direct_exclude,start,0.9500249624252319,0.9490681886672974,0.9490353465080261,0.9185127019882202,0.8605685234069824,0.05794417858123779,0.0009567737579345703,0.0009896159172058105,False,False,completed,True
v_2fbefa11a17758f1cd8f,a zebra taking a peaceful walk,direct_exclude,start,0.9445307850837708,0.9372715950012207,0.95511794090271,0.9212554693222046,0.767675518989563,0.1535799503326416,0.007259190082550049,-0.010587155818939209,False,True,completed,True
v_304f65b790cd089803d4,a zebra bending down to drink water from a river,direct_exclude,start,0.9545856714248657,0.9433712959289551,0.9552830457687378,0.9624999761581421,0.8197110295295715,0.14278894662857056,0.011214375495910645,-0.0006973743438720703,False,False,completed,True
v_34025bb5b4d01c898f92,a motorcycle accelerating to gain speed,direct_exclude,start,0.9564681053161621,0.9555155634880066,0.9537565112113953,0.9416208267211914,0.8757214546203613,0.06589937210083008,0.0009525418281555176,0.0027115941047668457,False,False,completed,True
v_355010ce10f66a681b88,a truck turning a corner,direct_exclude,start,0.9635376334190369,0.9517265558242798,0.9697341918945312,0.9169105887413025,0.8206220865249634,0.09628850221633911,0.01181107759475708,-0.006196558475494385,False,False,completed,True
v_35d320b87cf1354b75ab,a zebra running to join a herd of its kind,direct_exclude,start,0.9588550925254822,0.9577028155326843,0.9593701362609863,0.9490302205085754,0.8494598865509033,0.09957033395767212,0.0011522769927978516,-0.0005150437355041504,False,False,completed,True
v_38ae4c230155beb1b259,a zebra taking a peaceful walk,direct_exclude,start,0.9856873154640198,0.9833280444145203,0.9870067238807678,0.98517906665802,0.9297595024108887,0.05541956424713135,0.0023592710494995117,-0.0013194084167480469,False,False,completed,True
v_3b6ddfc07cc98fcf9fa0,an elephant running to join a herd of its kind,direct_exclude,start,0.9880058169364929,0.9875212907791138,0.8406468629837036,0.9849029779434204,0.9514684081077576,0.03343456983566284,0.0004845261573791504,0.1473589539527893,False,False,completed,True
v_427171327cff517973ed,a zebra bending down to drink water from a river,direct_exclude,start,0.9852167367935181,0.9839049577713013,0.9859352111816406,0.9767624139785767,0.915226936340332,0.06153547763824463,0.0013117790222167969,-0.0007184743881225586,False,False,completed,True
v_4719caef96c8df794757,an elephant running to join a herd of its kind,direct_exclude,start,0.9782639741897583,0.9779982566833496,0.8482044339179993,0.969979465007782,0.9184213876724243,0.051558077335357666,0.0002657175064086914,0.13005954027175903,False,False,completed,True
v_4d76a76426a219a5f1bb,a zebra bending down to drink water from a river,direct_exclude,start,0.9782224893569946,0.9762777090072632,0.9563487768173218,0.9762669801712036,0.9248760938644409,0.051390886306762695,0.0019447803497314453,0.02187371253967285,False,False,completed,True
v_4e7cf3a0868b1b118f55,a zebra running to join a herd of its kind,direct_exclude,start,0.9522103071212769,0.9503936171531677,0.9023123979568481,0.9482232928276062,0.8828932642936707,0.06533002853393555,0.0018166899681091309,0.04989790916442871,False,False,completed,True
v_4f8abc7bb931501fb862,a truck slowing down to stop,direct_exclude,start,0.9940704703330994,0.9819087386131287,0.9787906408309937,0.9710509777069092,0.73086017370224,0.2401908040046692,0.012161731719970703,0.015279829502105713,False,False,completed,False
v_4ff816e35ca1960d8058,an elephant running to join a herd of its kind,direct_exclude,start,0.9646567702293396,0.9646967053413391,0.8071439266204834,0.9487122297286987,0.8709574937820435,0.07775473594665527,3.993511199951172e-05,0.1575128436088562,False,False,completed,True
v_50b265d3f9ccf281a518,an elephant spraying itself with water using its trunk to cool down,direct_exclude,start,0.9901018142700195,0.981290876865387,0.8437108397483826,0.9922862648963928,0.9563817977905273,0.03590446710586548,0.008810937404632568,0.14639097452163696,False,False,completed,True
v_53b3d43654788945925c,a zebra running to join a herd of its kind,direct_exclude,start,0.972172737121582,0.9690646529197693,0.9746567010879517,0.9581042528152466,0.8623304963111877,0.09577375650405884,0.003108084201812744,-0.002483963966369629,False,False,completed,True
v_55a4f07d56cda7470760,an elephant running to join a herd of its kind,direct_exclude,start,0.9789860844612122,0.9784016013145447,0.9832426309585571,0.9713909029960632,0.9434090256690979,0.027981877326965332,0.0005844831466674805,-0.004256546497344971,False,False,completed,True
v_6015d56a898aa0948639,a zebra bending down to drink water from a river,direct_exclude,start,0.9817591905593872,0.9567474722862244,0.968763530254364,0.9774531722068787,0.8067880868911743,0.17066508531570435,0.025011718273162842,0.012995660305023193,False,False,completed,True
v_67c0894760111d0087b6,a motorcycle accelerating to gain speed,direct_exclude,start,0.92059326171875,0.923446774482727,0.9221983551979065,0.7869536280632019,0.678907036781311,0.10804659128189087,0.0028535127639770508,-0.0016050934791564941,False,True,completed,True
v_6bee77846ce628e11d94,an elephant spraying itself with water using its trunk to cool down,direct_exclude,start,0.9835841059684753,0.9760249853134155,0.9507564902305603,0.9801599383354187,0.9309580326080322,0.049201905727386475,0.0075591206550598145,0.03282761573791504,False,False,completed,True
v_6d2af08e0301e767c719,a cow running to join a herd of its kind,direct_exclude,start,0.9381388425827026,0.938940167427063,0.9017344117164612,0.871242880821228,0.7083876729011536,0.16285520792007446,0.0008013248443603516,0.036404430866241455,False,True,completed,True
v_6ee4476dec8615e1535f,a zebra bending down to drink water from a river,direct_exclude,start,0.9657285213470459,0.9659106135368347,0.9695273041725159,0.964434027671814,0.8695021867752075,0.09493184089660645,0.00018209218978881836,-0.0037987828254699707,False,False,completed,True
v_74d5bd9982ed49689599,a truck turning a corner,direct_exclude,start,0.9701874256134033,0.9705944061279297,0.9699931740760803,0.9252806901931763,0.8334928154945374,0.09178787469863892,0.0004069805145263672,0.00019425153732299805,False,False,completed,True
v_795022cc03907dc7489e,an elephant spraying itself with water using its trunk to cool down,direct_exclude,start,0.960296094417572,0.9621905088424683,0.9621905088424683,0.9006173610687256,0.7817234396934509,0.11889392137527466,0.0018944144248962402,-0.0018944144248962402,False,True,completed,True
v_7959de66f76bf5fc41d9,a zebra bending down to drink water from a river,direct_exclude,start,0.9828632473945618,0.9830207228660583,0.9836671352386475,0.9712667465209961,0.9074462652206421,0.063820481300354,0.00015747547149658203,-0.0008038878440856934,False,False,completed,True
v_82dc1689fd289adcc0d2,a zebra taking a peaceful walk,direct_exclude,start,0.9778921008110046,0.976453959941864,0.9822272658348083,0.9754855632781982,0.9190781116485596,0.05640745162963867,0.001438140869140625,-0.004335165023803711,False,False,completed,True
v_88720509dffa7aea9e30,a zebra bending down to drink water from a river,direct_exclude,start,0.9738063216209412,0.9743157029151917,0.9731284976005554,0.9799759387969971,0.9114131927490234,0.06856274604797363,0.0005093812942504883,0.0006778240203857422,False,False,completed,True
v_8887acf562b32cc84023,a zebra bending down to drink water from a river,direct_exclude,start,0.9334750771522522,0.902740478515625,0.9209463000297546,0.9226030707359314,0.5928455591201782,0.3297575116157532,0.030734598636627197,0.012528777122497559,False,False,completed,True
v_8dca194984971f0a1124,a truck turning a corner,direct_exclude,start,0.9337459802627563,0.935077965259552,0.9385960102081299,0.8681207299232483,0.7794278264045715,0.08869290351867676,0.0013319849967956543,-0.004850029945373535,False,False,completed,True
v_8e6a21dfeb7a106dae22,a zebra taking a peaceful walk,direct_exclude,start,0.9760703444480896,0.9641224145889282,0.9407467246055603,0.9702401757240295,0.9063626527786255,0.06387752294540405,0.011947929859161377,0.0353236198425293,False,False,completed,True
v_a18cdea6bd26987ddbc4,a cow running to join a herd of its kind,direct_exclude,start,0.9763433337211609,0.9747866988182068,0.9773399829864502,0.9539317488670349,0.8778938055038452,0.0760379433631897,0.0015566349029541016,-0.0009966492652893066,False,False,completed,True
v_a3b6d576bc5c5ef3517f,a zebra running to join a herd of its kind,direct_exclude,start,0.9438295960426331,0.9446007013320923,0.8454663753509521,0.9383728504180908,0.8830835819244385,0.055289268493652344,0.0007711052894592285,0.09836322069168091,False,False,completed,True
v_a522928f33a3f29c463c,a truck slowing down to stop,direct_exclude,start,0.9893493056297302,0.9869624376296997,0.9904673099517822,0.9741533398628235,0.8917540907859802,0.08239924907684326,0.0023868680000305176,-0.001118004322052002,False,False,completed,True
v_a5b4d7c4b2a095c9e6cc,an elephant running to join a herd of its kind,direct_exclude,start,0.9817762970924377,0.9733368158340454,0.8816258907318115,0.9782154560089111,0.9361703991889954,0.04204505681991577,0.008439481258392334,0.10015040636062622,False,False,completed,True
v_aa14318968934ce72fb1,a zebra bending down to drink water from a river,direct_exclude,start,0.973966121673584,0.9729641079902649,0.9849638938903809,0.9643047451972961,0.8656508326530457,0.09865391254425049,0.0010020136833190918,-0.010997772216796875,False,False,completed,True
v_ad2f0d6ec69f9ff90382,a zebra taking a peaceful walk,direct_exclude,start,0.9869072437286377,0.985538899898529,0.9874535799026489,0.9837861657142639,0.9170989394187927,0.06668722629547119,0.0013683438301086426,-0.0005463361740112305,False,False,completed,True
v_b2657298416595015a2b,a zebra running to join a herd of its kind,direct_exclude,start,0.9221466779708862,0.9219837784767151,0.9329533576965332,0.8821325302124023,0.8098487854003906,0.07228374481201172,0.00016289949417114258,-0.010806679725646973,False,False,completed,True
v_bc950a10e74a0a5447f1,a zebra bending down to drink water from a river,direct_exclude,start,0.9756776690483093,0.9763115644454956,0.9790573120117188,0.9725489616394043,0.8805453181266785,0.09200364351272583,0.0006338953971862793,-0.003379642963409424,False,False,completed,True
v_bf4b3df29a9616bf26ae,a truck turning a corner,direct_exclude,start,0.9515529870986938,0.9515179395675659,0.9659363031387329,0.8850948214530945,0.7442750930786133,0.1408197283744812,3.504753112792969e-05,-0.014383316040039062,False,True,completed,True
v_c41543fe72d2e5493d15,a truck slowing down to stop,direct_exclude,start,0.9834082722663879,0.9817558526992798,0.9700599312782288,0.9530027508735657,0.9071909189224243,0.04581183195114136,0.0016524195671081543,0.01334834098815918,False,False,completed,True
v_c424c7aceaf2046394ad,a cow running to join a herd of its kind,direct_exclude,start,0.9763944745063782,0.9756922721862793,0.8555437326431274,0.9669449329376221,0.8107388019561768,0.1562061309814453,0.000702202320098877,0.12085074186325073,False,True,completed,True
v_c4de504a244d437ac3ad,a zebra bending down to drink water from a river,direct_exclude,start,0.9940760135650635,0.991242527961731,0.9944322109222412,0.994841992855072,0.9200426936149597,0.0747992992401123,0.0028334856033325195,-0.0003561973571777344,False,False,completed,True
v_cdab6ebfbdf88aa1365e,an elephant running to join a herd of its kind,direct_exclude,start,0.9607254266738892,0.9608942270278931,0.8946329951286316,0.9530994296073914,0.8548263907432556,0.09827303886413574,0.00016880035400390625,0.06609243154525757,False,False,completed,True
v_d111e2d8975fa9b850b3,a zebra taking a peaceful walk,direct_exclude,start,0.9483411908149719,0.944652795791626,0.9455413818359375,0.9036860466003418,0.8236051797866821,0.08008086681365967,0.0036883950233459473,0.002799808979034424,False,False,completed,True
v_d51186bcfc23e2a780ab,a truck slowing down to stop,direct_exclude,start,0.9643544554710388,0.9822658896446228,0.9503745436668396,0.9112410545349121,0.8714932799339294,0.039747774600982666,0.017911434173583984,0.013979911804199219,False,False,completed,True
v_d86a4852b9a610b4e2ac,a motorcycle accelerating to gain speed,direct_exclude,start,0.9552143812179565,0.9549835920333862,0.9530850052833557,0.8991079330444336,0.8051381707191467,0.09396976232528687,0.0002307891845703125,0.00212937593460083,False,False,completed,True
v_e7e6381187b3421f31f4,a zebra taking a peaceful walk,direct_exclude,start,0.9758050441741943,0.9737548828125,0.976140022277832,0.9502309560775757,0.9104286432266235,0.03980231285095215,0.002050161361694336,-0.0003349781036376953,False,False,completed,True
v_e84cd21f77767e064452,an elephant running to join a herd of its kind,direct_exclude,start,0.8868926167488098,0.8879293203353882,0.8909590840339661,0.9618316292762756,0.8043679594993591,0.1574636697769165,0.0010367035865783691,-0.00406646728515625,False,True,completed,True
v_f762ed821ba1fba906af,a zebra bending down to drink water from a river,direct_exclude,start,0.9867092370986938,0.9773361682891846,0.9856260418891907,0.9777792096138,0.9088538885116577,0.06892532110214233,0.009373068809509277,0.0010831952095031738,False,False,completed,True
v_f993f14cdb34fb8383ef,a zebra bending down to drink water from a river,direct_exclude,start,0.9814218878746033,0.9781326651573181,0.9835294485092163,0.9786093235015869,0.8957720398902893,0.08283728361129761,0.0032892227172851562,-0.002107560634613037,False,False,completed,True
v_fb03b6a21df9c0a51627,a cow running to join a herd of its kind,direct_exclude,start,0.9514460563659668,0.9501078128814697,0.8249584436416626,0.9386007189750671,0.8674851059913635,0.07111561298370361,0.0013382434844970703,0.1264876127243042,False,False,completed,True
v_fc9b39a4b047b2db243c,an elephant spraying itself with water using its trunk to cool down,direct_exclude,start,0.9950287342071533,0.9875890016555786,0.7926084399223328,0.9937685132026672,0.9498541951179504,0.0439143180847168,0.007439732551574707,0.20242029428482056,False,False,completed,True
v_fef8070abcd8dcd3af47,a zebra taking a peaceful walk,direct_exclude,start,0.9282910823822021,0.9293084740638733,0.9343000650405884,0.8663416504859924,0.7383865118026733,0.1279551386833191,0.0010173916816711426,-0.0060089826583862305,False,True,completed,True
v_075ccc862d1b2d4936f0,an elephant running to join a herd of its kind,hybrid_zero,start,0.9630889296531677,0.9625487327575684,0.8240401744842529,0.9417819976806641,0.8932369947433472,0.048545002937316895,0.0005401968955993652,0.1390487551689148,False,False,completed,True
v_0925f4496cf55ade8e5d,an elephant spraying itself with water using its trunk to cool down,hybrid_zero,start,0.98935467004776,0.9890267848968506,0.7995463609695435,0.9881947040557861,0.9490744471549988,0.039120256900787354,0.00032788515090942383,0.18980830907821655,False,False,completed,True
v_0a1a6db568841167f9e8,a truck turning a corner,hybrid_zero,start,0.8892853260040283,0.8846510648727417,0.7035820484161377,0.8972001075744629,0.7116873860359192,0.1855127215385437,0.004634261131286621,0.18570327758789062,False,True,completed,True
v_10d250e1b4b4a6ec0a82,a cow running to join a herd of its kind,hybrid_zero,start,0.9591885805130005,0.9432221055030823,0.8623783588409424,0.9442958235740662,0.8067334294319153,0.13756239414215088,0.015966475009918213,0.0968102216720581,False,False,completed,True
v_125269dc5fc640751fa4,a zebra running to join a herd of its kind,hybrid_zero,start,0.9697616100311279,0.9688010215759277,0.8064233660697937,0.9459475874900818,0.863007664680481,0.08293992280960083,0.0009605884552001953,0.16333824396133423,False,False,completed,True
v_13502c1b9c959957b46a,a zebra taking a peaceful walk,hybrid_zero,start,0.9967139363288879,0.9930904507637024,0.8263733386993408,0.997106671333313,0.9290491342544556,0.06805753707885742,0.003623485565185547,0.17034059762954712,False,False,completed,True
v_1814b4d5b25ffa156aa6,an elephant running to join a herd of its kind,hybrid_zero,start,0.9690490961074829,0.9672452211380005,0.8394198417663574,0.9329218864440918,0.8717503547668457,0.061171531677246094,0.0018038749694824219,0.1296292543411255,False,False,completed,True
v_22506cf5d5a1e6088fc8,a truck slowing down to stop,hybrid_zero,start,0.8691954612731934,0.8241994380950928,0.8330424427986145,0.7584022879600525,0.5946659445762634,0.16373634338378906,0.044996023178100586,0.03615301847457886,False,False,completed,True
v_2ac6cf025d5e88563949,a zebra running to join a herd of its kind,hybrid_zero,start,0.9500249624252319,0.9490681886672974,0.7948362231254578,0.9185127019882202,0.8605685234069824,0.05794417858123779,0.0009567737579345703,0.15518873929977417,False,False,completed,True
v_2fbefa11a17758f1cd8f,a zebra taking a peaceful walk,hybrid_zero,start,0.9445307850837708,0.9372715950012207,0.8534499406814575,0.9212554693222046,0.767675518989563,0.1535799503326416,0.007259190082550049,0.09108084440231323,False,True,completed,True
v_304f65b790cd089803d4,a zebra bending down to drink water from a river,hybrid_zero,start,0.9545856714248657,0.9433712959289551,0.770531415939331,0.9624999761581421,0.8197110295295715,0.14278894662857056,0.011214375495910645,0.18405425548553467,False,False,completed,True
v_34025bb5b4d01c898f92,a motorcycle accelerating to gain speed,hybrid_zero,start,0.9564681053161621,0.9555155634880066,0.858763575553894,0.9416208267211914,0.8757214546203613,0.06589937210083008,0.0009525418281555176,0.09770452976226807,False,False,completed,True
v_355010ce10f66a681b88,a truck turning a corner,hybrid_zero,start,0.9635376334190369,0.9517265558242798,0.8181135058403015,0.9169105887413025,0.8206220865249634,0.09628850221633911,0.01181107759475708,0.14542412757873535,False,False,completed,True
v_35d320b87cf1354b75ab,a zebra running to join a herd of its kind,hybrid_zero,start,0.9588550925254822,0.9577028155326843,0.7710291743278503,0.9490302205085754,0.8494598865509033,0.09957033395767212,0.0011522769927978516,0.18782591819763184,False,False,completed,True
v_38ae4c230155beb1b259,a zebra taking a peaceful walk,hybrid_zero,start,0.9856873154640198,0.9833280444145203,0.8294917345046997,0.98517906665802,0.9297595024108887,0.05541956424713135,0.0023592710494995117,0.15619558095932007,False,False,completed,True
v_3b6ddfc07cc98fcf9fa0,an elephant running to join a herd of its kind,hybrid_zero,start,0.9880058169364929,0.9875212907791138,0.8406468629837036,0.9849029779434204,0.9514684081077576,0.03343456983566284,0.0004845261573791504,0.1473589539527893,False,False,completed,True
v_427171327cff517973ed,a zebra bending down to drink water from a river,hybrid_zero,start,0.9852167367935181,0.9839049577713013,0.8205385208129883,0.9767624139785767,0.915226936340332,0.06153547763824463,0.0013117790222167969,0.16467821598052979,False,False,completed,True
v_4719caef96c8df794757,an elephant running to join a herd of its kind,hybrid_zero,start,0.9782639741897583,0.9779982566833496,0.8235694169998169,0.969979465007782,0.9184213876724243,0.051558077335357666,0.0002657175064086914,0.1546945571899414,False,False,completed,True
v_4d76a76426a219a5f1bb,a zebra bending down to drink water from a river,hybrid_zero,start,0.9782224893569946,0.9762777090072632,0.8040040135383606,0.9762669801712036,0.9248760938644409,0.051390886306762695,0.0019447803497314453,0.17421847581863403,False,False,completed,True
v_4e7cf3a0868b1b118f55,a zebra running to join a herd of its kind,hybrid_zero,start,0.9522103071212769,0.9503936171531677,0.8299142718315125,0.9482232928276062,0.8828932642936707,0.06533002853393555,0.0018166899681091309,0.1222960352897644,False,False,completed,True
v_4f8abc7bb931501fb862,a truck slowing down to stop,hybrid_zero,start,0.9940704703330994,0.8686643242835999,0.9743497967720032,0.9710509777069092,0.73086017370224,0.2401908040046692,0.1254061460494995,0.01972067356109619,False,False,completed,False
v_4ff816e35ca1960d8058,an elephant running to join a herd of its kind,hybrid_zero,start,0.9646567702293396,0.9646967053413391,0.8071439266204834,0.9487122297286987,0.8709574937820435,0.07775473594665527,3.993511199951172e-05,0.1575128436088562,False,False,completed,True
v_50b265d3f9ccf281a518,an elephant spraying itself with water using its trunk to cool down,hybrid_zero,start,0.9901018142700195,0.981290876865387,0.8189458847045898,0.9922862648963928,0.9563817977905273,0.03590446710586548,0.008810937404632568,0.1711559295654297,False,False,completed,True
v_53b3d43654788945925c,a zebra running to join a herd of its kind,hybrid_zero,start,0.972172737121582,0.9690646529197693,0.8049055933952332,0.9581042528152466,0.8623304963111877,0.09577375650405884,0.003108084201812744,0.16726714372634888,False,False,completed,True
v_55a4f07d56cda7470760,an elephant running to join a herd of its kind,hybrid_zero,start,0.9789860844612122,0.9784016013145447,0.8431116938591003,0.9713909029960632,0.9434090256690979,0.027981877326965332,0.0005844831466674805,0.13587439060211182,False,False,completed,True
v_6015d56a898aa0948639,a zebra bending down to drink water from a river,hybrid_zero,start,0.9817591905593872,0.9567474722862244,0.8873933553695679,0.9774531722068787,0.8067880868911743,0.17066508531570435,0.025011718273162842,0.09436583518981934,False,False,completed,True
v_67c0894760111d0087b6,a motorcycle accelerating to gain speed,hybrid_zero,start,0.92059326171875,0.8780192136764526,0.8512442708015442,0.7869536280632019,0.678907036781311,0.10804659128189087,0.04257404804229736,0.06934899091720581,False,False,completed,True
v_6bee77846ce628e11d94,an elephant spraying itself with water using its trunk to cool down,hybrid_zero,start,0.9835841059684753,0.9760249853134155,0.8108171224594116,0.9801599383354187,0.9309580326080322,0.049201905727386475,0.0075591206550598145,0.17276698350906372,False,False,completed,True
v_6d2af08e0301e767c719,a cow running to join a herd of its kind,hybrid_zero,start,0.9381388425827026,0.9346640110015869,0.8209599256515503,0.871242880821228,0.7083876729011536,0.16285520792007446,0.0034748315811157227,0.11717891693115234,False,True,completed,True
v_6ee4476dec8615e1535f,a zebra bending down to drink water from a river,hybrid_zero,start,0.9657285213470459,0.9659106135368347,0.8545940518379211,0.964434027671814,0.8695021867752075,0.09493184089660645,0.00018209218978881836,0.11113446950912476,False,False,completed,True
v_74d5bd9982ed49689599,a truck turning a corner,hybrid_zero,start,0.9701874256134033,0.9705944061279297,0.8287999629974365,0.9252806901931763,0.8334928154945374,0.09178787469863892,0.0004069805145263672,0.1413874626159668,False,False,completed,True
v_795022cc03907dc7489e,an elephant spraying itself with water using its trunk to cool down,hybrid_zero,start,0.9523473978042603,0.9489977359771729,0.8666879534721375,0.9006173610687256,0.7817234396934509,0.11889392137527466,0.0033496618270874023,0.0856594443321228,False,True,completed,True
v_7959de66f76bf5fc41d9,a zebra bending down to drink water from a river,hybrid_zero,start,0.9828632473945618,0.9830207228660583,0.8277148604393005,0.9712667465209961,0.9074462652206421,0.063820481300354,0.00015747547149658203,0.15514838695526123,False,False,completed,True
v_82dc1689fd289adcc0d2,a zebra taking a peaceful walk,hybrid_zero,start,0.9778921008110046,0.976453959941864,0.7943407297134399,0.9754855632781982,0.9190781116485596,0.05640745162963867,0.001438140869140625,0.1835513710975647,False,False,completed,True
v_88720509dffa7aea9e30,a zebra bending down to drink water from a river,hybrid_zero,start,0.9738063216209412,0.9743157029151917,0.8400044441223145,0.9799759387969971,0.9114131927490234,0.06856274604797363,0.0005093812942504883,0.1338018774986267,False,False,completed,True
v_8887acf562b32cc84023,a zebra bending down to drink water from a river,hybrid_zero,start,0.9334750771522522,0.902740478515625,0.9209463000297546,0.9226030707359314,0.5928455591201782,0.3297575116157532,0.030734598636627197,0.012528777122497559,False,False,completed,True
v_8dca194984971f0a1124,a truck turning a corner,hybrid_zero,start,0.9337459802627563,0.935077965259552,0.8314752578735352,0.8681207299232483,0.7794278264045715,0.08869290351867676,0.0013319849967956543,0.10227072238922119,False,False,completed,True
v_8e6a21dfeb7a106dae22,a zebra taking a peaceful walk,hybrid_zero,start,0.9760703444480896,0.9641224145889282,0.8858997821807861,0.9702401757240295,0.9063626527786255,0.06387752294540405,0.011947929859161377,0.09017056226730347,False,False,completed,True
v_a18cdea6bd26987ddbc4,a cow running to join a herd of its kind,hybrid_zero,start,0.9762948155403137,0.9745755195617676,0.83845055103302,0.9539317488670349,0.8778938055038452,0.0760379433631897,0.0017192959785461426,0.1378442645072937,False,False,completed,True
v_a3b6d576bc5c5ef3517f,a zebra running to join a herd of its kind,hybrid_zero,start,0.9438295960426331,0.9446007013320923,0.8454663753509521,0.9383728504180908,0.8830835819244385,0.055289268493652344,0.0007711052894592285,0.09836322069168091,False,False,completed,True
v_a522928f33a3f29c463c,a truck slowing down to stop,hybrid_zero,start,0.9893493056297302,0.9869624376296997,0.8210747241973877,0.9741533398628235,0.8917540907859802,0.08239924907684326,0.0023868680000305176,0.16827458143234253,False,False,completed,True
v_a5b4d7c4b2a095c9e6cc,an elephant running to join a herd of its kind,hybrid_zero,start,0.9817762970924377,0.9733368158340454,0.8400131464004517,0.9782154560089111,0.9361703991889954,0.04204505681991577,0.008439481258392334,0.14176315069198608,False,False,completed,True
v_aa14318968934ce72fb1,a zebra bending down to drink water from a river,hybrid_zero,start,0.973966121673584,0.9729641079902649,0.7837568521499634,0.9643047451972961,0.8656508326530457,0.09865391254425049,0.0010020136833190918,0.1902092695236206,False,False,completed,True
v_ad2f0d6ec69f9ff90382,a zebra taking a peaceful walk,hybrid_zero,start,0.9869072437286377,0.985538899898529,0.8060916066169739,0.9837861657142639,0.9170989394187927,0.06668722629547119,0.0013683438301086426,0.18081563711166382,False,False,completed,True
v_b2657298416595015a2b,a zebra running to join a herd of its kind,hybrid_zero,start,0.9221466779708862,0.9219837784767151,0.7979485988616943,0.8821325302124023,0.8098487854003906,0.07228374481201172,0.00016289949417114258,0.1241980791091919,False,False,completed,True
v_bc950a10e74a0a5447f1,a zebra bending down to drink water from a river,hybrid_zero,start,0.9756776690483093,0.9763115644454956,0.7904379963874817,0.9725489616394043,0.8805453181266785,0.09200364351272583,0.0006338953971862793,0.18523967266082764,False,False,completed,True
v_bf4b3df29a9616bf26ae,a truck turning a corner,hybrid_zero,start,0.9515529870986938,0.9515179395675659,0.8352631330490112,0.8850948214530945,0.7442750930786133,0.1408197283744812,3.504753112792969e-05,0.11628985404968262,False,True,completed,True
v_c41543fe72d2e5493d15,a truck slowing down to stop,hybrid_zero,start,0.9834082722663879,0.9817558526992798,0.8812207579612732,0.9530027508735657,0.9071909189224243,0.04581183195114136,0.0016524195671081543,0.10218751430511475,False,False,completed,True
v_c424c7aceaf2046394ad,a cow running to join a herd of its kind,hybrid_zero,start,0.9763944745063782,0.9756922721862793,0.8555437326431274,0.9669449329376221,0.8107388019561768,0.1562061309814453,0.000702202320098877,0.12085074186325073,False,True,completed,True
v_c4de504a244d437ac3ad,a zebra bending down to drink water from a river,hybrid_zero,start,0.9940760135650635,0.991242527961731,0.7884938716888428,0.994841992855072,0.9200426936149597,0.0747992992401123,0.0028334856033325195,0.2055821418762207,False,False,completed,True
v_cdab6ebfbdf88aa1365e,an elephant running to join a herd of its kind,hybrid_zero,start,0.9607254266738892,0.9608942270278931,0.7888737320899963,0.9530994296073914,0.8548263907432556,0.09827303886413574,0.00016880035400390625,0.17185169458389282,False,False,completed,True
v_d111e2d8975fa9b850b3,a zebra taking a peaceful walk,hybrid_zero,start,0.9483411908149719,0.9042131900787354,0.8326053619384766,0.9036860466003418,0.8236051797866821,0.08008086681365967,0.04412800073623657,0.11573582887649536,False,False,completed,True
v_d51186bcfc23e2a780ab,a truck slowing down to stop,hybrid_zero,start,0.9643544554710388,0.9822658896446228,0.8273112177848816,0.9112410545349121,0.8714932799339294,0.039747774600982666,0.017911434173583984,0.13704323768615723,False,False,completed,True
v_d86a4852b9a610b4e2ac,a motorcycle accelerating to gain speed,hybrid_zero,start,0.9552143812179565,0.9549835920333862,0.8445371985435486,0.8991079330444336,0.8051381707191467,0.09396976232528687,0.0002307891845703125,0.11067718267440796,False,False,completed,True
v_e7e6381187b3421f31f4,a zebra taking a peaceful walk,hybrid_zero,start,0.9758050441741943,0.9737548828125,0.8032503128051758,0.9502309560775757,0.9104286432266235,0.03980231285095215,0.002050161361694336,0.17255473136901855,False,False,completed,True
v_e84cd21f77767e064452,an elephant running to join a herd of its kind,hybrid_zero,start,0.8868926167488098,0.8879293203353882,0.8526197075843811,0.9618316292762756,0.8043679594993591,0.1574636697769165,0.0010367035865783691,0.03427290916442871,False,True,completed,True
v_f762ed821ba1fba906af,a zebra bending down to drink water from a river,hybrid_zero,start,0.9867092370986938,0.9773361682891846,0.8131700158119202,0.9777792096138,0.9088538885116577,0.06892532110214233,0.009373068809509277,0.17353922128677368,False,False,completed,True
v_f993f14cdb34fb8383ef,a zebra bending down to drink water from a river,hybrid_zero,start,0.9814218878746033,0.9781326651573181,0.8076104521751404,0.9786093235015869,0.8957720398902893,0.08283728361129761,0.0032892227172851562,0.1738114356994629,False,False,completed,True
v_fb03b6a21df9c0a51627,a cow running to join a herd of its kind,hybrid_zero,start,0.9514460563659668,0.9501078128814697,0.8249584436416626,0.9386007189750671,0.8674851059913635,0.07111561298370361,0.0013382434844970703,0.1264876127243042,False,False,completed,True
v_fc9b39a4b047b2db243c,an elephant spraying itself with water using its trunk to cool down,hybrid_zero,start,0.9950287342071533,0.9875890016555786,0.7926084399223328,0.9937685132026672,0.9498541951179504,0.0439143180847168,0.007439732551574707,0.20242029428482056,False,False,completed,True
v_fef8070abcd8dcd3af47,a zebra taking a peaceful walk,hybrid_zero,start,0.9282910823822021,0.9052588939666748,0.8455345034599304,0.8663416504859924,0.7383865118026733,0.1279551386833191,0.023032188415527344,0.08275657892227173,False,False,completed,True
v_075ccc862d1b2d4936f0,an elephant running to join a herd of its kind,hybrid_exclude,start,0.9630889296531677,0.9625487327575684,0.8240401744842529,0.9417819976806641,0.8932369947433472,0.048545002937316895,0.0005401968955993652,0.1390487551689148,False,False,completed,True
v_0925f4496cf55ade8e5d,an elephant spraying itself with water using its trunk to cool down,hybrid_exclude,start,0.98935467004776,0.9890267848968506,0.7995463609695435,0.9881947040557861,0.9490744471549988,0.039120256900787354,0.00032788515090942383,0.18980830907821655,False,False,completed,True
v_0a1a6db568841167f9e8,a truck turning a corner,hybrid_exclude,start,0.8892853260040283,0.8846510648727417,0.7035820484161377,0.8972001075744629,0.7116873860359192,0.1855127215385437,0.004634261131286621,0.18570327758789062,False,True,completed,True
v_10d250e1b4b4a6ec0a82,a cow running to join a herd of its kind,hybrid_exclude,start,0.9591885805130005,0.9432221055030823,0.8623783588409424,0.9442958235740662,0.8067334294319153,0.13756239414215088,0.015966475009918213,0.0968102216720581,False,False,completed,True
v_125269dc5fc640751fa4,a zebra running to join a herd of its kind,hybrid_exclude,start,0.9697616100311279,0.9688010215759277,0.8064233660697937,0.9459475874900818,0.863007664680481,0.08293992280960083,0.0009605884552001953,0.16333824396133423,False,False,completed,True
v_13502c1b9c959957b46a,a zebra taking a peaceful walk,hybrid_exclude,start,0.9967139363288879,0.9930904507637024,0.8263733386993408,0.997106671333313,0.9290491342544556,0.06805753707885742,0.003623485565185547,0.17034059762954712,False,False,completed,True
v_1814b4d5b25ffa156aa6,an elephant running to join a herd of its kind,hybrid_exclude,start,0.9690490961074829,0.9672452211380005,0.8394198417663574,0.9329218864440918,0.8717503547668457,0.061171531677246094,0.0018038749694824219,0.1296292543411255,False,False,completed,True
v_22506cf5d5a1e6088fc8,a truck slowing down to stop,hybrid_exclude,start,0.8691954612731934,0.8241994380950928,0.8330424427986145,0.7584022879600525,0.5946659445762634,0.16373634338378906,0.044996023178100586,0.03615301847457886,False,False,completed,True
v_2ac6cf025d5e88563949,a zebra running to join a herd of its kind,hybrid_exclude,start,0.9500249624252319,0.9490681886672974,0.7948362231254578,0.9185127019882202,0.8605685234069824,0.05794417858123779,0.0009567737579345703,0.15518873929977417,False,False,completed,True
v_2fbefa11a17758f1cd8f,a zebra taking a peaceful walk,hybrid_exclude,start,0.9445307850837708,0.9372715950012207,0.8534499406814575,0.9212554693222046,0.767675518989563,0.1535799503326416,0.007259190082550049,0.09108084440231323,False,True,completed,True
v_304f65b790cd089803d4,a zebra bending down to drink water from a river,hybrid_exclude,start,0.9545856714248657,0.9433712959289551,0.770531415939331,0.9624999761581421,0.8197110295295715,0.14278894662857056,0.011214375495910645,0.18405425548553467,False,False,completed,True
v_34025bb5b4d01c898f92,a motorcycle accelerating to gain speed,hybrid_exclude,start,0.9564681053161621,0.9555155634880066,0.858763575553894,0.9416208267211914,0.8757214546203613,0.06589937210083008,0.0009525418281555176,0.09770452976226807,False,False,completed,True
v_355010ce10f66a681b88,a truck turning a corner,hybrid_exclude,start,0.9635376334190369,0.9517265558242798,0.8181135058403015,0.9169105887413025,0.8206220865249634,0.09628850221633911,0.01181107759475708,0.14542412757873535,False,False,completed,True
v_35d320b87cf1354b75ab,a zebra running to join a herd of its kind,hybrid_exclude,start,0.9588550925254822,0.9577028155326843,0.7710291743278503,0.9490302205085754,0.8494598865509033,0.09957033395767212,0.0011522769927978516,0.18782591819763184,False,False,completed,True
v_38ae4c230155beb1b259,a zebra taking a peaceful walk,hybrid_exclude,start,0.9856873154640198,0.9833280444145203,0.8294917345046997,0.98517906665802,0.9297595024108887,0.05541956424713135,0.0023592710494995117,0.15619558095932007,False,False,completed,True
v_3b6ddfc07cc98fcf9fa0,an elephant running to join a herd of its kind,hybrid_exclude,start,0.9880058169364929,0.9875212907791138,0.8406468629837036,0.9849029779434204,0.9514684081077576,0.03343456983566284,0.0004845261573791504,0.1473589539527893,False,False,completed,True
v_427171327cff517973ed,a zebra bending down to drink water from a river,hybrid_exclude,start,0.9852167367935181,0.9839049577713013,0.8205385208129883,0.9767624139785767,0.915226936340332,0.06153547763824463,0.0013117790222167969,0.16467821598052979,False,False,completed,True
v_4719caef96c8df794757,an elephant running to join a herd of its kind,hybrid_exclude,start,0.9782639741897583,0.9779982566833496,0.8235694169998169,0.969979465007782,0.9184213876724243,0.051558077335357666,0.0002657175064086914,0.1546945571899414,False,False,completed,True
v_4d76a76426a219a5f1bb,a zebra bending down to drink water from a river,hybrid_exclude,start,0.9782224893569946,0.9762777090072632,0.8040040135383606,0.9762669801712036,0.9248760938644409,0.051390886306762695,0.0019447803497314453,0.17421847581863403,False,False,completed,True
v_4e7cf3a0868b1b118f55,a zebra running to join a herd of its kind,hybrid_exclude,start,0.9522103071212769,0.9503936171531677,0.8299142718315125,0.9482232928276062,0.8828932642936707,0.06533002853393555,0.0018166899681091309,0.1222960352897644,False,False,completed,True
v_4f8abc7bb931501fb862,a truck slowing down to stop,hybrid_exclude,start,0.9940704703330994,0.8686643242835999,0.9743497967720032,0.9710509777069092,0.73086017370224,0.2401908040046692,0.1254061460494995,0.01972067356109619,False,False,completed,False
v_4ff816e35ca1960d8058,an elephant running to join a herd of its kind,hybrid_exclude,start,0.9646567702293396,0.9646967053413391,0.8071439266204834,0.9487122297286987,0.8709574937820435,0.07775473594665527,3.993511199951172e-05,0.1575128436088562,False,False,completed,True
v_50b265d3f9ccf281a518,an elephant spraying itself with water using its trunk to cool down,hybrid_exclude,start,0.9901018142700195,0.981290876865387,0.8189458847045898,0.9922862648963928,0.9563817977905273,0.03590446710586548,0.008810937404632568,0.1711559295654297,False,False,completed,True
v_53b3d43654788945925c,a zebra running to join a herd of its kind,hybrid_exclude,start,0.972172737121582,0.9690646529197693,0.8049055933952332,0.9581042528152466,0.8623304963111877,0.09577375650405884,0.003108084201812744,0.16726714372634888,False,False,completed,True
v_55a4f07d56cda7470760,an elephant running to join a herd of its kind,hybrid_exclude,start,0.9789860844612122,0.9784016013145447,0.8431116938591003,0.9713909029960632,0.9434090256690979,0.027981877326965332,0.0005844831466674805,0.13587439060211182,False,False,completed,True
v_6015d56a898aa0948639,a zebra bending down to drink water from a river,hybrid_exclude,start,0.9817591905593872,0.9567474722862244,0.8873933553695679,0.9774531722068787,0.8067880868911743,0.17066508531570435,0.025011718273162842,0.09436583518981934,False,False,completed,True
v_67c0894760111d0087b6,a motorcycle accelerating to gain speed,hybrid_exclude,start,0.92059326171875,0.8780192136764526,0.8512442708015442,0.7869536280632019,0.678907036781311,0.10804659128189087,0.04257404804229736,0.06934899091720581,False,False,completed,True
v_6bee77846ce628e11d94,an elephant spraying itself with water using its trunk to cool down,hybrid_exclude,start,0.9835841059684753,0.9760249853134155,0.8108171224594116,0.9801599383354187,0.9309580326080322,0.049201905727386475,0.0075591206550598145,0.17276698350906372,False,False,completed,True
v_6d2af08e0301e767c719,a cow running to join a herd of its kind,hybrid_exclude,start,0.9381388425827026,0.9346640110015869,0.8209599256515503,0.871242880821228,0.7083876729011536,0.16285520792007446,0.0034748315811157227,0.11717891693115234,False,True,completed,True
v_6ee4476dec8615e1535f,a zebra bending down to drink water from a river,hybrid_exclude,start,0.9657285213470459,0.9659106135368347,0.8545940518379211,0.964434027671814,0.8695021867752075,0.09493184089660645,0.00018209218978881836,0.11113446950912476,False,False,completed,True
v_74d5bd9982ed49689599,a truck turning a corner,hybrid_exclude,start,0.9701874256134033,0.9705944061279297,0.8287999629974365,0.9252806901931763,0.8334928154945374,0.09178787469863892,0.0004069805145263672,0.1413874626159668,False,False,completed,True
v_795022cc03907dc7489e,an elephant spraying itself with water using its trunk to cool down,hybrid_exclude,start,0.9523473978042603,0.9489977359771729,0.8666879534721375,0.9006173610687256,0.7817234396934509,0.11889392137527466,0.0033496618270874023,0.0856594443321228,False,True,completed,True
v_7959de66f76bf5fc41d9,a zebra bending down to drink water from a river,hybrid_exclude,start,0.9828632473945618,0.9830207228660583,0.8277148604393005,0.9712667465209961,0.9074462652206421,0.063820481300354,0.00015747547149658203,0.15514838695526123,False,False,completed,True
v_82dc1689fd289adcc0d2,a zebra taking a peaceful walk,hybrid_exclude,start,0.9778921008110046,0.976453959941864,0.7943407297134399,0.9754855632781982,0.9190781116485596,0.05640745162963867,0.001438140869140625,0.1835513710975647,False,False,completed,True
v_88720509dffa7aea9e30,a zebra bending down to drink water from a river,hybrid_exclude,start,0.9738063216209412,0.9743157029151917,0.8400044441223145,0.9799759387969971,0.9114131927490234,0.06856274604797363,0.0005093812942504883,0.1338018774986267,False,False,completed,True
v_8887acf562b32cc84023,a zebra bending down to drink water from a river,hybrid_exclude,start,0.9334750771522522,0.902740478515625,0.9209463000297546,0.9226030707359314,0.5928455591201782,0.3297575116157532,0.030734598636627197,0.012528777122497559,False,False,completed,True
v_8dca194984971f0a1124,a truck turning a corner,hybrid_exclude,start,0.9337459802627563,0.935077965259552,0.8314752578735352,0.8681207299232483,0.7794278264045715,0.08869290351867676,0.0013319849967956543,0.10227072238922119,False,False,completed,True
v_8e6a21dfeb7a106dae22,a zebra taking a peaceful walk,hybrid_exclude,start,0.9760703444480896,0.9641224145889282,0.8858997821807861,0.9702401757240295,0.9063626527786255,0.06387752294540405,0.011947929859161377,0.09017056226730347,False,False,completed,True
v_a18cdea6bd26987ddbc4,a cow running to join a herd of its kind,hybrid_exclude,start,0.9762948155403137,0.9745755195617676,0.83845055103302,0.9539317488670349,0.8778938055038452,0.0760379433631897,0.0017192959785461426,0.1378442645072937,False,False,completed,True
v_a3b6d576bc5c5ef3517f,a zebra running to join a herd of its kind,hybrid_exclude,start,0.9438295960426331,0.9446007013320923,0.8454663753509521,0.9383728504180908,0.8830835819244385,0.055289268493652344,0.0007711052894592285,0.09836322069168091,False,False,completed,True
v_a522928f33a3f29c463c,a truck slowing down to stop,hybrid_exclude,start,0.9893493056297302,0.9869624376296997,0.8210747241973877,0.9741533398628235,0.8917540907859802,0.08239924907684326,0.0023868680000305176,0.16827458143234253,False,False,completed,True
v_a5b4d7c4b2a095c9e6cc,an elephant running to join a herd of its kind,hybrid_exclude,start,0.9817762970924377,0.9733368158340454,0.8400131464004517,0.9782154560089111,0.9361703991889954,0.04204505681991577,0.008439481258392334,0.14176315069198608,False,False,completed,True
v_aa14318968934ce72fb1,a zebra bending down to drink water from a river,hybrid_exclude,start,0.973966121673584,0.9729641079902649,0.7837568521499634,0.9643047451972961,0.8656508326530457,0.09865391254425049,0.0010020136833190918,0.1902092695236206,False,False,completed,True
v_ad2f0d6ec69f9ff90382,a zebra taking a peaceful walk,hybrid_exclude,start,0.9869072437286377,0.985538899898529,0.8060916066169739,0.9837861657142639,0.9170989394187927,0.06668722629547119,0.0013683438301086426,0.18081563711166382,False,False,completed,True
v_b2657298416595015a2b,a zebra running to join a herd of its kind,hybrid_exclude,start,0.9221466779708862,0.9219837784767151,0.7979485988616943,0.8821325302124023,0.8098487854003906,0.07228374481201172,0.00016289949417114258,0.1241980791091919,False,False,completed,True
v_bc950a10e74a0a5447f1,a zebra bending down to drink water from a river,hybrid_exclude,start,0.9756776690483093,0.9763115644454956,0.7904379963874817,0.9725489616394043,0.8805453181266785,0.09200364351272583,0.0006338953971862793,0.18523967266082764,False,False,completed,True
v_bf4b3df29a9616bf26ae,a truck turning a corner,hybrid_exclude,start,0.9515529870986938,0.9515179395675659,0.8352631330490112,0.8850948214530945,0.7442750930786133,0.1408197283744812,3.504753112792969e-05,0.11628985404968262,False,True,completed,True
v_c41543fe72d2e5493d15,a truck slowing down to stop,hybrid_exclude,start,0.9834082722663879,0.9817558526992798,0.8812207579612732,0.9530027508735657,0.9071909189224243,0.04581183195114136,0.0016524195671081543,0.10218751430511475,False,False,completed,True
v_c424c7aceaf2046394ad,a cow running to join a herd of its kind,hybrid_exclude,start,0.9763944745063782,0.9756922721862793,0.8555437326431274,0.9669449329376221,0.8107388019561768,0.1562061309814453,0.000702202320098877,0.12085074186325073,False,True,completed,True
v_c4de504a244d437ac3ad,a zebra bending down to drink water from a river,hybrid_exclude,start,0.9940760135650635,0.991242527961731,0.7884938716888428,0.994841992855072,0.9200426936149597,0.0747992992401123,0.0028334856033325195,0.2055821418762207,False,False,completed,True
v_cdab6ebfbdf88aa1365e,an elephant running to join a herd of its kind,hybrid_exclude,start,0.9607254266738892,0.9608942270278931,0.7888737320899963,0.9530994296073914,0.8548263907432556,0.09827303886413574,0.00016880035400390625,0.17185169458389282,False,False,completed,True
v_d111e2d8975fa9b850b3,a zebra taking a peaceful walk,hybrid_exclude,start,0.9483411908149719,0.9042131900787354,0.8326053619384766,0.9036860466003418,0.8236051797866821,0.08008086681365967,0.04412800073623657,0.11573582887649536,False,False,completed,True
v_d51186bcfc23e2a780ab,a truck slowing down to stop,hybrid_exclude,start,0.9643544554710388,0.9822658896446228,0.8273112177848816,0.9112410545349121,0.8714932799339294,0.039747774600982666,0.017911434173583984,0.13704323768615723,False,False,completed,True
v_d86a4852b9a610b4e2ac,a motorcycle accelerating to gain speed,hybrid_exclude,start,0.9552143812179565,0.9549835920333862,0.8445371985435486,0.8991079330444336,0.8051381707191467,0.09396976232528687,0.0002307891845703125,0.11067718267440796,False,False,completed,True
v_e7e6381187b3421f31f4,a zebra taking a peaceful walk,hybrid_exclude,start,0.9758050441741943,0.9737548828125,0.8032503128051758,0.9502309560775757,0.9104286432266235,0.03980231285095215,0.002050161361694336,0.17255473136901855,False,False,completed,True
v_e84cd21f77767e064452,an elephant running to join a herd of its kind,hybrid_exclude,start,0.8868926167488098,0.8879293203353882,0.8526197075843811,0.9618316292762756,0.8043679594993591,0.1574636697769165,0.0010367035865783691,0.03427290916442871,False,True,completed,True
v_f762ed821ba1fba906af,a zebra bending down to drink water from a river,hybrid_exclude,start,0.9867092370986938,0.9773361682891846,0.8131700158119202,0.9777792096138,0.9088538885116577,0.06892532110214233,0.009373068809509277,0.17353922128677368,False,False,completed,True
v_f993f14cdb34fb8383ef,a zebra bending down to drink water from a river,hybrid_exclude,start,0.9814218878746033,0.9781326651573181,0.8076104521751404,0.9786093235015869,0.8957720398902893,0.08283728361129761,0.0032892227172851562,0.1738114356994629,False,False,completed,True
v_fb03b6a21df9c0a51627,a cow running to join a herd of its kind,hybrid_exclude,start,0.9514460563659668,0.9501078128814697,0.8249584436416626,0.9386007189750671,0.8674851059913635,0.07111561298370361,0.0013382434844970703,0.1264876127243042,False,False,completed,True
v_fc9b39a4b047b2db243c,an elephant spraying itself with water using its trunk to cool down,hybrid_exclude,start,0.9950287342071533,0.9875890016555786,0.7926084399223328,0.9937685132026672,0.9498541951179504,0.0439143180847168,0.007439732551574707,0.20242029428482056,False,False,completed,True
v_fef8070abcd8dcd3af47,a zebra taking a peaceful walk,hybrid_exclude,start,0.9282910823822021,0.9052588939666748,0.8455345034599304,0.8663416504859924,0.7383865118026733,0.1279551386833191,0.023032188415527344,0.08275657892227173,False,False,completed,True
v_075ccc862d1b2d4936f0,an elephant running to join a herd of its kind,direct_zero,middle,0.9630889296531677,0.9630377888679504,0.823179304599762,0.9417819976806641,0.9140288233757019,0.027753174304962158,5.1140785217285156e-05,0.13990962505340576,False,False,completed,True
v_0925f4496cf55ade8e5d,an elephant spraying itself with water using its trunk to cool down,direct_zero,middle,0.98935467004776,0.9864444136619568,0.5438609719276428,0.9881947040557861,0.9685530662536621,0.019641637802124023,0.0029102563858032227,0.4454936981201172,False,False,completed,True
v_0a1a6db568841167f9e8,a truck turning a corner,direct_zero,middle,0.7832257747650146,0.7811473608016968,0.4168933033943176,0.8972001075744629,0.8008300065994263,0.09637010097503662,0.002078413963317871,0.366332471370697,False,False,completed,True
v_10d250e1b4b4a6ec0a82,a cow running to join a herd of its kind,direct_zero,middle,0.9591885805130005,0.9385865926742554,0.8933707475662231,0.9442958235740662,0.865019679069519,0.07927614450454712,0.020601987838745117,0.06581783294677734,False,False,completed,True
v_125269dc5fc640751fa4,a zebra running to join a herd of its kind,direct_zero,middle,0.9697616100311279,0.9687244296073914,0.5322958827018738,0.9459475874900818,0.9079357385635376,0.03801184892654419,0.0010371804237365723,0.43746572732925415,False,False,completed,True
v_13502c1b9c959957b46a,a zebra taking a peaceful walk,direct_zero,middle,0.9967139363288879,0.9926178455352783,0.548169732093811,0.997106671333313,0.9645020961761475,0.03260457515716553,0.004096090793609619,0.4485442042350769,False,False,completed,True
v_1814b4d5b25ffa156aa6,an elephant running to join a herd of its kind,direct_zero,middle,0.9690490961074829,0.9667819738388062,0.7043025493621826,0.9329218864440918,0.913300633430481,0.01962125301361084,0.002267122268676758,0.2647465467453003,False,False,completed,True
v_22506cf5d5a1e6088fc8,a truck slowing down to stop,direct_zero,middle,0.8691954612731934,0.561327338218689,0.7514557242393494,0.7584022879600525,0.6614886522293091,0.09691363573074341,0.3078681230545044,0.117739737033844,False,False,completed,True
v_2ac6cf025d5e88563949,a zebra running to join a herd of its kind,direct_zero,middle,0.9500249624252319,0.9488469958305359,0.5239045023918152,0.9185127019882202,0.8850189447402954,0.033493757247924805,0.001177966594696045,0.42612046003341675,False,False,completed,True
v_2fbefa11a17758f1cd8f,a zebra taking a peaceful walk,direct_zero,middle,0.9445307850837708,0.9415240287780762,0.6735617518424988,0.9212554693222046,0.8604657649993896,0.06078970432281494,0.00300675630569458,0.270969033241272,False,False,completed,True
v_304f65b790cd089803d4,a zebra bending down to drink water from a river,direct_zero,middle,0.9545856714248657,0.9437269568443298,0.5231435298919678,0.9624999761581421,0.8912839293479919,0.07121604681015015,0.010858714580535889,0.43144214153289795,False,False,completed,True
v_34025bb5b4d01c898f92,a motorcycle accelerating to gain speed,direct_zero,middle,0.9564681053161621,0.9532914757728577,0.5425961017608643,0.9416208267211914,0.9165962934494019,0.02502453327178955,0.0031766295433044434,0.41387200355529785,False,False,completed,True
v_355010ce10f66a681b88,a truck turning a corner,direct_zero,middle,0.9635376334190369,0.9586005210876465,0.5286144018173218,0.9169105887413025,0.8887792229652405,0.02813136577606201,0.004937112331390381,0.4349232316017151,False,False,completed,True
v_35d320b87cf1354b75ab,a zebra running to join a herd of its kind,direct_zero,middle,0.9588550925254822,0.9590761065483093,0.5310264825820923,0.9490302205085754,0.9035646319389343,0.04546558856964111,0.00022101402282714844,0.4278286099433899,False,False,completed,True
v_38ae4c230155beb1b259,a zebra taking a peaceful walk,direct_zero,middle,0.9856873154640198,0.9851394295692444,0.5420722365379333,0.98517906665802,0.9593439698219299,0.025835096836090088,0.0005478858947753906,0.4436150789260864,False,False,completed,True
v_3b6ddfc07cc98fcf9fa0,an elephant running to join a herd of its kind,direct_zero,middle,0.9880058169364929,0.9878173470497131,0.8179134726524353,0.9849029779434204,0.969363808631897,0.015539169311523438,0.00018846988677978516,0.17009234428405762,False,False,completed,True
v_427171327cff517973ed,a zebra bending down to drink water from a river,direct_zero,middle,0.9852167367935181,0.9838477373123169,0.5410616993904114,0.9767624139785767,0.9447089433670044,0.032053470611572266,0.0013689994812011719,0.4441550374031067,False,False,completed,True
v_4719caef96c8df794757,an elephant running to join a herd of its kind,direct_zero,middle,0.9782639741897583,0.9785446524620056,0.6719542741775513,0.969979465007782,0.9495276808738708,0.020451784133911133,0.00028067827224731445,0.30630970001220703,False,False,completed,True
v_4d76a76426a219a5f1bb,a zebra bending down to drink water from a river,direct_zero,middle,0.9782224893569946,0.9775148034095764,0.5563910603523254,0.9762669801712036,0.9544076919555664,0.021859288215637207,0.0007076859474182129,0.4218314290046692,False,False,completed,True
v_4e7cf3a0868b1b118f55,a zebra running to join a herd of its kind,direct_zero,middle,0.9522103071212769,0.9504902362823486,0.6822292804718018,0.9482232928276062,0.9188237190246582,0.029399573802947998,0.0017200708389282227,0.2699810266494751,False,False,completed,True
v_4f8abc7bb931501fb862,a truck slowing down to stop,direct_zero,middle,0.9940704703330994,0.6998669505119324,0.9758244156837463,0.9710509777069092,0.8946419954299927,0.0764089822769165,0.294203519821167,0.018246054649353027,False,False,completed,False
v_4ff816e35ca1960d8058,an elephant running to join a herd of its kind,direct_zero,middle,0.9646567702293396,0.9649330377578735,0.8238860964775085,0.9487122297286987,0.9142565131187439,0.034455716609954834,0.00027626752853393555,0.14077067375183105,False,False,completed,True
v_50b265d3f9ccf281a518,an elephant spraying itself with water using its trunk to cool down,direct_zero,middle,0.9901018142700195,0.9827648401260376,0.8231878876686096,0.9922862648963928,0.9756242632865906,0.016662001609802246,0.007336974143981934,0.1669139266014099,False,False,completed,True
v_53b3d43654788945925c,a zebra running to join a herd of its kind,direct_zero,middle,0.972172737121582,0.9682216048240662,0.5341596603393555,0.9581042528152466,0.9138522148132324,0.04425203800201416,0.003951132297515869,0.43801307678222656,False,False,completed,True
v_55a4f07d56cda7470760,an elephant running to join a herd of its kind,direct_zero,middle,0.9789860844612122,0.9780765771865845,0.591987669467926,0.9713909029960632,0.9518958330154419,0.019495069980621338,0.0009095072746276855,0.38699841499328613,False,False,completed,True
v_6015d56a898aa0948639,a zebra bending down to drink water from a river,direct_zero,middle,0.9817591905593872,0.91739821434021,0.6474487781524658,0.9774531722068787,0.9317776560783386,0.04567551612854004,0.06436097621917725,0.3343104124069214,False,False,completed,True
v_67c0894760111d0087b6,a motorcycle accelerating to gain speed,direct_zero,middle,0.92059326171875,0.9197953939437866,0.5040352940559387,0.7869536280632019,0.754906415939331,0.03204721212387085,0.0007978677749633789,0.4165579676628113,False,False,completed,True
v_6bee77846ce628e11d94,an elephant spraying itself with water using its trunk to cool down,direct_zero,middle,0.9835841059684753,0.9121156930923462,0.6356468200683594,0.9801599383354187,0.9450011849403381,0.035158753395080566,0.07146841287612915,0.34793728590011597,False,False,completed,True
v_6d2af08e0301e767c719,a cow running to join a herd of its kind,direct_zero,middle,0.9381388425827026,0.9374416470527649,0.6528652310371399,0.871242880821228,0.8005218505859375,0.07072103023529053,0.0006971955299377441,0.28527361154556274,False,False,completed,True
v_6ee4476dec8615e1535f,a zebra bending down to drink water from a river,direct_zero,middle,0.9657285213470459,0.9656113982200623,0.5478355288505554,0.964434027671814,0.9291996359825134,0.03523439168930054,0.00011712312698364258,0.4178929924964905,False,False,completed,True
v_74d5bd9982ed49689599,a truck turning a corner,direct_zero,middle,0.9701874256134033,0.97035813331604,0.5328681468963623,0.9252806901931763,0.8715117573738098,0.053768932819366455,0.00017070770263671875,0.437319278717041,False,False,completed,True
v_795022cc03907dc7489e,an elephant spraying itself with water using its trunk to cool down,direct_zero,middle,0.24734899401664734,0.21914589405059814,0.12070617079734802,0.9006173610687256,0.861505389213562,0.039111971855163574,0.028203099966049194,0.12664282321929932,False,False,completed,True
v_7959de66f76bf5fc41d9,a zebra bending down to drink water from a river,direct_zero,middle,0.9828632473945618,0.9828258156776428,0.5588856935501099,0.9712667465209961,0.9489390254020691,0.022327721118927002,3.743171691894531e-05,0.4239775538444519,False,False,completed,True
v_82dc1689fd289adcc0d2,a zebra taking a peaceful walk,direct_zero,middle,0.9778921008110046,0.9776735901832581,0.5371137261390686,0.9754855632781982,0.9515337347984314,0.023951828479766846,0.00021851062774658203,0.44077837467193604,False,False,completed,True
v_88720509dffa7aea9e30,a zebra bending down to drink water from a river,direct_zero,middle,0.9738063216209412,0.9729083180427551,0.5350083708763123,0.9799759387969971,0.9465768933296204,0.03339904546737671,0.0008980035781860352,0.4387979507446289,False,False,completed,True
v_8887acf562b32cc84023,a zebra bending down to drink water from a river,direct_zero,middle,0.9334750771522522,0.9084569811820984,0.8086816668510437,0.9226030707359314,0.8220116496086121,0.10059142112731934,0.02501809597015381,0.1247934103012085,False,False,completed,True
v_8dca194984971f0a1124,a truck turning a corner,direct_zero,middle,0.9337459802627563,0.9212742447853088,0.5093067288398743,0.8681207299232483,0.8334267139434814,0.034694015979766846,0.01247173547744751,0.4244392514228821,False,False,completed,True
v_8e6a21dfeb7a106dae22,a zebra taking a peaceful walk,direct_zero,middle,0.9760703444480896,0.9602091312408447,0.8814687132835388,0.9702401757240295,0.9463849067687988,0.023855268955230713,0.015861213207244873,0.09460163116455078,False,False,completed,True
v_a18cdea6bd26987ddbc4,a cow running to join a herd of its kind,direct_zero,middle,0.8598477840423584,0.8569225072860718,0.46766138076782227,0.9539317488670349,0.9275991320610046,0.026332616806030273,0.002925276756286621,0.39218640327453613,False,False,completed,True
v_a3b6d576bc5c5ef3517f,a zebra running to join a herd of its kind,direct_zero,middle,0.9438295960426331,0.9419860243797302,0.5888014435768127,0.9383728504180908,0.9173771142959595,0.020995736122131348,0.001843571662902832,0.3550281524658203,False,False,completed,True
v_a522928f33a3f29c463c,a truck slowing down to stop,direct_zero,middle,0.9893493056297302,0.9864276051521301,0.543546199798584,0.9741533398628235,0.9416351914405823,0.03251814842224121,0.0029217004776000977,0.44580310583114624,False,False,completed,True
v_a5b4d7c4b2a095c9e6cc,an elephant running to join a herd of its kind,direct_zero,middle,0.9817762970924377,0.9731727838516235,0.7582727074623108,0.9782154560089111,0.9611396193504333,0.017075836658477783,0.008603513240814209,0.22350358963012695,False,False,completed,True
v_aa14318968934ce72fb1,a zebra bending down to drink water from a river,direct_zero,middle,0.973966121673584,0.9705953001976013,0.533784031867981,0.9643047451972961,0.9238548874855042,0.04044985771179199,0.003370821475982666,0.440182089805603,False,False,completed,True
v_ad2f0d6ec69f9ff90382,a zebra taking a peaceful walk,direct_zero,middle,0.9869072437286377,0.9843873977661133,0.5426084995269775,0.9837861657142639,0.9497422575950623,0.03404390811920166,0.002519845962524414,0.44429874420166016,False,False,completed,True
v_b2657298416595015a2b,a zebra running to join a herd of its kind,direct_zero,middle,0.9221466779708862,0.9201794266700745,0.5119274854660034,0.8821325302124023,0.8328442573547363,0.049288272857666016,0.0019672513008117676,0.4102191925048828,False,False,completed,True
v_bc950a10e74a0a5447f1,a zebra bending down to drink water from a river,direct_zero,middle,0.9756776690483093,0.9741494655609131,0.536416232585907,0.9725489616394043,0.9222290515899658,0.05031991004943848,0.0015282034873962402,0.43926143646240234,False,False,completed,True
v_bf4b3df29a9616bf26ae,a truck turning a corner,direct_zero,middle,0.9515529870986938,0.9503403306007385,0.5194674730300903,0.8850948214530945,0.8104621171951294,0.07463270425796509,0.0012126564979553223,0.4320855140686035,False,False,completed,True
v_c41543fe72d2e5493d15,a truck slowing down to stop,direct_zero,middle,0.9834082722663879,0.9816261529922485,0.6688908934593201,0.9530027508735657,0.9245668053627014,0.028435945510864258,0.0017821192741394043,0.31451737880706787,False,False,completed,True
v_c424c7aceaf2046394ad,a cow running to join a herd of its kind,direct_zero,middle,0.9763944745063782,0.9750673174858093,0.7653899788856506,0.9669449329376221,0.8912805318832397,0.07566440105438232,0.0013271570205688477,0.21100449562072754,False,False,completed,True
v_c4de504a244d437ac3ad,a zebra bending down to drink water from a river,direct_zero,middle,0.9940760135650635,0.9907386898994446,0.5466642379760742,0.994841992855072,0.9484478235244751,0.046394169330596924,0.0033373236656188965,0.44741177558898926,False,False,completed,True
v_cdab6ebfbdf88aa1365e,an elephant running to join a herd of its kind,direct_zero,middle,0.9607254266738892,0.9608588218688965,0.5300401449203491,0.9530994296073914,0.8998965620994568,0.05320286750793457,0.00013339519500732422,0.43068528175354004,False,False,completed,True
v_d111e2d8975fa9b850b3,a zebra taking a peaceful walk,direct_zero,middle,0.9483411908149719,0.9434996247291565,0.603878915309906,0.9036860466003418,0.8558139801025391,0.047872066497802734,0.00484156608581543,0.3444622755050659,False,False,completed,True
v_d51186bcfc23e2a780ab,a truck slowing down to stop,direct_zero,middle,0.9643544554710388,0.9641427993774414,0.5272865295410156,0.9112410545349121,0.8690798282623291,0.04216122627258301,0.0002116560935974121,0.4370679259300232,False,False,completed,True
v_d86a4852b9a610b4e2ac,a motorcycle accelerating to gain speed,direct_zero,middle,0.9552143812179565,0.9549368023872375,0.5227262377738953,0.8991079330444336,0.8635420799255371,0.035565853118896484,0.00027757883071899414,0.4324881434440613,False,False,completed,True
v_e7e6381187b3421f31f4,a zebra taking a peaceful walk,direct_zero,middle,0.9758050441741943,0.9734775424003601,0.5364276170730591,0.9502309560775757,0.9273167252540588,0.022914230823516846,0.0023275017738342285,0.43937742710113525,False,False,completed,True
v_e84cd21f77767e064452,an elephant running to join a herd of its kind,direct_zero,middle,0.8868926167488098,0.7734752893447876,0.4838143289089203,0.9618316292762756,0.8843272924423218,0.07750433683395386,0.11341732740402222,0.4030782878398895,False,False,completed,True
v_f762ed821ba1fba906af,a zebra bending down to drink water from a river,direct_zero,middle,0.9867092370986938,0.980821430683136,0.5427852272987366,0.9777792096138,0.9419738054275513,0.03580540418624878,0.005887806415557861,0.4439240097999573,False,False,completed,True
v_f993f14cdb34fb8383ef,a zebra bending down to drink water from a river,direct_zero,middle,0.9814218878746033,0.9783793687820435,0.5400670170783997,0.9786093235015869,0.9365712404251099,0.04203808307647705,0.0030425190925598145,0.4413548707962036,False,False,completed,True
v_fb03b6a21df9c0a51627,a cow running to join a herd of its kind,direct_zero,middle,0.9514460563659668,0.941504716873169,0.8388590812683105,0.9386007189750671,0.868751585483551,0.06984913349151611,0.009941339492797852,0.11258697509765625,False,False,completed,True
v_fc9b39a4b047b2db243c,an elephant spraying itself with water using its trunk to cool down,direct_zero,middle,0.9950287342071533,0.9879961013793945,0.7219290733337402,0.9937685132026672,0.9735410809516907,0.020227432250976562,0.007032632827758789,0.2730996608734131,False,False,completed,True
v_fef8070abcd8dcd3af47,a zebra taking a peaceful walk,direct_zero,middle,0.9282910823822021,0.9270473718643188,0.5262413024902344,0.8663416504859924,0.8400176763534546,0.026323974132537842,0.0012437105178833008,0.4020497798919678,False,False,completed,True
v_075ccc862d1b2d4936f0,an elephant running to join a herd of its kind,direct_exclude,middle,0.9630889296531677,0.9630377888679504,0.823179304599762,0.9417819976806641,0.9140288233757019,0.027753174304962158,5.1140785217285156e-05,0.13990962505340576,False,False,completed,True
v_0925f4496cf55ade8e5d,an elephant spraying itself with water using its trunk to cool down,direct_exclude,middle,0.98935467004776,0.9864444136619568,0.9888381361961365,0.9881947040557861,0.9685530662536621,0.019641637802124023,0.0029102563858032227,0.0005165338516235352,False,False,completed,True
v_0a1a6db568841167f9e8,a truck turning a corner,direct_exclude,middle,0.8951151967048645,0.8927398324012756,0.9095854163169861,0.8972001075744629,0.8008300065994263,0.09637010097503662,0.002375364303588867,-0.014470219612121582,False,False,completed,True
v_10d250e1b4b4a6ec0a82,a cow running to join a herd of its kind,direct_exclude,middle,0.9591885805130005,0.9385865926742554,0.8933707475662231,0.9442958235740662,0.865019679069519,0.07927614450454712,0.020601987838745117,0.06581783294677734,False,False,completed,True
v_125269dc5fc640751fa4,a zebra running to join a herd of its kind,direct_exclude,middle,0.9697616100311279,0.9687244296073914,0.9678106904029846,0.9459475874900818,0.9079357385635376,0.03801184892654419,0.0010371804237365723,0.0019509196281433105,False,False,completed,True
v_13502c1b9c959957b46a,a zebra taking a peaceful walk,direct_exclude,middle,0.9967139363288879,0.9926178455352783,0.9966722130775452,0.997106671333313,0.9645020961761475,0.03260457515716553,0.004096090793609619,4.172325134277344e-05,False,False,completed,True
v_1814b4d5b25ffa156aa6,an elephant running to join a herd of its kind,direct_exclude,middle,0.9690490961074829,0.9667819738388062,0.8548774719238281,0.9329218864440918,0.913300633430481,0.01962125301361084,0.002267122268676758,0.11417162418365479,False,False,completed,True
v_22506cf5d5a1e6088fc8,a truck slowing down to stop,direct_exclude,middle,0.8691954612731934,0.8635804653167725,0.8588066101074219,0.7584022879600525,0.6614886522293091,0.09691363573074341,0.0056149959564208984,0.010388851165771484,False,False,completed,True
v_2ac6cf025d5e88563949,a zebra running to join a herd of its kind,direct_exclude,middle,0.9500249624252319,0.9488469958305359,0.9525535702705383,0.9185127019882202,0.8850189447402954,0.033493757247924805,0.001177966594696045,-0.0025286078453063965,False,False,completed,True
v_2fbefa11a17758f1cd8f,a zebra taking a peaceful walk,direct_exclude,middle,0.9445307850837708,0.9415240287780762,0.8882132768630981,0.9212554693222046,0.8604657649993896,0.06078970432281494,0.00300675630569458,0.05631750822067261,False,False,completed,True
v_304f65b790cd089803d4,a zebra bending down to drink water from a river,direct_exclude,middle,0.9545856714248657,0.9437269568443298,0.951170027256012,0.9624999761581421,0.8912839293479919,0.07121604681015015,0.010858714580535889,0.0034156441688537598,False,False,completed,True
v_34025bb5b4d01c898f92,a motorcycle accelerating to gain speed,direct_exclude,middle,0.9564681053161621,0.9532914757728577,0.9549691081047058,0.9416208267211914,0.9165962934494019,0.02502453327178955,0.0031766295433044434,0.0014989972114562988,False,False,completed,True
v_355010ce10f66a681b88,a truck turning a corner,direct_exclude,middle,0.9635376334190369,0.9586005210876465,0.9611170291900635,0.9169105887413025,0.8887792229652405,0.02813136577606201,0.004937112331390381,0.0024206042289733887,False,False,completed,True
v_35d320b87cf1354b75ab,a zebra running to join a herd of its kind,direct_exclude,middle,0.9588550925254822,0.9590761065483093,0.9655026793479919,0.9490302205085754,0.9035646319389343,0.04546558856964111,0.00022101402282714844,-0.006647586822509766,False,False,completed,True
v_38ae4c230155beb1b259,a zebra taking a peaceful walk,direct_exclude,middle,0.9856873154640198,0.9851394295692444,0.9855859279632568,0.98517906665802,0.9593439698219299,0.025835096836090088,0.0005478858947753906,0.00010138750076293945,False,False,completed,True
v_3b6ddfc07cc98fcf9fa0,an elephant running to join a herd of its kind,direct_exclude,middle,0.9880058169364929,0.9878173470497131,0.8179134726524353,0.9849029779434204,0.969363808631897,0.015539169311523438,0.00018846988677978516,0.17009234428405762,False,False,completed,True
v_427171327cff517973ed,a zebra bending down to drink water from a river,direct_exclude,middle,0.9852167367935181,0.9838477373123169,0.9837484955787659,0.9767624139785767,0.9447089433670044,0.032053470611572266,0.0013689994812011719,0.0014682412147521973,False,False,completed,True
v_4719caef96c8df794757,an elephant running to join a herd of its kind,direct_exclude,middle,0.9782639741897583,0.9785446524620056,0.8860934972763062,0.969979465007782,0.9495276808738708,0.020451784133911133,0.00028067827224731445,0.09217047691345215,False,False,completed,True
v_4d76a76426a219a5f1bb,a zebra bending down to drink water from a river,direct_exclude,middle,0.9782224893569946,0.9775148034095764,0.9792484045028687,0.9762669801712036,0.9544076919555664,0.021859288215637207,0.0007076859474182129,-0.0010259151458740234,False,False,completed,True
v_4e7cf3a0868b1b118f55,a zebra running to join a herd of its kind,direct_exclude,middle,0.9522103071212769,0.9504902362823486,0.8996429443359375,0.9482232928276062,0.9188237190246582,0.029399573802947998,0.0017200708389282227,0.052567362785339355,False,False,completed,True
v_4f8abc7bb931501fb862,a truck slowing down to stop,direct_exclude,middle,0.9940704703330994,0.9775918126106262,0.9758244156837463,0.9710509777069092,0.8946419954299927,0.0764089822769165,0.016478657722473145,0.018246054649353027,False,False,completed,False
v_4ff816e35ca1960d8058,an elephant running to join a herd of its kind,direct_exclude,middle,0.9646567702293396,0.9649330377578735,0.8238860964775085,0.9487122297286987,0.9142565131187439,0.034455716609954834,0.00027626752853393555,0.14077067375183105,False,False,completed,True
v_50b265d3f9ccf281a518,an elephant spraying itself with water using its trunk to cool down,direct_exclude,middle,0.9901018142700195,0.9827648401260376,0.8231878876686096,0.9922862648963928,0.9756242632865906,0.016662001609802246,0.007336974143981934,0.1669139266014099,False,False,completed,True
v_53b3d43654788945925c,a zebra running to join a herd of its kind,direct_exclude,middle,0.972172737121582,0.9682216048240662,0.9711992740631104,0.9581042528152466,0.9138522148132324,0.04425203800201416,0.003951132297515869,0.0009734630584716797,False,False,completed,True
v_55a4f07d56cda7470760,an elephant running to join a herd of its kind,direct_exclude,middle,0.9789860844612122,0.9780765771865845,0.9107502102851868,0.9713909029960632,0.9518958330154419,0.019495069980621338,0.0009095072746276855,0.06823587417602539,False,False,completed,True
v_6015d56a898aa0948639,a zebra bending down to drink water from a river,direct_exclude,middle,0.9817591905593872,0.9765850901603699,0.9739398956298828,0.9774531722068787,0.9317776560783386,0.04567551612854004,0.005174100399017334,0.007819294929504395,False,False,completed,True
v_67c0894760111d0087b6,a motorcycle accelerating to gain speed,direct_exclude,middle,0.92059326171875,0.9197953939437866,0.916427731513977,0.7869536280632019,0.754906415939331,0.03204721212387085,0.0007978677749633789,0.004165530204772949,False,False,completed,True
v_6bee77846ce628e11d94,an elephant spraying itself with water using its trunk to cool down,direct_exclude,middle,0.9835841059684753,0.9709618091583252,0.8878875970840454,0.9801599383354187,0.9450011849403381,0.035158753395080566,0.012622296810150146,0.09569650888442993,False,False,completed,True
v_6d2af08e0301e767c719,a cow running to join a herd of its kind,direct_exclude,middle,0.9381388425827026,0.9374416470527649,0.8609212636947632,0.871242880821228,0.8005218505859375,0.07072103023529053,0.0006971955299377441,0.07721757888793945,False,False,completed,True
v_6ee4476dec8615e1535f,a zebra bending down to drink water from a river,direct_exclude,middle,0.9657285213470459,0.9656113982200623,0.9641906023025513,0.964434027671814,0.9291996359825134,0.03523439168930054,0.00011712312698364258,0.001537919044494629,False,False,completed,True
v_74d5bd9982ed49689599,a truck turning a corner,direct_exclude,middle,0.9701874256134033,0.97035813331604,0.9688511490821838,0.9252806901931763,0.8715117573738098,0.053768932819366455,0.00017070770263671875,0.0013362765312194824,False,False,completed,True
v_795022cc03907dc7489e,an elephant spraying itself with water using its trunk to cool down,direct_exclude,middle,0.960296094417572,0.9642419815063477,0.965649425983429,0.9006173610687256,0.861505389213562,0.039111971855163574,0.003945887088775635,-0.005353331565856934,False,False,completed,True
v_7959de66f76bf5fc41d9,a zebra bending down to drink water from a river,direct_exclude,middle,0.9828632473945618,0.9828258156776428,0.9836388230323792,0.9712667465209961,0.9489390254020691,0.022327721118927002,3.743171691894531e-05,-0.0007755756378173828,False,False,completed,True
v_82dc1689fd289adcc0d2,a zebra taking a peaceful walk,direct_exclude,middle,0.9778921008110046,0.9776735901832581,0.9765704870223999,0.9754855632781982,0.9515337347984314,0.023951828479766846,0.00021851062774658203,0.0013216137886047363,False,False,completed,True
v_88720509dffa7aea9e30,a zebra bending down to drink water from a river,direct_exclude,middle,0.9738063216209412,0.9729083180427551,0.97274249792099,0.9799759387969971,0.9465768933296204,0.03339904546737671,0.0008980035781860352,0.0010638236999511719,False,False,completed,True
v_8887acf562b32cc84023,a zebra bending down to drink water from a river,direct_exclude,middle,0.9334750771522522,0.9084569811820984,0.9242075681686401,0.9226030707359314,0.8220116496086121,0.10059142112731934,0.02501809597015381,0.00926750898361206,False,False,completed,True
v_8dca194984971f0a1124,a truck turning a corner,direct_exclude,middle,0.9337459802627563,0.9212742447853088,0.9260120987892151,0.8681207299232483,0.8334267139434814,0.034694015979766846,0.01247173547744751,0.00773388147354126,False,False,completed,True
v_8e6a21dfeb7a106dae22,a zebra taking a peaceful walk,direct_exclude,middle,0.9760703444480896,0.9602091312408447,0.938337504863739,0.9702401757240295,0.9463849067687988,0.023855268955230713,0.015861213207244873,0.037732839584350586,False,False,completed,True
v_a18cdea6bd26987ddbc4,a cow running to join a herd of its kind,direct_exclude,middle,0.9763433337211609,0.9730216860771179,0.9759889841079712,0.9539317488670349,0.9275991320610046,0.026332616806030273,0.0033216476440429688,0.00035434961318969727,False,False,completed,True
v_a3b6d576bc5c5ef3517f,a zebra running to join a herd of its kind,direct_exclude,middle,0.9438295960426331,0.9419860243797302,0.9058483242988586,0.9383728504180908,0.9173771142959595,0.020995736122131348,0.001843571662902832,0.037981271743774414,False,False,completed,True
v_a522928f33a3f29c463c,a truck slowing down to stop,direct_exclude,middle,0.9893493056297302,0.9864276051521301,0.9882658123970032,0.9741533398628235,0.9416351914405823,0.03251814842224121,0.0029217004776000977,0.0010834932327270508,False,False,completed,True
v_a5b4d7c4b2a095c9e6cc,an elephant running to join a herd of its kind,direct_exclude,middle,0.9817762970924377,0.9731727838516235,0.8610064387321472,0.9782154560089111,0.9611396193504333,0.017075836658477783,0.008603513240814209,0.12076985836029053,False,False,completed,True
v_aa14318968934ce72fb1,a zebra bending down to drink water from a river,direct_exclude,middle,0.973966121673584,0.9705953001976013,0.9705163240432739,0.9643047451972961,0.9238548874855042,0.04044985771179199,0.003370821475982666,0.0034497976303100586,False,False,completed,True
v_ad2f0d6ec69f9ff90382,a zebra taking a peaceful walk,direct_exclude,middle,0.9869072437286377,0.9843873977661133,0.9865608215332031,0.9837861657142639,0.9497422575950623,0.03404390811920166,0.002519845962524414,0.0003464221954345703,False,False,completed,True
v_b2657298416595015a2b,a zebra running to join a herd of its kind,direct_exclude,middle,0.9221466779708862,0.9201794266700745,0.9307772517204285,0.8821325302124023,0.8328442573547363,0.049288272857666016,0.0019672513008117676,-0.008630573749542236,False,False,completed,True
v_bc950a10e74a0a5447f1,a zebra bending down to drink water from a river,direct_exclude,middle,0.9756776690483093,0.9741494655609131,0.9753021597862244,0.9725489616394043,0.9222290515899658,0.05031991004943848,0.0015282034873962402,0.00037550926208496094,False,False,completed,True
v_bf4b3df29a9616bf26ae,a truck turning a corner,direct_exclude,middle,0.9515529870986938,0.9503403306007385,0.9444863796234131,0.8850948214530945,0.8104621171951294,0.07463270425796509,0.0012126564979553223,0.007066607475280762,False,False,completed,True
v_c41543fe72d2e5493d15,a truck slowing down to stop,direct_exclude,middle,0.9834082722663879,0.9816261529922485,0.9343236684799194,0.9530027508735657,0.9245668053627014,0.028435945510864258,0.0017821192741394043,0.049084603786468506,False,False,completed,True
v_c424c7aceaf2046394ad,a cow running to join a herd of its kind,direct_exclude,middle,0.9763944745063782,0.9750673174858093,0.8747314214706421,0.9669449329376221,0.8912805318832397,0.07566440105438232,0.0013271570205688477,0.10166305303573608,False,False,completed,True
v_c4de504a244d437ac3ad,a zebra bending down to drink water from a river,direct_exclude,middle,0.9940760135650635,0.9907386898994446,0.9939348697662354,0.994841992855072,0.9484478235244751,0.046394169330596924,0.0033373236656188965,0.000141143798828125,False,False,completed,True
v_cdab6ebfbdf88aa1365e,an elephant running to join a herd of its kind,direct_exclude,middle,0.9607254266738892,0.9608588218688965,0.9637093544006348,0.9530994296073914,0.8998965620994568,0.05320286750793457,0.00013339519500732422,-0.0029839277267456055,False,False,completed,True
v_d111e2d8975fa9b850b3,a zebra taking a peaceful walk,direct_exclude,middle,0.9483411908149719,0.9434996247291565,0.9290444850921631,0.9036860466003418,0.8558139801025391,0.047872066497802734,0.00484156608581543,0.019296705722808838,False,False,completed,True
v_d51186bcfc23e2a780ab,a truck slowing down to stop,direct_exclude,middle,0.9643544554710388,0.9641427993774414,0.958702802658081,0.9112410545349121,0.8690798282623291,0.04216122627258301,0.0002116560935974121,0.005651652812957764,False,False,completed,True
v_d86a4852b9a610b4e2ac,a motorcycle accelerating to gain speed,direct_exclude,middle,0.9552143812179565,0.9549368023872375,0.9504112601280212,0.8991079330444336,0.8635420799255371,0.035565853118896484,0.00027757883071899414,0.004803121089935303,False,False,completed,True
v_e7e6381187b3421f31f4,a zebra taking a peaceful walk,direct_exclude,middle,0.9758050441741943,0.9734775424003601,0.9753228425979614,0.9502309560775757,0.9273167252540588,0.022914230823516846,0.0023275017738342285,0.00048220157623291016,False,False,completed,True
v_e84cd21f77767e064452,an elephant running to join a herd of its kind,direct_exclude,middle,0.8868926167488098,0.8839717507362366,0.8796623945236206,0.9618316292762756,0.8843272924423218,0.07750433683395386,0.002920866012573242,0.007230222225189209,False,False,completed,True
v_f762ed821ba1fba906af,a zebra bending down to drink water from a river,direct_exclude,middle,0.9867092370986938,0.980821430683136,0.9868820905685425,0.9777792096138,0.9419738054275513,0.03580540418624878,0.005887806415557861,-0.0001728534698486328,False,False,completed,True
v_f993f14cdb34fb8383ef,a zebra bending down to drink water from a river,direct_exclude,middle,0.9814218878746033,0.9783793687820435,0.9819398522377014,0.9786093235015869,0.9365712404251099,0.04203808307647705,0.0030425190925598145,-0.0005179643630981445,False,False,completed,True
v_fb03b6a21df9c0a51627,a cow running to join a herd of its kind,direct_exclude,middle,0.9514460563659668,0.941504716873169,0.8388590812683105,0.9386007189750671,0.868751585483551,0.06984913349151611,0.009941339492797852,0.11258697509765625,False,False,completed,True
v_fc9b39a4b047b2db243c,an elephant spraying itself with water using its trunk to cool down,direct_exclude,middle,0.9950287342071533,0.9879961013793945,0.8250617980957031,0.9937685132026672,0.9735410809516907,0.020227432250976562,0.007032632827758789,0.1699669361114502,False,False,completed,True
v_fef8070abcd8dcd3af47,a zebra taking a peaceful walk,direct_exclude,middle,0.9282910823822021,0.9270473718643188,0.9261847138404846,0.8663416504859924,0.8400176763534546,0.026323974132537842,0.0012437105178833008,0.0021063685417175293,False,False,completed,True
v_075ccc862d1b2d4936f0,an elephant running to join a herd of its kind,hybrid_zero,middle,0.9630889296531677,0.9630377888679504,0.823179304599762,0.9417819976806641,0.9140288233757019,0.027753174304962158,5.1140785217285156e-05,0.13990962505340576,False,False,completed,True
v_0925f4496cf55ade8e5d,an elephant spraying itself with water using its trunk to cool down,hybrid_zero,middle,0.98935467004776,0.9864444136619568,0.8038353323936462,0.9881947040557861,0.9685530662536621,0.019641637802124023,0.0029102563858032227,0.18551933765411377,False,False,completed,True
v_0a1a6db568841167f9e8,a truck turning a corner,hybrid_zero,middle,0.8892853260040283,0.8728532791137695,0.7206215262413025,0.8972001075744629,0.8008300065994263,0.09637010097503662,0.01643204689025879,0.16866379976272583,False,False,completed,True
v_10d250e1b4b4a6ec0a82,a cow running to join a herd of its kind,hybrid_zero,middle,0.9591885805130005,0.9385865926742554,0.8933707475662231,0.9442958235740662,0.865019679069519,0.07927614450454712,0.020601987838745117,0.06581783294677734,False,False,completed,True
v_125269dc5fc640751fa4,a zebra running to join a herd of its kind,hybrid_zero,middle,0.9697616100311279,0.9687244296073914,0.7870209217071533,0.9459475874900818,0.9079357385635376,0.03801184892654419,0.0010371804237365723,0.1827406883239746,False,False,completed,True
v_13502c1b9c959957b46a,a zebra taking a peaceful walk,hybrid_zero,middle,0.9967139363288879,0.9926178455352783,0.8247775435447693,0.997106671333313,0.9645020961761475,0.03260457515716553,0.004096090793609619,0.17193639278411865,False,False,completed,True
v_1814b4d5b25ffa156aa6,an elephant running to join a herd of its kind,hybrid_zero,middle,0.9690490961074829,0.9667819738388062,0.8324507474899292,0.9329218864440918,0.913300633430481,0.01962125301361084,0.002267122268676758,0.1365983486175537,False,False,completed,True
v_22506cf5d5a1e6088fc8,a truck slowing down to stop,hybrid_zero,middle,0.8691954612731934,0.8298612833023071,0.8565738201141357,0.7584022879600525,0.6614886522293091,0.09691363573074341,0.03933417797088623,0.012621641159057617,False,False,completed,True
v_2ac6cf025d5e88563949,a zebra running to join a herd of its kind,hybrid_zero,middle,0.9500249624252319,0.9488469958305359,0.8121145963668823,0.9185127019882202,0.8850189447402954,0.033493757247924805,0.001177966594696045,0.1379103660583496,False,False,completed,True
v_2fbefa11a17758f1cd8f,a zebra taking a peaceful walk,hybrid_zero,middle,0.9445307850837708,0.9415240287780762,0.8475427627563477,0.9212554693222046,0.8604657649993896,0.06078970432281494,0.00300675630569458,0.0969880223274231,False,False,completed,True
v_304f65b790cd089803d4,a zebra bending down to drink water from a river,hybrid_zero,middle,0.9545856714248657,0.9437269568443298,0.7705564498901367,0.9624999761581421,0.8912839293479919,0.07121604681015015,0.010858714580535889,0.184029221534729,False,False,completed,True
v_34025bb5b4d01c898f92,a motorcycle accelerating to gain speed,hybrid_zero,middle,0.9564681053161621,0.9532914757728577,0.8506177067756653,0.9416208267211914,0.9165962934494019,0.02502453327178955,0.0031766295433044434,0.10585039854049683,False,False,completed,True
v_355010ce10f66a681b88,a truck turning a corner,hybrid_zero,middle,0.9635376334190369,0.9586005210876465,0.7938421368598938,0.9169105887413025,0.8887792229652405,0.02813136577606201,0.004937112331390381,0.16969549655914307,False,False,completed,True
v_35d320b87cf1354b75ab,a zebra running to join a herd of its kind,hybrid_zero,middle,0.9588550925254822,0.9590761065483093,0.783754825592041,0.9490302205085754,0.9035646319389343,0.04546558856964111,0.00022101402282714844,0.17510026693344116,False,False,completed,True
v_38ae4c230155beb1b259,a zebra taking a peaceful walk,hybrid_zero,middle,0.9856873154640198,0.9851394295692444,0.7887750267982483,0.98517906665802,0.9593439698219299,0.025835096836090088,0.0005478858947753906,0.19691228866577148,False,False,completed,True
v_3b6ddfc07cc98fcf9fa0,an elephant running to join a herd of its kind,hybrid_zero,middle,0.9880058169364929,0.9878173470497131,0.8179134726524353,0.9849029779434204,0.969363808631897,0.015539169311523438,0.00018846988677978516,0.17009234428405762,False,False,completed,True
v_427171327cff517973ed,a zebra bending down to drink water from a river,hybrid_zero,middle,0.9852167367935181,0.9838477373123169,0.8208504915237427,0.9767624139785767,0.9447089433670044,0.032053470611572266,0.0013689994812011719,0.1643662452697754,False,False,completed,True
v_4719caef96c8df794757,an elephant running to join a herd of its kind,hybrid_zero,middle,0.9782639741897583,0.9785446524620056,0.8455324172973633,0.969979465007782,0.9495276808738708,0.020451784133911133,0.00028067827224731445,0.13273155689239502,False,False,completed,True
v_4d76a76426a219a5f1bb,a zebra bending down to drink water from a river,hybrid_zero,middle,0.9782224893569946,0.9775148034095764,0.805992841720581,0.9762669801712036,0.9544076919555664,0.021859288215637207,0.0007076859474182129,0.17222964763641357,False,False,completed,True
v_4e7cf3a0868b1b118f55,a zebra running to join a herd of its kind,hybrid_zero,middle,0.9522103071212769,0.9504902362823486,0.8405776023864746,0.9482232928276062,0.9188237190246582,0.029399573802947998,0.0017200708389282227,0.11163270473480225,False,False,completed,True
v_4f8abc7bb931501fb862,a truck slowing down to stop,hybrid_zero,middle,0.9940704703330994,0.9083583950996399,0.9758244156837463,0.9710509777069092,0.8946419954299927,0.0764089822769165,0.08571207523345947,0.018246054649353027,False,False,completed,False
v_4ff816e35ca1960d8058,an elephant running to join a herd of its kind,hybrid_zero,middle,0.9646567702293396,0.9649330377578735,0.8238860964775085,0.9487122297286987,0.9142565131187439,0.034455716609954834,0.00027626752853393555,0.14077067375183105,False,False,completed,True
v_50b265d3f9ccf281a518,an elephant spraying itself with water using its trunk to cool down,hybrid_zero,middle,0.9901018142700195,0.9827648401260376,0.8231878876686096,0.9922862648963928,0.9756242632865906,0.016662001609802246,0.007336974143981934,0.1669139266014099,False,False,completed,True
v_53b3d43654788945925c,a zebra running to join a herd of its kind,hybrid_zero,middle,0.972172737121582,0.9682216048240662,0.7843574285507202,0.9581042528152466,0.9138522148132324,0.04425203800201416,0.003951132297515869,0.18781530857086182,False,False,completed,True
v_55a4f07d56cda7470760,an elephant running to join a herd of its kind,hybrid_zero,middle,0.9789860844612122,0.9780765771865845,0.8178545832633972,0.9713909029960632,0.9518958330154419,0.019495069980621338,0.0009095072746276855,0.16113150119781494,False,False,completed,True
v_6015d56a898aa0948639,a zebra bending down to drink water from a river,hybrid_zero,middle,0.9817591905593872,0.9684624075889587,0.8794730305671692,0.9774531722068787,0.9317776560783386,0.04567551612854004,0.013296782970428467,0.10228615999221802,False,False,completed,True
v_67c0894760111d0087b6,a motorcycle accelerating to gain speed,hybrid_zero,middle,0.92059326171875,0.9197953939437866,0.7961601614952087,0.7869536280632019,0.754906415939331,0.03204721212387085,0.0007978677749633789,0.12443310022354126,False,False,completed,True
v_6bee77846ce628e11d94,an elephant spraying itself with water using its trunk to cool down,hybrid_zero,middle,0.9835841059684753,0.9691423773765564,0.7995480895042419,0.9801599383354187,0.9450011849403381,0.035158753395080566,0.014441728591918945,0.1840360164642334,False,False,completed,True
v_6d2af08e0301e767c719,a cow running to join a herd of its kind,hybrid_zero,middle,0.9381388425827026,0.9374416470527649,0.8316793441772461,0.871242880821228,0.8005218505859375,0.07072103023529053,0.0006971955299377441,0.10645949840545654,False,False,completed,True
v_6ee4476dec8615e1535f,a zebra bending down to drink water from a river,hybrid_zero,middle,0.9657285213470459,0.9656113982200623,0.8548414707183838,0.964434027671814,0.9291996359825134,0.03523439168930054,0.00011712312698364258,0.11088705062866211,False,False,completed,True
v_74d5bd9982ed49689599,a truck turning a corner,hybrid_zero,middle,0.9701874256134033,0.97035813331604,0.8114085793495178,0.9252806901931763,0.8715117573738098,0.053768932819366455,0.00017070770263671875,0.1587788462638855,False,False,completed,True
v_795022cc03907dc7489e,an elephant spraying itself with water using its trunk to cool down,hybrid_zero,middle,0.9523473978042603,0.9528331756591797,0.8562183976173401,0.9006173610687256,0.861505389213562,0.039111971855163574,0.0004857778549194336,0.09612900018692017,False,False,completed,True
v_7959de66f76bf5fc41d9,a zebra bending down to drink water from a river,hybrid_zero,middle,0.9828632473945618,0.9828258156776428,0.8273577094078064,0.9712667465209961,0.9489390254020691,0.022327721118927002,3.743171691894531e-05,0.15550553798675537,False,False,completed,True
v_82dc1689fd289adcc0d2,a zebra taking a peaceful walk,hybrid_zero,middle,0.9778921008110046,0.9776735901832581,0.7997857928276062,0.9754855632781982,0.9515337347984314,0.023951828479766846,0.00021851062774658203,0.17810630798339844,False,False,completed,True
v_88720509dffa7aea9e30,a zebra bending down to drink water from a river,hybrid_zero,middle,0.9738063216209412,0.9729083180427551,0.8295544981956482,0.9799759387969971,0.9465768933296204,0.03339904546737671,0.0008980035781860352,0.14425182342529297,False,False,completed,True
v_8887acf562b32cc84023,a zebra bending down to drink water from a river,hybrid_zero,middle,0.9334750771522522,0.9084569811820984,0.88466477394104,0.9226030707359314,0.8220116496086121,0.10059142112731934,0.02501809597015381,0.04881030321121216,False,False,completed,True
v_8dca194984971f0a1124,a truck turning a corner,hybrid_zero,middle,0.9337459802627563,0.9212742447853088,0.8102636337280273,0.8681207299232483,0.8334267139434814,0.034694015979766846,0.01247173547744751,0.123482346534729,False,False,completed,True
v_8e6a21dfeb7a106dae22,a zebra taking a peaceful walk,hybrid_zero,middle,0.9760703444480896,0.9602091312408447,0.9156375527381897,0.9702401757240295,0.9463849067687988,0.023855268955230713,0.015861213207244873,0.0604327917098999,False,False,completed,True
v_a18cdea6bd26987ddbc4,a cow running to join a herd of its kind,hybrid_zero,middle,0.9762948155403137,0.973137378692627,0.8318049311637878,0.9539317488670349,0.9275991320610046,0.026332616806030273,0.0031574368476867676,0.14448988437652588,False,False,completed,True
v_a3b6d576bc5c5ef3517f,a zebra running to join a herd of its kind,hybrid_zero,middle,0.9438295960426331,0.9419860243797302,0.80510413646698,0.9383728504180908,0.9173771142959595,0.020995736122131348,0.001843571662902832,0.13872545957565308,False,False,completed,True
v_a522928f33a3f29c463c,a truck slowing down to stop,hybrid_zero,middle,0.9893493056297302,0.9864276051521301,0.8172839283943176,0.9741533398628235,0.9416351914405823,0.03251814842224121,0.0029217004776000977,0.1720653772354126,False,False,completed,True
v_a5b4d7c4b2a095c9e6cc,an elephant running to join a herd of its kind,hybrid_zero,middle,0.9817762970924377,0.9731727838516235,0.8363012075424194,0.9782154560089111,0.9611396193504333,0.017075836658477783,0.008603513240814209,0.1454750895500183,False,False,completed,True
v_aa14318968934ce72fb1,a zebra bending down to drink water from a river,hybrid_zero,middle,0.973966121673584,0.9705953001976013,0.7810508012771606,0.9643047451972961,0.9238548874855042,0.04044985771179199,0.003370821475982666,0.19291532039642334,False,False,completed,True
v_ad2f0d6ec69f9ff90382,a zebra taking a peaceful walk,hybrid_zero,middle,0.9869072437286377,0.9843873977661133,0.7978545427322388,0.9837861657142639,0.9497422575950623,0.03404390811920166,0.002519845962524414,0.18905270099639893,False,False,completed,True
v_b2657298416595015a2b,a zebra running to join a herd of its kind,hybrid_zero,middle,0.9221466779708862,0.9201794266700745,0.7350771427154541,0.8821325302124023,0.8328442573547363,0.049288272857666016,0.0019672513008117676,0.18706953525543213,False,False,completed,True
v_bc950a10e74a0a5447f1,a zebra bending down to drink water from a river,hybrid_zero,middle,0.9756776690483093,0.9741494655609131,0.7843485474586487,0.9725489616394043,0.9222290515899658,0.05031991004943848,0.0015282034873962402,0.19132912158966064,False,False,completed,True
v_bf4b3df29a9616bf26ae,a truck turning a corner,hybrid_zero,middle,0.9515529870986938,0.9503403306007385,0.821768045425415,0.8850948214530945,0.8104621171951294,0.07463270425796509,0.0012126564979553223,0.1297849416732788,False,False,completed,True
v_c41543fe72d2e5493d15,a truck slowing down to stop,hybrid_zero,middle,0.9834082722663879,0.9816261529922485,0.887553870677948,0.9530027508735657,0.9245668053627014,0.028435945510864258,0.0017821192741394043,0.09585440158843994,False,False,completed,True
v_c424c7aceaf2046394ad,a cow running to join a herd of its kind,hybrid_zero,middle,0.9763944745063782,0.9750673174858093,0.8580775260925293,0.9669449329376221,0.8912805318832397,0.07566440105438232,0.0013271570205688477,0.11831694841384888,False,False,completed,True
v_c4de504a244d437ac3ad,a zebra bending down to drink water from a river,hybrid_zero,middle,0.9940760135650635,0.9907386898994446,0.7940303683280945,0.994841992855072,0.9484478235244751,0.046394169330596924,0.0033373236656188965,0.200045645236969,False,False,completed,True
v_cdab6ebfbdf88aa1365e,an elephant running to join a herd of its kind,hybrid_zero,middle,0.9607254266738892,0.9608588218688965,0.7893601059913635,0.9530994296073914,0.8998965620994568,0.05320286750793457,0.00013339519500732422,0.17136532068252563,False,False,completed,True
v_d111e2d8975fa9b850b3,a zebra taking a peaceful walk,hybrid_zero,middle,0.9483411908149719,0.9434996247291565,0.8115991353988647,0.9036860466003418,0.8558139801025391,0.047872066497802734,0.00484156608581543,0.13674205541610718,False,False,completed,True
v_d51186bcfc23e2a780ab,a truck slowing down to stop,hybrid_zero,middle,0.9643544554710388,0.9641427993774414,0.8082752227783203,0.9112410545349121,0.8690798282623291,0.04216122627258301,0.0002116560935974121,0.1560792326927185,False,False,completed,True
v_d86a4852b9a610b4e2ac,a motorcycle accelerating to gain speed,hybrid_zero,middle,0.9552143812179565,0.9549368023872375,0.8304232954978943,0.8991079330444336,0.8635420799255371,0.035565853118896484,0.00027757883071899414,0.12479108572006226,False,False,completed,True
v_e7e6381187b3421f31f4,a zebra taking a peaceful walk,hybrid_zero,middle,0.9758050441741943,0.9734775424003601,0.787483274936676,0.9502309560775757,0.9273167252540588,0.022914230823516846,0.0023275017738342285,0.1883217692375183,False,False,completed,True
v_e84cd21f77767e064452,an elephant running to join a herd of its kind,hybrid_zero,middle,0.8868926167488098,0.8831771016120911,0.8279187679290771,0.9618316292762756,0.8843272924423218,0.07750433683395386,0.00371551513671875,0.058973848819732666,False,False,completed,True
v_f762ed821ba1fba906af,a zebra bending down to drink water from a river,hybrid_zero,middle,0.9867092370986938,0.980821430683136,0.8175614476203918,0.9777792096138,0.9419738054275513,0.03580540418624878,0.005887806415557861,0.169147789478302,False,False,completed,True
v_f993f14cdb34fb8383ef,a zebra bending down to drink water from a river,hybrid_zero,middle,0.9814218878746033,0.9783793687820435,0.8130090236663818,0.9786093235015869,0.9365712404251099,0.04203808307647705,0.0030425190925598145,0.16841286420822144,False,False,completed,True
v_fb03b6a21df9c0a51627,a cow running to join a herd of its kind,hybrid_zero,middle,0.9514460563659668,0.941504716873169,0.8388590812683105,0.9386007189750671,0.868751585483551,0.06984913349151611,0.009941339492797852,0.11258697509765625,False,False,completed,True
v_fc9b39a4b047b2db243c,an elephant spraying itself with water using its trunk to cool down,hybrid_zero,middle,0.9950287342071533,0.9879961013793945,0.7945697903633118,0.9937685132026672,0.9735410809516907,0.020227432250976562,0.007032632827758789,0.20045894384384155,False,False,completed,True
v_fef8070abcd8dcd3af47,a zebra taking a peaceful walk,hybrid_zero,middle,0.9282910823822021,0.9270473718643188,0.8021050095558167,0.8663416504859924,0.8400176763534546,0.026323974132537842,0.0012437105178833008,0.1261860728263855,False,False,completed,True
v_075ccc862d1b2d4936f0,an elephant running to join a herd of its kind,hybrid_exclude,middle,0.9630889296531677,0.9630377888679504,0.823179304599762,0.9417819976806641,0.9140288233757019,0.027753174304962158,5.1140785217285156e-05,0.13990962505340576,False,False,completed,True
v_0925f4496cf55ade8e5d,an elephant spraying itself with water using its trunk to cool down,hybrid_exclude,middle,0.98935467004776,0.9864444136619568,0.8038353323936462,0.9881947040557861,0.9685530662536621,0.019641637802124023,0.0029102563858032227,0.18551933765411377,False,False,completed,True
v_0a1a6db568841167f9e8,a truck turning a corner,hybrid_exclude,middle,0.8892853260040283,0.8728532791137695,0.7206215262413025,0.8972001075744629,0.8008300065994263,0.09637010097503662,0.01643204689025879,0.16866379976272583,False,False,completed,True
v_10d250e1b4b4a6ec0a82,a cow running to join a herd of its kind,hybrid_exclude,middle,0.9591885805130005,0.9385865926742554,0.8933707475662231,0.9442958235740662,0.865019679069519,0.07927614450454712,0.020601987838745117,0.06581783294677734,False,False,completed,True
v_125269dc5fc640751fa4,a zebra running to join a herd of its kind,hybrid_exclude,middle,0.9697616100311279,0.9687244296073914,0.7870209217071533,0.9459475874900818,0.9079357385635376,0.03801184892654419,0.0010371804237365723,0.1827406883239746,False,False,completed,True
v_13502c1b9c959957b46a,a zebra taking a peaceful walk,hybrid_exclude,middle,0.9967139363288879,0.9926178455352783,0.8247775435447693,0.997106671333313,0.9645020961761475,0.03260457515716553,0.004096090793609619,0.17193639278411865,False,False,completed,True
v_1814b4d5b25ffa156aa6,an elephant running to join a herd of its kind,hybrid_exclude,middle,0.9690490961074829,0.9667819738388062,0.8324507474899292,0.9329218864440918,0.913300633430481,0.01962125301361084,0.002267122268676758,0.1365983486175537,False,False,completed,True
v_22506cf5d5a1e6088fc8,a truck slowing down to stop,hybrid_exclude,middle,0.8691954612731934,0.8298612833023071,0.8565738201141357,0.7584022879600525,0.6614886522293091,0.09691363573074341,0.03933417797088623,0.012621641159057617,False,False,completed,True
v_2ac6cf025d5e88563949,a zebra running to join a herd of its kind,hybrid_exclude,middle,0.9500249624252319,0.9488469958305359,0.8121145963668823,0.9185127019882202,0.8850189447402954,0.033493757247924805,0.001177966594696045,0.1379103660583496,False,False,completed,True
v_2fbefa11a17758f1cd8f,a zebra taking a peaceful walk,hybrid_exclude,middle,0.9445307850837708,0.9415240287780762,0.8475427627563477,0.9212554693222046,0.8604657649993896,0.06078970432281494,0.00300675630569458,0.0969880223274231,False,False,completed,True
v_304f65b790cd089803d4,a zebra bending down to drink water from a river,hybrid_exclude,middle,0.9545856714248657,0.9437269568443298,0.7705564498901367,0.9624999761581421,0.8912839293479919,0.07121604681015015,0.010858714580535889,0.184029221534729,False,False,completed,True
v_34025bb5b4d01c898f92,a motorcycle accelerating to gain speed,hybrid_exclude,middle,0.9564681053161621,0.9532914757728577,0.8506177067756653,0.9416208267211914,0.9165962934494019,0.02502453327178955,0.0031766295433044434,0.10585039854049683,False,False,completed,True
v_355010ce10f66a681b88,a truck turning a corner,hybrid_exclude,middle,0.9635376334190369,0.9586005210876465,0.7938421368598938,0.9169105887413025,0.8887792229652405,0.02813136577606201,0.004937112331390381,0.16969549655914307,False,False,completed,True
v_35d320b87cf1354b75ab,a zebra running to join a herd of its kind,hybrid_exclude,middle,0.9588550925254822,0.9590761065483093,0.783754825592041,0.9490302205085754,0.9035646319389343,0.04546558856964111,0.00022101402282714844,0.17510026693344116,False,False,completed,True
v_38ae4c230155beb1b259,a zebra taking a peaceful walk,hybrid_exclude,middle,0.9856873154640198,0.9851394295692444,0.7887750267982483,0.98517906665802,0.9593439698219299,0.025835096836090088,0.0005478858947753906,0.19691228866577148,False,False,completed,True
v_3b6ddfc07cc98fcf9fa0,an elephant running to join a herd of its kind,hybrid_exclude,middle,0.9880058169364929,0.9878173470497131,0.8179134726524353,0.9849029779434204,0.969363808631897,0.015539169311523438,0.00018846988677978516,0.17009234428405762,False,False,completed,True
v_427171327cff517973ed,a zebra bending down to drink water from a river,hybrid_exclude,middle,0.9852167367935181,0.9838477373123169,0.8208504915237427,0.9767624139785767,0.9447089433670044,0.032053470611572266,0.0013689994812011719,0.1643662452697754,False,False,completed,True
v_4719caef96c8df794757,an elephant running to join a herd of its kind,hybrid_exclude,middle,0.9782639741897583,0.9785446524620056,0.8455324172973633,0.969979465007782,0.9495276808738708,0.020451784133911133,0.00028067827224731445,0.13273155689239502,False,False,completed,True
v_4d76a76426a219a5f1bb,a zebra bending down to drink water from a river,hybrid_exclude,middle,0.9782224893569946,0.9775148034095764,0.805992841720581,0.9762669801712036,0.9544076919555664,0.021859288215637207,0.0007076859474182129,0.17222964763641357,False,False,completed,True
v_4e7cf3a0868b1b118f55,a zebra running to join a herd of its kind,hybrid_exclude,middle,0.9522103071212769,0.9504902362823486,0.8405776023864746,0.9482232928276062,0.9188237190246582,0.029399573802947998,0.0017200708389282227,0.11163270473480225,False,False,completed,True
v_4f8abc7bb931501fb862,a truck slowing down to stop,hybrid_exclude,middle,0.9940704703330994,0.9083583950996399,0.9758244156837463,0.9710509777069092,0.8946419954299927,0.0764089822769165,0.08571207523345947,0.018246054649353027,False,False,completed,False
v_4ff816e35ca1960d8058,an elephant running to join a herd of its kind,hybrid_exclude,middle,0.9646567702293396,0.9649330377578735,0.8238860964775085,0.9487122297286987,0.9142565131187439,0.034455716609954834,0.00027626752853393555,0.14077067375183105,False,False,completed,True
v_50b265d3f9ccf281a518,an elephant spraying itself with water using its trunk to cool down,hybrid_exclude,middle,0.9901018142700195,0.9827648401260376,0.8231878876686096,0.9922862648963928,0.9756242632865906,0.016662001609802246,0.007336974143981934,0.1669139266014099,False,False,completed,True
v_53b3d43654788945925c,a zebra running to join a herd of its kind,hybrid_exclude,middle,0.972172737121582,0.9682216048240662,0.7843574285507202,0.9581042528152466,0.9138522148132324,0.04425203800201416,0.003951132297515869,0.18781530857086182,False,False,completed,True
v_55a4f07d56cda7470760,an elephant running to join a herd of its kind,hybrid_exclude,middle,0.9789860844612122,0.9780765771865845,0.8178545832633972,0.9713909029960632,0.9518958330154419,0.019495069980621338,0.0009095072746276855,0.16113150119781494,False,False,completed,True
v_6015d56a898aa0948639,a zebra bending down to drink water from a river,hybrid_exclude,middle,0.9817591905593872,0.9684624075889587,0.8794730305671692,0.9774531722068787,0.9317776560783386,0.04567551612854004,0.013296782970428467,0.10228615999221802,False,False,completed,True
v_67c0894760111d0087b6,a motorcycle accelerating to gain speed,hybrid_exclude,middle,0.92059326171875,0.9197953939437866,0.7961601614952087,0.7869536280632019,0.754906415939331,0.03204721212387085,0.0007978677749633789,0.12443310022354126,False,False,completed,True
v_6bee77846ce628e11d94,an elephant spraying itself with water using its trunk to cool down,hybrid_exclude,middle,0.9835841059684753,0.9691423773765564,0.7995480895042419,0.9801599383354187,0.9450011849403381,0.035158753395080566,0.014441728591918945,0.1840360164642334,False,False,completed,True
v_6d2af08e0301e767c719,a cow running to join a herd of its kind,hybrid_exclude,middle,0.9381388425827026,0.9374416470527649,0.8316793441772461,0.871242880821228,0.8005218505859375,0.07072103023529053,0.0006971955299377441,0.10645949840545654,False,False,completed,True
v_6ee4476dec8615e1535f,a zebra bending down to drink water from a river,hybrid_exclude,middle,0.9657285213470459,0.9656113982200623,0.8548414707183838,0.964434027671814,0.9291996359825134,0.03523439168930054,0.00011712312698364258,0.11088705062866211,False,False,completed,True
v_74d5bd9982ed49689599,a truck turning a corner,hybrid_exclude,middle,0.9701874256134033,0.97035813331604,0.8114085793495178,0.9252806901931763,0.8715117573738098,0.053768932819366455,0.00017070770263671875,0.1587788462638855,False,False,completed,True
v_795022cc03907dc7489e,an elephant spraying itself with water using its trunk to cool down,hybrid_exclude,middle,0.9523473978042603,0.9528331756591797,0.8562183976173401,0.9006173610687256,0.861505389213562,0.039111971855163574,0.0004857778549194336,0.09612900018692017,False,False,completed,True
v_7959de66f76bf5fc41d9,a zebra bending down to drink water from a river,hybrid_exclude,middle,0.9828632473945618,0.9828258156776428,0.8273577094078064,0.9712667465209961,0.9489390254020691,0.022327721118927002,3.743171691894531e-05,0.15550553798675537,False,False,completed,True
v_82dc1689fd289adcc0d2,a zebra taking a peaceful walk,hybrid_exclude,middle,0.9778921008110046,0.9776735901832581,0.7997857928276062,0.9754855632781982,0.9515337347984314,0.023951828479766846,0.00021851062774658203,0.17810630798339844,False,False,completed,True
v_88720509dffa7aea9e30,a zebra bending down to drink water from a river,hybrid_exclude,middle,0.9738063216209412,0.9729083180427551,0.8295544981956482,0.9799759387969971,0.9465768933296204,0.03339904546737671,0.0008980035781860352,0.14425182342529297,False,False,completed,True
v_8887acf562b32cc84023,a zebra bending down to drink water from a river,hybrid_exclude,middle,0.9334750771522522,0.9084569811820984,0.88466477394104,0.9226030707359314,0.8220116496086121,0.10059142112731934,0.02501809597015381,0.04881030321121216,False,False,completed,True
v_8dca194984971f0a1124,a truck turning a corner,hybrid_exclude,middle,0.9337459802627563,0.9212742447853088,0.8102636337280273,0.8681207299232483,0.8334267139434814,0.034694015979766846,0.01247173547744751,0.123482346534729,False,False,completed,True
v_8e6a21dfeb7a106dae22,a zebra taking a peaceful walk,hybrid_exclude,middle,0.9760703444480896,0.9602091312408447,0.9156375527381897,0.9702401757240295,0.9463849067687988,0.023855268955230713,0.015861213207244873,0.0604327917098999,False,False,completed,True
v_a18cdea6bd26987ddbc4,a cow running to join a herd of its kind,hybrid_exclude,middle,0.9762948155403137,0.973137378692627,0.8318049311637878,0.9539317488670349,0.9275991320610046,0.026332616806030273,0.0031574368476867676,0.14448988437652588,False,False,completed,True
v_a3b6d576bc5c5ef3517f,a zebra running to join a herd of its kind,hybrid_exclude,middle,0.9438295960426331,0.9419860243797302,0.80510413646698,0.9383728504180908,0.9173771142959595,0.020995736122131348,0.001843571662902832,0.13872545957565308,False,False,completed,True
v_a522928f33a3f29c463c,a truck slowing down to stop,hybrid_exclude,middle,0.9893493056297302,0.9864276051521301,0.8172839283943176,0.9741533398628235,0.9416351914405823,0.03251814842224121,0.0029217004776000977,0.1720653772354126,False,False,completed,True
v_a5b4d7c4b2a095c9e6cc,an elephant running to join a herd of its kind,hybrid_exclude,middle,0.9817762970924377,0.9731727838516235,0.8363012075424194,0.9782154560089111,0.9611396193504333,0.017075836658477783,0.008603513240814209,0.1454750895500183,False,False,completed,True
v_aa14318968934ce72fb1,a zebra bending down to drink water from a river,hybrid_exclude,middle,0.973966121673584,0.9705953001976013,0.7810508012771606,0.9643047451972961,0.9238548874855042,0.04044985771179199,0.003370821475982666,0.19291532039642334,False,False,completed,True
v_ad2f0d6ec69f9ff90382,a zebra taking a peaceful walk,hybrid_exclude,middle,0.9869072437286377,0.9843873977661133,0.7978545427322388,0.9837861657142639,0.9497422575950623,0.03404390811920166,0.002519845962524414,0.18905270099639893,False,False,completed,True
v_b2657298416595015a2b,a zebra running to join a herd of its kind,hybrid_exclude,middle,0.9221466779708862,0.9201794266700745,0.7350771427154541,0.8821325302124023,0.8328442573547363,0.049288272857666016,0.0019672513008117676,0.18706953525543213,False,False,completed,True
v_bc950a10e74a0a5447f1,a zebra bending down to drink water from a river,hybrid_exclude,middle,0.9756776690483093,0.9741494655609131,0.7843485474586487,0.9725489616394043,0.9222290515899658,0.05031991004943848,0.0015282034873962402,0.19132912158966064,False,False,completed,True
v_bf4b3df29a9616bf26ae,a truck turning a corner,hybrid_exclude,middle,0.9515529870986938,0.9503403306007385,0.821768045425415,0.8850948214530945,0.8104621171951294,0.07463270425796509,0.0012126564979553223,0.1297849416732788,False,False,completed,True
v_c41543fe72d2e5493d15,a truck slowing down to stop,hybrid_exclude,middle,0.9834082722663879,0.9816261529922485,0.887553870677948,0.9530027508735657,0.9245668053627014,0.028435945510864258,0.0017821192741394043,0.09585440158843994,False,False,completed,True
v_c424c7aceaf2046394ad,a cow running to join a herd of its kind,hybrid_exclude,middle,0.9763944745063782,0.9750673174858093,0.8580775260925293,0.9669449329376221,0.8912805318832397,0.07566440105438232,0.0013271570205688477,0.11831694841384888,False,False,completed,True
v_c4de504a244d437ac3ad,a zebra bending down to drink water from a river,hybrid_exclude,middle,0.9940760135650635,0.9907386898994446,0.7940303683280945,0.994841992855072,0.9484478235244751,0.046394169330596924,0.0033373236656188965,0.200045645236969,False,False,completed,True
v_cdab6ebfbdf88aa1365e,an elephant running to join a herd of its kind,hybrid_exclude,middle,0.9607254266738892,0.9608588218688965,0.7893601059913635,0.9530994296073914,0.8998965620994568,0.05320286750793457,0.00013339519500732422,0.17136532068252563,False,False,completed,True
v_d111e2d8975fa9b850b3,a zebra taking a peaceful walk,hybrid_exclude,middle,0.9483411908149719,0.9434996247291565,0.8115991353988647,0.9036860466003418,0.8558139801025391,0.047872066497802734,0.00484156608581543,0.13674205541610718,False,False,completed,True
v_d51186bcfc23e2a780ab,a truck slowing down to stop,hybrid_exclude,middle,0.9643544554710388,0.9641427993774414,0.8082752227783203,0.9112410545349121,0.8690798282623291,0.04216122627258301,0.0002116560935974121,0.1560792326927185,False,False,completed,True
v_d86a4852b9a610b4e2ac,a motorcycle accelerating to gain speed,hybrid_exclude,middle,0.9552143812179565,0.9549368023872375,0.8304232954978943,0.8991079330444336,0.8635420799255371,0.035565853118896484,0.00027757883071899414,0.12479108572006226,False,False,completed,True
v_e7e6381187b3421f31f4,a zebra taking a peaceful walk,hybrid_exclude,middle,0.9758050441741943,0.9734775424003601,0.787483274936676,0.9502309560775757,0.9273167252540588,0.022914230823516846,0.0023275017738342285,0.1883217692375183,False,False,completed,True
v_e84cd21f77767e064452,an elephant running to join a herd of its kind,hybrid_exclude,middle,0.8868926167488098,0.8831771016120911,0.8279187679290771,0.9618316292762756,0.8843272924423218,0.07750433683395386,0.00371551513671875,0.058973848819732666,False,False,completed,True
v_f762ed821ba1fba906af,a zebra bending down to drink water from a river,hybrid_exclude,middle,0.9867092370986938,0.980821430683136,0.8175614476203918,0.9777792096138,0.9419738054275513,0.03580540418624878,0.005887806415557861,0.169147789478302,False,False,completed,True
v_f993f14cdb34fb8383ef,a zebra bending down to drink water from a river,hybrid_exclude,middle,0.9814218878746033,0.9783793687820435,0.8130090236663818,0.9786093235015869,0.9365712404251099,0.04203808307647705,0.0030425190925598145,0.16841286420822144,False,False,completed,True
v_fb03b6a21df9c0a51627,a cow running to join a herd of its kind,hybrid_exclude,middle,0.9514460563659668,0.941504716873169,0.8388590812683105,0.9386007189750671,0.868751585483551,0.06984913349151611,0.009941339492797852,0.11258697509765625,False,False,completed,True
v_fc9b39a4b047b2db243c,an elephant spraying itself with water using its trunk to cool down,hybrid_exclude,middle,0.9950287342071533,0.9879961013793945,0.7945697903633118,0.9937685132026672,0.9735410809516907,0.020227432250976562,0.007032632827758789,0.20045894384384155,False,False,completed,True
v_fef8070abcd8dcd3af47,a zebra taking a peaceful walk,hybrid_exclude,middle,0.9282910823822021,0.9270473718643188,0.8021050095558167,0.8663416504859924,0.8400176763534546,0.026323974132537842,0.0012437105178833008,0.1261860728263855,False,False,completed,True
v_075ccc862d1b2d4936f0,an elephant running to join a herd of its kind,direct_zero,end,0.9630889296531677,0.9626031517982483,0.8259469866752625,0.9417819976806641,0.9137150645256042,0.028066933155059814,0.0004857778549194336,0.13714194297790527,False,False,completed,True
v_0925f4496cf55ade8e5d,an elephant spraying itself with water using its trunk to cool down,direct_zero,end,0.98935467004776,0.9893154501914978,0.5445933938026428,0.9881947040557861,0.974102258682251,0.014092445373535156,3.921985626220703e-05,0.4447612762451172,False,False,completed,True
v_0a1a6db568841167f9e8,a truck turning a corner,direct_zero,end,0.7832257747650146,0.7831348180770874,0.4975113272666931,0.8972001075744629,0.8590364456176758,0.03816366195678711,9.09566879272461e-05,0.28571444749832153,False,False,completed,True
v_10d250e1b4b4a6ec0a82,a cow running to join a herd of its kind,direct_zero,end,0.9591885805130005,0.9493919610977173,0.8964358568191528,0.9442958235740662,0.8876572847366333,0.05663853883743286,0.009796619415283203,0.06275272369384766,False,False,completed,True
v_125269dc5fc640751fa4,a zebra running to join a herd of its kind,direct_zero,end,0.9697616100311279,0.9696024060249329,0.5353197455406189,0.9459475874900818,0.9172872304916382,0.028660356998443604,0.00015920400619506836,0.43444186449050903,False,False,completed,True
v_13502c1b9c959957b46a,a zebra taking a peaceful walk,direct_zero,end,0.9967139363288879,0.9921174645423889,0.5482940077781677,0.997106671333313,0.9693386554718018,0.02776801586151123,0.0045964717864990234,0.4484199285507202,False,False,completed,True
v_1814b4d5b25ffa156aa6,an elephant running to join a herd of its kind,direct_zero,end,0.9690490961074829,0.9666243195533752,0.6693935394287109,0.9329218864440918,0.9133150577545166,0.019606828689575195,0.002424776554107666,0.299655556678772,False,False,completed,True
v_22506cf5d5a1e6088fc8,a truck slowing down to stop,direct_zero,end,0.8691954612731934,0.6595271229743958,0.48244708776474,0.7584022879600525,0.7175071835517883,0.04089510440826416,0.2096683382987976,0.38674837350845337,False,False,completed,True
v_2ac6cf025d5e88563949,a zebra running to join a herd of its kind,direct_zero,end,0.9500249624252319,0.9483121037483215,0.5237540602684021,0.9185127019882202,0.8896903395652771,0.028822362422943115,0.0017128586769104004,0.42627090215682983,False,False,completed,True
v_2fbefa11a17758f1cd8f,a zebra taking a peaceful walk,direct_zero,end,0.9445307850837708,0.9356323480606079,0.6803251504898071,0.9212554693222046,0.8581079840660095,0.06314748525619507,0.008898437023162842,0.2642056345939636,False,False,completed,True
v_304f65b790cd089803d4,a zebra bending down to drink water from a river,direct_zero,end,0.9545856714248657,0.9545354247093201,0.5315200090408325,0.9624999761581421,0.9084491729736328,0.05405080318450928,5.02467155456543e-05,0.4230656623840332,False,False,completed,True
v_34025bb5b4d01c898f92,a motorcycle accelerating to gain speed,direct_zero,end,0.9564681053161621,0.9525496363639832,0.5466840267181396,0.9416208267211914,0.9202480316162109,0.02137279510498047,0.003918468952178955,0.40978407859802246,False,False,completed,True
v_355010ce10f66a681b88,a truck turning a corner,direct_zero,end,0.9635376334190369,0.9629120230674744,0.5297309756278992,0.9169105887413025,0.8932565450668335,0.023654043674468994,0.0006256103515625,0.4338066577911377,False,False,completed,True
v_35d320b87cf1354b75ab,a zebra running to join a herd of its kind,direct_zero,end,0.9588550925254822,0.9564964771270752,0.5273218154907227,0.9490302205085754,0.917585015296936,0.031445205211639404,0.0023586153984069824,0.4315332770347595,False,False,completed,True
v_38ae4c230155beb1b259,a zebra taking a peaceful walk,direct_zero,end,0.9856873154640198,0.984675943851471,0.5433310866355896,0.98517906665802,0.965461790561676,0.019717276096343994,0.0010113716125488281,0.4423562288284302,False,False,completed,True
v_3b6ddfc07cc98fcf9fa0,an elephant running to join a herd of its kind,direct_zero,end,0.9880058169364929,0.9877153635025024,0.8339213728904724,0.9849029779434204,0.9713139533996582,0.013589024543762207,0.0002904534339904785,0.1540844440460205,False,False,completed,True
v_427171327cff517973ed,a zebra bending down to drink water from a river,direct_zero,end,0.9852167367935181,0.9822588562965393,0.5439338684082031,0.9767624139785767,0.9495030045509338,0.027259409427642822,0.0029578804969787598,0.44128286838531494,False,False,completed,True
v_4719caef96c8df794757,an elephant running to join a herd of its kind,direct_zero,end,0.9782639741897583,0.9782870411872864,0.6692460775375366,0.969979465007782,0.9515143036842346,0.018465161323547363,2.3066997528076172e-05,0.3090178966522217,False,False,completed,True
v_4d76a76426a219a5f1bb,a zebra bending down to drink water from a river,direct_zero,end,0.9782224893569946,0.9718306660652161,0.5562604665756226,0.9762669801712036,0.954890787601471,0.021376192569732666,0.0063918232917785645,0.42196202278137207,False,False,completed,True
v_4e7cf3a0868b1b118f55,a zebra running to join a herd of its kind,direct_zero,end,0.9522103071212769,0.9492599964141846,0.6867283582687378,0.9482232928276062,0.9251025915145874,0.0231207013130188,0.002950310707092285,0.26548194885253906,False,False,completed,True
v_4f8abc7bb931501fb862,a truck slowing down to stop,direct_zero,end,0.9940704703330994,0.6520294547080994,0.987028181552887,0.9710509777069092,0.8808538317680359,0.09019714593887329,0.342041015625,0.007042288780212402,False,False,completed,False
v_4ff816e35ca1960d8058,an elephant running to join a herd of its kind,direct_zero,end,0.9646567702293396,0.9636507630348206,0.8207063674926758,0.9487122297286987,0.9097524881362915,0.03895974159240723,0.001006007194519043,0.14395040273666382,False,False,completed,True
v_50b265d3f9ccf281a518,an elephant spraying itself with water using its trunk to cool down,direct_zero,end,0.9901018142700195,0.9855102300643921,0.8287474513053894,0.9922862648963928,0.9776664972305298,0.014619767665863037,0.004591584205627441,0.16135436296463013,False,False,completed,True
v_53b3d43654788945925c,a zebra running to join a herd of its kind,direct_zero,end,0.972172737121582,0.9674745798110962,0.5358194708824158,0.9581042528152466,0.9233951568603516,0.03470909595489502,0.00469815731048584,0.43635326623916626,False,False,completed,True
v_55a4f07d56cda7470760,an elephant running to join a herd of its kind,direct_zero,end,0.9789860844612122,0.9766735434532166,0.7253217697143555,0.9713909029960632,0.9554741978645325,0.01591670513153076,0.0023125410079956055,0.2536643147468567,False,False,completed,True
v_6015d56a898aa0948639,a zebra bending down to drink water from a river,direct_zero,end,0.9817591905593872,0.9810211062431335,0.5577080249786377,0.9774531722068787,0.9561401605606079,0.021313011646270752,0.0007380843162536621,0.4240511655807495,False,False,completed,True
v_67c0894760111d0087b6,a motorcycle accelerating to gain speed,direct_zero,end,0.92059326171875,0.6996670365333557,0.510689914226532,0.7869536280632019,0.7099528312683105,0.07700079679489136,0.2209262251853943,0.409903347492218,False,False,completed,True
v_6bee77846ce628e11d94,an elephant spraying itself with water using its trunk to cool down,direct_zero,end,0.9835841059684753,0.9729916453361511,0.6532601118087769,0.9801599383354187,0.9499704241752625,0.03018951416015625,0.010592460632324219,0.3303239941596985,False,False,completed,True
v_6d2af08e0301e767c719,a cow running to join a herd of its kind,direct_zero,end,0.9381388425827026,0.9373038411140442,0.7500483393669128,0.871242880821228,0.8232921361923218,0.04795074462890625,0.0008350014686584473,0.1880905032157898,False,False,completed,True
v_6ee4476dec8615e1535f,a zebra bending down to drink water from a river,direct_zero,end,0.9657285213470459,0.9651871919631958,0.5479131937026978,0.964434027671814,0.9336537718772888,0.030780255794525146,0.0005413293838500977,0.41781532764434814,False,False,completed,True
v_74d5bd9982ed49689599,a truck turning a corner,direct_zero,end,0.9701874256134033,0.9664786458015442,0.5371468663215637,0.9252806901931763,0.8830769658088684,0.04220372438430786,0.003708779811859131,0.4330405592918396,False,False,completed,True
v_795022cc03907dc7489e,an elephant spraying itself with water using its trunk to cool down,direct_zero,end,0.24734899401664734,0.2187199741601944,0.06516627967357635,0.9006173610687256,0.870042085647583,0.030575275421142578,0.028629019856452942,0.18218271434307098,False,False,completed,True
v_7959de66f76bf5fc41d9,a zebra bending down to drink water from a river,direct_zero,end,0.9828632473945618,0.9827898740768433,0.5582776069641113,0.9712667465209961,0.9512704610824585,0.019996285438537598,7.337331771850586e-05,0.42458564043045044,False,False,completed,True
v_82dc1689fd289adcc0d2,a zebra taking a peaceful walk,direct_zero,end,0.9778921008110046,0.9754728078842163,0.5376293063163757,0.9754855632781982,0.954840898513794,0.020644664764404297,0.00241929292678833,0.4402627944946289,False,False,completed,True
v_88720509dffa7aea9e30,a zebra bending down to drink water from a river,direct_zero,end,0.9738063216209412,0.9744638204574585,0.5380228757858276,0.9799759387969971,0.9556211233139038,0.02435481548309326,0.000657498836517334,0.4357834458351135,False,False,completed,True
v_8887acf562b32cc84023,a zebra bending down to drink water from a river,direct_zero,end,0.9334750771522522,0.9264451265335083,0.9302372336387634,0.9226030707359314,0.8846637010574341,0.037939369678497314,0.0070299506187438965,0.0032378435134887695,False,False,completed,True
v_8dca194984971f0a1124,a truck turning a corner,direct_zero,end,0.9337459802627563,0.8195706605911255,0.6811320185661316,0.8681207299232483,0.8114359378814697,0.056684792041778564,0.11417531967163086,0.25261396169662476,False,False,completed,True
v_8e6a21dfeb7a106dae22,a zebra taking a peaceful walk,direct_zero,end,0.9760703444480896,0.9667560458183289,0.6388367414474487,0.9702401757240295,0.9462020397186279,0.02403813600540161,0.009314298629760742,0.33723360300064087,False,False,completed,True
v_a18cdea6bd26987ddbc4,a cow running to join a herd of its kind,direct_zero,end,0.8598477840423584,0.8586477041244507,0.4683510661125183,0.9539317488670349,0.9303679466247559,0.023563802242279053,0.0012000799179077148,0.3914967179298401,False,False,completed,True
v_a3b6d576bc5c5ef3517f,a zebra running to join a herd of its kind,direct_zero,end,0.9438295960426331,0.9406047463417053,0.598406195640564,0.9383728504180908,0.9203444719314575,0.0180283784866333,0.0032248497009277344,0.3454234004020691,False,False,completed,True
v_a522928f33a3f29c463c,a truck slowing down to stop,direct_zero,end,0.9893493056297302,0.9850844144821167,0.5452040433883667,0.9741533398628235,0.9416837096214294,0.03246963024139404,0.004264891147613525,0.4441452622413635,False,False,completed,True
v_a5b4d7c4b2a095c9e6cc,an elephant running to join a herd of its kind,direct_zero,end,0.9817762970924377,0.804347574710846,0.8016958832740784,0.9782154560089111,0.9551236629486084,0.023091793060302734,0.1774287223815918,0.18008041381835938,False,False,completed,True
v_aa14318968934ce72fb1,a zebra bending down to drink water from a river,direct_zero,end,0.973966121673584,0.9706162810325623,0.5346936583518982,0.9643047451972961,0.9330012202262878,0.0313035249710083,0.0033498406410217285,0.4392724633216858,False,False,completed,True
v_ad2f0d6ec69f9ff90382,a zebra taking a peaceful walk,direct_zero,end,0.9869072437286377,0.9848606586456299,0.5432075262069702,0.9837861657142639,0.9575689435005188,0.026217222213745117,0.0020465850830078125,0.4436997175216675,False,False,completed,True
v_b2657298416595015a2b,a zebra running to join a herd of its kind,direct_zero,end,0.9221466779708862,0.9221740365028381,0.503022313117981,0.8821325302124023,0.8610860705375671,0.021046459674835205,2.7358531951904297e-05,0.4191243648529053,False,False,completed,True
v_bc950a10e74a0a5447f1,a zebra bending down to drink water from a river,direct_zero,end,0.9756776690483093,0.975351870059967,0.5366916656494141,0.9725489616394043,0.9395564198493958,0.032992541790008545,0.00032579898834228516,0.43898600339889526,False,False,completed,True
v_bf4b3df29a9616bf26ae,a truck turning a corner,direct_zero,end,0.9515529870986938,0.9518656730651855,0.5269891619682312,0.8850948214530945,0.8364115953445435,0.048683226108551025,0.0003126859664916992,0.42456382513046265,False,False,completed,True
v_c41543fe72d2e5493d15,a truck slowing down to stop,direct_zero,end,0.9834082722663879,0.9201023578643799,0.5999467968940735,0.9530027508735657,0.9229570031166077,0.030045747756958008,0.06330591440200806,0.38346147537231445,False,False,completed,True
v_c424c7aceaf2046394ad,a cow running to join a herd of its kind,direct_zero,end,0.9763944745063782,0.974842369556427,0.8657273054122925,0.9669449329376221,0.9083694219589233,0.05857551097869873,0.0015521049499511719,0.1106671690940857,False,False,completed,True
v_c4de504a244d437ac3ad,a zebra bending down to drink water from a river,direct_zero,end,0.9940760135650635,0.9921355247497559,0.5467960834503174,0.994841992855072,0.9545953869819641,0.04024660587310791,0.0019404888153076172,0.4472799301147461,False,False,completed,True
v_cdab6ebfbdf88aa1365e,an elephant running to join a herd of its kind,direct_zero,end,0.9607254266738892,0.9602210521697998,0.5791851878166199,0.9530994296073914,0.9036851525306702,0.04941427707672119,0.0005043745040893555,0.3815402388572693,False,False,completed,True
v_d111e2d8975fa9b850b3,a zebra taking a peaceful walk,direct_zero,end,0.9483411908149719,0.9431173205375671,0.6099652647972107,0.9036860466003418,0.8762560486793518,0.02742999792098999,0.005223870277404785,0.33837592601776123,False,False,completed,True
v_d51186bcfc23e2a780ab,a truck slowing down to stop,direct_zero,end,0.9643544554710388,0.9640432000160217,0.5272501707077026,0.9112410545349121,0.8769065737724304,0.03433448076248169,0.00031125545501708984,0.4371042847633362,False,False,completed,True
v_d86a4852b9a610b4e2ac,a motorcycle accelerating to gain speed,direct_zero,end,0.9552143812179565,0.838776707649231,0.5321645140647888,0.8991079330444336,0.858012855052948,0.041095077991485596,0.11643767356872559,0.4230498671531677,False,False,completed,True
v_e7e6381187b3421f31f4,a zebra taking a peaceful walk,direct_zero,end,0.9758050441741943,0.9745855331420898,0.5383746027946472,0.9502309560775757,0.9292735457420349,0.02095741033554077,0.0012195110321044922,0.4374304413795471,False,False,completed,True
v_e84cd21f77767e064452,an elephant running to join a herd of its kind,direct_zero,end,0.8868926167488098,0.8907179832458496,0.4900301992893219,0.9618316292762756,0.8951723575592041,0.06665927171707153,0.003825366497039795,0.3968624174594879,False,False,completed,True
v_f762ed821ba1fba906af,a zebra bending down to drink water from a river,direct_zero,end,0.9867092370986938,0.9843617081642151,0.5434139370918274,0.9777792096138,0.945510745048523,0.0322684645652771,0.0023475289344787598,0.44329530000686646,False,False,completed,True
v_f993f14cdb34fb8383ef,a zebra bending down to drink water from a river,direct_zero,end,0.9814218878746033,0.9779401421546936,0.5396797060966492,0.9786093235015869,0.9442384839057922,0.03437083959579468,0.003481745719909668,0.4417421817779541,False,False,completed,True
v_fb03b6a21df9c0a51627,a cow running to join a herd of its kind,direct_zero,end,0.9514460563659668,0.9515883326530457,0.7890348434448242,0.9386007189750671,0.8970926403999329,0.04150807857513428,0.00014227628707885742,0.16241121292114258,False,False,completed,True
v_fc9b39a4b047b2db243c,an elephant spraying itself with water using its trunk to cool down,direct_zero,end,0.9950287342071533,0.9928475022315979,0.5956451296806335,0.9937685132026672,0.9810974597930908,0.012671053409576416,0.00218123197555542,0.3993836045265198,False,False,completed,True
v_fef8070abcd8dcd3af47,a zebra taking a peaceful walk,direct_zero,end,0.9282910823822021,0.9272288084030151,0.5294126272201538,0.8663416504859924,0.8385172486305237,0.02782440185546875,0.0010622739791870117,0.39887845516204834,False,False,completed,True
v_075ccc862d1b2d4936f0,an elephant running to join a herd of its kind,direct_exclude,end,0.9630889296531677,0.9626031517982483,0.8259469866752625,0.9417819976806641,0.9137150645256042,0.028066933155059814,0.0004857778549194336,0.13714194297790527,False,False,completed,True
v_0925f4496cf55ade8e5d,an elephant spraying itself with water using its trunk to cool down,direct_exclude,end,0.98935467004776,0.9893154501914978,0.9901697635650635,0.9881947040557861,0.974102258682251,0.014092445373535156,3.921985626220703e-05,-0.0008150935173034668,False,False,completed,True
v_0a1a6db568841167f9e8,a truck turning a corner,direct_exclude,end,0.8951151967048645,0.8950111865997314,0.9045659899711609,0.8972001075744629,0.8590364456176758,0.03816366195678711,0.00010401010513305664,-0.009450793266296387,False,False,completed,True
v_10d250e1b4b4a6ec0a82,a cow running to join a herd of its kind,direct_exclude,end,0.9591885805130005,0.9493919610977173,0.8964358568191528,0.9442958235740662,0.8876572847366333,0.05663853883743286,0.009796619415283203,0.06275272369384766,False,False,completed,True
v_125269dc5fc640751fa4,a zebra running to join a herd of its kind,direct_exclude,end,0.9697616100311279,0.9696024060249329,0.9733085632324219,0.9459475874900818,0.9172872304916382,0.028660356998443604,0.00015920400619506836,-0.0035469532012939453,False,False,completed,True
v_13502c1b9c959957b46a,a zebra taking a peaceful walk,direct_exclude,end,0.9967139363288879,0.9921174645423889,0.9968982338905334,0.997106671333313,0.9693386554718018,0.02776801586151123,0.0045964717864990234,-0.0001842975616455078,False,False,completed,True
v_1814b4d5b25ffa156aa6,an elephant running to join a herd of its kind,direct_exclude,end,0.9690490961074829,0.9666243195533752,0.8705413341522217,0.9329218864440918,0.9133150577545166,0.019606828689575195,0.002424776554107666,0.09850776195526123,False,False,completed,True
v_22506cf5d5a1e6088fc8,a truck slowing down to stop,direct_exclude,end,0.8691954612731934,0.8697060346603394,0.8771764636039734,0.7584022879600525,0.7175071835517883,0.04089510440826416,0.0005105733871459961,-0.00798100233078003,False,False,completed,True
v_2ac6cf025d5e88563949,a zebra running to join a herd of its kind,direct_exclude,end,0.9500249624252319,0.9483121037483215,0.9522801041603088,0.9185127019882202,0.8896903395652771,0.028822362422943115,0.0017128586769104004,-0.0022551417350769043,False,False,completed,True
v_2fbefa11a17758f1cd8f,a zebra taking a peaceful walk,direct_exclude,end,0.9445307850837708,0.9356323480606079,0.897132158279419,0.9212554693222046,0.8581079840660095,0.06314748525619507,0.008898437023162842,0.04739862680435181,False,False,completed,True
v_304f65b790cd089803d4,a zebra bending down to drink water from a river,direct_exclude,end,0.9545856714248657,0.9545354247093201,0.9663999676704407,0.9624999761581421,0.9084491729736328,0.05405080318450928,5.02467155456543e-05,-0.011814296245574951,False,False,completed,True
v_34025bb5b4d01c898f92,a motorcycle accelerating to gain speed,direct_exclude,end,0.9564681053161621,0.9525496363639832,0.9621639251708984,0.9416208267211914,0.9202480316162109,0.02137279510498047,0.003918468952178955,-0.005695819854736328,False,False,completed,True
v_355010ce10f66a681b88,a truck turning a corner,direct_exclude,end,0.9635376334190369,0.9629120230674744,0.9631471633911133,0.9169105887413025,0.8932565450668335,0.023654043674468994,0.0006256103515625,0.000390470027923584,False,False,completed,True
v_35d320b87cf1354b75ab,a zebra running to join a herd of its kind,direct_exclude,end,0.9588550925254822,0.9564964771270752,0.9587668776512146,0.9490302205085754,0.917585015296936,0.031445205211639404,0.0023586153984069824,8.821487426757812e-05,False,False,completed,True
v_38ae4c230155beb1b259,a zebra taking a peaceful walk,direct_exclude,end,0.9856873154640198,0.984675943851471,0.9878747463226318,0.98517906665802,0.965461790561676,0.019717276096343994,0.0010113716125488281,-0.0021874308586120605,False,False,completed,True
v_3b6ddfc07cc98fcf9fa0,an elephant running to join a herd of its kind,direct_exclude,end,0.9880058169364929,0.9877153635025024,0.8339213728904724,0.9849029779434204,0.9713139533996582,0.013589024543762207,0.0002904534339904785,0.1540844440460205,False,False,completed,True
v_427171327cff517973ed,a zebra bending down to drink water from a river,direct_exclude,end,0.9852167367935181,0.9822588562965393,0.9889706969261169,0.9767624139785767,0.9495030045509338,0.027259409427642822,0.0029578804969787598,-0.003753960132598877,False,False,completed,True
v_4719caef96c8df794757,an elephant running to join a herd of its kind,direct_exclude,end,0.9782639741897583,0.9782870411872864,0.8825221657752991,0.969979465007782,0.9515143036842346,0.018465161323547363,2.3066997528076172e-05,0.09574180841445923,False,False,completed,True
v_4d76a76426a219a5f1bb,a zebra bending down to drink water from a river,direct_exclude,end,0.9782224893569946,0.9718306660652161,0.9790183901786804,0.9762669801712036,0.954890787601471,0.021376192569732666,0.0063918232917785645,-0.000795900821685791,False,False,completed,True
v_4e7cf3a0868b1b118f55,a zebra running to join a herd of its kind,direct_exclude,end,0.9522103071212769,0.9492599964141846,0.9055758714675903,0.9482232928276062,0.9251025915145874,0.0231207013130188,0.002950310707092285,0.04663443565368652,False,False,completed,True
v_4f8abc7bb931501fb862,a truck slowing down to stop,direct_exclude,end,0.9940704703330994,0.9808306097984314,0.987028181552887,0.9710509777069092,0.8808538317680359,0.09019714593887329,0.013239860534667969,0.007042288780212402,False,False,completed,False
v_4ff816e35ca1960d8058,an elephant running to join a herd of its kind,direct_exclude,end,0.9646567702293396,0.9636507630348206,0.8207063674926758,0.9487122297286987,0.9097524881362915,0.03895974159240723,0.001006007194519043,0.14395040273666382,False,False,completed,True
v_50b265d3f9ccf281a518,an elephant spraying itself with water using its trunk to cool down,direct_exclude,end,0.9901018142700195,0.9855102300643921,0.8287474513053894,0.9922862648963928,0.9776664972305298,0.014619767665863037,0.004591584205627441,0.16135436296463013,False,False,completed,True
v_53b3d43654788945925c,a zebra running to join a herd of its kind,direct_exclude,end,0.972172737121582,0.9674745798110962,0.9742172956466675,0.9581042528152466,0.9233951568603516,0.03470909595489502,0.00469815731048584,-0.0020445585250854492,False,False,completed,True
v_55a4f07d56cda7470760,an elephant running to join a herd of its kind,direct_exclude,end,0.9789860844612122,0.9766735434532166,0.8289391398429871,0.9713909029960632,0.9554741978645325,0.01591670513153076,0.0023125410079956055,0.1500469446182251,False,False,completed,True
v_6015d56a898aa0948639,a zebra bending down to drink water from a river,direct_exclude,end,0.9817591905593872,0.9810211062431335,0.9815660119056702,0.9774531722068787,0.9561401605606079,0.021313011646270752,0.0007380843162536621,0.00019317865371704102,False,False,completed,True
v_67c0894760111d0087b6,a motorcycle accelerating to gain speed,direct_exclude,end,0.92059326171875,0.9226377010345459,0.9285270571708679,0.7869536280632019,0.7099528312683105,0.07700079679489136,0.0020444393157958984,-0.00793379545211792,False,False,completed,True
v_6bee77846ce628e11d94,an elephant spraying itself with water using its trunk to cool down,direct_exclude,end,0.9835841059684753,0.9729916453361511,0.9124902486801147,0.9801599383354187,0.9499704241752625,0.03018951416015625,0.010592460632324219,0.0710938572883606,False,False,completed,True
v_6d2af08e0301e767c719,a cow running to join a herd of its kind,direct_exclude,end,0.9381388425827026,0.9373038411140442,0.8571981191635132,0.871242880821228,0.8232921361923218,0.04795074462890625,0.0008350014686584473,0.08094072341918945,False,False,completed,True
v_6ee4476dec8615e1535f,a zebra bending down to drink water from a river,direct_exclude,end,0.9657285213470459,0.9651871919631958,0.9643272161483765,0.964434027671814,0.9336537718772888,0.030780255794525146,0.0005413293838500977,0.0014013051986694336,False,False,completed,True
v_74d5bd9982ed49689599,a truck turning a corner,direct_exclude,end,0.9701874256134033,0.9664786458015442,0.9766306281089783,0.9252806901931763,0.8830769658088684,0.04220372438430786,0.003708779811859131,-0.006443202495574951,False,False,completed,True
v_795022cc03907dc7489e,an elephant spraying itself with water using its trunk to cool down,direct_exclude,end,0.960296094417572,0.9623679518699646,0.9557721018791199,0.9006173610687256,0.870042085647583,0.030575275421142578,0.002071857452392578,0.0045239925384521484,False,False,completed,True
v_7959de66f76bf5fc41d9,a zebra bending down to drink water from a river,direct_exclude,end,0.9828632473945618,0.9827898740768433,0.9825685620307922,0.9712667465209961,0.9512704610824585,0.019996285438537598,7.337331771850586e-05,0.00029468536376953125,False,False,completed,True
v_82dc1689fd289adcc0d2,a zebra taking a peaceful walk,direct_exclude,end,0.9778921008110046,0.9754728078842163,0.9775077700614929,0.9754855632781982,0.954840898513794,0.020644664764404297,0.00241929292678833,0.00038433074951171875,False,False,completed,True
v_88720509dffa7aea9e30,a zebra bending down to drink water from a river,direct_exclude,end,0.9738063216209412,0.9744638204574585,0.978223443031311,0.9799759387969971,0.9556211233139038,0.02435481548309326,0.000657498836517334,-0.004417121410369873,False,False,completed,True
v_8887acf562b32cc84023,a zebra bending down to drink water from a river,direct_exclude,end,0.9334750771522522,0.9264451265335083,0.9302372336387634,0.9226030707359314,0.8846637010574341,0.037939369678497314,0.0070299506187438965,0.0032378435134887695,False,False,completed,True
v_8dca194984971f0a1124,a truck turning a corner,direct_exclude,end,0.9337459802627563,0.9366520643234253,0.8981961607933044,0.8681207299232483,0.8114359378814697,0.056684792041778564,0.0029060840606689453,0.035549819469451904,False,False,completed,True
v_8e6a21dfeb7a106dae22,a zebra taking a peaceful walk,direct_exclude,end,0.9760703444480896,0.9667560458183289,0.9609851241111755,0.9702401757240295,0.9462020397186279,0.02403813600540161,0.009314298629760742,0.015085220336914062,False,False,completed,True
v_a18cdea6bd26987ddbc4,a cow running to join a herd of its kind,direct_exclude,end,0.9763433337211609,0.9749805331230164,0.9774283766746521,0.9539317488670349,0.9303679466247559,0.023563802242279053,0.0013628005981445312,-0.001085042953491211,False,False,completed,True
v_a3b6d576bc5c5ef3517f,a zebra running to join a herd of its kind,direct_exclude,end,0.9438295960426331,0.9406047463417053,0.9206249713897705,0.9383728504180908,0.9203444719314575,0.0180283784866333,0.0032248497009277344,0.02320462465286255,False,False,completed,True
v_a522928f33a3f29c463c,a truck slowing down to stop,direct_exclude,end,0.9893493056297302,0.9850844144821167,0.9912800788879395,0.9741533398628235,0.9416837096214294,0.03246963024139404,0.004264891147613525,-0.0019307732582092285,False,False,completed,True
v_a5b4d7c4b2a095c9e6cc,an elephant running to join a herd of its kind,direct_exclude,end,0.9817762970924377,0.9763115048408508,0.853418231010437,0.9782154560089111,0.9551236629486084,0.023091793060302734,0.005464792251586914,0.12835806608200073,False,False,completed,True
v_aa14318968934ce72fb1,a zebra bending down to drink water from a river,direct_exclude,end,0.973966121673584,0.9706162810325623,0.9721702933311462,0.9643047451972961,0.9330012202262878,0.0313035249710083,0.0033498406410217285,0.0017958283424377441,False,False,completed,True
v_ad2f0d6ec69f9ff90382,a zebra taking a peaceful walk,direct_exclude,end,0.9869072437286377,0.9848606586456299,0.9876499772071838,0.9837861657142639,0.9575689435005188,0.026217222213745117,0.0020465850830078125,-0.0007427334785461426,False,False,completed,True
v_b2657298416595015a2b,a zebra running to join a herd of its kind,direct_exclude,end,0.9221466779708862,0.9221740365028381,0.9145859479904175,0.8821325302124023,0.8610860705375671,0.021046459674835205,2.7358531951904297e-05,0.00756072998046875,False,False,completed,True
v_bc950a10e74a0a5447f1,a zebra bending down to drink water from a river,direct_exclude,end,0.9756776690483093,0.975351870059967,0.9758030772209167,0.9725489616394043,0.9395564198493958,0.032992541790008545,0.00032579898834228516,-0.00012540817260742188,False,False,completed,True
v_bf4b3df29a9616bf26ae,a truck turning a corner,direct_exclude,end,0.9515529870986938,0.9518656730651855,0.9581620693206787,0.8850948214530945,0.8364115953445435,0.048683226108551025,0.0003126859664916992,-0.006609082221984863,False,False,completed,True
v_c41543fe72d2e5493d15,a truck slowing down to stop,direct_exclude,end,0.9834082722663879,0.9794638156890869,0.9746828079223633,0.9530027508735657,0.9229570031166077,0.030045747756958008,0.003944456577301025,0.008725464344024658,False,False,completed,True
v_c424c7aceaf2046394ad,a cow running to join a herd of its kind,direct_exclude,end,0.9763944745063782,0.974842369556427,0.8657273054122925,0.9669449329376221,0.9083694219589233,0.05857551097869873,0.0015521049499511719,0.1106671690940857,False,False,completed,True
v_c4de504a244d437ac3ad,a zebra bending down to drink water from a river,direct_exclude,end,0.9940760135650635,0.9921355247497559,0.9941746592521667,0.994841992855072,0.9545953869819641,0.04024660587310791,0.0019404888153076172,-9.864568710327148e-05,False,False,completed,True
v_cdab6ebfbdf88aa1365e,an elephant running to join a herd of its kind,direct_exclude,end,0.9607254266738892,0.9602210521697998,0.8910542130470276,0.9530994296073914,0.9036851525306702,0.04941427707672119,0.0005043745040893555,0.06967121362686157,False,False,completed,True
v_d111e2d8975fa9b850b3,a zebra taking a peaceful walk,direct_exclude,end,0.9483411908149719,0.9431173205375671,0.9384080767631531,0.9036860466003418,0.8762560486793518,0.02742999792098999,0.005223870277404785,0.009933114051818848,False,False,completed,True
v_d51186bcfc23e2a780ab,a truck slowing down to stop,direct_exclude,end,0.9643544554710388,0.9640432000160217,0.9586366415023804,0.9112410545349121,0.8769065737724304,0.03433448076248169,0.00031125545501708984,0.005717813968658447,False,False,completed,True
v_d86a4852b9a610b4e2ac,a motorcycle accelerating to gain speed,direct_exclude,end,0.9552143812179565,0.9586019515991211,0.9675717353820801,0.8991079330444336,0.858012855052948,0.041095077991485596,0.0033875703811645508,-0.012357354164123535,False,False,completed,True
v_e7e6381187b3421f31f4,a zebra taking a peaceful walk,direct_exclude,end,0.9758050441741943,0.9745855331420898,0.978863000869751,0.9502309560775757,0.9292735457420349,0.02095741033554077,0.0012195110321044922,-0.0030579566955566406,False,False,completed,True
v_e84cd21f77767e064452,an elephant running to join a herd of its kind,direct_exclude,end,0.8868926167488098,0.8907179832458496,0.8909639716148376,0.9618316292762756,0.8951723575592041,0.06665927171707153,0.003825366497039795,-0.004071354866027832,False,False,completed,True
v_f762ed821ba1fba906af,a zebra bending down to drink water from a river,direct_exclude,end,0.9867092370986938,0.9843617081642151,0.9880254864692688,0.9777792096138,0.945510745048523,0.0322684645652771,0.0023475289344787598,-0.0013162493705749512,False,False,completed,True
v_f993f14cdb34fb8383ef,a zebra bending down to drink water from a river,direct_exclude,end,0.9814218878746033,0.9779401421546936,0.9812358617782593,0.9786093235015869,0.9442384839057922,0.03437083959579468,0.003481745719909668,0.00018602609634399414,False,False,completed,True
v_fb03b6a21df9c0a51627,a cow running to join a herd of its kind,direct_exclude,end,0.9514460563659668,0.9515883326530457,0.7890348434448242,0.9386007189750671,0.8970926403999329,0.04150807857513428,0.00014227628707885742,0.16241121292114258,False,False,completed,True
v_fc9b39a4b047b2db243c,an elephant spraying itself with water using its trunk to cool down,direct_exclude,end,0.9950287342071533,0.9928475022315979,0.916377067565918,0.9937685132026672,0.9810974597930908,0.012671053409576416,0.00218123197555542,0.07865166664123535,False,False,completed,True
v_fef8070abcd8dcd3af47,a zebra taking a peaceful walk,direct_exclude,end,0.9282910823822021,0.9272288084030151,0.931766152381897,0.8663416504859924,0.8385172486305237,0.02782440185546875,0.0010622739791870117,-0.0034750699996948242,False,False,completed,True
v_075ccc862d1b2d4936f0,an elephant running to join a herd of its kind,hybrid_zero,end,0.9630889296531677,0.9626031517982483,0.8259469866752625,0.9417819976806641,0.9137150645256042,0.028066933155059814,0.0004857778549194336,0.13714194297790527,False,False,completed,True
v_0925f4496cf55ade8e5d,an elephant spraying itself with water using its trunk to cool down,hybrid_zero,end,0.98935467004776,0.9893154501914978,0.795493483543396,0.9881947040557861,0.974102258682251,0.014092445373535156,3.921985626220703e-05,0.193861186504364,False,False,completed,True
v_0a1a6db568841167f9e8,a truck turning a corner,hybrid_zero,end,0.8892853260040283,0.889467179775238,0.738776683807373,0.8972001075744629,0.8590364456176758,0.03816366195678711,0.0001818537712097168,0.15050864219665527,False,False,completed,True
v_10d250e1b4b4a6ec0a82,a cow running to join a herd of its kind,hybrid_zero,end,0.9591885805130005,0.9493919610977173,0.8964358568191528,0.9442958235740662,0.8876572847366333,0.05663853883743286,0.009796619415283203,0.06275272369384766,False,False,completed,True
v_125269dc5fc640751fa4,a zebra running to join a herd of its kind,hybrid_zero,end,0.9697616100311279,0.9696024060249329,0.7818391919136047,0.9459475874900818,0.9172872304916382,0.028660356998443604,0.00015920400619506836,0.1879224181175232,False,False,completed,True
v_13502c1b9c959957b46a,a zebra taking a peaceful walk,hybrid_zero,end,0.9967139363288879,0.9921174645423889,0.8239971399307251,0.997106671333313,0.9693386554718018,0.02776801586151123,0.0045964717864990234,0.17271679639816284,False,False,completed,True
v_1814b4d5b25ffa156aa6,an elephant running to join a herd of its kind,hybrid_zero,end,0.9690490961074829,0.9666243195533752,0.8364561200141907,0.9329218864440918,0.9133150577545166,0.019606828689575195,0.002424776554107666,0.13259297609329224,False,False,completed,True
v_22506cf5d5a1e6088fc8,a truck slowing down to stop,hybrid_zero,end,0.8691954612731934,0.8716980218887329,0.7657805681228638,0.7584022879600525,0.7175071835517883,0.04089510440826416,0.0025025606155395508,0.10341489315032959,False,False,completed,True
v_2ac6cf025d5e88563949,a zebra running to join a herd of its kind,hybrid_zero,end,0.9500249624252319,0.9483121037483215,0.8031968474388123,0.9185127019882202,0.8896903395652771,0.028822362422943115,0.0017128586769104004,0.14682811498641968,False,False,completed,True
v_2fbefa11a17758f1cd8f,a zebra taking a peaceful walk,hybrid_zero,end,0.9445307850837708,0.9356323480606079,0.8494240641593933,0.9212554693222046,0.8581079840660095,0.06314748525619507,0.008898437023162842,0.09510672092437744,False,False,completed,True
v_304f65b790cd089803d4,a zebra bending down to drink water from a river,hybrid_zero,end,0.9545856714248657,0.9545354247093201,0.7867122888565063,0.9624999761581421,0.9084491729736328,0.05405080318450928,5.02467155456543e-05,0.16787338256835938,False,False,completed,True
v_34025bb5b4d01c898f92,a motorcycle accelerating to gain speed,hybrid_zero,end,0.9564681053161621,0.9525496363639832,0.8474966883659363,0.9416208267211914,0.9202480316162109,0.02137279510498047,0.003918468952178955,0.10897141695022583,False,False,completed,True
v_355010ce10f66a681b88,a truck turning a corner,hybrid_zero,end,0.9635376334190369,0.9629120230674744,0.8147143721580505,0.9169105887413025,0.8932565450668335,0.023654043674468994,0.0006256103515625,0.14882326126098633,False,False,completed,True
v_35d320b87cf1354b75ab,a zebra running to join a herd of its kind,hybrid_zero,end,0.9588550925254822,0.9564964771270752,0.7565149664878845,0.9490302205085754,0.917585015296936,0.031445205211639404,0.0023586153984069824,0.20234012603759766,False,False,completed,True
v_38ae4c230155beb1b259,a zebra taking a peaceful walk,hybrid_zero,end,0.9856873154640198,0.984675943851471,0.7682366967201233,0.98517906665802,0.965461790561676,0.019717276096343994,0.0010113716125488281,0.21745061874389648,False,False,completed,True
v_3b6ddfc07cc98fcf9fa0,an elephant running to join a herd of its kind,hybrid_zero,end,0.9880058169364929,0.9877153635025024,0.8339213728904724,0.9849029779434204,0.9713139533996582,0.013589024543762207,0.0002904534339904785,0.1540844440460205,False,False,completed,True
v_427171327cff517973ed,a zebra bending down to drink water from a river,hybrid_zero,end,0.9852167367935181,0.9822588562965393,0.8180173635482788,0.9767624139785767,0.9495030045509338,0.027259409427642822,0.0029578804969787598,0.16719937324523926,False,False,completed,True
v_4719caef96c8df794757,an elephant running to join a herd of its kind,hybrid_zero,end,0.9782639741897583,0.9782870411872864,0.8305702805519104,0.969979465007782,0.9515143036842346,0.018465161323547363,2.3066997528076172e-05,0.1476936936378479,False,False,completed,True
v_4d76a76426a219a5f1bb,a zebra bending down to drink water from a river,hybrid_zero,end,0.9782224893569946,0.9718306660652161,0.8135681748390198,0.9762669801712036,0.954890787601471,0.021376192569732666,0.0063918232917785645,0.16465431451797485,False,False,completed,True
v_4e7cf3a0868b1b118f55,a zebra running to join a herd of its kind,hybrid_zero,end,0.9522103071212769,0.9492599964141846,0.8524419069290161,0.9482232928276062,0.9251025915145874,0.0231207013130188,0.002950310707092285,0.09976840019226074,False,False,completed,True
v_4f8abc7bb931501fb862,a truck slowing down to stop,hybrid_zero,end,0.9940704703330994,0.8659377098083496,0.987028181552887,0.9710509777069092,0.8808538317680359,0.09019714593887329,0.12813276052474976,0.007042288780212402,False,False,completed,False
v_4ff816e35ca1960d8058,an elephant running to join a herd of its kind,hybrid_zero,end,0.9646567702293396,0.9636507630348206,0.8207063674926758,0.9487122297286987,0.9097524881362915,0.03895974159240723,0.001006007194519043,0.14395040273666382,False,False,completed,True
v_50b265d3f9ccf281a518,an elephant spraying itself with water using its trunk to cool down,hybrid_zero,end,0.9901018142700195,0.9855102300643921,0.8287474513053894,0.9922862648963928,0.9776664972305298,0.014619767665863037,0.004591584205627441,0.16135436296463013,False,False,completed,True
v_53b3d43654788945925c,a zebra running to join a herd of its kind,hybrid_zero,end,0.972172737121582,0.9674745798110962,0.8042905330657959,0.9581042528152466,0.9233951568603516,0.03470909595489502,0.00469815731048584,0.16788220405578613,False,False,completed,True
v_55a4f07d56cda7470760,an elephant running to join a herd of its kind,hybrid_zero,end,0.9789860844612122,0.9766735434532166,0.805992066860199,0.9713909029960632,0.9554741978645325,0.01591670513153076,0.0023125410079956055,0.17299401760101318,False,False,completed,True
v_6015d56a898aa0948639,a zebra bending down to drink water from a river,hybrid_zero,end,0.9817591905593872,0.9810211062431335,0.8660312294960022,0.9774531722068787,0.9561401605606079,0.021313011646270752,0.0007380843162536621,0.11572796106338501,False,False,completed,True
v_67c0894760111d0087b6,a motorcycle accelerating to gain speed,hybrid_zero,end,0.92059326171875,0.9097900986671448,0.8487048149108887,0.7869536280632019,0.7099528312683105,0.07700079679489136,0.010803163051605225,0.07188844680786133,False,False,completed,True
v_6bee77846ce628e11d94,an elephant spraying itself with water using its trunk to cool down,hybrid_zero,end,0.9835841059684753,0.9729916453361511,0.8182132840156555,0.9801599383354187,0.9499704241752625,0.03018951416015625,0.010592460632324219,0.16537082195281982,False,False,completed,True
v_6d2af08e0301e767c719,a cow running to join a herd of its kind,hybrid_zero,end,0.9381388425827026,0.9373038411140442,0.8504144549369812,0.871242880821228,0.8232921361923218,0.04795074462890625,0.0008350014686584473,0.08772438764572144,False,False,completed,True
v_6ee4476dec8615e1535f,a zebra bending down to drink water from a river,hybrid_zero,end,0.9657285213470459,0.9651871919631958,0.8519587516784668,0.964434027671814,0.9336537718772888,0.030780255794525146,0.0005413293838500977,0.1137697696685791,False,False,completed,True
v_74d5bd9982ed49689599,a truck turning a corner,hybrid_zero,end,0.9701874256134033,0.9664786458015442,0.8368361592292786,0.9252806901931763,0.8830769658088684,0.04220372438430786,0.003708779811859131,0.13335126638412476,False,False,completed,True
v_795022cc03907dc7489e,an elephant spraying itself with water using its trunk to cool down,hybrid_zero,end,0.9523473978042603,0.9563819766044617,0.8539581298828125,0.9006173610687256,0.870042085647583,0.030575275421142578,0.004034578800201416,0.09838926792144775,False,False,completed,True
v_7959de66f76bf5fc41d9,a zebra bending down to drink water from a river,hybrid_zero,end,0.9828632473945618,0.9827898740768433,0.8182705044746399,0.9712667465209961,0.9512704610824585,0.019996285438537598,7.337331771850586e-05,0.16459274291992188,False,False,completed,True
v_82dc1689fd289adcc0d2,a zebra taking a peaceful walk,hybrid_zero,end,0.9778921008110046,0.9754728078842163,0.7972479462623596,0.9754855632781982,0.954840898513794,0.020644664764404297,0.00241929292678833,0.18064415454864502,False,False,completed,True
v_88720509dffa7aea9e30,a zebra bending down to drink water from a river,hybrid_zero,end,0.9738063216209412,0.9744638204574585,0.8251728415489197,0.9799759387969971,0.9556211233139038,0.02435481548309326,0.000657498836517334,0.14863348007202148,False,False,completed,True
v_8887acf562b32cc84023,a zebra bending down to drink water from a river,hybrid_zero,end,0.9334750771522522,0.9264451265335083,0.9302372336387634,0.9226030707359314,0.8846637010574341,0.037939369678497314,0.0070299506187438965,0.0032378435134887695,False,False,completed,True
v_8dca194984971f0a1124,a truck turning a corner,hybrid_zero,end,0.9337459802627563,0.9045770764350891,0.8505547046661377,0.8681207299232483,0.8114359378814697,0.056684792041778564,0.029168903827667236,0.08319127559661865,False,False,completed,True
v_8e6a21dfeb7a106dae22,a zebra taking a peaceful walk,hybrid_zero,end,0.9760703444480896,0.9667560458183289,0.851299524307251,0.9702401757240295,0.9462020397186279,0.02403813600540161,0.009314298629760742,0.12477082014083862,False,False,completed,True
v_a18cdea6bd26987ddbc4,a cow running to join a herd of its kind,hybrid_zero,end,0.9762948155403137,0.9738670587539673,0.8284611701965332,0.9539317488670349,0.9303679466247559,0.023563802242279053,0.0024277567863464355,0.14783364534378052,False,False,completed,True
v_a3b6d576bc5c5ef3517f,a zebra running to join a herd of its kind,hybrid_zero,end,0.9438295960426331,0.9406047463417053,0.8268097639083862,0.9383728504180908,0.9203444719314575,0.0180283784866333,0.0032248497009277344,0.11701983213424683,False,False,completed,True
v_a522928f33a3f29c463c,a truck slowing down to stop,hybrid_zero,end,0.9893493056297302,0.9850844144821167,0.8351681232452393,0.9741533398628235,0.9416837096214294,0.03246963024139404,0.004264891147613525,0.15418118238449097,False,False,completed,True
v_a5b4d7c4b2a095c9e6cc,an elephant running to join a herd of its kind,hybrid_zero,end,0.9817762970924377,0.9721381664276123,0.8426514863967896,0.9782154560089111,0.9551236629486084,0.023091793060302734,0.00963813066482544,0.1391248106956482,False,False,completed,True
v_aa14318968934ce72fb1,a zebra bending down to drink water from a river,hybrid_zero,end,0.973966121673584,0.9706162810325623,0.7761882543563843,0.9643047451972961,0.9330012202262878,0.0313035249710083,0.0033498406410217285,0.1977778673171997,False,False,completed,True
v_ad2f0d6ec69f9ff90382,a zebra taking a peaceful walk,hybrid_zero,end,0.9869072437286377,0.9848606586456299,0.8063217997550964,0.9837861657142639,0.9575689435005188,0.026217222213745117,0.0020465850830078125,0.18058544397354126,False,False,completed,True
v_b2657298416595015a2b,a zebra running to join a herd of its kind,hybrid_zero,end,0.9221466779708862,0.9221740365028381,0.7716547846794128,0.8821325302124023,0.8610860705375671,0.021046459674835205,2.7358531951904297e-05,0.1504918932914734,False,False,completed,True
v_bc950a10e74a0a5447f1,a zebra bending down to drink water from a river,hybrid_zero,end,0.9756776690483093,0.975351870059967,0.7916622757911682,0.9725489616394043,0.9395564198493958,0.032992541790008545,0.00032579898834228516,0.1840153932571411,False,False,completed,True
v_bf4b3df29a9616bf26ae,a truck turning a corner,hybrid_zero,end,0.9515529870986938,0.9518656730651855,0.7967103719711304,0.8850948214530945,0.8364115953445435,0.048683226108551025,0.0003126859664916992,0.15484261512756348,False,False,completed,True
v_c41543fe72d2e5493d15,a truck slowing down to stop,hybrid_zero,end,0.9834082722663879,0.9774061441421509,0.8804313540458679,0.9530027508735657,0.9229570031166077,0.030045747756958008,0.0060021281242370605,0.10297691822052002,False,False,completed,True
v_c424c7aceaf2046394ad,a cow running to join a herd of its kind,hybrid_zero,end,0.9763944745063782,0.974842369556427,0.8657273054122925,0.9669449329376221,0.9083694219589233,0.05857551097869873,0.0015521049499511719,0.1106671690940857,False,False,completed,True
v_c4de504a244d437ac3ad,a zebra bending down to drink water from a river,hybrid_zero,end,0.9940760135650635,0.9921355247497559,0.7883568406105042,0.994841992855072,0.9545953869819641,0.04024660587310791,0.0019404888153076172,0.20571917295455933,False,False,completed,True
v_cdab6ebfbdf88aa1365e,an elephant running to join a herd of its kind,hybrid_zero,end,0.9607254266738892,0.9602210521697998,0.7779504060745239,0.9530994296073914,0.9036851525306702,0.04941427707672119,0.0005043745040893555,0.18277502059936523,False,False,completed,True
v_d111e2d8975fa9b850b3,a zebra taking a peaceful walk,hybrid_zero,end,0.9483411908149719,0.9431173205375671,0.807667076587677,0.9036860466003418,0.8762560486793518,0.02742999792098999,0.005223870277404785,0.14067411422729492,False,False,completed,True
v_d51186bcfc23e2a780ab,a truck slowing down to stop,hybrid_zero,end,0.9643544554710388,0.9640432000160217,0.8129180073738098,0.9112410545349121,0.8769065737724304,0.03433448076248169,0.00031125545501708984,0.151436448097229,False,False,completed,True
v_d86a4852b9a610b4e2ac,a motorcycle accelerating to gain speed,hybrid_zero,end,0.9552143812179565,0.9532704949378967,0.8344842195510864,0.8991079330444336,0.858012855052948,0.041095077991485596,0.0019438862800598145,0.12073016166687012,False,False,completed,True
v_e7e6381187b3421f31f4,a zebra taking a peaceful walk,hybrid_zero,end,0.9758050441741943,0.9745855331420898,0.806449830532074,0.9502309560775757,0.9292735457420349,0.02095741033554077,0.0012195110321044922,0.16935521364212036,False,False,completed,True
v_e84cd21f77767e064452,an elephant running to join a herd of its kind,hybrid_zero,end,0.8868926167488098,0.8907179832458496,0.8361855149269104,0.9618316292762756,0.8951723575592041,0.06665927171707153,0.003825366497039795,0.050707101821899414,False,False,completed,True
v_f762ed821ba1fba906af,a zebra bending down to drink water from a river,hybrid_zero,end,0.9867092370986938,0.9843617081642151,0.812412440776825,0.9777792096138,0.945510745048523,0.0322684645652771,0.0023475289344787598,0.1742967963218689,False,False,completed,True
v_f993f14cdb34fb8383ef,a zebra bending down to drink water from a river,hybrid_zero,end,0.9814218878746033,0.9779401421546936,0.8202245235443115,0.9786093235015869,0.9442384839057922,0.03437083959579468,0.003481745719909668,0.16119736433029175,False,False,completed,True
v_fb03b6a21df9c0a51627,a cow running to join a herd of its kind,hybrid_zero,end,0.9514460563659668,0.9515883326530457,0.7890348434448242,0.9386007189750671,0.8970926403999329,0.04150807857513428,0.00014227628707885742,0.16241121292114258,False,False,completed,True
v_fc9b39a4b047b2db243c,an elephant spraying itself with water using its trunk to cool down,hybrid_zero,end,0.9950287342071533,0.9928475022315979,0.7969076037406921,0.9937685132026672,0.9810974597930908,0.012671053409576416,0.00218123197555542,0.19812113046646118,False,False,completed,True
v_fef8070abcd8dcd3af47,a zebra taking a peaceful walk,hybrid_zero,end,0.9282910823822021,0.9272288084030151,0.7888484597206116,0.8663416504859924,0.8385172486305237,0.02782440185546875,0.0010622739791870117,0.13944262266159058,False,False,completed,True
v_075ccc862d1b2d4936f0,an elephant running to join a herd of its kind,hybrid_exclude,end,0.9630889296531677,0.9626031517982483,0.8259469866752625,0.9417819976806641,0.9137150645256042,0.028066933155059814,0.0004857778549194336,0.13714194297790527,False,False,completed,True
v_0925f4496cf55ade8e5d,an elephant spraying itself with water using its trunk to cool down,hybrid_exclude,end,0.98935467004776,0.9893154501914978,0.795493483543396,0.9881947040557861,0.974102258682251,0.014092445373535156,3.921985626220703e-05,0.193861186504364,False,False,completed,True
v_0a1a6db568841167f9e8,a truck turning a corner,hybrid_exclude,end,0.8892853260040283,0.889467179775238,0.738776683807373,0.8972001075744629,0.8590364456176758,0.03816366195678711,0.0001818537712097168,0.15050864219665527,False,False,completed,True
v_10d250e1b4b4a6ec0a82,a cow running to join a herd of its kind,hybrid_exclude,end,0.9591885805130005,0.9493919610977173,0.8964358568191528,0.9442958235740662,0.8876572847366333,0.05663853883743286,0.009796619415283203,0.06275272369384766,False,False,completed,True
v_125269dc5fc640751fa4,a zebra running to join a herd of its kind,hybrid_exclude,end,0.9697616100311279,0.9696024060249329,0.7818391919136047,0.9459475874900818,0.9172872304916382,0.028660356998443604,0.00015920400619506836,0.1879224181175232,False,False,completed,True
v_13502c1b9c959957b46a,a zebra taking a peaceful walk,hybrid_exclude,end,0.9967139363288879,0.9921174645423889,0.8239971399307251,0.997106671333313,0.9693386554718018,0.02776801586151123,0.0045964717864990234,0.17271679639816284,False,False,completed,True
v_1814b4d5b25ffa156aa6,an elephant running to join a herd of its kind,hybrid_exclude,end,0.9690490961074829,0.9666243195533752,0.8364561200141907,0.9329218864440918,0.9133150577545166,0.019606828689575195,0.002424776554107666,0.13259297609329224,False,False,completed,True
v_22506cf5d5a1e6088fc8,a truck slowing down to stop,hybrid_exclude,end,0.8691954612731934,0.8716980218887329,0.7657805681228638,0.7584022879600525,0.7175071835517883,0.04089510440826416,0.0025025606155395508,0.10341489315032959,False,False,completed,True
v_2ac6cf025d5e88563949,a zebra running to join a herd of its kind,hybrid_exclude,end,0.9500249624252319,0.9483121037483215,0.8031968474388123,0.9185127019882202,0.8896903395652771,0.028822362422943115,0.0017128586769104004,0.14682811498641968,False,False,completed,True
v_2fbefa11a17758f1cd8f,a zebra taking a peaceful walk,hybrid_exclude,end,0.9445307850837708,0.9356323480606079,0.8494240641593933,0.9212554693222046,0.8581079840660095,0.06314748525619507,0.008898437023162842,0.09510672092437744,False,False,completed,True
v_304f65b790cd089803d4,a zebra bending down to drink water from a river,hybrid_exclude,end,0.9545856714248657,0.9545354247093201,0.7867122888565063,0.9624999761581421,0.9084491729736328,0.05405080318450928,5.02467155456543e-05,0.16787338256835938,False,False,completed,True
v_34025bb5b4d01c898f92,a motorcycle accelerating to gain speed,hybrid_exclude,end,0.9564681053161621,0.9525496363639832,0.8474966883659363,0.9416208267211914,0.9202480316162109,0.02137279510498047,0.003918468952178955,0.10897141695022583,False,False,completed,True
v_355010ce10f66a681b88,a truck turning a corner,hybrid_exclude,end,0.9635376334190369,0.9629120230674744,0.8147143721580505,0.9169105887413025,0.8932565450668335,0.023654043674468994,0.0006256103515625,0.14882326126098633,False,False,completed,True
v_35d320b87cf1354b75ab,a zebra running to join a herd of its kind,hybrid_exclude,end,0.9588550925254822,0.9564964771270752,0.7565149664878845,0.9490302205085754,0.917585015296936,0.031445205211639404,0.0023586153984069824,0.20234012603759766,False,False,completed,True
v_38ae4c230155beb1b259,a zebra taking a peaceful walk,hybrid_exclude,end,0.9856873154640198,0.984675943851471,0.7682366967201233,0.98517906665802,0.965461790561676,0.019717276096343994,0.0010113716125488281,0.21745061874389648,False,False,completed,True
v_3b6ddfc07cc98fcf9fa0,an elephant running to join a herd of its kind,hybrid_exclude,end,0.9880058169364929,0.9877153635025024,0.8339213728904724,0.9849029779434204,0.9713139533996582,0.013589024543762207,0.0002904534339904785,0.1540844440460205,False,False,completed,True
v_427171327cff517973ed,a zebra bending down to drink water from a river,hybrid_exclude,end,0.9852167367935181,0.9822588562965393,0.8180173635482788,0.9767624139785767,0.9495030045509338,0.027259409427642822,0.0029578804969787598,0.16719937324523926,False,False,completed,True
v_4719caef96c8df794757,an elephant running to join a herd of its kind,hybrid_exclude,end,0.9782639741897583,0.9782870411872864,0.8305702805519104,0.969979465007782,0.9515143036842346,0.018465161323547363,2.3066997528076172e-05,0.1476936936378479,False,False,completed,True
v_4d76a76426a219a5f1bb,a zebra bending down to drink water from a river,hybrid_exclude,end,0.9782224893569946,0.9718306660652161,0.8135681748390198,0.9762669801712036,0.954890787601471,0.021376192569732666,0.0063918232917785645,0.16465431451797485,False,False,completed,True
v_4e7cf3a0868b1b118f55,a zebra running to join a herd of its kind,hybrid_exclude,end,0.9522103071212769,0.9492599964141846,0.8524419069290161,0.9482232928276062,0.9251025915145874,0.0231207013130188,0.002950310707092285,0.09976840019226074,False,False,completed,True
v_4f8abc7bb931501fb862,a truck slowing down to stop,hybrid_exclude,end,0.9940704703330994,0.8659377098083496,0.987028181552887,0.9710509777069092,0.8808538317680359,0.09019714593887329,0.12813276052474976,0.007042288780212402,False,False,completed,False
v_4ff816e35ca1960d8058,an elephant running to join a herd of its kind,hybrid_exclude,end,0.9646567702293396,0.9636507630348206,0.8207063674926758,0.9487122297286987,0.9097524881362915,0.03895974159240723,0.001006007194519043,0.14395040273666382,False,False,completed,True
v_50b265d3f9ccf281a518,an elephant spraying itself with water using its trunk to cool down,hybrid_exclude,end,0.9901018142700195,0.9855102300643921,0.8287474513053894,0.9922862648963928,0.9776664972305298,0.014619767665863037,0.004591584205627441,0.16135436296463013,False,False,completed,True
v_53b3d43654788945925c,a zebra running to join a herd of its kind,hybrid_exclude,end,0.972172737121582,0.9674745798110962,0.8042905330657959,0.9581042528152466,0.9233951568603516,0.03470909595489502,0.00469815731048584,0.16788220405578613,False,False,completed,True
v_55a4f07d56cda7470760,an elephant running to join a herd of its kind,hybrid_exclude,end,0.9789860844612122,0.9766735434532166,0.805992066860199,0.9713909029960632,0.9554741978645325,0.01591670513153076,0.0023125410079956055,0.17299401760101318,False,False,completed,True
v_6015d56a898aa0948639,a zebra bending down to drink water from a river,hybrid_exclude,end,0.9817591905593872,0.9810211062431335,0.8660312294960022,0.9774531722068787,0.9561401605606079,0.021313011646270752,0.0007380843162536621,0.11572796106338501,False,False,completed,True
v_67c0894760111d0087b6,a motorcycle accelerating to gain speed,hybrid_exclude,end,0.92059326171875,0.9097900986671448,0.8487048149108887,0.7869536280632019,0.7099528312683105,0.07700079679489136,0.010803163051605225,0.07188844680786133,False,False,completed,True
v_6bee77846ce628e11d94,an elephant spraying itself with water using its trunk to cool down,hybrid_exclude,end,0.9835841059684753,0.9729916453361511,0.8182132840156555,0.9801599383354187,0.9499704241752625,0.03018951416015625,0.010592460632324219,0.16537082195281982,False,False,completed,True
v_6d2af08e0301e767c719,a cow running to join a herd of its kind,hybrid_exclude,end,0.9381388425827026,0.9373038411140442,0.8504144549369812,0.871242880821228,0.8232921361923218,0.04795074462890625,0.0008350014686584473,0.08772438764572144,False,False,completed,True
v_6ee4476dec8615e1535f,a zebra bending down to drink water from a river,hybrid_exclude,end,0.9657285213470459,0.9651871919631958,0.8519587516784668,0.964434027671814,0.9336537718772888,0.030780255794525146,0.0005413293838500977,0.1137697696685791,False,False,completed,True
v_74d5bd9982ed49689599,a truck turning a corner,hybrid_exclude,end,0.9701874256134033,0.9664786458015442,0.8368361592292786,0.9252806901931763,0.8830769658088684,0.04220372438430786,0.003708779811859131,0.13335126638412476,False,False,completed,True
v_795022cc03907dc7489e,an elephant spraying itself with water using its trunk to cool down,hybrid_exclude,end,0.9523473978042603,0.9563819766044617,0.8539581298828125,0.9006173610687256,0.870042085647583,0.030575275421142578,0.004034578800201416,0.09838926792144775,False,False,completed,True
v_7959de66f76bf5fc41d9,a zebra bending down to drink water from a river,hybrid_exclude,end,0.9828632473945618,0.9827898740768433,0.8182705044746399,0.9712667465209961,0.9512704610824585,0.019996285438537598,7.337331771850586e-05,0.16459274291992188,False,False,completed,True
v_82dc1689fd289adcc0d2,a zebra taking a peaceful walk,hybrid_exclude,end,0.9778921008110046,0.9754728078842163,0.7972479462623596,0.9754855632781982,0.954840898513794,0.020644664764404297,0.00241929292678833,0.18064415454864502,False,False,completed,True
v_88720509dffa7aea9e30,a zebra bending down to drink water from a river,hybrid_exclude,end,0.9738063216209412,0.9744638204574585,0.8251728415489197,0.9799759387969971,0.9556211233139038,0.02435481548309326,0.000657498836517334,0.14863348007202148,False,False,completed,True
v_8887acf562b32cc84023,a zebra bending down to drink water from a river,hybrid_exclude,end,0.9334750771522522,0.9264451265335083,0.9302372336387634,0.9226030707359314,0.8846637010574341,0.037939369678497314,0.0070299506187438965,0.0032378435134887695,False,False,completed,True
v_8dca194984971f0a1124,a truck turning a corner,hybrid_exclude,end,0.9337459802627563,0.9045770764350891,0.8505547046661377,0.8681207299232483,0.8114359378814697,0.056684792041778564,0.029168903827667236,0.08319127559661865,False,False,completed,True
v_8e6a21dfeb7a106dae22,a zebra taking a peaceful walk,hybrid_exclude,end,0.9760703444480896,0.9667560458183289,0.851299524307251,0.9702401757240295,0.9462020397186279,0.02403813600540161,0.009314298629760742,0.12477082014083862,False,False,completed,True
v_a18cdea6bd26987ddbc4,a cow running to join a herd of its kind,hybrid_exclude,end,0.9762948155403137,0.9738670587539673,0.8284611701965332,0.9539317488670349,0.9303679466247559,0.023563802242279053,0.0024277567863464355,0.14783364534378052,False,False,completed,True
v_a3b6d576bc5c5ef3517f,a zebra running to join a herd of its kind,hybrid_exclude,end,0.9438295960426331,0.9406047463417053,0.8268097639083862,0.9383728504180908,0.9203444719314575,0.0180283784866333,0.0032248497009277344,0.11701983213424683,False,False,completed,True
v_a522928f33a3f29c463c,a truck slowing down to stop,hybrid_exclude,end,0.9893493056297302,0.9850844144821167,0.8351681232452393,0.9741533398628235,0.9416837096214294,0.03246963024139404,0.004264891147613525,0.15418118238449097,False,False,completed,True
v_a5b4d7c4b2a095c9e6cc,an elephant running to join a herd of its kind,hybrid_exclude,end,0.9817762970924377,0.9721381664276123,0.8426514863967896,0.9782154560089111,0.9551236629486084,0.023091793060302734,0.00963813066482544,0.1391248106956482,False,False,completed,True
v_aa14318968934ce72fb1,a zebra bending down to drink water from a river,hybrid_exclude,end,0.973966121673584,0.9706162810325623,0.7761882543563843,0.9643047451972961,0.9330012202262878,0.0313035249710083,0.0033498406410217285,0.1977778673171997,False,False,completed,True
v_ad2f0d6ec69f9ff90382,a zebra taking a peaceful walk,hybrid_exclude,end,0.9869072437286377,0.9848606586456299,0.8063217997550964,0.9837861657142639,0.9575689435005188,0.026217222213745117,0.0020465850830078125,0.18058544397354126,False,False,completed,True
v_b2657298416595015a2b,a zebra running to join a herd of its kind,hybrid_exclude,end,0.9221466779708862,0.9221740365028381,0.7716547846794128,0.8821325302124023,0.8610860705375671,0.021046459674835205,2.7358531951904297e-05,0.1504918932914734,False,False,completed,True
v_bc950a10e74a0a5447f1,a zebra bending down to drink water from a river,hybrid_exclude,end,0.9756776690483093,0.975351870059967,0.7916622757911682,0.9725489616394043,0.9395564198493958,0.032992541790008545,0.00032579898834228516,0.1840153932571411,False,False,completed,True
v_bf4b3df29a9616bf26ae,a truck turning a corner,hybrid_exclude,end,0.9515529870986938,0.9518656730651855,0.7967103719711304,0.8850948214530945,0.8364115953445435,0.048683226108551025,0.0003126859664916992,0.15484261512756348,False,False,completed,True
v_c41543fe72d2e5493d15,a truck slowing down to stop,hybrid_exclude,end,0.9834082722663879,0.9774061441421509,0.8804313540458679,0.9530027508735657,0.9229570031166077,0.030045747756958008,0.0060021281242370605,0.10297691822052002,False,False,completed,True
v_c424c7aceaf2046394ad,a cow running to join a herd of its kind,hybrid_exclude,end,0.9763944745063782,0.974842369556427,0.8657273054122925,0.9669449329376221,0.9083694219589233,0.05857551097869873,0.0015521049499511719,0.1106671690940857,False,False,completed,True
v_c4de504a244d437ac3ad,a zebra bending down to drink water from a river,hybrid_exclude,end,0.9940760135650635,0.9921355247497559,0.7883568406105042,0.994841992855072,0.9545953869819641,0.04024660587310791,0.0019404888153076172,0.20571917295455933,False,False,completed,True
v_cdab6ebfbdf88aa1365e,an elephant running to join a herd of its kind,hybrid_exclude,end,0.9607254266738892,0.9602210521697998,0.7779504060745239,0.9530994296073914,0.9036851525306702,0.04941427707672119,0.0005043745040893555,0.18277502059936523,False,False,completed,True
v_d111e2d8975fa9b850b3,a zebra taking a peaceful walk,hybrid_exclude,end,0.9483411908149719,0.9431173205375671,0.807667076587677,0.9036860466003418,0.8762560486793518,0.02742999792098999,0.005223870277404785,0.14067411422729492,False,False,completed,True
v_d51186bcfc23e2a780ab,a truck slowing down to stop,hybrid_exclude,end,0.9643544554710388,0.9640432000160217,0.8129180073738098,0.9112410545349121,0.8769065737724304,0.03433448076248169,0.00031125545501708984,0.151436448097229,False,False,completed,True
v_d86a4852b9a610b4e2ac,a motorcycle accelerating to gain speed,hybrid_exclude,end,0.9552143812179565,0.9532704949378967,0.8344842195510864,0.8991079330444336,0.858012855052948,0.041095077991485596,0.0019438862800598145,0.12073016166687012,False,False,completed,True
v_e7e6381187b3421f31f4,a zebra taking a peaceful walk,hybrid_exclude,end,0.9758050441741943,0.9745855331420898,0.806449830532074,0.9502309560775757,0.9292735457420349,0.02095741033554077,0.0012195110321044922,0.16935521364212036,False,False,completed,True
v_e84cd21f77767e064452,an elephant running to join a herd of its kind,hybrid_exclude,end,0.8868926167488098,0.8907179832458496,0.8361855149269104,0.9618316292762756,0.8951723575592041,0.06665927171707153,0.003825366497039795,0.050707101821899414,False,False,completed,True
v_f762ed821ba1fba906af,a zebra bending down to drink water from a river,hybrid_exclude,end,0.9867092370986938,0.9843617081642151,0.812412440776825,0.9777792096138,0.945510745048523,0.0322684645652771,0.0023475289344787598,0.1742967963218689,False,False,completed,True
v_f993f14cdb34fb8383ef,a zebra bending down to drink water from a river,hybrid_exclude,end,0.9814218878746033,0.9779401421546936,0.8202245235443115,0.9786093235015869,0.9442384839057922,0.03437083959579468,0.003481745719909668,0.16119736433029175,False,False,completed,True
v_fb03b6a21df9c0a51627,a cow running to join a herd of its kind,hybrid_exclude,end,0.9514460563659668,0.9515883326530457,0.7890348434448242,0.9386007189750671,0.8970926403999329,0.04150807857513428,0.00014227628707885742,0.16241121292114258,False,False,completed,True
v_fc9b39a4b047b2db243c,an elephant spraying itself with water using its trunk to cool down,hybrid_exclude,end,0.9950287342071533,0.9928475022315979,0.7969076037406921,0.9937685132026672,0.9810974597930908,0.012671053409576416,0.00218123197555542,0.19812113046646118,False,False,completed,True
v_fef8070abcd8dcd3af47,a zebra taking a peaceful walk,hybrid_exclude,end,0.9282910823822021,0.9272288084030151,0.7888484597206116,0.8663416504859924,0.8385172486305237,0.02782440185546875,0.0010622739791870117,0.13944262266159058,False,False,completed,True
v_075ccc862d1b2d4936f0,an elephant running to join a herd of its kind,direct_zero,full,0.9630889296531677,0.9636630415916443,0.9163544178009033,0.9417819976806641,0.9285023212432861,0.01327967643737793,0.0005741119384765625,0.046734511852264404,False,False,completed,True
v_0925f4496cf55ade8e5d,an elephant spraying itself with water using its trunk to cool down,direct_zero,full,0.98935467004776,0.9858576059341431,0.0,0.9881947040557861,0.9832627773284912,0.004931926727294922,0.0034970641136169434,0.98935467004776,False,False,completed,True
v_0a1a6db568841167f9e8,a truck turning a corner,direct_zero,full,0.7832257747650146,0.7801069021224976,0.0,0.8972001075744629,0.8659633994102478,0.031236708164215088,0.00311887264251709,0.7832257747650146,False,False,completed,True
v_10d250e1b4b4a6ec0a82,a cow running to join a herd of its kind,direct_zero,full,0.9591885805130005,0.9378485083580017,0.892408549785614,0.9442958235740662,0.901060938835144,0.04323488473892212,0.02134007215499878,0.06678003072738647,False,False,completed,True
v_125269dc5fc640751fa4,a zebra running to join a herd of its kind,direct_zero,full,0.9697616100311279,0.9683030843734741,0.0,0.9459475874900818,0.9397029280662537,0.006244659423828125,0.0014585256576538086,0.9697616100311279,False,False,completed,True
v_13502c1b9c959957b46a,a zebra taking a peaceful walk,direct_zero,full,0.9967139363288879,0.9938566088676453,0.0,0.997106671333313,0.9947006106376648,0.0024060606956481934,0.0028573274612426758,0.9967139363288879,False,False,completed,True
v_1814b4d5b25ffa156aa6,an elephant running to join a herd of its kind,direct_zero,full,0.9690490961074829,0.9600569605827332,0.35587814450263977,0.9329218864440918,0.8988328576087952,0.03408902883529663,0.008992135524749756,0.6131709516048431,False,False,completed,True
v_22506cf5d5a1e6088fc8,a truck slowing down to stop,direct_zero,full,0.8691954612731934,0.1979091316461563,0.04407350718975067,0.7584022879600525,0.6934057474136353,0.06499654054641724,0.671286329627037,0.8251219540834427,False,False,completed,True
v_2ac6cf025d5e88563949,a zebra running to join a herd of its kind,direct_zero,full,0.9500249624252319,0.9478874802589417,0.0,0.9185127019882202,0.9099277257919312,0.008584976196289062,0.002137482166290283,0.9500249624252319,False,False,completed,True
v_2fbefa11a17758f1cd8f,a zebra taking a peaceful walk,direct_zero,full,0.9445307850837708,0.9319398999214172,0.1588817834854126,0.9212554693222046,0.8491337895393372,0.07212167978286743,0.012590885162353516,0.7856490015983582,False,False,completed,True
v_304f65b790cd089803d4,a zebra bending down to drink water from a river,direct_zero,full,0.9545856714248657,0.9585056900978088,0.0,0.9624999761581421,0.9389318227767944,0.023568153381347656,0.003920018672943115,0.9545856714248657,False,False,completed,True
v_34025bb5b4d01c898f92,a motorcycle accelerating to gain speed,direct_zero,full,0.9564681053161621,0.9588448405265808,0.0,0.9416208267211914,0.9259730577468872,0.0156477689743042,0.002376735210418701,0.9564681053161621,False,False,completed,True
v_355010ce10f66a681b88,a truck turning a corner,direct_zero,full,0.9635376334190369,0.9451921582221985,0.0,0.9169105887413025,0.8778395652770996,0.03907102346420288,0.01834547519683838,0.9635376334190369,False,False,completed,True
v_35d320b87cf1354b75ab,a zebra running to join a herd of its kind,direct_zero,full,0.9588550925254822,0.9569385051727295,0.0,0.9490302205085754,0.9357653856277466,0.013264834880828857,0.0019165873527526855,0.9588550925254822,False,False,completed,True
v_38ae4c230155beb1b259,a zebra taking a peaceful walk,direct_zero,full,0.9856873154640198,0.9826354384422302,0.0,0.98517906665802,0.9815124869346619,0.0036665797233581543,0.0030518770217895508,0.9856873154640198,False,False,completed,True
v_3b6ddfc07cc98fcf9fa0,an elephant running to join a herd of its kind,direct_zero,full,0.9880058169364929,0.9872298240661621,0.9754160642623901,0.9849029779434204,0.9829930067062378,0.0019099712371826172,0.0007759928703308105,0.012589752674102783,False,False,completed,True
v_427171327cff517973ed,a zebra bending down to drink water from a river,direct_zero,full,0.9852167367935181,0.9824393391609192,0.0,0.9767624139785767,0.9767100811004639,5.233287811279297e-05,0.002777397632598877,0.9852167367935181,False,False,completed,True
v_4719caef96c8df794757,an elephant running to join a herd of its kind,direct_zero,full,0.9782639741897583,0.9789210557937622,0.29126623272895813,0.969979465007782,0.9581172466278076,0.011862218379974365,0.0006570816040039062,0.6869977414608002,False,False,completed,True
v_4d76a76426a219a5f1bb,a zebra bending down to drink water from a river,direct_zero,full,0.9782224893569946,0.9701131582260132,0.0,0.9762669801712036,0.9590239524841309,0.017243027687072754,0.008109331130981445,0.9782224893569946,False,False,completed,True
v_4e7cf3a0868b1b118f55,a zebra running to join a herd of its kind,direct_zero,full,0.9522103071212769,0.951059877872467,0.14333118498325348,0.9482232928276062,0.9354543685913086,0.012768924236297607,0.0011504292488098145,0.8088791221380234,False,False,completed,True
v_4f8abc7bb931501fb862,a truck slowing down to stop,direct_zero,full,0.9940704703330994,0.06515562534332275,0.7879819273948669,0.9710509777069092,0.7954357266426086,0.17561525106430054,0.9289148449897766,0.20608854293823242,False,False,completed,False
v_4ff816e35ca1960d8058,an elephant running to join a herd of its kind,direct_zero,full,0.9646567702293396,0.9654412865638733,0.9454087018966675,0.9487122297286987,0.9214896559715271,0.02722257375717163,0.0007845163345336914,0.01924806833267212,False,False,completed,True
v_50b265d3f9ccf281a518,an elephant spraying itself with water using its trunk to cool down,direct_zero,full,0.9901018142700195,0.9817277789115906,0.7430593371391296,0.9922862648963928,0.9819568991661072,0.010329365730285645,0.008374035358428955,0.2470424771308899,False,False,completed,True
v_53b3d43654788945925c,a zebra running to join a herd of its kind,direct_zero,full,0.972172737121582,0.967502772808075,0.0,0.9581042528152466,0.9475563764572144,0.010547876358032227,0.00466996431350708,0.972172737121582,False,False,completed,True
v_55a4f07d56cda7470760,an elephant running to join a herd of its kind,direct_zero,full,0.9789860844612122,0.975157618522644,0.07556675374507904,0.9713909029960632,0.9521178603172302,0.019273042678833008,0.0038284659385681152,0.9034193307161331,False,False,completed,True
v_6015d56a898aa0948639,a zebra bending down to drink water from a river,direct_zero,full,0.9817591905593872,0.8955873847007751,0.01769457384943962,0.9774531722068787,0.8645958304405212,0.11285734176635742,0.08617180585861206,0.9640646167099476,False,False,completed,True
v_67c0894760111d0087b6,a motorcycle accelerating to gain speed,direct_zero,full,0.92059326171875,0.509864091873169,0.0,0.7869536280632019,0.6813385486602783,0.10561507940292358,0.41072916984558105,0.92059326171875,False,False,completed,True
v_6bee77846ce628e11d94,an elephant spraying itself with water using its trunk to cool down,direct_zero,full,0.9835841059684753,0.9036287665367126,0.07262197881937027,0.9801599383354187,0.9281616806983948,0.051998257637023926,0.0799553394317627,0.9109621271491051,False,False,completed,True
v_6d2af08e0301e767c719,a cow running to join a herd of its kind,direct_zero,full,0.9381388425827026,0.7112540006637573,0.2754063308238983,0.871242880821228,0.8285508751869202,0.04269200563430786,0.2268848419189453,0.6627325117588043,False,False,completed,True
v_6ee4476dec8615e1535f,a zebra bending down to drink water from a river,direct_zero,full,0.9657285213470459,0.9667789340019226,0.0,0.964434027671814,0.9480350613594055,0.016398966312408447,0.001050412654876709,0.9657285213470459,False,False,completed,True
v_74d5bd9982ed49689599,a truck turning a corner,direct_zero,full,0.9701874256134033,0.9668816924095154,0.0,0.9252806901931763,0.8995562791824341,0.025724411010742188,0.0033057332038879395,0.9701874256134033,False,False,completed,True
v_795022cc03907dc7489e,an elephant spraying itself with water using its trunk to cool down,direct_zero,full,0.24734899401664734,0.1434992104768753,0.0,0.9006173610687256,0.860914945602417,0.039702415466308594,0.10384978353977203,0.24734899401664734,False,False,completed,True
v_7959de66f76bf5fc41d9,a zebra bending down to drink water from a river,direct_zero,full,0.9828632473945618,0.9834163784980774,0.0,0.9712667465209961,0.9674587249755859,0.0038080215454101562,0.000553131103515625,0.9828632473945618,False,False,completed,True
v_82dc1689fd289adcc0d2,a zebra taking a peaceful walk,direct_zero,full,0.9778921008110046,0.9739211201667786,0.0,0.9754855632781982,0.9707359671592712,0.004749596118927002,0.003970980644226074,0.9778921008110046,False,False,completed,True
v_88720509dffa7aea9e30,a zebra bending down to drink water from a river,direct_zero,full,0.9738063216209412,0.9753248691558838,0.0,0.9799759387969971,0.975734531879425,0.0042414069175720215,0.001518547534942627,0.9738063216209412,False,False,completed,True
v_8887acf562b32cc84023,a zebra bending down to drink water from a river,direct_zero,full,0.9334750771522522,0.8878992199897766,0.6020085215568542,0.9226030707359314,0.6818071603775024,0.24079591035842896,0.045575857162475586,0.33146655559539795,False,False,completed,True
v_8dca194984971f0a1124,a truck turning a corner,direct_zero,full,0.9337459802627563,0.8098015189170837,0.007856790907680988,0.8681207299232483,0.8157967925071716,0.05232393741607666,0.12394446134567261,0.9258891893550754,False,False,completed,True
v_8e6a21dfeb7a106dae22,a zebra taking a peaceful walk,direct_zero,full,0.9760703444480896,0.9513753652572632,0.35955262184143066,0.9702401757240295,0.9221188426017761,0.04812133312225342,0.024694979190826416,0.6165177226066589,False,False,completed,True
v_a18cdea6bd26987ddbc4,a cow running to join a herd of its kind,direct_zero,full,0.8598477840423584,0.7990060448646545,0.0,0.9539317488670349,0.946563720703125,0.007368028163909912,0.06084173917770386,0.8598477840423584,False,False,completed,True
v_a3b6d576bc5c5ef3517f,a zebra running to join a herd of its kind,direct_zero,full,0.9438295960426331,0.9415956735610962,0.09992572665214539,0.9383728504180908,0.9319170117378235,0.006455838680267334,0.0022339224815368652,0.8439038693904877,False,False,completed,True
v_a522928f33a3f29c463c,a truck slowing down to stop,direct_zero,full,0.9893493056297302,0.987459123134613,0.0,0.9741533398628235,0.961560070514679,0.012593269348144531,0.0018901824951171875,0.9893493056297302,False,False,completed,True
v_a5b4d7c4b2a095c9e6cc,an elephant running to join a herd of its kind,direct_zero,full,0.9817762970924377,0.6906431913375854,0.44677048921585083,0.9782154560089111,0.9401034116744995,0.03811204433441162,0.2911331057548523,0.5350058078765869,False,False,completed,True
v_aa14318968934ce72fb1,a zebra bending down to drink water from a river,direct_zero,full,0.973966121673584,0.9733051657676697,0.0,0.9643047451972961,0.9470366835594177,0.017268061637878418,0.0006609559059143066,0.973966121673584,False,False,completed,True
v_ad2f0d6ec69f9ff90382,a zebra taking a peaceful walk,direct_zero,full,0.9869072437286377,0.9829485416412354,0.0,0.9837861657142639,0.9785829186439514,0.0052032470703125,0.003958702087402344,0.9869072437286377,False,False,completed,True
v_b2657298416595015a2b,a zebra running to join a herd of its kind,direct_zero,full,0.9221466779708862,0.9207653999328613,0.0,0.8821325302124023,0.867439329624176,0.014693200588226318,0.0013812780380249023,0.9221466779708862,False,False,completed,True
v_bc950a10e74a0a5447f1,a zebra bending down to drink water from a river,direct_zero,full,0.9756776690483093,0.980768620967865,0.0,0.9725489616394043,0.9426778554916382,0.029871106147766113,0.005090951919555664,0.9756776690483093,False,False,completed,True
v_bf4b3df29a9616bf26ae,a truck turning a corner,direct_zero,full,0.9515529870986938,0.9512314796447754,0.0,0.8850948214530945,0.8418282270431519,0.04326659440994263,0.00032150745391845703,0.9515529870986938,False,False,completed,True
v_c41543fe72d2e5493d15,a truck slowing down to stop,direct_zero,full,0.9834082722663879,0.9166182279586792,0.06492800265550613,0.9530027508735657,0.9147845506668091,0.03821820020675659,0.06679004430770874,0.9184802696108818,False,False,completed,True
v_c424c7aceaf2046394ad,a cow running to join a herd of its kind,direct_zero,full,0.9763944745063782,0.9749490022659302,0.851344108581543,0.9669449329376221,0.9599255919456482,0.007019340991973877,0.001445472240447998,0.1250503659248352,False,False,completed,True
v_c4de504a244d437ac3ad,a zebra bending down to drink water from a river,direct_zero,full,0.9940760135650635,0.9886363744735718,0.0,0.994841992855072,0.962870180606842,0.03197181224822998,0.005439639091491699,0.9940760135650635,False,False,completed,True
v_cdab6ebfbdf88aa1365e,an elephant running to join a herd of its kind,direct_zero,full,0.9607254266738892,0.9601930379867554,0.048816997557878494,0.9530994296073914,0.9101220965385437,0.042977333068847656,0.0005323886871337891,0.9119084291160107,False,False,completed,True
v_d111e2d8975fa9b850b3,a zebra taking a peaceful walk,direct_zero,full,0.9483411908149719,0.8170599937438965,0.042257145047187805,0.9036860466003418,0.8475661277770996,0.05611991882324219,0.13128119707107544,0.9060840457677841,False,False,completed,True
v_d51186bcfc23e2a780ab,a truck slowing down to stop,direct_zero,full,0.9643544554710388,0.9853086471557617,0.0,0.9112410545349121,0.9173129200935364,0.006071865558624268,0.0209541916847229,0.9643544554710388,False,False,completed,True
v_d86a4852b9a610b4e2ac,a motorcycle accelerating to gain speed,direct_zero,full,0.9552143812179565,0.8373196125030518,0.0,0.8991079330444336,0.846338152885437,0.05276978015899658,0.11789476871490479,0.9552143812179565,False,False,completed,True
v_e7e6381187b3421f31f4,a zebra taking a peaceful walk,direct_zero,full,0.9758050441741943,0.9673355221748352,0.0,0.9502309560775757,0.93736732006073,0.012863636016845703,0.00846952199935913,0.9758050441741943,False,False,completed,True
v_e84cd21f77767e064452,an elephant running to join a herd of its kind,direct_zero,full,0.8868926167488098,0.6947178244590759,0.0,0.9618316292762756,0.9167303442955017,0.045101284980773926,0.1921747922897339,0.8868926167488098,False,False,completed,True
v_f762ed821ba1fba906af,a zebra bending down to drink water from a river,direct_zero,full,0.9867092370986938,0.9761783480644226,0.0,0.9777792096138,0.9523631930351257,0.025416016578674316,0.01053088903427124,0.9867092370986938,False,False,completed,True
v_f993f14cdb34fb8383ef,a zebra bending down to drink water from a river,direct_zero,full,0.9814218878746033,0.9832181334495544,0.0,0.9786093235015869,0.9736708998680115,0.0049384236335754395,0.0017962455749511719,0.9814218878746033,False,False,completed,True
v_fb03b6a21df9c0a51627,a cow running to join a herd of its kind,direct_zero,full,0.9514460563659668,0.941508948802948,0.8824858665466309,0.9386007189750671,0.8949503898620605,0.04365032911300659,0.009937107563018799,0.06896018981933594,False,False,completed,True
v_fc9b39a4b047b2db243c,an elephant spraying itself with water using its trunk to cool down,direct_zero,full,0.9950287342071533,0.9871949553489685,0.5278056263923645,0.9937685132026672,0.9858100414276123,0.007958471775054932,0.007833778858184814,0.4672231078147888,False,False,completed,True
v_fef8070abcd8dcd3af47,a zebra taking a peaceful walk,direct_zero,full,0.9282910823822021,0.8715925812721252,0.0,0.8663416504859924,0.7862936854362488,0.08004796504974365,0.056698501110076904,0.9282910823822021,False,False,completed,True
v_075ccc862d1b2d4936f0,an elephant running to join a herd of its kind,direct_exclude,full,0.9630889296531677,0.9636630415916443,0.9163544178009033,0.9417819976806641,0.9285023212432861,0.01327967643737793,0.0005741119384765625,0.046734511852264404,False,False,completed,True
v_0925f4496cf55ade8e5d,an elephant spraying itself with water using its trunk to cool down,direct_exclude,full,0.98935467004776,0.9858576059341431,,0.9881947040557861,0.9832627773284912,0.004931926727294922,0.0034970641136169434,,False,False,completed,True
v_0a1a6db568841167f9e8,a truck turning a corner,direct_exclude,full,0.8951151967048645,0.8915507793426514,,0.8972001075744629,0.8659633994102478,0.031236708164215088,0.0035644173622131348,,False,False,completed,True
v_10d250e1b4b4a6ec0a82,a cow running to join a herd of its kind,direct_exclude,full,0.9591885805130005,0.9378485083580017,0.892408549785614,0.9442958235740662,0.901060938835144,0.04323488473892212,0.02134007215499878,0.06678003072738647,False,False,completed,True
v_125269dc5fc640751fa4,a zebra running to join a herd of its kind,direct_exclude,full,0.9697616100311279,0.9683030843734741,,0.9459475874900818,0.9397029280662537,0.006244659423828125,0.0014585256576538086,,False,False,completed,True
v_13502c1b9c959957b46a,a zebra taking a peaceful walk,direct_exclude,full,0.9967139363288879,0.9938566088676453,,0.997106671333313,0.9947006106376648,0.0024060606956481934,0.0028573274612426758,,False,False,completed,True
v_1814b4d5b25ffa156aa6,an elephant running to join a herd of its kind,direct_exclude,full,0.9690490961074829,0.9600569605827332,0.8134357333183289,0.9329218864440918,0.8988328576087952,0.03408902883529663,0.008992135524749756,0.15561336278915405,False,False,completed,True
v_22506cf5d5a1e6088fc8,a truck slowing down to stop,direct_exclude,full,0.8691954612731934,0.848181962966919,0.8814702033996582,0.7584022879600525,0.6934057474136353,0.06499654054641724,0.021013498306274414,-0.012274742126464844,False,False,completed,True
v_2ac6cf025d5e88563949,a zebra running to join a herd of its kind,direct_exclude,full,0.9500249624252319,0.9478874802589417,,0.9185127019882202,0.9099277257919312,0.008584976196289062,0.002137482166290283,,False,False,completed,True
v_2fbefa11a17758f1cd8f,a zebra taking a peaceful walk,direct_exclude,full,0.9445307850837708,0.9319398999214172,0.9078958630561829,0.9212554693222046,0.8491337895393372,0.07212167978286743,0.012590885162353516,0.03663492202758789,False,False,completed,True
v_304f65b790cd089803d4,a zebra bending down to drink water from a river,direct_exclude,full,0.9545856714248657,0.9585056900978088,,0.9624999761581421,0.9389318227767944,0.023568153381347656,0.003920018672943115,,False,False,completed,True
v_34025bb5b4d01c898f92,a motorcycle accelerating to gain speed,direct_exclude,full,0.9564681053161621,0.9588448405265808,,0.9416208267211914,0.9259730577468872,0.0156477689743042,0.002376735210418701,,False,False,completed,True
v_355010ce10f66a681b88,a truck turning a corner,direct_exclude,full,0.9635376334190369,0.9451921582221985,,0.9169105887413025,0.8778395652770996,0.03907102346420288,0.01834547519683838,,False,False,completed,True
v_35d320b87cf1354b75ab,a zebra running to join a herd of its kind,direct_exclude,full,0.9588550925254822,0.9569385051727295,,0.9490302205085754,0.9357653856277466,0.013264834880828857,0.0019165873527526855,,False,False,completed,True
v_38ae4c230155beb1b259,a zebra taking a peaceful walk,direct_exclude,full,0.9856873154640198,0.9826354384422302,,0.98517906665802,0.9815124869346619,0.0036665797233581543,0.0030518770217895508,,False,False,completed,True
v_3b6ddfc07cc98fcf9fa0,an elephant running to join a herd of its kind,direct_exclude,full,0.9880058169364929,0.9872298240661621,0.9754160642623901,0.9849029779434204,0.9829930067062378,0.0019099712371826172,0.0007759928703308105,0.012589752674102783,False,False,completed,True
v_427171327cff517973ed,a zebra bending down to drink water from a river,direct_exclude,full,0.9852167367935181,0.9824393391609192,,0.9767624139785767,0.9767100811004639,5.233287811279297e-05,0.002777397632598877,,False,False,completed,True
v_4719caef96c8df794757,an elephant running to join a herd of its kind,direct_exclude,full,0.9782639741897583,0.9789210557937622,0.9708874225616455,0.969979465007782,0.9581172466278076,0.011862218379974365,0.0006570816040039062,0.007376551628112793,False,False,completed,True
v_4d76a76426a219a5f1bb,a zebra bending down to drink water from a river,direct_exclude,full,0.9782224893569946,0.9701131582260132,,0.9762669801712036,0.9590239524841309,0.017243027687072754,0.008109331130981445,,False,False,completed,True
v_4e7cf3a0868b1b118f55,a zebra running to join a herd of its kind,direct_exclude,full,0.9522103071212769,0.951059877872467,0.8190352916717529,0.9482232928276062,0.9354543685913086,0.012768924236297607,0.0011504292488098145,0.13317501544952393,False,False,completed,True
v_4f8abc7bb931501fb862,a truck slowing down to stop,direct_exclude,full,0.9940704703330994,0.9556158185005188,0.9564470052719116,0.9710509777069092,0.7954357266426086,0.17561525106430054,0.038454651832580566,0.037623465061187744,False,False,completed,False
v_4ff816e35ca1960d8058,an elephant running to join a herd of its kind,direct_exclude,full,0.9646567702293396,0.9654412865638733,0.9454087018966675,0.9487122297286987,0.9214896559715271,0.02722257375717163,0.0007845163345336914,0.01924806833267212,False,False,completed,True
v_50b265d3f9ccf281a518,an elephant spraying itself with water using its trunk to cool down,direct_exclude,full,0.9901018142700195,0.9817277789115906,0.9798583984375,0.9922862648963928,0.9819568991661072,0.010329365730285645,0.008374035358428955,0.010243415832519531,False,False,completed,True
v_53b3d43654788945925c,a zebra running to join a herd of its kind,direct_exclude,full,0.972172737121582,0.967502772808075,,0.9581042528152466,0.9475563764572144,0.010547876358032227,0.00466996431350708,,False,False,completed,True
v_55a4f07d56cda7470760,an elephant running to join a herd of its kind,direct_exclude,full,0.9789860844612122,0.975157618522644,0.9068010449409485,0.9713909029960632,0.9521178603172302,0.019273042678833008,0.0038284659385681152,0.07218503952026367,False,False,completed,True
v_6015d56a898aa0948639,a zebra bending down to drink water from a river,direct_exclude,full,0.9817591905593872,0.9533671140670776,0.934273362159729,0.9774531722068787,0.8645958304405212,0.11285734176635742,0.02839207649230957,0.0474858283996582,False,False,completed,True
v_67c0894760111d0087b6,a motorcycle accelerating to gain speed,direct_exclude,full,0.92059326171875,0.927025556564331,,0.7869536280632019,0.6813385486602783,0.10561507940292358,0.006432294845581055,,False,True,completed,True
v_6bee77846ce628e11d94,an elephant spraying itself with water using its trunk to cool down,direct_exclude,full,0.9835841059684753,0.9619272947311401,0.8520978689193726,0.9801599383354187,0.9281616806983948,0.051998257637023926,0.021656811237335205,0.13148623704910278,False,False,completed,True
v_6d2af08e0301e767c719,a cow running to join a herd of its kind,direct_exclude,full,0.9381388425827026,0.9379172921180725,0.9180210828781128,0.871242880821228,0.8285508751869202,0.04269200563430786,0.00022155046463012695,0.020117759704589844,False,False,completed,True
v_6ee4476dec8615e1535f,a zebra bending down to drink water from a river,direct_exclude,full,0.9657285213470459,0.9667789340019226,,0.964434027671814,0.9480350613594055,0.016398966312408447,0.001050412654876709,,False,False,completed,True
v_74d5bd9982ed49689599,a truck turning a corner,direct_exclude,full,0.9701874256134033,0.9668816924095154,,0.9252806901931763,0.8995562791824341,0.025724411010742188,0.0033057332038879395,,False,False,completed,True
v_795022cc03907dc7489e,an elephant spraying itself with water using its trunk to cool down,direct_exclude,full,0.960296094417572,0.9713792204856873,,0.9006173610687256,0.860914945602417,0.039702415466308594,0.011083126068115234,,False,False,completed,True
v_7959de66f76bf5fc41d9,a zebra bending down to drink water from a river,direct_exclude,full,0.9828632473945618,0.9834163784980774,,0.9712667465209961,0.9674587249755859,0.0038080215454101562,0.000553131103515625,,False,False,completed,True
v_82dc1689fd289adcc0d2,a zebra taking a peaceful walk,direct_exclude,full,0.9778921008110046,0.9739211201667786,,0.9754855632781982,0.9707359671592712,0.004749596118927002,0.003970980644226074,,False,False,completed,True
v_88720509dffa7aea9e30,a zebra bending down to drink water from a river,direct_exclude,full,0.9738063216209412,0.9753248691558838,,0.9799759387969971,0.975734531879425,0.0042414069175720215,0.001518547534942627,,False,False,completed,True
v_8887acf562b32cc84023,a zebra bending down to drink water from a river,direct_exclude,full,0.9334750771522522,0.8878992199897766,0.926166832447052,0.9226030707359314,0.6818071603775024,0.24079591035842896,0.045575857162475586,0.007308244705200195,False,False,completed,True
v_8dca194984971f0a1124,a truck turning a corner,direct_exclude,full,0.9337459802627563,0.9254874587059021,0.9428148865699768,0.8681207299232483,0.8157967925071716,0.05232393741607666,0.008258521556854248,-0.009068906307220459,False,False,completed,True
v_8e6a21dfeb7a106dae22,a zebra taking a peaceful walk,direct_exclude,full,0.9760703444480896,0.9513753652572632,0.9040180444717407,0.9702401757240295,0.9221188426017761,0.04812133312225342,0.024694979190826416,0.07205229997634888,False,False,completed,True
v_a18cdea6bd26987ddbc4,a cow running to join a herd of its kind,direct_exclude,full,0.9763433337211609,0.9698280096054077,,0.9539317488670349,0.946563720703125,0.007368028163909912,0.006515324115753174,,False,False,completed,True
v_a3b6d576bc5c5ef3517f,a zebra running to join a herd of its kind,direct_exclude,full,0.9438295960426331,0.9415956735610962,0.7994058132171631,0.9383728504180908,0.9319170117378235,0.006455838680267334,0.0022339224815368652,0.14442378282546997,False,False,completed,True
v_a522928f33a3f29c463c,a truck slowing down to stop,direct_exclude,full,0.9893493056297302,0.987459123134613,,0.9741533398628235,0.961560070514679,0.012593269348144531,0.0018901824951171875,,False,False,completed,True
v_a5b4d7c4b2a095c9e6cc,an elephant running to join a herd of its kind,direct_exclude,full,0.9817762970924377,0.9647079110145569,0.932390570640564,0.9782154560089111,0.9401034116744995,0.03811204433441162,0.01706838607788086,0.04938572645187378,False,False,completed,True
v_aa14318968934ce72fb1,a zebra bending down to drink water from a river,direct_exclude,full,0.973966121673584,0.9733051657676697,,0.9643047451972961,0.9470366835594177,0.017268061637878418,0.0006609559059143066,,False,False,completed,True
v_ad2f0d6ec69f9ff90382,a zebra taking a peaceful walk,direct_exclude,full,0.9869072437286377,0.9829485416412354,,0.9837861657142639,0.9785829186439514,0.0052032470703125,0.003958702087402344,,False,False,completed,True
v_b2657298416595015a2b,a zebra running to join a herd of its kind,direct_exclude,full,0.9221466779708862,0.9207653999328613,,0.8821325302124023,0.867439329624176,0.014693200588226318,0.0013812780380249023,,False,False,completed,True
v_bc950a10e74a0a5447f1,a zebra bending down to drink water from a river,direct_exclude,full,0.9756776690483093,0.980768620967865,,0.9725489616394043,0.9426778554916382,0.029871106147766113,0.005090951919555664,,False,False,completed,True
v_bf4b3df29a9616bf26ae,a truck turning a corner,direct_exclude,full,0.9515529870986938,0.9512314796447754,,0.8850948214530945,0.8418282270431519,0.04326659440994263,0.00032150745391845703,,False,False,completed,True
v_c41543fe72d2e5493d15,a truck slowing down to stop,direct_exclude,full,0.9834082722663879,0.9757547378540039,0.952277421951294,0.9530027508735657,0.9147845506668091,0.03821820020675659,0.007653534412384033,0.031130850315093994,False,False,completed,True
v_c424c7aceaf2046394ad,a cow running to join a herd of its kind,direct_exclude,full,0.9763944745063782,0.9749490022659302,0.9729646444320679,0.9669449329376221,0.9599255919456482,0.007019340991973877,0.001445472240447998,0.0034298300743103027,False,False,completed,True
v_c4de504a244d437ac3ad,a zebra bending down to drink water from a river,direct_exclude,full,0.9940760135650635,0.9886363744735718,,0.994841992855072,0.962870180606842,0.03197181224822998,0.005439639091491699,,False,False,completed,True
v_cdab6ebfbdf88aa1365e,an elephant running to join a herd of its kind,direct_exclude,full,0.9607254266738892,0.9601930379867554,0.9763399362564087,0.9530994296073914,0.9101220965385437,0.042977333068847656,0.0005323886871337891,-0.015614509582519531,False,False,completed,True
v_d111e2d8975fa9b850b3,a zebra taking a peaceful walk,direct_exclude,full,0.9483411908149719,0.9337828755378723,0.8451428413391113,0.9036860466003418,0.8475661277770996,0.05611991882324219,0.01455831527709961,0.1031983494758606,False,False,completed,True
v_d51186bcfc23e2a780ab,a truck slowing down to stop,direct_exclude,full,0.9643544554710388,0.9853086471557617,,0.9112410545349121,0.9173129200935364,0.006071865558624268,0.0209541916847229,,False,False,completed,True
v_d86a4852b9a610b4e2ac,a motorcycle accelerating to gain speed,direct_exclude,full,0.9552143812179565,0.9569366574287415,,0.8991079330444336,0.846338152885437,0.05276978015899658,0.0017222762107849121,,False,False,completed,True
v_e7e6381187b3421f31f4,a zebra taking a peaceful walk,direct_exclude,full,0.9758050441741943,0.9673355221748352,,0.9502309560775757,0.93736732006073,0.012863636016845703,0.00846952199935913,,False,False,completed,True
v_e84cd21f77767e064452,an elephant running to join a herd of its kind,direct_exclude,full,0.8868926167488098,0.916111409664154,,0.9618316292762756,0.9167303442955017,0.045101284980773926,0.02921879291534424,,False,False,completed,True
v_f762ed821ba1fba906af,a zebra bending down to drink water from a river,direct_exclude,full,0.9867092370986938,0.9761783480644226,,0.9777792096138,0.9523631930351257,0.025416016578674316,0.01053088903427124,,False,False,completed,True
v_f993f14cdb34fb8383ef,a zebra bending down to drink water from a river,direct_exclude,full,0.9814218878746033,0.9832181334495544,,0.9786093235015869,0.9736708998680115,0.0049384236335754395,0.0017962455749511719,,False,False,completed,True
v_fb03b6a21df9c0a51627,a cow running to join a herd of its kind,direct_exclude,full,0.9514460563659668,0.941508948802948,0.8824858665466309,0.9386007189750671,0.8949503898620605,0.04365032911300659,0.009937107563018799,0.06896018981933594,False,False,completed,True
v_fc9b39a4b047b2db243c,an elephant spraying itself with water using its trunk to cool down,direct_exclude,full,0.9950287342071533,0.9871949553489685,0.959646463394165,0.9937685132026672,0.9858100414276123,0.007958471775054932,0.007833778858184814,0.03538227081298828,False,False,completed,True
v_fef8070abcd8dcd3af47,a zebra taking a peaceful walk,direct_exclude,full,0.9282910823822021,0.9278242588043213,,0.8663416504859924,0.7862936854362488,0.08004796504974365,0.0004668235778808594,,False,False,completed,True
v_075ccc862d1b2d4936f0,an elephant running to join a herd of its kind,hybrid_zero,full,0.9630889296531677,0.9636630415916443,0.9163544178009033,0.9417819976806641,0.9285023212432861,0.01327967643737793,0.0005741119384765625,0.046734511852264404,False,False,completed,True
v_0925f4496cf55ade8e5d,an elephant spraying itself with water using its trunk to cool down,hybrid_zero,full,0.98935467004776,0.9858576059341431,0.0,0.9881947040557861,0.9832627773284912,0.004931926727294922,0.0034970641136169434,0.98935467004776,False,False,completed,True
v_0a1a6db568841167f9e8,a truck turning a corner,hybrid_zero,full,0.8892853260040283,0.8881264328956604,0.0,0.8972001075744629,0.8659633994102478,0.031236708164215088,0.00115889310836792,0.8892853260040283,False,False,completed,True
v_10d250e1b4b4a6ec0a82,a cow running to join a herd of its kind,hybrid_zero,full,0.9591885805130005,0.9378485083580017,0.892408549785614,0.9442958235740662,0.901060938835144,0.04323488473892212,0.02134007215499878,0.06678003072738647,False,False,completed,True
v_125269dc5fc640751fa4,a zebra running to join a herd of its kind,hybrid_zero,full,0.9697616100311279,0.9683030843734741,0.0,0.9459475874900818,0.9397029280662537,0.006244659423828125,0.0014585256576538086,0.9697616100311279,False,False,completed,True
v_13502c1b9c959957b46a,a zebra taking a peaceful walk,hybrid_zero,full,0.9967139363288879,0.9938566088676453,0.0,0.997106671333313,0.9947006106376648,0.0024060606956481934,0.0028573274612426758,0.9967139363288879,False,False,completed,True
v_1814b4d5b25ffa156aa6,an elephant running to join a herd of its kind,hybrid_zero,full,0.9690490961074829,0.9600569605827332,0.7663995027542114,0.9329218864440918,0.8988328576087952,0.03408902883529663,0.008992135524749756,0.20264959335327148,False,False,completed,True
v_22506cf5d5a1e6088fc8,a truck slowing down to stop,hybrid_zero,full,0.8691954612731934,0.80182945728302,0.7494798898696899,0.7584022879600525,0.6934057474136353,0.06499654054641724,0.06736600399017334,0.11971557140350342,False,False,completed,True
v_2ac6cf025d5e88563949,a zebra running to join a herd of its kind,hybrid_zero,full,0.9500249624252319,0.9478874802589417,0.0,0.9185127019882202,0.9099277257919312,0.008584976196289062,0.002137482166290283,0.9500249624252319,False,False,completed,True
v_2fbefa11a17758f1cd8f,a zebra taking a peaceful walk,hybrid_zero,full,0.9445307850837708,0.9319398999214172,0.80998295545578,0.9212554693222046,0.8491337895393372,0.07212167978286743,0.012590885162353516,0.13454782962799072,False,False,completed,True
v_304f65b790cd089803d4,a zebra bending down to drink water from a river,hybrid_zero,full,0.9545856714248657,0.9585056900978088,0.0,0.9624999761581421,0.9389318227767944,0.023568153381347656,0.003920018672943115,0.9545856714248657,False,False,completed,True
v_34025bb5b4d01c898f92,a motorcycle accelerating to gain speed,hybrid_zero,full,0.9564681053161621,0.9588448405265808,0.9508732557296753,0.9416208267211914,0.9259730577468872,0.0156477689743042,0.002376735210418701,0.005594849586486816,False,False,completed,True
v_355010ce10f66a681b88,a truck turning a corner,hybrid_zero,full,0.9635376334190369,0.9451921582221985,0.0,0.9169105887413025,0.8778395652770996,0.03907102346420288,0.01834547519683838,0.9635376334190369,False,False,completed,True
v_35d320b87cf1354b75ab,a zebra running to join a herd of its kind,hybrid_zero,full,0.9588550925254822,0.9569385051727295,0.0,0.9490302205085754,0.9357653856277466,0.013264834880828857,0.0019165873527526855,0.9588550925254822,False,False,completed,True
v_38ae4c230155beb1b259,a zebra taking a peaceful walk,hybrid_zero,full,0.9856873154640198,0.9826354384422302,0.0,0.98517906665802,0.9815124869346619,0.0036665797233581543,0.0030518770217895508,0.9856873154640198,False,False,completed,True
v_3b6ddfc07cc98fcf9fa0,an elephant running to join a herd of its kind,hybrid_zero,full,0.9880058169364929,0.9872298240661621,0.9754160642623901,0.9849029779434204,0.9829930067062378,0.0019099712371826172,0.0007759928703308105,0.012589752674102783,False,False,completed,True
v_427171327cff517973ed,a zebra bending down to drink water from a river,hybrid_zero,full,0.9852167367935181,0.9824393391609192,0.0,0.9767624139785767,0.9767100811004639,5.233287811279297e-05,0.002777397632598877,0.9852167367935181,False,False,completed,True
v_4719caef96c8df794757,an elephant running to join a herd of its kind,hybrid_zero,full,0.9782639741897583,0.9789210557937622,0.9711797833442688,0.969979465007782,0.9581172466278076,0.011862218379974365,0.0006570816040039062,0.007084190845489502,False,False,completed,True
v_4d76a76426a219a5f1bb,a zebra bending down to drink water from a river,hybrid_zero,full,0.9782224893569946,0.9701131582260132,0.7007971405982971,0.9762669801712036,0.9590239524841309,0.017243027687072754,0.008109331130981445,0.2774253487586975,False,False,completed,True
v_4e7cf3a0868b1b118f55,a zebra running to join a herd of its kind,hybrid_zero,full,0.9522103071212769,0.951059877872467,0.7707107067108154,0.9482232928276062,0.9354543685913086,0.012768924236297607,0.0011504292488098145,0.18149960041046143,False,False,completed,True
v_4f8abc7bb931501fb862,a truck slowing down to stop,hybrid_zero,full,0.9940704703330994,0.7761744260787964,0.9551434516906738,0.9710509777069092,0.7954357266426086,0.17561525106430054,0.21789604425430298,0.03892701864242554,False,False,completed,False
v_4ff816e35ca1960d8058,an elephant running to join a herd of its kind,hybrid_zero,full,0.9646567702293396,0.9654412865638733,0.9454087018966675,0.9487122297286987,0.9214896559715271,0.02722257375717163,0.0007845163345336914,0.01924806833267212,False,False,completed,True
v_50b265d3f9ccf281a518,an elephant spraying itself with water using its trunk to cool down,hybrid_zero,full,0.9901018142700195,0.9817277789115906,0.9792492985725403,0.9922862648963928,0.9819568991661072,0.010329365730285645,0.008374035358428955,0.010852515697479248,False,False,completed,True
v_53b3d43654788945925c,a zebra running to join a herd of its kind,hybrid_zero,full,0.972172737121582,0.967502772808075,0.0,0.9581042528152466,0.9475563764572144,0.010547876358032227,0.00466996431350708,0.972172737121582,False,False,completed,True
v_55a4f07d56cda7470760,an elephant running to join a herd of its kind,hybrid_zero,full,0.9789860844612122,0.975157618522644,0.9241237044334412,0.9713909029960632,0.9521178603172302,0.019273042678833008,0.0038284659385681152,0.054862380027770996,False,False,completed,True
v_6015d56a898aa0948639,a zebra bending down to drink water from a river,hybrid_zero,full,0.9817591905593872,0.947281539440155,0.8709895014762878,0.9774531722068787,0.8645958304405212,0.11285734176635742,0.03447765111923218,0.11076968908309937,False,False,completed,True
v_67c0894760111d0087b6,a motorcycle accelerating to gain speed,hybrid_zero,full,0.92059326171875,0.8720808029174805,0.740912675857544,0.7869536280632019,0.6813385486602783,0.10561507940292358,0.04851245880126953,0.17968058586120605,False,False,completed,True
v_6bee77846ce628e11d94,an elephant spraying itself with water using its trunk to cool down,hybrid_zero,full,0.9835841059684753,0.9613733887672424,0.9321314692497253,0.9801599383354187,0.9281616806983948,0.051998257637023926,0.02221071720123291,0.05145263671875,False,False,completed,True
v_6d2af08e0301e767c719,a cow running to join a herd of its kind,hybrid_zero,full,0.9381388425827026,0.9312081933021545,0.782801628112793,0.871242880821228,0.8285508751869202,0.04269200563430786,0.006930649280548096,0.15533721446990967,False,False,completed,True
v_6ee4476dec8615e1535f,a zebra bending down to drink water from a river,hybrid_zero,full,0.9657285213470459,0.9667789340019226,0.0,0.964434027671814,0.9480350613594055,0.016398966312408447,0.001050412654876709,0.9657285213470459,False,False,completed,True
v_74d5bd9982ed49689599,a truck turning a corner,hybrid_zero,full,0.9701874256134033,0.9668816924095154,0.0,0.9252806901931763,0.8995562791824341,0.025724411010742188,0.0033057332038879395,0.9701874256134033,False,False,completed,True
v_795022cc03907dc7489e,an elephant spraying itself with water using its trunk to cool down,hybrid_zero,full,0.9523473978042603,0.9554798603057861,0.0,0.9006173610687256,0.860914945602417,0.039702415466308594,0.003132462501525879,0.9523473978042603,False,False,completed,True
v_7959de66f76bf5fc41d9,a zebra bending down to drink water from a river,hybrid_zero,full,0.9828632473945618,0.9834163784980774,0.0,0.9712667465209961,0.9674587249755859,0.0038080215454101562,0.000553131103515625,0.9828632473945618,False,False,completed,True
v_82dc1689fd289adcc0d2,a zebra taking a peaceful walk,hybrid_zero,full,0.9778921008110046,0.9739211201667786,0.0,0.9754855632781982,0.9707359671592712,0.004749596118927002,0.003970980644226074,0.9778921008110046,False,False,completed,True
v_88720509dffa7aea9e30,a zebra bending down to drink water from a river,hybrid_zero,full,0.9738063216209412,0.9753248691558838,0.0,0.9799759387969971,0.975734531879425,0.0042414069175720215,0.001518547534942627,0.9738063216209412,False,False,completed,True
v_8887acf562b32cc84023,a zebra bending down to drink water from a river,hybrid_zero,full,0.9334750771522522,0.8878992199897766,0.8597930669784546,0.9226030707359314,0.6818071603775024,0.24079591035842896,0.045575857162475586,0.07368201017379761,False,False,completed,True
v_8dca194984971f0a1124,a truck turning a corner,hybrid_zero,full,0.9337459802627563,0.8738035559654236,0.7339032888412476,0.8681207299232483,0.8157967925071716,0.05232393741607666,0.059942424297332764,0.1998426914215088,False,False,completed,True
v_8e6a21dfeb7a106dae22,a zebra taking a peaceful walk,hybrid_zero,full,0.9760703444480896,0.9513753652572632,0.8833249807357788,0.9702401757240295,0.9221188426017761,0.04812133312225342,0.024694979190826416,0.09274536371231079,False,False,completed,True
v_a18cdea6bd26987ddbc4,a cow running to join a herd of its kind,hybrid_zero,full,0.9762948155403137,0.9697510004043579,0.0,0.9539317488670349,0.946563720703125,0.007368028163909912,0.0065438151359558105,0.9762948155403137,False,False,completed,True
v_a3b6d576bc5c5ef3517f,a zebra running to join a herd of its kind,hybrid_zero,full,0.9438295960426331,0.9415956735610962,0.656231701374054,0.9383728504180908,0.9319170117378235,0.006455838680267334,0.0022339224815368652,0.2875978946685791,False,False,completed,True
v_a522928f33a3f29c463c,a truck slowing down to stop,hybrid_zero,full,0.9893493056297302,0.987459123134613,0.0,0.9741533398628235,0.961560070514679,0.012593269348144531,0.0018901824951171875,0.9893493056297302,False,False,completed,True
v_a5b4d7c4b2a095c9e6cc,an elephant running to join a herd of its kind,hybrid_zero,full,0.9817762970924377,0.9641316533088684,0.938995897769928,0.9782154560089111,0.9401034116744995,0.03811204433441162,0.017644643783569336,0.042780399322509766,False,False,completed,True
v_aa14318968934ce72fb1,a zebra bending down to drink water from a river,hybrid_zero,full,0.973966121673584,0.9733051657676697,0.0,0.9643047451972961,0.9470366835594177,0.017268061637878418,0.0006609559059143066,0.973966121673584,False,False,completed,True
v_ad2f0d6ec69f9ff90382,a zebra taking a peaceful walk,hybrid_zero,full,0.9869072437286377,0.9829485416412354,0.0,0.9837861657142639,0.9785829186439514,0.0052032470703125,0.003958702087402344,0.9869072437286377,False,False,completed,True
v_b2657298416595015a2b,a zebra running to join a herd of its kind,hybrid_zero,full,0.9221466779708862,0.9207653999328613,0.0,0.8821325302124023,0.867439329624176,0.014693200588226318,0.0013812780380249023,0.9221466779708862,False,False,completed,True
v_bc950a10e74a0a5447f1,a zebra bending down to drink water from a river,hybrid_zero,full,0.9756776690483093,0.980768620967865,0.0,0.9725489616394043,0.9426778554916382,0.029871106147766113,0.005090951919555664,0.9756776690483093,False,False,completed,True
v_bf4b3df29a9616bf26ae,a truck turning a corner,hybrid_zero,full,0.9515529870986938,0.9512314796447754,0.0,0.8850948214530945,0.8418282270431519,0.04326659440994263,0.00032150745391845703,0.9515529870986938,False,False,completed,True
v_c41543fe72d2e5493d15,a truck slowing down to stop,hybrid_zero,full,0.9834082722663879,0.9741201996803284,0.9513098001480103,0.9530027508735657,0.9147845506668091,0.03821820020675659,0.00928807258605957,0.032098472118377686,False,False,completed,True
v_c424c7aceaf2046394ad,a cow running to join a herd of its kind,hybrid_zero,full,0.9763944745063782,0.9749490022659302,0.9727805256843567,0.9669449329376221,0.9599255919456482,0.007019340991973877,0.001445472240447998,0.0036139488220214844,False,False,completed,True
v_c4de504a244d437ac3ad,a zebra bending down to drink water from a river,hybrid_zero,full,0.9940760135650635,0.9886363744735718,0.0,0.994841992855072,0.962870180606842,0.03197181224822998,0.005439639091491699,0.9940760135650635,False,False,completed,True
v_cdab6ebfbdf88aa1365e,an elephant running to join a herd of its kind,hybrid_zero,full,0.9607254266738892,0.9601930379867554,0.9695276021957397,0.9530994296073914,0.9101220965385437,0.042977333068847656,0.0005323886871337891,-0.008802175521850586,False,False,completed,True
v_d111e2d8975fa9b850b3,a zebra taking a peaceful walk,hybrid_zero,full,0.9483411908149719,0.885992705821991,0.707166314125061,0.9036860466003418,0.8475661277770996,0.05611991882324219,0.06234848499298096,0.2411748766899109,False,False,completed,True
v_d51186bcfc23e2a780ab,a truck slowing down to stop,hybrid_zero,full,0.9643544554710388,0.9853086471557617,0.8685551285743713,0.9112410545349121,0.9173129200935364,0.006071865558624268,0.0209541916847229,0.09579932689666748,False,False,completed,True
v_d86a4852b9a610b4e2ac,a motorcycle accelerating to gain speed,hybrid_zero,full,0.9552143812179565,0.951926589012146,0.0,0.8991079330444336,0.846338152885437,0.05276978015899658,0.003287792205810547,0.9552143812179565,False,False,completed,True
v_e7e6381187b3421f31f4,a zebra taking a peaceful walk,hybrid_zero,full,0.9758050441741943,0.9673355221748352,0.0,0.9502309560775757,0.93736732006073,0.012863636016845703,0.00846952199935913,0.9758050441741943,False,False,completed,True
v_e84cd21f77767e064452,an elephant running to join a herd of its kind,hybrid_zero,full,0.8868926167488098,0.9187922477722168,0.0,0.9618316292762756,0.9167303442955017,0.045101284980773926,0.03189963102340698,0.8868926167488098,False,False,completed,True
v_f762ed821ba1fba906af,a zebra bending down to drink water from a river,hybrid_zero,full,0.9867092370986938,0.9761783480644226,0.0,0.9777792096138,0.9523631930351257,0.025416016578674316,0.01053088903427124,0.9867092370986938,False,False,completed,True
v_f993f14cdb34fb8383ef,a zebra bending down to drink water from a river,hybrid_zero,full,0.9814218878746033,0.9832181334495544,0.0,0.9786093235015869,0.9736708998680115,0.0049384236335754395,0.0017962455749511719,0.9814218878746033,False,False,completed,True
v_fb03b6a21df9c0a51627,a cow running to join a herd of its kind,hybrid_zero,full,0.9514460563659668,0.941508948802948,0.8824858665466309,0.9386007189750671,0.8949503898620605,0.04365032911300659,0.009937107563018799,0.06896018981933594,False,False,completed,True
v_fc9b39a4b047b2db243c,an elephant spraying itself with water using its trunk to cool down,hybrid_zero,full,0.9950287342071533,0.9871949553489685,0.9640152454376221,0.9937685132026672,0.9858100414276123,0.007958471775054932,0.007833778858184814,0.03101348876953125,False,False,completed,True
v_fef8070abcd8dcd3af47,a zebra taking a peaceful walk,hybrid_zero,full,0.9282910823822021,0.9136678576469421,0.7387322187423706,0.8663416504859924,0.7862936854362488,0.08004796504974365,0.01462322473526001,0.18955886363983154,False,False,completed,True
v_075ccc862d1b2d4936f0,an elephant running to join a herd of its kind,hybrid_exclude,full,0.9630889296531677,0.9636630415916443,0.9163544178009033,0.9417819976806641,0.9285023212432861,0.01327967643737793,0.0005741119384765625,0.046734511852264404,False,False,completed,True
v_0925f4496cf55ade8e5d,an elephant spraying itself with water using its trunk to cool down,hybrid_exclude,full,0.98935467004776,0.9858576059341431,,0.9881947040557861,0.9832627773284912,0.004931926727294922,0.0034970641136169434,,False,False,completed,True
v_0a1a6db568841167f9e8,a truck turning a corner,hybrid_exclude,full,0.8892853260040283,0.8881264328956604,,0.8972001075744629,0.8659633994102478,0.031236708164215088,0.00115889310836792,,False,False,completed,True
v_10d250e1b4b4a6ec0a82,a cow running to join a herd of its kind,hybrid_exclude,full,0.9591885805130005,0.9378485083580017,0.892408549785614,0.9442958235740662,0.901060938835144,0.04323488473892212,0.02134007215499878,0.06678003072738647,False,False,completed,True
v_125269dc5fc640751fa4,a zebra running to join a herd of its kind,hybrid_exclude,full,0.9697616100311279,0.9683030843734741,,0.9459475874900818,0.9397029280662537,0.006244659423828125,0.0014585256576538086,,False,False,completed,True
v_13502c1b9c959957b46a,a zebra taking a peaceful walk,hybrid_exclude,full,0.9967139363288879,0.9938566088676453,,0.997106671333313,0.9947006106376648,0.0024060606956481934,0.0028573274612426758,,False,False,completed,True
v_1814b4d5b25ffa156aa6,an elephant running to join a herd of its kind,hybrid_exclude,full,0.9690490961074829,0.9600569605827332,0.7663995027542114,0.9329218864440918,0.8988328576087952,0.03408902883529663,0.008992135524749756,0.20264959335327148,False,False,completed,True
v_22506cf5d5a1e6088fc8,a truck slowing down to stop,hybrid_exclude,full,0.8691954612731934,0.80182945728302,0.7494798898696899,0.7584022879600525,0.6934057474136353,0.06499654054641724,0.06736600399017334,0.11971557140350342,False,False,completed,True
v_2ac6cf025d5e88563949,a zebra running to join a herd of its kind,hybrid_exclude,full,0.9500249624252319,0.9478874802589417,,0.9185127019882202,0.9099277257919312,0.008584976196289062,0.002137482166290283,,False,False,completed,True
v_2fbefa11a17758f1cd8f,a zebra taking a peaceful walk,hybrid_exclude,full,0.9445307850837708,0.9319398999214172,0.80998295545578,0.9212554693222046,0.8491337895393372,0.07212167978286743,0.012590885162353516,0.13454782962799072,False,False,completed,True
v_304f65b790cd089803d4,a zebra bending down to drink water from a river,hybrid_exclude,full,0.9545856714248657,0.9585056900978088,,0.9624999761581421,0.9389318227767944,0.023568153381347656,0.003920018672943115,,False,False,completed,True
v_34025bb5b4d01c898f92,a motorcycle accelerating to gain speed,hybrid_exclude,full,0.9564681053161621,0.9588448405265808,0.9508732557296753,0.9416208267211914,0.9259730577468872,0.0156477689743042,0.002376735210418701,0.005594849586486816,False,False,completed,True
v_355010ce10f66a681b88,a truck turning a corner,hybrid_exclude,full,0.9635376334190369,0.9451921582221985,,0.9169105887413025,0.8778395652770996,0.03907102346420288,0.01834547519683838,,False,False,completed,True
v_35d320b87cf1354b75ab,a zebra running to join a herd of its kind,hybrid_exclude,full,0.9588550925254822,0.9569385051727295,,0.9490302205085754,0.9357653856277466,0.013264834880828857,0.0019165873527526855,,False,False,completed,True
v_38ae4c230155beb1b259,a zebra taking a peaceful walk,hybrid_exclude,full,0.9856873154640198,0.9826354384422302,,0.98517906665802,0.9815124869346619,0.0036665797233581543,0.0030518770217895508,,False,False,completed,True
v_3b6ddfc07cc98fcf9fa0,an elephant running to join a herd of its kind,hybrid_exclude,full,0.9880058169364929,0.9872298240661621,0.9754160642623901,0.9849029779434204,0.9829930067062378,0.0019099712371826172,0.0007759928703308105,0.012589752674102783,False,False,completed,True
v_427171327cff517973ed,a zebra bending down to drink water from a river,hybrid_exclude,full,0.9852167367935181,0.9824393391609192,,0.9767624139785767,0.9767100811004639,5.233287811279297e-05,0.002777397632598877,,False,False,completed,True
v_4719caef96c8df794757,an elephant running to join a herd of its kind,hybrid_exclude,full,0.9782639741897583,0.9789210557937622,0.9711797833442688,0.969979465007782,0.9581172466278076,0.011862218379974365,0.0006570816040039062,0.007084190845489502,False,False,completed,True
v_4d76a76426a219a5f1bb,a zebra bending down to drink water from a river,hybrid_exclude,full,0.9782224893569946,0.9701131582260132,0.7007971405982971,0.9762669801712036,0.9590239524841309,0.017243027687072754,0.008109331130981445,0.2774253487586975,False,False,completed,True
v_4e7cf3a0868b1b118f55,a zebra running to join a herd of its kind,hybrid_exclude,full,0.9522103071212769,0.951059877872467,0.7707107067108154,0.9482232928276062,0.9354543685913086,0.012768924236297607,0.0011504292488098145,0.18149960041046143,False,False,completed,True
v_4f8abc7bb931501fb862,a truck slowing down to stop,hybrid_exclude,full,0.9940704703330994,0.7761744260787964,0.9551434516906738,0.9710509777069092,0.7954357266426086,0.17561525106430054,0.21789604425430298,0.03892701864242554,False,False,completed,False
v_4ff816e35ca1960d8058,an elephant running to join a herd of its kind,hybrid_exclude,full,0.9646567702293396,0.9654412865638733,0.9454087018966675,0.9487122297286987,0.9214896559715271,0.02722257375717163,0.0007845163345336914,0.01924806833267212,False,False,completed,True
v_50b265d3f9ccf281a518,an elephant spraying itself with water using its trunk to cool down,hybrid_exclude,full,0.9901018142700195,0.9817277789115906,0.9792492985725403,0.9922862648963928,0.9819568991661072,0.010329365730285645,0.008374035358428955,0.010852515697479248,False,False,completed,True
v_53b3d43654788945925c,a zebra running to join a herd of its kind,hybrid_exclude,full,0.972172737121582,0.967502772808075,,0.9581042528152466,0.9475563764572144,0.010547876358032227,0.00466996431350708,,False,False,completed,True
v_55a4f07d56cda7470760,an elephant running to join a herd of its kind,hybrid_exclude,full,0.9789860844612122,0.975157618522644,0.9241237044334412,0.9713909029960632,0.9521178603172302,0.019273042678833008,0.0038284659385681152,0.054862380027770996,False,False,completed,True
v_6015d56a898aa0948639,a zebra bending down to drink water from a river,hybrid_exclude,full,0.9817591905593872,0.947281539440155,0.8709895014762878,0.9774531722068787,0.8645958304405212,0.11285734176635742,0.03447765111923218,0.11076968908309937,False,False,completed,True
v_67c0894760111d0087b6,a motorcycle accelerating to gain speed,hybrid_exclude,full,0.92059326171875,0.8720808029174805,0.740912675857544,0.7869536280632019,0.6813385486602783,0.10561507940292358,0.04851245880126953,0.17968058586120605,False,False,completed,True
v_6bee77846ce628e11d94,an elephant spraying itself with water using its trunk to cool down,hybrid_exclude,full,0.9835841059684753,0.9613733887672424,0.9321314692497253,0.9801599383354187,0.9281616806983948,0.051998257637023926,0.02221071720123291,0.05145263671875,False,False,completed,True
v_6d2af08e0301e767c719,a cow running to join a herd of its kind,hybrid_exclude,full,0.9381388425827026,0.9312081933021545,0.782801628112793,0.871242880821228,0.8285508751869202,0.04269200563430786,0.006930649280548096,0.15533721446990967,False,False,completed,True
v_6ee4476dec8615e1535f,a zebra bending down to drink water from a river,hybrid_exclude,full,0.9657285213470459,0.9667789340019226,,0.964434027671814,0.9480350613594055,0.016398966312408447,0.001050412654876709,,False,False,completed,True
v_74d5bd9982ed49689599,a truck turning a corner,hybrid_exclude,full,0.9701874256134033,0.9668816924095154,,0.9252806901931763,0.8995562791824341,0.025724411010742188,0.0033057332038879395,,False,False,completed,True
v_795022cc03907dc7489e,an elephant spraying itself with water using its trunk to cool down,hybrid_exclude,full,0.9523473978042603,0.9554798603057861,,0.9006173610687256,0.860914945602417,0.039702415466308594,0.003132462501525879,,False,False,completed,True
v_7959de66f76bf5fc41d9,a zebra bending down to drink water from a river,hybrid_exclude,full,0.9828632473945618,0.9834163784980774,,0.9712667465209961,0.9674587249755859,0.0038080215454101562,0.000553131103515625,,False,False,completed,True
v_82dc1689fd289adcc0d2,a zebra taking a peaceful walk,hybrid_exclude,full,0.9778921008110046,0.9739211201667786,,0.9754855632781982,0.9707359671592712,0.004749596118927002,0.003970980644226074,,False,False,completed,True
v_88720509dffa7aea9e30,a zebra bending down to drink water from a river,hybrid_exclude,full,0.9738063216209412,0.9753248691558838,,0.9799759387969971,0.975734531879425,0.0042414069175720215,0.001518547534942627,,False,False,completed,True
v_8887acf562b32cc84023,a zebra bending down to drink water from a river,hybrid_exclude,full,0.9334750771522522,0.8878992199897766,0.8597930669784546,0.9226030707359314,0.6818071603775024,0.24079591035842896,0.045575857162475586,0.07368201017379761,False,False,completed,True
v_8dca194984971f0a1124,a truck turning a corner,hybrid_exclude,full,0.9337459802627563,0.8738035559654236,0.7339032888412476,0.8681207299232483,0.8157967925071716,0.05232393741607666,0.059942424297332764,0.1998426914215088,False,False,completed,True
v_8e6a21dfeb7a106dae22,a zebra taking a peaceful walk,hybrid_exclude,full,0.9760703444480896,0.9513753652572632,0.8833249807357788,0.9702401757240295,0.9221188426017761,0.04812133312225342,0.024694979190826416,0.09274536371231079,False,False,completed,True
v_a18cdea6bd26987ddbc4,a cow running to join a herd of its kind,hybrid_exclude,full,0.9762948155403137,0.9697510004043579,,0.9539317488670349,0.946563720703125,0.007368028163909912,0.0065438151359558105,,False,False,completed,True
v_a3b6d576bc5c5ef3517f,a zebra running to join a herd of its kind,hybrid_exclude,full,0.9438295960426331,0.9415956735610962,0.656231701374054,0.9383728504180908,0.9319170117378235,0.006455838680267334,0.0022339224815368652,0.2875978946685791,False,False,completed,True
v_a522928f33a3f29c463c,a truck slowing down to stop,hybrid_exclude,full,0.9893493056297302,0.987459123134613,,0.9741533398628235,0.961560070514679,0.012593269348144531,0.0018901824951171875,,False,False,completed,True
v_a5b4d7c4b2a095c9e6cc,an elephant running to join a herd of its kind,hybrid_exclude,full,0.9817762970924377,0.9641316533088684,0.938995897769928,0.9782154560089111,0.9401034116744995,0.03811204433441162,0.017644643783569336,0.042780399322509766,False,False,completed,True
v_aa14318968934ce72fb1,a zebra bending down to drink water from a river,hybrid_exclude,full,0.973966121673584,0.9733051657676697,,0.9643047451972961,0.9470366835594177,0.017268061637878418,0.0006609559059143066,,False,False,completed,True
v_ad2f0d6ec69f9ff90382,a zebra taking a peaceful walk,hybrid_exclude,full,0.9869072437286377,0.9829485416412354,,0.9837861657142639,0.9785829186439514,0.0052032470703125,0.003958702087402344,,False,False,completed,True
v_b2657298416595015a2b,a zebra running to join a herd of its kind,hybrid_exclude,full,0.9221466779708862,0.9207653999328613,,0.8821325302124023,0.867439329624176,0.014693200588226318,0.0013812780380249023,,False,False,completed,True
v_bc950a10e74a0a5447f1,a zebra bending down to drink water from a river,hybrid_exclude,full,0.9756776690483093,0.980768620967865,,0.9725489616394043,0.9426778554916382,0.029871106147766113,0.005090951919555664,,False,False,completed,True
v_bf4b3df29a9616bf26ae,a truck turning a corner,hybrid_exclude,full,0.9515529870986938,0.9512314796447754,,0.8850948214530945,0.8418282270431519,0.04326659440994263,0.00032150745391845703,,False,False,completed,True
v_c41543fe72d2e5493d15,a truck slowing down to stop,hybrid_exclude,full,0.9834082722663879,0.9741201996803284,0.9513098001480103,0.9530027508735657,0.9147845506668091,0.03821820020675659,0.00928807258605957,0.032098472118377686,False,False,completed,True
v_c424c7aceaf2046394ad,a cow running to join a herd of its kind,hybrid_exclude,full,0.9763944745063782,0.9749490022659302,0.9727805256843567,0.9669449329376221,0.9599255919456482,0.007019340991973877,0.001445472240447998,0.0036139488220214844,False,False,completed,True
v_c4de504a244d437ac3ad,a zebra bending down to drink water from a river,hybrid_exclude,full,0.9940760135650635,0.9886363744735718,,0.994841992855072,0.962870180606842,0.03197181224822998,0.005439639091491699,,False,False,completed,True
v_cdab6ebfbdf88aa1365e,an elephant running to join a herd of its kind,hybrid_exclude,full,0.9607254266738892,0.9601930379867554,0.9695276021957397,0.9530994296073914,0.9101220965385437,0.042977333068847656,0.0005323886871337891,-0.008802175521850586,False,False,completed,True
v_d111e2d8975fa9b850b3,a zebra taking a peaceful walk,hybrid_exclude,full,0.9483411908149719,0.885992705821991,0.707166314125061,0.9036860466003418,0.8475661277770996,0.05611991882324219,0.06234848499298096,0.2411748766899109,False,False,completed,True
v_d51186bcfc23e2a780ab,a truck slowing down to stop,hybrid_exclude,full,0.9643544554710388,0.9853086471557617,0.8685551285743713,0.9112410545349121,0.9173129200935364,0.006071865558624268,0.0209541916847229,0.09579932689666748,False,False,completed,True
v_d86a4852b9a610b4e2ac,a motorcycle accelerating to gain speed,hybrid_exclude,full,0.9552143812179565,0.951926589012146,,0.8991079330444336,0.846338152885437,0.05276978015899658,0.003287792205810547,,False,False,completed,True
v_e7e6381187b3421f31f4,a zebra taking a peaceful walk,hybrid_exclude,full,0.9758050441741943,0.9673355221748352,,0.9502309560775757,0.93736732006073,0.012863636016845703,0.00846952199935913,,False,False,completed,True
v_e84cd21f77767e064452,an elephant running to join a herd of its kind,hybrid_exclude,full,0.8868926167488098,0.9187922477722168,,0.9618316292762756,0.9167303442955017,0.045101284980773926,0.03189963102340698,,False,False,completed,True
v_f762ed821ba1fba906af,a zebra bending down to drink water from a river,hybrid_exclude,full,0.9867092370986938,0.9761783480644226,,0.9777792096138,0.9523631930351257,0.025416016578674316,0.01053088903427124,,False,False,completed,True
v_f993f14cdb34fb8383ef,a zebra bending down to drink water from a river,hybrid_exclude,full,0.9814218878746033,0.9832181334495544,,0.9786093235015869,0.9736708998680115,0.0049384236335754395,0.0017962455749511719,,False,False,completed,True
v_fb03b6a21df9c0a51627,a cow running to join a herd of its kind,hybrid_exclude,full,0.9514460563659668,0.941508948802948,0.8824858665466309,0.9386007189750671,0.8949503898620605,0.04365032911300659,0.009937107563018799,0.06896018981933594,False,False,completed,True
v_fc9b39a4b047b2db243c,an elephant spraying itself with water using its trunk to cool down,hybrid_exclude,full,0.9950287342071533,0.9871949553489685,0.9640152454376221,0.9937685132026672,0.9858100414276123,0.007958471775054932,0.007833778858184814,0.03101348876953125,False,False,completed,True
v_fef8070abcd8dcd3af47,a zebra taking a peaceful walk,hybrid_exclude,full,0.9282910823822021,0.9136678576469421,0.7387322187423706,0.8663416504859924,0.7862936854362488,0.08004796504974365,0.01462322473526001,0.18955886363983154,False,False,completed,True
