video_uid,prompt_id,method,position,clean,background,subject,origin_clean,origin_background,origin_abs_change,repair_abs_change,subject_signed_drop,zero_to_zero,joint_success,runtime_status
v_075ccc862d1b2d4936f0,an elephant running to join a herd of its kind,direct_zero,start,0.9630889296531677,0.9630866050720215,0.888755202293396,0.9417819976806641,0.8917198777198792,0.05006211996078491,2.3245811462402344e-06,0.07433372735977173,False,False,completed
v_0925f4496cf55ade8e5d,an elephant spraying itself with water using its trunk to cool down,direct_zero,start,0.98935467004776,0.9797985553741455,0.8187909722328186,0.9881947040557861,0.9459001421928406,0.04229456186294556,0.009556114673614502,0.1705636978149414,False,False,completed
v_0a1a6db568841167f9e8,a truck turning a corner,direct_zero,start,0.7832257747650146,0.7784919142723083,0.4043329656124115,0.8972001075744629,0.7685686945915222,0.12863141298294067,0.004733860492706299,0.37889280915260315,False,True,completed
v_10d250e1b4b4a6ec0a82,a cow running to join a herd of its kind,direct_zero,start,0.9591885805130005,0.9211012125015259,0.9489522576332092,0.9442958235740662,0.7955892086029053,0.1487066149711609,0.03808736801147461,0.01023632287979126,False,False,completed
v_125269dc5fc640751fa4,a zebra running to join a herd of its kind,direct_zero,start,0.9697616100311279,0.9682358503341675,0.5334725975990295,0.9459475874900818,0.8922224044799805,0.05372518301010132,0.0015257596969604492,0.4362890124320984,False,False,completed
v_13502c1b9c959957b46a,a zebra taking a peaceful walk,direct_zero,start,0.9967139363288879,0.9948610067367554,0.5483049154281616,0.997106671333313,0.9465374946594238,0.05056917667388916,0.0018529295921325684,0.4484090209007263,False,False,completed
v_1814b4d5b25ffa156aa6,an elephant running to join a herd of its kind,direct_zero,start,0.9690490961074829,0.9611985683441162,0.9333242774009705,0.9329218864440918,0.8879756927490234,0.04494619369506836,0.0078505277633667,0.03572481870651245,False,False,completed
v_22506cf5d5a1e6088fc8,a truck slowing down to stop,direct_zero,start,0.8691954612731934,0.48433738946914673,0.5705096125602722,0.7584022879600525,0.599288821220398,0.15911346673965454,0.38485807180404663,0.29868584871292114,False,False,completed
v_2ac6cf025d5e88563949,a zebra running to join a herd of its kind,direct_zero,start,0.9500249624252319,0.9463278651237488,0.5219694375991821,0.9185127019882202,0.8550397753715515,0.0634729266166687,0.0036970973014831543,0.4280555248260498,False,False,completed
v_2fbefa11a17758f1cd8f,a zebra taking a peaceful walk,direct_zero,start,0.9445307850837708,0.8261455297470093,0.6153179407119751,0.9212554693222046,0.7399032115936279,0.18135225772857666,0.11838525533676147,0.32921284437179565,False,False,completed
v_304f65b790cd089803d4,a zebra bending down to drink water from a river,direct_zero,start,0.9545856714248657,0.9496464729309082,0.5254056453704834,0.9624999761581421,0.816853404045105,0.1456465721130371,0.0049391984939575195,0.4291800260543823,False,True,completed
v_34025bb5b4d01c898f92,a motorcycle accelerating to gain speed,direct_zero,start,0.9564681053161621,0.9535014033317566,0.906984269618988,0.9416208267211914,0.8966054320335388,0.04501539468765259,0.0029667019844055176,0.04948383569717407,False,False,completed
v_355010ce10f66a681b88,a truck turning a corner,direct_zero,start,0.9635376334190369,0.9462561011314392,0.6115459203720093,0.9169105887413025,0.7864003777503967,0.13051021099090576,0.017281532287597656,0.3519917130470276,False,False,completed
v_35d320b87cf1354b75ab,a zebra running to join a herd of its kind,direct_zero,start,0.9588550925254822,0.9577345848083496,0.5276535749435425,0.9490302205085754,0.8857479691505432,0.06328225135803223,0.0011205077171325684,0.4312015175819397,False,False,completed
v_38ae4c230155beb1b259,a zebra taking a peaceful walk,direct_zero,start,0.9856873154640198,0.9833732843399048,0.5428537130355835,0.98517906665802,0.9560213088989258,0.02915775775909424,0.0023140311241149902,0.4428336024284363,False,False,completed
v_3b6ddfc07cc98fcf9fa0,an elephant running to join a herd of its kind,direct_zero,start,0.9880058169364929,0.9868543148040771,0.8262309432029724,0.9849029779434204,0.9577124714851379,0.02719050645828247,0.0011515021324157715,0.1617748737335205,False,False,completed
v_427171327cff517973ed,a zebra bending down to drink water from a river,direct_zero,start,0.9852167367935181,0.9840715527534485,0.542264461517334,0.9767624139785767,0.9225911498069763,0.05417126417160034,0.00114518404006958,0.4429522752761841,False,False,completed
v_4719caef96c8df794757,an elephant running to join a herd of its kind,direct_zero,start,0.9782639741897583,0.9781129360198975,0.938597559928894,0.969979465007782,0.9343451857566833,0.03563427925109863,0.00015103816986083984,0.03966641426086426,False,False,completed
v_4d76a76426a219a5f1bb,a zebra bending down to drink water from a river,direct_zero,start,0.9782224893569946,0.9765960574150085,0.5553485155105591,0.9762669801712036,0.9444295167922974,0.03183746337890625,0.001626431941986084,0.42287397384643555,False,False,completed
v_4e7cf3a0868b1b118f55,a zebra running to join a herd of its kind,direct_zero,start,0.9522103071212769,0.9512605667114258,0.6022040247917175,0.9482232928276062,0.8852828145027161,0.06294047832489014,0.0009497404098510742,0.3500062823295593,False,False,completed
v_4ff816e35ca1960d8058,an elephant running to join a herd of its kind,direct_zero,start,0.9646567702293396,0.9645574688911438,0.8571804761886597,0.9487122297286987,0.8668708205223083,0.08184140920639038,9.930133819580078e-05,0.10747629404067993,False,False,completed
v_50b265d3f9ccf281a518,an elephant spraying itself with water using its trunk to cool down,direct_zero,start,0.9901018142700195,0.9714722633361816,0.9554469585418701,0.9922862648963928,0.939254105091095,0.05303215980529785,0.01862955093383789,0.034654855728149414,False,False,completed
v_53b3d43654788945925c,a zebra running to join a herd of its kind,direct_zero,start,0.972172737121582,0.9702202081680298,0.53606116771698,0.9581042528152466,0.8965907096862793,0.061513543128967285,0.001952528953552246,0.43611156940460205,False,False,completed
v_55a4f07d56cda7470760,an elephant running to join a herd of its kind,direct_zero,start,0.9789860844612122,0.9637612104415894,0.937325656414032,0.9713909029960632,0.9212220907211304,0.05016881227493286,0.015224874019622803,0.041660428047180176,False,False,completed
v_6015d56a898aa0948639,a zebra bending down to drink water from a river,direct_zero,start,0.9817591905593872,0.6460835337638855,0.9543774724006653,0.9774531722068787,0.7843258380889893,0.1931273341178894,0.3356756567955017,0.027381718158721924,False,False,completed
v_67c0894760111d0087b6,a motorcycle accelerating to gain speed,direct_zero,start,0.92059326171875,0.6996275186538696,0.6008391380310059,0.7869536280632019,0.6768341064453125,0.1101195216178894,0.22096574306488037,0.31975412368774414,False,False,completed
v_6bee77846ce628e11d94,an elephant spraying itself with water using its trunk to cool down,direct_zero,start,0.9835841059684753,0.968574583530426,0.7965032458305359,0.9801599383354187,0.9092835187911987,0.07087641954421997,0.015009522438049316,0.18708086013793945,False,False,completed
v_6d2af08e0301e767c719,a cow running to join a herd of its kind,direct_zero,start,0.9381388425827026,0.5188788771629333,0.5926651358604431,0.871242880821228,0.7239273190498352,0.14731556177139282,0.4192599654197693,0.3454737067222595,False,False,completed
v_6ee4476dec8615e1535f,a zebra bending down to drink water from a river,direct_zero,start,0.9657285213470459,0.9633605480194092,0.5908299684524536,0.964434027671814,0.9121320843696594,0.05230194330215454,0.0023679733276367188,0.3748985528945923,False,False,completed
v_74d5bd9982ed49689599,a truck turning a corner,direct_zero,start,0.9701874256134033,0.9692152142524719,0.5334962606430054,0.9252806901931763,0.8537225723266602,0.07155811786651611,0.0009722113609313965,0.43669116497039795,False,False,completed
v_795022cc03907dc7489e,an elephant spraying itself with water using its trunk to cool down,direct_zero,start,0.24734899401664734,0.21867966651916504,0.21867966651916504,0.9006173610687256,0.7301502227783203,0.17046713829040527,0.0286693274974823,0.0286693274974823,False,False,completed
v_7959de66f76bf5fc41d9,a zebra bending down to drink water from a river,direct_zero,start,0.9828632473945618,0.981468677520752,0.5589017868041992,0.9712667465209961,0.9439519643783569,0.02731478214263916,0.0013945698738098145,0.42396146059036255,False,False,completed
v_82dc1689fd289adcc0d2,a zebra taking a peaceful walk,direct_zero,start,0.9778921008110046,0.9776855111122131,0.5402250289916992,0.9754855632781982,0.9310983419418335,0.044387221336364746,0.0002065896987915039,0.4376670718193054,False,False,completed
v_88720509dffa7aea9e30,a zebra bending down to drink water from a river,direct_zero,start,0.9738063216209412,0.9735342264175415,0.5352206230163574,0.9799759387969971,0.9323622584342957,0.047613680362701416,0.0002720952033996582,0.43858569860458374,False,False,completed
v_8887acf562b32cc84023,a zebra bending down to drink water from a river,direct_zero,start,0.9334750771522522,0.8951033353805542,0.919603705406189,0.9226030707359314,0.6458277702331543,0.2767753005027771,0.038371741771698,0.013871371746063232,False,False,completed
v_8dca194984971f0a1124,a truck turning a corner,direct_zero,start,0.9337459802627563,0.9358702301979065,0.6937395930290222,0.8681207299232483,0.7912500500679016,0.07687067985534668,0.0021242499351501465,0.24000638723373413,False,False,completed
v_8e6a21dfeb7a106dae22,a zebra taking a peaceful walk,direct_zero,start,0.9760703444480896,0.9569475054740906,0.9310517907142639,0.9702401757240295,0.9203214645385742,0.04991871118545532,0.019122838973999023,0.045018553733825684,False,False,completed
v_a18cdea6bd26987ddbc4,a cow running to join a herd of its kind,direct_zero,start,0.8598477840423584,0.8583967089653015,0.4683087468147278,0.9539317488670349,0.9026607275009155,0.051271021366119385,0.0014510750770568848,0.3915390372276306,False,False,completed
v_a3b6d576bc5c5ef3517f,a zebra running to join a herd of its kind,direct_zero,start,0.9438295960426331,0.944534420967102,0.5987094044685364,0.9383728504180908,0.896858274936676,0.041514575481414795,0.0007048249244689941,0.3451201915740967,False,False,completed
v_a522928f33a3f29c463c,a truck slowing down to stop,direct_zero,start,0.9893493056297302,0.9873534440994263,0.6238462328910828,0.9741533398628235,0.9169870615005493,0.05716627836227417,0.001995861530303955,0.36550307273864746,False,False,completed
v_a5b4d7c4b2a095c9e6cc,an elephant running to join a herd of its kind,direct_zero,start,0.9817762970924377,0.9771285057067871,0.8839928507804871,0.9782154560089111,0.9517995715141296,0.026415884494781494,0.004647791385650635,0.09778344631195068,False,False,completed
v_aa14318968934ce72fb1,a zebra bending down to drink water from a river,direct_zero,start,0.973966121673584,0.9717866778373718,0.5417301654815674,0.9643047451972961,0.8879858255386353,0.07631891965866089,0.002179443836212158,0.4322359561920166,False,False,completed
v_ad2f0d6ec69f9ff90382,a zebra taking a peaceful walk,direct_zero,start,0.9869072437286377,0.9728884696960449,0.7927724719047546,0.9837861657142639,0.9228165149688721,0.060969650745391846,0.014018774032592773,0.19413477182388306,False,False,completed
v_b2657298416595015a2b,a zebra running to join a herd of its kind,direct_zero,start,0.9221466779708862,0.9115387201309204,0.6823399066925049,0.8821325302124023,0.8402508497238159,0.041881680488586426,0.01060795783996582,0.23980677127838135,False,False,completed
v_bc950a10e74a0a5447f1,a zebra bending down to drink water from a river,direct_zero,start,0.9756776690483093,0.9775420427322388,0.538481593132019,0.9725489616394043,0.8853164911270142,0.08723247051239014,0.0018643736839294434,0.4371960759162903,False,False,completed
v_bf4b3df29a9616bf26ae,a truck turning a corner,direct_zero,start,0.9515529870986938,0.9519578814506531,0.5312649607658386,0.8850948214530945,0.7863308191299438,0.09876400232315063,0.0004048943519592285,0.4202880263328552,False,False,completed
v_c41543fe72d2e5493d15,a truck slowing down to stop,direct_zero,start,0.9834082722663879,0.9816592931747437,0.6038411855697632,0.9530027508735657,0.9224773645401001,0.030525386333465576,0.0017489790916442871,0.37956708669662476,False,False,completed
v_c424c7aceaf2046394ad,a cow running to join a herd of its kind,direct_zero,start,0.9763944745063782,0.9736610054969788,0.8780177235603333,0.9669449329376221,0.8298641443252563,0.13708078861236572,0.002733469009399414,0.09837675094604492,False,True,completed
v_c4de504a244d437ac3ad,a zebra bending down to drink water from a river,direct_zero,start,0.9940760135650635,0.9908478260040283,0.5469377040863037,0.994841992855072,0.9175237417221069,0.07731825113296509,0.0032281875610351562,0.44713830947875977,False,False,completed
v_cdab6ebfbdf88aa1365e,an elephant running to join a herd of its kind,direct_zero,start,0.9607254266738892,0.9605902433395386,0.696414053440094,0.9530994296073914,0.8843356966972351,0.06876373291015625,0.00013518333435058594,0.26431137323379517,False,False,completed
v_d111e2d8975fa9b850b3,a zebra taking a peaceful walk,direct_zero,start,0.9483411908149719,0.8159345388412476,0.9279495477676392,0.9036860466003418,0.8045333027839661,0.09915274381637573,0.13240665197372437,0.020391643047332764,False,False,completed
v_d51186bcfc23e2a780ab,a truck slowing down to stop,direct_zero,start,0.9643544554710388,0.9653132557868958,0.6176360249519348,0.9112410545349121,0.880128800868988,0.031112253665924072,0.0009588003158569336,0.346718430519104,False,False,completed
v_d86a4852b9a610b4e2ac,a motorcycle accelerating to gain speed,direct_zero,start,0.9552143812179565,0.9516364336013794,0.5241967439651489,0.8991079330444336,0.7478932738304138,0.15121465921401978,0.0035779476165771484,0.4310176372528076,False,True,completed
v_e7e6381187b3421f31f4,a zebra taking a peaceful walk,direct_zero,start,0.9758050441741943,0.9752290844917297,0.5368770360946655,0.9502309560775757,0.908545732498169,0.04168522357940674,0.0005759596824645996,0.4389280080795288,False,False,completed
v_e84cd21f77767e064452,an elephant running to join a herd of its kind,direct_zero,start,0.8868926167488098,0.8881393671035767,0.5595910549163818,0.9618316292762756,0.7963314056396484,0.1655002236366272,0.0012467503547668457,0.327301561832428,False,True,completed
v_f762ed821ba1fba906af,a zebra bending down to drink water from a river,direct_zero,start,0.9867092370986938,0.9778374433517456,0.5420944094657898,0.9777792096138,0.900901198387146,0.07687801122665405,0.008871793746948242,0.44461482763290405,False,False,completed
v_f993f14cdb34fb8383ef,a zebra bending down to drink water from a river,direct_zero,start,0.9814218878746033,0.9769591689109802,0.5409412384033203,0.9786093235015869,0.9293237328529358,0.04928559064865112,0.004462718963623047,0.44048064947128296,False,False,completed
v_fb03b6a21df9c0a51627,a cow running to join a herd of its kind,direct_zero,start,0.9514460563659668,0.943108856678009,0.9160522818565369,0.9386007189750671,0.8460391759872437,0.09256154298782349,0.008337199687957764,0.03539377450942993,False,False,completed
v_fc9b39a4b047b2db243c,an elephant spraying itself with water using its trunk to cool down,direct_zero,start,0.9950287342071533,0.9899533987045288,0.825353741645813,0.9937685132026672,0.9680618047714233,0.025706708431243896,0.005075335502624512,0.16967499256134033,False,False,completed
v_fef8070abcd8dcd3af47,a zebra taking a peaceful walk,direct_zero,start,0.9282910823822021,0.8698587417602539,0.5751402378082275,0.8663416504859924,0.7960798740386963,0.07026177644729614,0.05843234062194824,0.3531508445739746,False,False,completed
v_075ccc862d1b2d4936f0,an elephant running to join a herd of its kind,direct_exclude,start,0.9630889296531677,0.9630866050720215,0.888755202293396,0.9417819976806641,0.8917198777198792,0.05006211996078491,2.3245811462402344e-06,0.07433372735977173,False,False,completed
v_0925f4496cf55ade8e5d,an elephant spraying itself with water using its trunk to cool down,direct_exclude,start,0.98935467004776,0.9797985553741455,0.9357610940933228,0.9881947040557861,0.9459001421928406,0.04229456186294556,0.009556114673614502,0.053593575954437256,False,False,completed
v_0a1a6db568841167f9e8,a truck turning a corner,direct_exclude,start,0.8951151967048645,0.8897050619125366,0.8821808695793152,0.8972001075744629,0.7685686945915222,0.12863141298294067,0.005410134792327881,0.012934327125549316,False,True,completed
v_10d250e1b4b4a6ec0a82,a cow running to join a herd of its kind,direct_exclude,start,0.9591885805130005,0.9211012125015259,0.9489522576332092,0.9442958235740662,0.7955892086029053,0.1487066149711609,0.03808736801147461,0.01023632287979126,False,False,completed
v_125269dc5fc640751fa4,a zebra running to join a herd of its kind,direct_exclude,start,0.9697616100311279,0.9682358503341675,0.9699501395225525,0.9459475874900818,0.8922224044799805,0.05372518301010132,0.0015257596969604492,-0.00018852949142456055,False,False,completed
v_13502c1b9c959957b46a,a zebra taking a peaceful walk,direct_exclude,start,0.9967139363288879,0.9948610067367554,0.9969179630279541,0.997106671333313,0.9465374946594238,0.05056917667388916,0.0018529295921325684,-0.0002040266990661621,False,False,completed
v_1814b4d5b25ffa156aa6,an elephant running to join a herd of its kind,direct_exclude,start,0.9690490961074829,0.9611985683441162,0.9333242774009705,0.9329218864440918,0.8879756927490234,0.04494619369506836,0.0078505277633667,0.03572481870651245,False,False,completed
v_22506cf5d5a1e6088fc8,a truck slowing down to stop,direct_exclude,start,0.8691954612731934,0.880613386631012,0.8777070641517639,0.7584022879600525,0.599288821220398,0.15911346673965454,0.011417925357818604,-0.008511602878570557,False,False,completed
v_2ac6cf025d5e88563949,a zebra running to join a herd of its kind,direct_exclude,start,0.9500249624252319,0.9463278651237488,0.9490353465080261,0.9185127019882202,0.8550397753715515,0.0634729266166687,0.0036970973014831543,0.0009896159172058105,False,False,completed
v_2fbefa11a17758f1cd8f,a zebra taking a peaceful walk,direct_exclude,start,0.9445307850837708,0.9441663026809692,0.9466429352760315,0.9212554693222046,0.7399032115936279,0.18135225772857666,0.00036448240280151367,-0.002112150192260742,False,True,completed
v_304f65b790cd089803d4,a zebra bending down to drink water from a river,direct_exclude,start,0.9545856714248657,0.9496464729309082,0.9552830457687378,0.9624999761581421,0.816853404045105,0.1456465721130371,0.0049391984939575195,-0.0006973743438720703,False,True,completed
v_34025bb5b4d01c898f92,a motorcycle accelerating to gain speed,direct_exclude,start,0.9564681053161621,0.9535014033317566,0.906984269618988,0.9416208267211914,0.8966054320335388,0.04501539468765259,0.0029667019844055176,0.04948383569717407,False,False,completed
v_355010ce10f66a681b88,a truck turning a corner,direct_exclude,start,0.9635376334190369,0.9462561011314392,0.9408397078514099,0.9169105887413025,0.7864003777503967,0.13051021099090576,0.017281532287597656,0.022697925567626953,False,False,completed
v_35d320b87cf1354b75ab,a zebra running to join a herd of its kind,direct_exclude,start,0.9588550925254822,0.9577345848083496,0.9593701362609863,0.9490302205085754,0.8857479691505432,0.06328225135803223,0.0011205077171325684,-0.0005150437355041504,False,False,completed
v_38ae4c230155beb1b259,a zebra taking a peaceful walk,direct_exclude,start,0.9856873154640198,0.9833732843399048,0.9870067238807678,0.98517906665802,0.9560213088989258,0.02915775775909424,0.0023140311241149902,-0.0013194084167480469,False,False,completed
v_3b6ddfc07cc98fcf9fa0,an elephant running to join a herd of its kind,direct_exclude,start,0.9880058169364929,0.9868543148040771,0.9442638754844666,0.9849029779434204,0.9577124714851379,0.02719050645828247,0.0011515021324157715,0.04374194145202637,False,False,completed
v_427171327cff517973ed,a zebra bending down to drink water from a river,direct_exclude,start,0.9852167367935181,0.9840715527534485,0.9859352111816406,0.9767624139785767,0.9225911498069763,0.05417126417160034,0.00114518404006958,-0.0007184743881225586,False,False,completed
v_4719caef96c8df794757,an elephant running to join a herd of its kind,direct_exclude,start,0.9782639741897583,0.9781129360198975,0.938597559928894,0.969979465007782,0.9343451857566833,0.03563427925109863,0.00015103816986083984,0.03966641426086426,False,False,completed
v_4d76a76426a219a5f1bb,a zebra bending down to drink water from a river,direct_exclude,start,0.9782224893569946,0.9765960574150085,0.9774133563041687,0.9762669801712036,0.9444295167922974,0.03183746337890625,0.001626431941986084,0.0008091330528259277,False,False,completed
v_4e7cf3a0868b1b118f55,a zebra running to join a herd of its kind,direct_exclude,start,0.9522103071212769,0.9512605667114258,0.9264677166938782,0.9482232928276062,0.8852828145027161,0.06294047832489014,0.0009497404098510742,0.02574259042739868,False,False,completed
v_4ff816e35ca1960d8058,an elephant running to join a herd of its kind,direct_exclude,start,0.9646567702293396,0.9645574688911438,0.8571804761886597,0.9487122297286987,0.8668708205223083,0.08184140920639038,9.930133819580078e-05,0.10747629404067993,False,False,completed
v_50b265d3f9ccf281a518,an elephant spraying itself with water using its trunk to cool down,direct_exclude,start,0.9901018142700195,0.9714722633361816,0.9554469585418701,0.9922862648963928,0.939254105091095,0.05303215980529785,0.01862955093383789,0.034654855728149414,False,False,completed
v_53b3d43654788945925c,a zebra running to join a herd of its kind,direct_exclude,start,0.972172737121582,0.9702202081680298,0.9746567010879517,0.9581042528152466,0.8965907096862793,0.061513543128967285,0.001952528953552246,-0.002483963966369629,False,False,completed
v_55a4f07d56cda7470760,an elephant running to join a herd of its kind,direct_exclude,start,0.9789860844612122,0.9637612104415894,0.937325656414032,0.9713909029960632,0.9212220907211304,0.05016881227493286,0.015224874019622803,0.041660428047180176,False,False,completed
v_6015d56a898aa0948639,a zebra bending down to drink water from a river,direct_exclude,start,0.9817591905593872,0.9718862771987915,0.9543774724006653,0.9774531722068787,0.7843258380889893,0.1931273341178894,0.009872913360595703,0.027381718158721924,False,True,completed
v_67c0894760111d0087b6,a motorcycle accelerating to gain speed,direct_exclude,start,0.92059326171875,0.9225857257843018,0.9243678450584412,0.7869536280632019,0.6768341064453125,0.1101195216178894,0.001992464065551758,-0.003774583339691162,False,True,completed
v_6bee77846ce628e11d94,an elephant spraying itself with water using its trunk to cool down,direct_exclude,start,0.9835841059684753,0.968574583530426,0.9667901396751404,0.9801599383354187,0.9092835187911987,0.07087641954421997,0.015009522438049316,0.01679396629333496,False,False,completed
v_6d2af08e0301e767c719,a cow running to join a herd of its kind,direct_exclude,start,0.9381388425827026,0.9434161186218262,0.9117924571037292,0.871242880821228,0.7239273190498352,0.14731556177139282,0.005277276039123535,0.02634638547897339,False,True,completed
v_6ee4476dec8615e1535f,a zebra bending down to drink water from a river,direct_exclude,start,0.9657285213470459,0.9633605480194092,0.9598714709281921,0.964434027671814,0.9121320843696594,0.05230194330215454,0.0023679733276367188,0.00585705041885376,False,False,completed
v_74d5bd9982ed49689599,a truck turning a corner,direct_exclude,start,0.9701874256134033,0.9692152142524719,0.9699931740760803,0.9252806901931763,0.8537225723266602,0.07155811786651611,0.0009722113609313965,0.00019425153732299805,False,False,completed
v_795022cc03907dc7489e,an elephant spraying itself with water using its trunk to cool down,direct_exclude,start,0.960296094417572,0.9621905088424683,0.9621905088424683,0.9006173610687256,0.7301502227783203,0.17046713829040527,0.0018944144248962402,-0.0018944144248962402,False,True,completed
v_7959de66f76bf5fc41d9,a zebra bending down to drink water from a river,direct_exclude,start,0.9828632473945618,0.981468677520752,0.9836671352386475,0.9712667465209961,0.9439519643783569,0.02731478214263916,0.0013945698738098145,-0.0008038878440856934,False,False,completed
v_82dc1689fd289adcc0d2,a zebra taking a peaceful walk,direct_exclude,start,0.9778921008110046,0.9776855111122131,0.9822272658348083,0.9754855632781982,0.9310983419418335,0.044387221336364746,0.0002065896987915039,-0.004335165023803711,False,False,completed
v_88720509dffa7aea9e30,a zebra bending down to drink water from a river,direct_exclude,start,0.9738063216209412,0.9735342264175415,0.9731284976005554,0.9799759387969971,0.9323622584342957,0.047613680362701416,0.0002720952033996582,0.0006778240203857422,False,False,completed
v_8887acf562b32cc84023,a zebra bending down to drink water from a river,direct_exclude,start,0.9334750771522522,0.8951033353805542,0.919603705406189,0.9226030707359314,0.6458277702331543,0.2767753005027771,0.038371741771698,0.013871371746063232,False,False,completed
v_8dca194984971f0a1124,a truck turning a corner,direct_exclude,start,0.9337459802627563,0.9358702301979065,0.914821445941925,0.8681207299232483,0.7912500500679016,0.07687067985534668,0.0021242499351501465,0.0189245343208313,False,False,completed
v_8e6a21dfeb7a106dae22,a zebra taking a peaceful walk,direct_exclude,start,0.9760703444480896,0.9569475054740906,0.9310517907142639,0.9702401757240295,0.9203214645385742,0.04991871118545532,0.019122838973999023,0.045018553733825684,False,False,completed
v_a18cdea6bd26987ddbc4,a cow running to join a herd of its kind,direct_exclude,start,0.9763433337211609,0.97469562292099,0.9773399829864502,0.9539317488670349,0.9026607275009155,0.051271021366119385,0.0016477108001708984,-0.0009966492652893066,False,False,completed
v_a3b6d576bc5c5ef3517f,a zebra running to join a herd of its kind,direct_exclude,start,0.9438295960426331,0.944534420967102,0.9210913181304932,0.9383728504180908,0.896858274936676,0.041514575481414795,0.0007048249244689941,0.022738277912139893,False,False,completed
v_a522928f33a3f29c463c,a truck slowing down to stop,direct_exclude,start,0.9893493056297302,0.9873534440994263,0.9597633481025696,0.9741533398628235,0.9169870615005493,0.05716627836227417,0.001995861530303955,0.029585957527160645,False,False,completed
v_a5b4d7c4b2a095c9e6cc,an elephant running to join a herd of its kind,direct_exclude,start,0.9817762970924377,0.9771285057067871,0.9410244822502136,0.9782154560089111,0.9517995715141296,0.026415884494781494,0.004647791385650635,0.04075181484222412,False,False,completed
v_aa14318968934ce72fb1,a zebra bending down to drink water from a river,direct_exclude,start,0.973966121673584,0.9717866778373718,0.9849638938903809,0.9643047451972961,0.8879858255386353,0.07631891965866089,0.002179443836212158,-0.010997772216796875,False,False,completed
v_ad2f0d6ec69f9ff90382,a zebra taking a peaceful walk,direct_exclude,start,0.9869072437286377,0.9728884696960449,0.9060256481170654,0.9837861657142639,0.9228165149688721,0.060969650745391846,0.014018774032592773,0.08088159561157227,False,False,completed
v_b2657298416595015a2b,a zebra running to join a herd of its kind,direct_exclude,start,0.9221466779708862,0.9115387201309204,0.8997888565063477,0.8821325302124023,0.8402508497238159,0.041881680488586426,0.01060795783996582,0.022357821464538574,False,False,completed
v_bc950a10e74a0a5447f1,a zebra bending down to drink water from a river,direct_exclude,start,0.9756776690483093,0.9775420427322388,0.9790573120117188,0.9725489616394043,0.8853164911270142,0.08723247051239014,0.0018643736839294434,-0.003379642963409424,False,False,completed
v_bf4b3df29a9616bf26ae,a truck turning a corner,direct_exclude,start,0.9515529870986938,0.9519578814506531,0.9659363031387329,0.8850948214530945,0.7863308191299438,0.09876400232315063,0.0004048943519592285,-0.014383316040039062,False,False,completed
v_c41543fe72d2e5493d15,a truck slowing down to stop,direct_exclude,start,0.9834082722663879,0.9816592931747437,0.9810096025466919,0.9530027508735657,0.9224773645401001,0.030525386333465576,0.0017489790916442871,0.002398669719696045,False,False,completed
v_c424c7aceaf2046394ad,a cow running to join a herd of its kind,direct_exclude,start,0.9763944745063782,0.9736610054969788,0.8780177235603333,0.9669449329376221,0.8298641443252563,0.13708078861236572,0.002733469009399414,0.09837675094604492,False,True,completed
v_c4de504a244d437ac3ad,a zebra bending down to drink water from a river,direct_exclude,start,0.9940760135650635,0.9908478260040283,0.9944322109222412,0.994841992855072,0.9175237417221069,0.07731825113296509,0.0032281875610351562,-0.0003561973571777344,False,False,completed
v_cdab6ebfbdf88aa1365e,an elephant running to join a herd of its kind,direct_exclude,start,0.9607254266738892,0.9605902433395386,0.9183480739593506,0.9530994296073914,0.8843356966972351,0.06876373291015625,0.00013518333435058594,0.042377352714538574,False,False,completed
v_d111e2d8975fa9b850b3,a zebra taking a peaceful walk,direct_exclude,start,0.9483411908149719,0.9324966073036194,0.9279495477676392,0.9036860466003418,0.8045333027839661,0.09915274381637573,0.01584458351135254,0.020391643047332764,False,False,completed
v_d51186bcfc23e2a780ab,a truck slowing down to stop,direct_exclude,start,0.9643544554710388,0.9653132557868958,0.9502091407775879,0.9112410545349121,0.880128800868988,0.031112253665924072,0.0009588003158569336,0.014145314693450928,False,False,completed
v_d86a4852b9a610b4e2ac,a motorcycle accelerating to gain speed,direct_exclude,start,0.9552143812179565,0.9516364336013794,0.9530850052833557,0.8991079330444336,0.7478932738304138,0.15121465921401978,0.0035779476165771484,0.00212937593460083,False,True,completed
v_e7e6381187b3421f31f4,a zebra taking a peaceful walk,direct_exclude,start,0.9758050441741943,0.9752290844917297,0.976140022277832,0.9502309560775757,0.908545732498169,0.04168522357940674,0.0005759596824645996,-0.0003349781036376953,False,False,completed
v_e84cd21f77767e064452,an elephant running to join a herd of its kind,direct_exclude,start,0.8868926167488098,0.8881393671035767,0.8609094023704529,0.9618316292762756,0.7963314056396484,0.1655002236366272,0.0012467503547668457,0.025983214378356934,False,True,completed
v_f762ed821ba1fba906af,a zebra bending down to drink water from a river,direct_exclude,start,0.9867092370986938,0.9778374433517456,0.9856260418891907,0.9777792096138,0.900901198387146,0.07687801122665405,0.008871793746948242,0.0010831952095031738,False,False,completed
v_f993f14cdb34fb8383ef,a zebra bending down to drink water from a river,direct_exclude,start,0.9814218878746033,0.9769591689109802,0.9835294485092163,0.9786093235015869,0.9293237328529358,0.04928559064865112,0.004462718963623047,-0.002107560634613037,False,False,completed
v_fb03b6a21df9c0a51627,a cow running to join a herd of its kind,direct_exclude,start,0.9514460563659668,0.943108856678009,0.9160522818565369,0.9386007189750671,0.8460391759872437,0.09256154298782349,0.008337199687957764,0.03539377450942993,False,False,completed
v_fc9b39a4b047b2db243c,an elephant spraying itself with water using its trunk to cool down,direct_exclude,start,0.9950287342071533,0.9899533987045288,0.9432613253593445,0.9937685132026672,0.9680618047714233,0.025706708431243896,0.005075335502624512,0.05176740884780884,False,False,completed
v_fef8070abcd8dcd3af47,a zebra taking a peaceful walk,direct_exclude,start,0.9282910823822021,0.9259784817695618,0.9343817830085754,0.8663416504859924,0.7960798740386963,0.07026177644729614,0.002312600612640381,-0.006090700626373291,False,False,completed
v_075ccc862d1b2d4936f0,an elephant running to join a herd of its kind,hybrid_zero,start,0.9630889296531677,0.9630866050720215,0.888755202293396,0.9417819976806641,0.8917198777198792,0.05006211996078491,2.3245811462402344e-06,0.07433372735977173,False,False,completed
v_0925f4496cf55ade8e5d,an elephant spraying itself with water using its trunk to cool down,hybrid_zero,start,0.98935467004776,0.9797985553741455,0.9277737140655518,0.9881947040557861,0.9459001421928406,0.04229456186294556,0.009556114673614502,0.06158095598220825,False,False,completed
v_0a1a6db568841167f9e8,a truck turning a corner,hybrid_zero,start,0.8892853260040283,0.8846223950386047,0.8057149648666382,0.8972001075744629,0.7685686945915222,0.12863141298294067,0.004662930965423584,0.08357036113739014,False,True,completed
v_10d250e1b4b4a6ec0a82,a cow running to join a herd of its kind,hybrid_zero,start,0.9591885805130005,0.9211012125015259,0.9489522576332092,0.9442958235740662,0.7955892086029053,0.1487066149711609,0.03808736801147461,0.01023632287979126,False,False,completed
v_125269dc5fc640751fa4,a zebra running to join a herd of its kind,hybrid_zero,start,0.9697616100311279,0.9682358503341675,0.8808553814888,0.9459475874900818,0.8922224044799805,0.05372518301010132,0.0015257596969604492,0.08890622854232788,False,False,completed
v_13502c1b9c959957b46a,a zebra taking a peaceful walk,hybrid_zero,start,0.9967139363288879,0.9948610067367554,0.8930832743644714,0.997106671333313,0.9465374946594238,0.05056917667388916,0.0018529295921325684,0.1036306619644165,False,False,completed
v_1814b4d5b25ffa156aa6,an elephant running to join a herd of its kind,hybrid_zero,start,0.9690490961074829,0.9611985683441162,0.9333242774009705,0.9329218864440918,0.8879756927490234,0.04494619369506836,0.0078505277633667,0.03572481870651245,False,False,completed
v_22506cf5d5a1e6088fc8,a truck slowing down to stop,hybrid_zero,start,0.8691954612731934,0.8259528279304504,0.848928689956665,0.7584022879600525,0.599288821220398,0.15911346673965454,0.04324263334274292,0.02026677131652832,False,False,completed
v_2ac6cf025d5e88563949,a zebra running to join a herd of its kind,hybrid_zero,start,0.9500249624252319,0.9463278651237488,0.831892192363739,0.9185127019882202,0.8550397753715515,0.0634729266166687,0.0036970973014831543,0.11813277006149292,False,False,completed
v_2fbefa11a17758f1cd8f,a zebra taking a peaceful walk,hybrid_zero,start,0.9445307850837708,0.926688551902771,0.8680881261825562,0.9212554693222046,0.7399032115936279,0.18135225772857666,0.017842233180999756,0.0764426589012146,False,False,completed
v_304f65b790cd089803d4,a zebra bending down to drink water from a river,hybrid_zero,start,0.9545856714248657,0.9496464729309082,0.8461913466453552,0.9624999761581421,0.816853404045105,0.1456465721130371,0.0049391984939575195,0.1083943247795105,False,True,completed
v_34025bb5b4d01c898f92,a motorcycle accelerating to gain speed,hybrid_zero,start,0.9564681053161621,0.9535014033317566,0.906984269618988,0.9416208267211914,0.8966054320335388,0.04501539468765259,0.0029667019844055176,0.04948383569717407,False,False,completed
v_355010ce10f66a681b88,a truck turning a corner,hybrid_zero,start,0.9635376334190369,0.9462561011314392,0.8680536150932312,0.9169105887413025,0.7864003777503967,0.13051021099090576,0.017281532287597656,0.09548401832580566,False,False,completed
v_35d320b87cf1354b75ab,a zebra running to join a herd of its kind,hybrid_zero,start,0.9588550925254822,0.9577345848083496,0.8529483079910278,0.9490302205085754,0.8857479691505432,0.06328225135803223,0.0011205077171325684,0.10590678453445435,False,False,completed
v_38ae4c230155beb1b259,a zebra taking a peaceful walk,hybrid_zero,start,0.9856873154640198,0.9833732843399048,0.8856772184371948,0.98517906665802,0.9560213088989258,0.02915775775909424,0.0023140311241149902,0.10001009702682495,False,False,completed
v_3b6ddfc07cc98fcf9fa0,an elephant running to join a herd of its kind,hybrid_zero,start,0.9880058169364929,0.9868543148040771,0.936627209186554,0.9849029779434204,0.9577124714851379,0.02719050645828247,0.0011515021324157715,0.051378607749938965,False,False,completed
v_427171327cff517973ed,a zebra bending down to drink water from a river,hybrid_zero,start,0.9852167367935181,0.9840715527534485,0.8776076436042786,0.9767624139785767,0.9225911498069763,0.05417126417160034,0.00114518404006958,0.1076090931892395,False,False,completed
v_4719caef96c8df794757,an elephant running to join a herd of its kind,hybrid_zero,start,0.9782639741897583,0.9781129360198975,0.938597559928894,0.969979465007782,0.9343451857566833,0.03563427925109863,0.00015103816986083984,0.03966641426086426,False,False,completed
v_4d76a76426a219a5f1bb,a zebra bending down to drink water from a river,hybrid_zero,start,0.9782224893569946,0.9765960574150085,0.8817880153656006,0.9762669801712036,0.9444295167922974,0.03183746337890625,0.001626431941986084,0.09643447399139404,False,False,completed
v_4e7cf3a0868b1b118f55,a zebra running to join a herd of its kind,hybrid_zero,start,0.9522103071212769,0.9512605667114258,0.8705184459686279,0.9482232928276062,0.8852828145027161,0.06294047832489014,0.0009497404098510742,0.08169186115264893,False,False,completed
v_4ff816e35ca1960d8058,an elephant running to join a herd of its kind,hybrid_zero,start,0.9646567702293396,0.9645574688911438,0.8571804761886597,0.9487122297286987,0.8668708205223083,0.08184140920639038,9.930133819580078e-05,0.10747629404067993,False,False,completed
v_50b265d3f9ccf281a518,an elephant spraying itself with water using its trunk to cool down,hybrid_zero,start,0.9901018142700195,0.9714722633361816,0.9554469585418701,0.9922862648963928,0.939254105091095,0.05303215980529785,0.01862955093383789,0.034654855728149414,False,False,completed
v_53b3d43654788945925c,a zebra running to join a herd of its kind,hybrid_zero,start,0.972172737121582,0.9702202081680298,0.8806646466255188,0.9581042528152466,0.8965907096862793,0.061513543128967285,0.001952528953552246,0.09150809049606323,False,False,completed
v_55a4f07d56cda7470760,an elephant running to join a herd of its kind,hybrid_zero,start,0.9789860844612122,0.9637612104415894,0.937325656414032,0.9713909029960632,0.9212220907211304,0.05016881227493286,0.015224874019622803,0.041660428047180176,False,False,completed
v_6015d56a898aa0948639,a zebra bending down to drink water from a river,hybrid_zero,start,0.9817591905593872,0.8994710445404053,0.9543774724006653,0.9774531722068787,0.7843258380889893,0.1931273341178894,0.08228814601898193,0.027381718158721924,False,False,completed
v_67c0894760111d0087b6,a motorcycle accelerating to gain speed,hybrid_zero,start,0.92059326171875,0.8492318391799927,0.8627286553382874,0.7869536280632019,0.6768341064453125,0.1101195216178894,0.07136142253875732,0.057864606380462646,False,False,completed
v_6bee77846ce628e11d94,an elephant spraying itself with water using its trunk to cool down,hybrid_zero,start,0.9835841059684753,0.968574583530426,0.9609963297843933,0.9801599383354187,0.9092835187911987,0.07087641954421997,0.015009522438049316,0.02258777618408203,False,False,completed
v_6d2af08e0301e767c719,a cow running to join a herd of its kind,hybrid_zero,start,0.9381388425827026,0.9206610321998596,0.840748131275177,0.871242880821228,0.7239273190498352,0.14731556177139282,0.017477810382843018,0.09739071130752563,False,False,completed
v_6ee4476dec8615e1535f,a zebra bending down to drink water from a river,hybrid_zero,start,0.9657285213470459,0.9633605480194092,0.8866637349128723,0.964434027671814,0.9121320843696594,0.05230194330215454,0.0023679733276367188,0.07906478643417358,False,False,completed
v_74d5bd9982ed49689599,a truck turning a corner,hybrid_zero,start,0.9701874256134033,0.9692152142524719,0.8927125930786133,0.9252806901931763,0.8537225723266602,0.07155811786651611,0.0009722113609313965,0.07747483253479004,False,False,completed
v_795022cc03907dc7489e,an elephant spraying itself with water using its trunk to cool down,hybrid_zero,start,0.9523473978042603,0.9413550496101379,0.9208414554595947,0.9006173610687256,0.7301502227783203,0.17046713829040527,0.010992348194122314,0.03150594234466553,False,False,completed
v_7959de66f76bf5fc41d9,a zebra bending down to drink water from a river,hybrid_zero,start,0.9828632473945618,0.981468677520752,0.9104127883911133,0.9712667465209961,0.9439519643783569,0.02731478214263916,0.0013945698738098145,0.07245045900344849,False,False,completed
v_82dc1689fd289adcc0d2,a zebra taking a peaceful walk,hybrid_zero,start,0.9778921008110046,0.9776855111122131,0.8945493102073669,0.9754855632781982,0.9310983419418335,0.044387221336364746,0.0002065896987915039,0.0833427906036377,False,False,completed
v_88720509dffa7aea9e30,a zebra bending down to drink water from a river,hybrid_zero,start,0.9738063216209412,0.9735342264175415,0.9061831831932068,0.9799759387969971,0.9323622584342957,0.047613680362701416,0.0002720952033996582,0.06762313842773438,False,False,completed
v_8887acf562b32cc84023,a zebra bending down to drink water from a river,hybrid_zero,start,0.9334750771522522,0.8951033353805542,0.919603705406189,0.9226030707359314,0.6458277702331543,0.2767753005027771,0.038371741771698,0.013871371746063232,False,False,completed
v_8dca194984971f0a1124,a truck turning a corner,hybrid_zero,start,0.9337459802627563,0.9358702301979065,0.870543360710144,0.8681207299232483,0.7912500500679016,0.07687067985534668,0.0021242499351501465,0.0632026195526123,False,False,completed
v_8e6a21dfeb7a106dae22,a zebra taking a peaceful walk,hybrid_zero,start,0.9760703444480896,0.9569475054740906,0.9310517907142639,0.9702401757240295,0.9203214645385742,0.04991871118545532,0.019122838973999023,0.045018553733825684,False,False,completed
v_a18cdea6bd26987ddbc4,a cow running to join a herd of its kind,hybrid_zero,start,0.9762948155403137,0.9737969636917114,0.9209925532341003,0.9539317488670349,0.9026607275009155,0.051271021366119385,0.002497851848602295,0.05530226230621338,False,False,completed
v_a3b6d576bc5c5ef3517f,a zebra running to join a herd of its kind,hybrid_zero,start,0.9438295960426331,0.944534420967102,0.8471394181251526,0.9383728504180908,0.896858274936676,0.041514575481414795,0.0007048249244689941,0.09669017791748047,False,False,completed
v_a522928f33a3f29c463c,a truck slowing down to stop,hybrid_zero,start,0.9893493056297302,0.9873534440994263,0.9044107794761658,0.9741533398628235,0.9169870615005493,0.05716627836227417,0.001995861530303955,0.08493852615356445,False,False,completed
v_a5b4d7c4b2a095c9e6cc,an elephant running to join a herd of its kind,hybrid_zero,start,0.9817762970924377,0.9771285057067871,0.9372356534004211,0.9782154560089111,0.9517995715141296,0.026415884494781494,0.004647791385650635,0.0445406436920166,False,False,completed
v_aa14318968934ce72fb1,a zebra bending down to drink water from a river,hybrid_zero,start,0.973966121673584,0.9717866778373718,0.8862916827201843,0.9643047451972961,0.8879858255386353,0.07631891965866089,0.002179443836212158,0.08767443895339966,False,False,completed
v_ad2f0d6ec69f9ff90382,a zebra taking a peaceful walk,hybrid_zero,start,0.9869072437286377,0.9728884696960449,0.8920415639877319,0.9837861657142639,0.9228165149688721,0.060969650745391846,0.014018774032592773,0.09486567974090576,False,False,completed
v_b2657298416595015a2b,a zebra running to join a herd of its kind,hybrid_zero,start,0.9221466779708862,0.9115387201309204,0.8590196371078491,0.8821325302124023,0.8402508497238159,0.041881680488586426,0.01060795783996582,0.06312704086303711,False,False,completed
v_bc950a10e74a0a5447f1,a zebra bending down to drink water from a river,hybrid_zero,start,0.9756776690483093,0.9775420427322388,0.867652952671051,0.9725489616394043,0.8853164911270142,0.08723247051239014,0.0018643736839294434,0.1080247163772583,False,False,completed
v_bf4b3df29a9616bf26ae,a truck turning a corner,hybrid_zero,start,0.9515529870986938,0.9519578814506531,0.8867129683494568,0.8850948214530945,0.7863308191299438,0.09876400232315063,0.0004048943519592285,0.06484001874923706,False,False,completed
v_c41543fe72d2e5493d15,a truck slowing down to stop,hybrid_zero,start,0.9834082722663879,0.9816592931747437,0.949722409248352,0.9530027508735657,0.9224773645401001,0.030525386333465576,0.0017489790916442871,0.03368586301803589,False,False,completed
v_c424c7aceaf2046394ad,a cow running to join a herd of its kind,hybrid_zero,start,0.9763944745063782,0.9736610054969788,0.8780177235603333,0.9669449329376221,0.8298641443252563,0.13708078861236572,0.002733469009399414,0.09837675094604492,False,True,completed
v_c4de504a244d437ac3ad,a zebra bending down to drink water from a river,hybrid_zero,start,0.9940760135650635,0.9908478260040283,0.8916927576065063,0.994841992855072,0.9175237417221069,0.07731825113296509,0.0032281875610351562,0.10238325595855713,False,False,completed
v_cdab6ebfbdf88aa1365e,an elephant running to join a herd of its kind,hybrid_zero,start,0.9607254266738892,0.9605902433395386,0.896659255027771,0.9530994296073914,0.8843356966972351,0.06876373291015625,0.00013518333435058594,0.06406617164611816,False,False,completed
v_d111e2d8975fa9b850b3,a zebra taking a peaceful walk,hybrid_zero,start,0.9483411908149719,0.9126985669136047,0.9279495477676392,0.9036860466003418,0.8045333027839661,0.09915274381637573,0.03564262390136719,0.020391643047332764,False,False,completed
v_d51186bcfc23e2a780ab,a truck slowing down to stop,hybrid_zero,start,0.9643544554710388,0.9653132557868958,0.879071831703186,0.9112410545349121,0.880128800868988,0.031112253665924072,0.0009588003158569336,0.08528262376785278,False,False,completed
v_d86a4852b9a610b4e2ac,a motorcycle accelerating to gain speed,hybrid_zero,start,0.9552143812179565,0.9516364336013794,0.8769119381904602,0.8991079330444336,0.7478932738304138,0.15121465921401978,0.0035779476165771484,0.07830244302749634,False,True,completed
v_e7e6381187b3421f31f4,a zebra taking a peaceful walk,hybrid_zero,start,0.9758050441741943,0.9752290844917297,0.8647996187210083,0.9502309560775757,0.908545732498169,0.04168522357940674,0.0005759596824645996,0.11100542545318604,False,False,completed
v_e84cd21f77767e064452,an elephant running to join a herd of its kind,hybrid_zero,start,0.8868926167488098,0.8881393671035767,0.8398851752281189,0.9618316292762756,0.7963314056396484,0.1655002236366272,0.0012467503547668457,0.04700744152069092,False,True,completed
v_f762ed821ba1fba906af,a zebra bending down to drink water from a river,hybrid_zero,start,0.9867092370986938,0.9778374433517456,0.8654651045799255,0.9777792096138,0.900901198387146,0.07687801122665405,0.008871793746948242,0.12124413251876831,False,False,completed
v_f993f14cdb34fb8383ef,a zebra bending down to drink water from a river,hybrid_zero,start,0.9814218878746033,0.9769591689109802,0.9025921821594238,0.9786093235015869,0.9293237328529358,0.04928559064865112,0.004462718963623047,0.07882970571517944,False,False,completed
v_fb03b6a21df9c0a51627,a cow running to join a herd of its kind,hybrid_zero,start,0.9514460563659668,0.943108856678009,0.9160522818565369,0.9386007189750671,0.8460391759872437,0.09256154298782349,0.008337199687957764,0.03539377450942993,False,False,completed
v_fc9b39a4b047b2db243c,an elephant spraying itself with water using its trunk to cool down,hybrid_zero,start,0.9950287342071533,0.9899533987045288,0.9360640645027161,0.9937685132026672,0.9680618047714233,0.025706708431243896,0.005075335502624512,0.058964669704437256,False,False,completed
v_fef8070abcd8dcd3af47,a zebra taking a peaceful walk,hybrid_zero,start,0.9282910823822021,0.9120792746543884,0.8463247418403625,0.8663416504859924,0.7960798740386963,0.07026177644729614,0.01621180772781372,0.0819663405418396,False,False,completed
v_075ccc862d1b2d4936f0,an elephant running to join a herd of its kind,hybrid_exclude,start,0.9630889296531677,0.9630866050720215,0.888755202293396,0.9417819976806641,0.8917198777198792,0.05006211996078491,2.3245811462402344e-06,0.07433372735977173,False,False,completed
v_0925f4496cf55ade8e5d,an elephant spraying itself with water using its trunk to cool down,hybrid_exclude,start,0.98935467004776,0.9797985553741455,0.9277737140655518,0.9881947040557861,0.9459001421928406,0.04229456186294556,0.009556114673614502,0.06158095598220825,False,False,completed
v_0a1a6db568841167f9e8,a truck turning a corner,hybrid_exclude,start,0.8892853260040283,0.8846223950386047,0.8057149648666382,0.8972001075744629,0.7685686945915222,0.12863141298294067,0.004662930965423584,0.08357036113739014,False,True,completed
v_10d250e1b4b4a6ec0a82,a cow running to join a herd of its kind,hybrid_exclude,start,0.9591885805130005,0.9211012125015259,0.9489522576332092,0.9442958235740662,0.7955892086029053,0.1487066149711609,0.03808736801147461,0.01023632287979126,False,False,completed
v_125269dc5fc640751fa4,a zebra running to join a herd of its kind,hybrid_exclude,start,0.9697616100311279,0.9682358503341675,0.8808553814888,0.9459475874900818,0.8922224044799805,0.05372518301010132,0.0015257596969604492,0.08890622854232788,False,False,completed
v_13502c1b9c959957b46a,a zebra taking a peaceful walk,hybrid_exclude,start,0.9967139363288879,0.9948610067367554,0.8930832743644714,0.997106671333313,0.9465374946594238,0.05056917667388916,0.0018529295921325684,0.1036306619644165,False,False,completed
v_1814b4d5b25ffa156aa6,an elephant running to join a herd of its kind,hybrid_exclude,start,0.9690490961074829,0.9611985683441162,0.9333242774009705,0.9329218864440918,0.8879756927490234,0.04494619369506836,0.0078505277633667,0.03572481870651245,False,False,completed
v_22506cf5d5a1e6088fc8,a truck slowing down to stop,hybrid_exclude,start,0.8691954612731934,0.8259528279304504,0.848928689956665,0.7584022879600525,0.599288821220398,0.15911346673965454,0.04324263334274292,0.02026677131652832,False,False,completed
v_2ac6cf025d5e88563949,a zebra running to join a herd of its kind,hybrid_exclude,start,0.9500249624252319,0.9463278651237488,0.831892192363739,0.9185127019882202,0.8550397753715515,0.0634729266166687,0.0036970973014831543,0.11813277006149292,False,False,completed
v_2fbefa11a17758f1cd8f,a zebra taking a peaceful walk,hybrid_exclude,start,0.9445307850837708,0.926688551902771,0.8680881261825562,0.9212554693222046,0.7399032115936279,0.18135225772857666,0.017842233180999756,0.0764426589012146,False,False,completed
v_304f65b790cd089803d4,a zebra bending down to drink water from a river,hybrid_exclude,start,0.9545856714248657,0.9496464729309082,0.8461913466453552,0.9624999761581421,0.816853404045105,0.1456465721130371,0.0049391984939575195,0.1083943247795105,False,True,completed
v_34025bb5b4d01c898f92,a motorcycle accelerating to gain speed,hybrid_exclude,start,0.9564681053161621,0.9535014033317566,0.906984269618988,0.9416208267211914,0.8966054320335388,0.04501539468765259,0.0029667019844055176,0.04948383569717407,False,False,completed
v_355010ce10f66a681b88,a truck turning a corner,hybrid_exclude,start,0.9635376334190369,0.9462561011314392,0.8680536150932312,0.9169105887413025,0.7864003777503967,0.13051021099090576,0.017281532287597656,0.09548401832580566,False,False,completed
v_35d320b87cf1354b75ab,a zebra running to join a herd of its kind,hybrid_exclude,start,0.9588550925254822,0.9577345848083496,0.8529483079910278,0.9490302205085754,0.8857479691505432,0.06328225135803223,0.0011205077171325684,0.10590678453445435,False,False,completed
v_38ae4c230155beb1b259,a zebra taking a peaceful walk,hybrid_exclude,start,0.9856873154640198,0.9833732843399048,0.8856772184371948,0.98517906665802,0.9560213088989258,0.02915775775909424,0.0023140311241149902,0.10001009702682495,False,False,completed
v_3b6ddfc07cc98fcf9fa0,an elephant running to join a herd of its kind,hybrid_exclude,start,0.9880058169364929,0.9868543148040771,0.936627209186554,0.9849029779434204,0.9577124714851379,0.02719050645828247,0.0011515021324157715,0.051378607749938965,False,False,completed
v_427171327cff517973ed,a zebra bending down to drink water from a river,hybrid_exclude,start,0.9852167367935181,0.9840715527534485,0.8776076436042786,0.9767624139785767,0.9225911498069763,0.05417126417160034,0.00114518404006958,0.1076090931892395,False,False,completed
v_4719caef96c8df794757,an elephant running to join a herd of its kind,hybrid_exclude,start,0.9782639741897583,0.9781129360198975,0.938597559928894,0.969979465007782,0.9343451857566833,0.03563427925109863,0.00015103816986083984,0.03966641426086426,False,False,completed
v_4d76a76426a219a5f1bb,a zebra bending down to drink water from a river,hybrid_exclude,start,0.9782224893569946,0.9765960574150085,0.8817880153656006,0.9762669801712036,0.9444295167922974,0.03183746337890625,0.001626431941986084,0.09643447399139404,False,False,completed
v_4e7cf3a0868b1b118f55,a zebra running to join a herd of its kind,hybrid_exclude,start,0.9522103071212769,0.9512605667114258,0.8705184459686279,0.9482232928276062,0.8852828145027161,0.06294047832489014,0.0009497404098510742,0.08169186115264893,False,False,completed
v_4ff816e35ca1960d8058,an elephant running to join a herd of its kind,hybrid_exclude,start,0.9646567702293396,0.9645574688911438,0.8571804761886597,0.9487122297286987,0.8668708205223083,0.08184140920639038,9.930133819580078e-05,0.10747629404067993,False,False,completed
v_50b265d3f9ccf281a518,an elephant spraying itself with water using its trunk to cool down,hybrid_exclude,start,0.9901018142700195,0.9714722633361816,0.9554469585418701,0.9922862648963928,0.939254105091095,0.05303215980529785,0.01862955093383789,0.034654855728149414,False,False,completed
v_53b3d43654788945925c,a zebra running to join a herd of its kind,hybrid_exclude,start,0.972172737121582,0.9702202081680298,0.8806646466255188,0.9581042528152466,0.8965907096862793,0.061513543128967285,0.001952528953552246,0.09150809049606323,False,False,completed
v_55a4f07d56cda7470760,an elephant running to join a herd of its kind,hybrid_exclude,start,0.9789860844612122,0.9637612104415894,0.937325656414032,0.9713909029960632,0.9212220907211304,0.05016881227493286,0.015224874019622803,0.041660428047180176,False,False,completed
v_6015d56a898aa0948639,a zebra bending down to drink water from a river,hybrid_exclude,start,0.9817591905593872,0.8994710445404053,0.9543774724006653,0.9774531722068787,0.7843258380889893,0.1931273341178894,0.08228814601898193,0.027381718158721924,False,False,completed
v_67c0894760111d0087b6,a motorcycle accelerating to gain speed,hybrid_exclude,start,0.92059326171875,0.8492318391799927,0.8627286553382874,0.7869536280632019,0.6768341064453125,0.1101195216178894,0.07136142253875732,0.057864606380462646,False,False,completed
v_6bee77846ce628e11d94,an elephant spraying itself with water using its trunk to cool down,hybrid_exclude,start,0.9835841059684753,0.968574583530426,0.9609963297843933,0.9801599383354187,0.9092835187911987,0.07087641954421997,0.015009522438049316,0.02258777618408203,False,False,completed
v_6d2af08e0301e767c719,a cow running to join a herd of its kind,hybrid_exclude,start,0.9381388425827026,0.9206610321998596,0.840748131275177,0.871242880821228,0.7239273190498352,0.14731556177139282,0.017477810382843018,0.09739071130752563,False,False,completed
v_6ee4476dec8615e1535f,a zebra bending down to drink water from a river,hybrid_exclude,start,0.9657285213470459,0.9633605480194092,0.8866637349128723,0.964434027671814,0.9121320843696594,0.05230194330215454,0.0023679733276367188,0.07906478643417358,False,False,completed
v_74d5bd9982ed49689599,a truck turning a corner,hybrid_exclude,start,0.9701874256134033,0.9692152142524719,0.8927125930786133,0.9252806901931763,0.8537225723266602,0.07155811786651611,0.0009722113609313965,0.07747483253479004,False,False,completed
v_795022cc03907dc7489e,an elephant spraying itself with water using its trunk to cool down,hybrid_exclude,start,0.9523473978042603,0.9413550496101379,0.9208414554595947,0.9006173610687256,0.7301502227783203,0.17046713829040527,0.010992348194122314,0.03150594234466553,False,False,completed
v_7959de66f76bf5fc41d9,a zebra bending down to drink water from a river,hybrid_exclude,start,0.9828632473945618,0.981468677520752,0.9104127883911133,0.9712667465209961,0.9439519643783569,0.02731478214263916,0.0013945698738098145,0.07245045900344849,False,False,completed
v_82dc1689fd289adcc0d2,a zebra taking a peaceful walk,hybrid_exclude,start,0.9778921008110046,0.9776855111122131,0.8945493102073669,0.9754855632781982,0.9310983419418335,0.044387221336364746,0.0002065896987915039,0.0833427906036377,False,False,completed
v_88720509dffa7aea9e30,a zebra bending down to drink water from a river,hybrid_exclude,start,0.9738063216209412,0.9735342264175415,0.9061831831932068,0.9799759387969971,0.9323622584342957,0.047613680362701416,0.0002720952033996582,0.06762313842773438,False,False,completed
v_8887acf562b32cc84023,a zebra bending down to drink water from a river,hybrid_exclude,start,0.9334750771522522,0.8951033353805542,0.919603705406189,0.9226030707359314,0.6458277702331543,0.2767753005027771,0.038371741771698,0.013871371746063232,False,False,completed
v_8dca194984971f0a1124,a truck turning a corner,hybrid_exclude,start,0.9337459802627563,0.9358702301979065,0.870543360710144,0.8681207299232483,0.7912500500679016,0.07687067985534668,0.0021242499351501465,0.0632026195526123,False,False,completed
v_8e6a21dfeb7a106dae22,a zebra taking a peaceful walk,hybrid_exclude,start,0.9760703444480896,0.9569475054740906,0.9310517907142639,0.9702401757240295,0.9203214645385742,0.04991871118545532,0.019122838973999023,0.045018553733825684,False,False,completed
v_a18cdea6bd26987ddbc4,a cow running to join a herd of its kind,hybrid_exclude,start,0.9762948155403137,0.9737969636917114,0.9209925532341003,0.9539317488670349,0.9026607275009155,0.051271021366119385,0.002497851848602295,0.05530226230621338,False,False,completed
v_a3b6d576bc5c5ef3517f,a zebra running to join a herd of its kind,hybrid_exclude,start,0.9438295960426331,0.944534420967102,0.8471394181251526,0.9383728504180908,0.896858274936676,0.041514575481414795,0.0007048249244689941,0.09669017791748047,False,False,completed
v_a522928f33a3f29c463c,a truck slowing down to stop,hybrid_exclude,start,0.9893493056297302,0.9873534440994263,0.9044107794761658,0.9741533398628235,0.9169870615005493,0.05716627836227417,0.001995861530303955,0.08493852615356445,False,False,completed
v_a5b4d7c4b2a095c9e6cc,an elephant running to join a herd of its kind,hybrid_exclude,start,0.9817762970924377,0.9771285057067871,0.9372356534004211,0.9782154560089111,0.9517995715141296,0.026415884494781494,0.004647791385650635,0.0445406436920166,False,False,completed
v_aa14318968934ce72fb1,a zebra bending down to drink water from a river,hybrid_exclude,start,0.973966121673584,0.9717866778373718,0.8862916827201843,0.9643047451972961,0.8879858255386353,0.07631891965866089,0.002179443836212158,0.08767443895339966,False,False,completed
v_ad2f0d6ec69f9ff90382,a zebra taking a peaceful walk,hybrid_exclude,start,0.9869072437286377,0.9728884696960449,0.8920415639877319,0.9837861657142639,0.9228165149688721,0.060969650745391846,0.014018774032592773,0.09486567974090576,False,False,completed
v_b2657298416595015a2b,a zebra running to join a herd of its kind,hybrid_exclude,start,0.9221466779708862,0.9115387201309204,0.8590196371078491,0.8821325302124023,0.8402508497238159,0.041881680488586426,0.01060795783996582,0.06312704086303711,False,False,completed
v_bc950a10e74a0a5447f1,a zebra bending down to drink water from a river,hybrid_exclude,start,0.9756776690483093,0.9775420427322388,0.867652952671051,0.9725489616394043,0.8853164911270142,0.08723247051239014,0.0018643736839294434,0.1080247163772583,False,False,completed
v_bf4b3df29a9616bf26ae,a truck turning a corner,hybrid_exclude,start,0.9515529870986938,0.9519578814506531,0.8867129683494568,0.8850948214530945,0.7863308191299438,0.09876400232315063,0.0004048943519592285,0.06484001874923706,False,False,completed
v_c41543fe72d2e5493d15,a truck slowing down to stop,hybrid_exclude,start,0.9834082722663879,0.9816592931747437,0.949722409248352,0.9530027508735657,0.9224773645401001,0.030525386333465576,0.0017489790916442871,0.03368586301803589,False,False,completed
v_c424c7aceaf2046394ad,a cow running to join a herd of its kind,hybrid_exclude,start,0.9763944745063782,0.9736610054969788,0.8780177235603333,0.9669449329376221,0.8298641443252563,0.13708078861236572,0.002733469009399414,0.09837675094604492,False,True,completed
v_c4de504a244d437ac3ad,a zebra bending down to drink water from a river,hybrid_exclude,start,0.9940760135650635,0.9908478260040283,0.8916927576065063,0.994841992855072,0.9175237417221069,0.07731825113296509,0.0032281875610351562,0.10238325595855713,False,False,completed
v_cdab6ebfbdf88aa1365e,an elephant running to join a herd of its kind,hybrid_exclude,start,0.9607254266738892,0.9605902433395386,0.896659255027771,0.9530994296073914,0.8843356966972351,0.06876373291015625,0.00013518333435058594,0.06406617164611816,False,False,completed
v_d111e2d8975fa9b850b3,a zebra taking a peaceful walk,hybrid_exclude,start,0.9483411908149719,0.9126985669136047,0.9279495477676392,0.9036860466003418,0.8045333027839661,0.09915274381637573,0.03564262390136719,0.020391643047332764,False,False,completed
v_d51186bcfc23e2a780ab,a truck slowing down to stop,hybrid_exclude,start,0.9643544554710388,0.9653132557868958,0.879071831703186,0.9112410545349121,0.880128800868988,0.031112253665924072,0.0009588003158569336,0.08528262376785278,False,False,completed
v_d86a4852b9a610b4e2ac,a motorcycle accelerating to gain speed,hybrid_exclude,start,0.9552143812179565,0.9516364336013794,0.8769119381904602,0.8991079330444336,0.7478932738304138,0.15121465921401978,0.0035779476165771484,0.07830244302749634,False,True,completed
v_e7e6381187b3421f31f4,a zebra taking a peaceful walk,hybrid_exclude,start,0.9758050441741943,0.9752290844917297,0.8647996187210083,0.9502309560775757,0.908545732498169,0.04168522357940674,0.0005759596824645996,0.11100542545318604,False,False,completed
v_e84cd21f77767e064452,an elephant running to join a herd of its kind,hybrid_exclude,start,0.8868926167488098,0.8881393671035767,0.8398851752281189,0.9618316292762756,0.7963314056396484,0.1655002236366272,0.0012467503547668457,0.04700744152069092,False,True,completed
v_f762ed821ba1fba906af,a zebra bending down to drink water from a river,hybrid_exclude,start,0.9867092370986938,0.9778374433517456,0.8654651045799255,0.9777792096138,0.900901198387146,0.07687801122665405,0.008871793746948242,0.12124413251876831,False,False,completed
v_f993f14cdb34fb8383ef,a zebra bending down to drink water from a river,hybrid_exclude,start,0.9814218878746033,0.9769591689109802,0.9025921821594238,0.9786093235015869,0.9293237328529358,0.04928559064865112,0.004462718963623047,0.07882970571517944,False,False,completed
v_fb03b6a21df9c0a51627,a cow running to join a herd of its kind,hybrid_exclude,start,0.9514460563659668,0.943108856678009,0.9160522818565369,0.9386007189750671,0.8460391759872437,0.09256154298782349,0.008337199687957764,0.03539377450942993,False,False,completed
v_fc9b39a4b047b2db243c,an elephant spraying itself with water using its trunk to cool down,hybrid_exclude,start,0.9950287342071533,0.9899533987045288,0.9360640645027161,0.9937685132026672,0.9680618047714233,0.025706708431243896,0.005075335502624512,0.058964669704437256,False,False,completed
v_fef8070abcd8dcd3af47,a zebra taking a peaceful walk,hybrid_exclude,start,0.9282910823822021,0.9120792746543884,0.8463247418403625,0.8663416504859924,0.7960798740386963,0.07026177644729614,0.01621180772781372,0.0819663405418396,False,False,completed
v_075ccc862d1b2d4936f0,an elephant running to join a herd of its kind,direct_zero,middle,0.9630889296531677,0.9631470441818237,0.8982998132705688,0.9417819976806641,0.9151272177696228,0.02665477991104126,5.811452865600586e-05,0.06478911638259888,False,False,completed
v_0925f4496cf55ade8e5d,an elephant spraying itself with water using its trunk to cool down,direct_zero,middle,0.98935467004776,0.9818737506866455,0.9271603226661682,0.9881947040557861,0.973206639289856,0.014988064765930176,0.007480919361114502,0.0621943473815918,False,False,completed
v_0a1a6db568841167f9e8,a truck turning a corner,direct_zero,middle,0.7832257747650146,0.7914928793907166,0.4168933033943176,0.8972001075744629,0.8242830038070679,0.07291710376739502,0.008267104625701904,0.366332471370697,False,False,completed
v_10d250e1b4b4a6ec0a82,a cow running to join a herd of its kind,direct_zero,middle,0.9591885805130005,0.924095094203949,0.9509463310241699,0.9442958235740662,0.8614577054977417,0.08283811807632446,0.035093486309051514,0.008242249488830566,False,False,completed
v_125269dc5fc640751fa4,a zebra running to join a herd of its kind,direct_zero,middle,0.9697616100311279,0.9690502882003784,0.5322958827018738,0.9459475874900818,0.9243729114532471,0.021574676036834717,0.0007113218307495117,0.43746572732925415,False,False,completed
v_13502c1b9c959957b46a,a zebra taking a peaceful walk,direct_zero,middle,0.9967139363288879,0.9944013357162476,0.548169732093811,0.997106671333313,0.9720082879066467,0.02509838342666626,0.002312600612640381,0.4485442042350769,False,False,completed
v_1814b4d5b25ffa156aa6,an elephant running to join a herd of its kind,direct_zero,middle,0.9690490961074829,0.9605151414871216,0.9350061416625977,0.9329218864440918,0.918770432472229,0.014151453971862793,0.008533954620361328,0.034042954444885254,False,False,completed
v_22506cf5d5a1e6088fc8,a truck slowing down to stop,direct_zero,middle,0.8691954612731934,0.47494930028915405,0.6525170803070068,0.7584022879600525,0.6653519868850708,0.09305030107498169,0.3942461609840393,0.21667838096618652,False,False,completed
v_2ac6cf025d5e88563949,a zebra running to join a herd of its kind,direct_zero,middle,0.9500249624252319,0.9447382688522339,0.5239045023918152,0.9185127019882202,0.8810583353042603,0.03745436668395996,0.005286693572998047,0.42612046003341675,False,False,completed
v_2fbefa11a17758f1cd8f,a zebra taking a peaceful walk,direct_zero,middle,0.9445307850837708,0.9334051012992859,0.6963844299316406,0.9212554693222046,0.8473648428916931,0.07389062643051147,0.011125683784484863,0.24814635515213013,False,False,completed
v_304f65b790cd089803d4,a zebra bending down to drink water from a river,direct_zero,middle,0.9545856714248657,0.946824312210083,0.5231435298919678,0.9624999761581421,0.8977559804916382,0.0647439956665039,0.007761359214782715,0.43144214153289795,False,False,completed
v_34025bb5b4d01c898f92,a motorcycle accelerating to gain speed,direct_zero,middle,0.9564681053161621,0.9546301960945129,0.8041027188301086,0.9416208267211914,0.9234603643417358,0.018160462379455566,0.00183790922164917,0.15236538648605347,False,False,completed
v_355010ce10f66a681b88,a truck turning a corner,direct_zero,middle,0.9635376334190369,0.8340879082679749,0.5286144018173218,0.9169105887413025,0.8747252821922302,0.042185306549072266,0.129449725151062,0.4349232316017151,False,False,completed
v_35d320b87cf1354b75ab,a zebra running to join a herd of its kind,direct_zero,middle,0.9588550925254822,0.9580011963844299,0.5310264825820923,0.9490302205085754,0.9198247790336609,0.02920544147491455,0.0008538961410522461,0.4278286099433899,False,False,completed
v_38ae4c230155beb1b259,a zebra taking a peaceful walk,direct_zero,middle,0.9856873154640198,0.9851495623588562,0.5420722365379333,0.98517906665802,0.9700774550437927,0.015101611614227295,0.0005377531051635742,0.4436150789260864,False,False,completed
v_3b6ddfc07cc98fcf9fa0,an elephant running to join a herd of its kind,direct_zero,middle,0.9880058169364929,0.9873954057693481,0.8217182755470276,0.9849029779434204,0.9729026556015015,0.012000322341918945,0.0006104111671447754,0.16628754138946533,False,False,completed
v_427171327cff517973ed,a zebra bending down to drink water from a river,direct_zero,middle,0.9852167367935181,0.9839914441108704,0.5410616993904114,0.9767624139785767,0.9490443468093872,0.027718067169189453,0.001225292682647705,0.4441550374031067,False,False,completed
v_4719caef96c8df794757,an elephant running to join a herd of its kind,direct_zero,middle,0.9782639741897583,0.9768906235694885,0.9393488764762878,0.969979465007782,0.9497631788253784,0.020216286182403564,0.0013733506202697754,0.03891509771347046,False,False,completed
v_4d76a76426a219a5f1bb,a zebra bending down to drink water from a river,direct_zero,middle,0.9782224893569946,0.9779691100120544,0.5563910603523254,0.9762669801712036,0.9615118503570557,0.01475512981414795,0.00025337934494018555,0.4218314290046692,False,False,completed
v_4e7cf3a0868b1b118f55,a zebra running to join a herd of its kind,direct_zero,middle,0.9522103071212769,0.9512502551078796,0.5978635549545288,0.9482232928276062,0.9235958456993103,0.0246274471282959,0.0009600520133972168,0.35434675216674805,False,False,completed
v_4ff816e35ca1960d8058,an elephant running to join a herd of its kind,direct_zero,middle,0.9646567702293396,0.9651092886924744,0.8853313326835632,0.9487122297286987,0.9143620133399963,0.03435021638870239,0.0004525184631347656,0.07932543754577637,False,False,completed
v_50b265d3f9ccf281a518,an elephant spraying itself with water using its trunk to cool down,direct_zero,middle,0.9901018142700195,0.9709833860397339,0.9531083106994629,0.9922862648963928,0.9731876254081726,0.019098639488220215,0.019118428230285645,0.03699350357055664,False,False,completed
v_53b3d43654788945925c,a zebra running to join a herd of its kind,direct_zero,middle,0.972172737121582,0.9709058403968811,0.5341596603393555,0.9581042528152466,0.9300114512443542,0.028092801570892334,0.0012668967247009277,0.43801307678222656,False,False,completed
v_55a4f07d56cda7470760,an elephant running to join a herd of its kind,direct_zero,middle,0.9789860844612122,0.9620248079299927,0.9421014785766602,0.9713909029960632,0.9318686127662659,0.03952229022979736,0.016961276531219482,0.036884605884552,False,False,completed
v_6015d56a898aa0948639,a zebra bending down to drink water from a river,direct_zero,middle,0.9817591905593872,0.8495919704437256,0.7919422388076782,0.9774531722068787,0.9217308759689331,0.05572229623794556,0.13216722011566162,0.18981695175170898,False,False,completed
v_67c0894760111d0087b6,a motorcycle accelerating to gain speed,direct_zero,middle,0.92059326171875,0.9209133386611938,0.5040352940559387,0.7869536280632019,0.7576781511306763,0.029275476932525635,0.00032007694244384766,0.4165579676628113,False,False,completed
v_6bee77846ce628e11d94,an elephant spraying itself with water using its trunk to cool down,direct_zero,middle,0.9835841059684753,0.9098510146141052,0.8520072102546692,0.9801599383354187,0.95579594373703,0.024363994598388672,0.07373309135437012,0.13157689571380615,False,False,completed
v_6d2af08e0301e767c719,a cow running to join a herd of its kind,direct_zero,middle,0.9381388425827026,0.819812536239624,0.8710270524024963,0.871242880821228,0.7965624928474426,0.0746803879737854,0.11832630634307861,0.0671117901802063,False,False,completed
v_6ee4476dec8615e1535f,a zebra bending down to drink water from a river,direct_zero,middle,0.9657285213470459,0.9558006525039673,0.5827131867408752,0.964434027671814,0.9454078674316406,0.01902616024017334,0.009927868843078613,0.38301533460617065,False,False,completed
v_74d5bd9982ed49689599,a truck turning a corner,direct_zero,middle,0.9701874256134033,0.9678241610527039,0.5328681468963623,0.9252806901931763,0.8901620507240295,0.03511863946914673,0.002363264560699463,0.437319278717041,False,False,completed
v_795022cc03907dc7489e,an elephant spraying itself with water using its trunk to cool down,direct_zero,middle,0.24734899401664734,0.19199128448963165,0.12070617079734802,0.9006173610687256,0.8694285154342651,0.03118884563446045,0.055357709527015686,0.12664282321929932,False,False,completed
v_7959de66f76bf5fc41d9,a zebra bending down to drink water from a river,direct_zero,middle,0.9828632473945618,0.9815573692321777,0.5588856935501099,0.9712667465209961,0.9608654379844666,0.010401308536529541,0.0013058781623840332,0.4239775538444519,False,False,completed
v_82dc1689fd289adcc0d2,a zebra taking a peaceful walk,direct_zero,middle,0.9778921008110046,0.9771979451179504,0.5371137261390686,0.9754855632781982,0.9553569555282593,0.020128607749938965,0.0006941556930541992,0.44077837467193604,False,False,completed
v_88720509dffa7aea9e30,a zebra bending down to drink water from a river,direct_zero,middle,0.9738063216209412,0.9730887413024902,0.5350083708763123,0.9799759387969971,0.9548884630203247,0.025087475776672363,0.0007175803184509277,0.4387979507446289,False,False,completed
v_8887acf562b32cc84023,a zebra bending down to drink water from a river,direct_zero,middle,0.9334750771522522,0.8970902562141418,0.9168165326118469,0.9226030707359314,0.8243002891540527,0.09830278158187866,0.03638482093811035,0.016658544540405273,False,False,completed
v_8dca194984971f0a1124,a truck turning a corner,direct_zero,middle,0.9337459802627563,0.924140214920044,0.5093067288398743,0.8681207299232483,0.8183203935623169,0.049800336360931396,0.009605765342712402,0.4244392514228821,False,False,completed
v_8e6a21dfeb7a106dae22,a zebra taking a peaceful walk,direct_zero,middle,0.9760703444480896,0.9573862552642822,0.9334272146224976,0.9702401757240295,0.9491032958030701,0.021136879920959473,0.018684089183807373,0.04264312982559204,False,False,completed
v_a18cdea6bd26987ddbc4,a cow running to join a herd of its kind,direct_zero,middle,0.8598477840423584,0.8578271269798279,0.5039344429969788,0.9539317488670349,0.9353125095367432,0.018619239330291748,0.0020206570625305176,0.35591334104537964,False,False,completed
v_a3b6d576bc5c5ef3517f,a zebra running to join a herd of its kind,direct_zero,middle,0.9438295960426331,0.94207364320755,0.5167807340621948,0.9383728504180908,0.9194208383560181,0.018952012062072754,0.0017559528350830078,0.42704886198043823,False,False,completed
v_a522928f33a3f29c463c,a truck slowing down to stop,direct_zero,middle,0.9893493056297302,0.9831026792526245,0.543546199798584,0.9741533398628235,0.9468060731887817,0.027347266674041748,0.006246626377105713,0.44580310583114624,False,False,completed
v_a5b4d7c4b2a095c9e6cc,an elephant running to join a herd of its kind,direct_zero,middle,0.9817762970924377,0.9756664037704468,0.9350423812866211,0.9782154560089111,0.9681491851806641,0.01006627082824707,0.006109893321990967,0.04673391580581665,False,False,completed
v_aa14318968934ce72fb1,a zebra bending down to drink water from a river,direct_zero,middle,0.973966121673584,0.970497190952301,0.533784031867981,0.9643047451972961,0.9353216290473938,0.028983116149902344,0.003468930721282959,0.440182089805603,False,False,completed
v_ad2f0d6ec69f9ff90382,a zebra taking a peaceful walk,direct_zero,middle,0.9869072437286377,0.9755443334579468,0.5426084995269775,0.9837861657142639,0.9541923999786377,0.02959376573562622,0.011362910270690918,0.44429874420166016,False,False,completed
v_b2657298416595015a2b,a zebra running to join a herd of its kind,direct_zero,middle,0.9221466779708862,0.9138689637184143,0.5970810651779175,0.8821325302124023,0.8358571529388428,0.04627537727355957,0.008277714252471924,0.32506561279296875,False,False,completed
v_bc950a10e74a0a5447f1,a zebra bending down to drink water from a river,direct_zero,middle,0.9756776690483093,0.9750150442123413,0.536416232585907,0.9725489616394043,0.9257940649986267,0.04675489664077759,0.0006626248359680176,0.43926143646240234,False,False,completed
v_bf4b3df29a9616bf26ae,a truck turning a corner,direct_zero,middle,0.9515529870986938,0.9508400559425354,0.5194674730300903,0.8850948214530945,0.8228574395179749,0.06223738193511963,0.0007129311561584473,0.4320855140686035,False,False,completed
v_c41543fe72d2e5493d15,a truck slowing down to stop,direct_zero,middle,0.9834082722663879,0.9804133176803589,0.7370268106460571,0.9530027508735657,0.9355895519256592,0.017413198947906494,0.0029949545860290527,0.2463814616203308,False,False,completed
v_c424c7aceaf2046394ad,a cow running to join a herd of its kind,direct_zero,middle,0.9763944745063782,0.9725749492645264,0.8768413662910461,0.9669449329376221,0.9084253311157227,0.058519601821899414,0.0038195252418518066,0.09955310821533203,False,False,completed
v_c4de504a244d437ac3ad,a zebra bending down to drink water from a river,direct_zero,middle,0.9940760135650635,0.9922192096710205,0.5466642379760742,0.994841992855072,0.9588404297828674,0.03600156307220459,0.0018568038940429688,0.44741177558898926,False,False,completed
v_cdab6ebfbdf88aa1365e,an elephant running to join a herd of its kind,direct_zero,middle,0.9607254266738892,0.9602052569389343,0.9032058119773865,0.9530994296073914,0.9126031994819641,0.040496230125427246,0.000520169734954834,0.057519614696502686,False,False,completed
v_d111e2d8975fa9b850b3,a zebra taking a peaceful walk,direct_zero,middle,0.9483411908149719,0.9340097308158875,0.611905038356781,0.9036860466003418,0.8543030023574829,0.04938304424285889,0.014331459999084473,0.3364361524581909,False,False,completed
v_d51186bcfc23e2a780ab,a truck slowing down to stop,direct_zero,middle,0.9643544554710388,0.9643396139144897,0.6890319585800171,0.9112410545349121,0.8804416656494141,0.030799388885498047,1.4841556549072266e-05,0.27532249689102173,False,False,completed
v_d86a4852b9a610b4e2ac,a motorcycle accelerating to gain speed,direct_zero,middle,0.9552143812179565,0.9505184292793274,0.593281626701355,0.8991079330444336,0.8360002040863037,0.06310772895812988,0.00469595193862915,0.36193275451660156,False,False,completed
v_e7e6381187b3421f31f4,a zebra taking a peaceful walk,direct_zero,middle,0.9758050441741943,0.9743971228599548,0.5364276170730591,0.9502309560775757,0.9285659193992615,0.02166503667831421,0.001407921314239502,0.43937742710113525,False,False,completed
v_e84cd21f77767e064452,an elephant running to join a herd of its kind,direct_zero,middle,0.8868926167488098,0.6718873977661133,0.7199386358261108,0.9618316292762756,0.8708162307739258,0.09101539850234985,0.21500521898269653,0.16695398092269897,False,False,completed
v_f762ed821ba1fba906af,a zebra bending down to drink water from a river,direct_zero,middle,0.9867092370986938,0.9841222763061523,0.5427852272987366,0.9777792096138,0.9420155882835388,0.03576362133026123,0.002586960792541504,0.4439240097999573,False,False,completed
v_f993f14cdb34fb8383ef,a zebra bending down to drink water from a river,direct_zero,middle,0.9814218878746033,0.9785332083702087,0.5400670170783997,0.9786093235015869,0.9503027200698853,0.02830660343170166,0.0028886795043945312,0.4413548707962036,False,False,completed
v_fb03b6a21df9c0a51627,a cow running to join a herd of its kind,direct_zero,middle,0.9514460563659668,0.8121235966682434,0.9358425140380859,0.9386007189750671,0.8682400584220886,0.07036066055297852,0.1393224596977234,0.01560354232788086,False,False,completed
v_fc9b39a4b047b2db243c,an elephant spraying itself with water using its trunk to cool down,direct_zero,middle,0.9950287342071533,0.987699031829834,0.8229918479919434,0.9937685132026672,0.9797810316085815,0.013987481594085693,0.007329702377319336,0.17203688621520996,False,False,completed
v_fef8070abcd8dcd3af47,a zebra taking a peaceful walk,direct_zero,middle,0.9282910823822021,0.9262170791625977,0.5262413024902344,0.8663416504859924,0.8544063568115234,0.011935293674468994,0.002074003219604492,0.4020497798919678,False,False,completed
v_075ccc862d1b2d4936f0,an elephant running to join a herd of its kind,direct_exclude,middle,0.9630889296531677,0.9631470441818237,0.8982998132705688,0.9417819976806641,0.9151272177696228,0.02665477991104126,5.811452865600586e-05,0.06478911638259888,False,False,completed
v_0925f4496cf55ade8e5d,an elephant spraying itself with water using its trunk to cool down,direct_exclude,middle,0.98935467004776,0.9818737506866455,0.9271603226661682,0.9881947040557861,0.973206639289856,0.014988064765930176,0.007480919361114502,0.0621943473815918,False,False,completed
v_0a1a6db568841167f9e8,a truck turning a corner,direct_exclude,middle,0.8951151967048645,0.904563307762146,0.9095854163169861,0.8972001075744629,0.8242830038070679,0.07291710376739502,0.009448111057281494,-0.014470219612121582,False,False,completed
v_10d250e1b4b4a6ec0a82,a cow running to join a herd of its kind,direct_exclude,middle,0.9591885805130005,0.924095094203949,0.9509463310241699,0.9442958235740662,0.8614577054977417,0.08283811807632446,0.035093486309051514,0.008242249488830566,False,False,completed
v_125269dc5fc640751fa4,a zebra running to join a herd of its kind,direct_exclude,middle,0.9697616100311279,0.9690502882003784,0.9678106904029846,0.9459475874900818,0.9243729114532471,0.021574676036834717,0.0007113218307495117,0.0019509196281433105,False,False,completed
v_13502c1b9c959957b46a,a zebra taking a peaceful walk,direct_exclude,middle,0.9967139363288879,0.9944013357162476,0.9966722130775452,0.997106671333313,0.9720082879066467,0.02509838342666626,0.002312600612640381,4.172325134277344e-05,False,False,completed
v_1814b4d5b25ffa156aa6,an elephant running to join a herd of its kind,direct_exclude,middle,0.9690490961074829,0.9605151414871216,0.9350061416625977,0.9329218864440918,0.918770432472229,0.014151453971862793,0.008533954620361328,0.034042954444885254,False,False,completed
v_22506cf5d5a1e6088fc8,a truck slowing down to stop,direct_exclude,middle,0.8691954612731934,0.8635441660881042,0.8604620695114136,0.7584022879600525,0.6653519868850708,0.09305030107498169,0.005651295185089111,0.008733391761779785,False,False,completed
v_2ac6cf025d5e88563949,a zebra running to join a herd of its kind,direct_exclude,middle,0.9500249624252319,0.9447382688522339,0.9525535702705383,0.9185127019882202,0.8810583353042603,0.03745436668395996,0.005286693572998047,-0.0025286078453063965,False,False,completed
v_2fbefa11a17758f1cd8f,a zebra taking a peaceful walk,direct_exclude,middle,0.9445307850837708,0.9334051012992859,0.9183091521263123,0.9212554693222046,0.8473648428916931,0.07389062643051147,0.011125683784484863,0.026221632957458496,False,False,completed
v_304f65b790cd089803d4,a zebra bending down to drink water from a river,direct_exclude,middle,0.9545856714248657,0.946824312210083,0.951170027256012,0.9624999761581421,0.8977559804916382,0.0647439956665039,0.007761359214782715,0.0034156441688537598,False,False,completed
v_34025bb5b4d01c898f92,a motorcycle accelerating to gain speed,direct_exclude,middle,0.9564681053161621,0.9546301960945129,0.9130456447601318,0.9416208267211914,0.9234603643417358,0.018160462379455566,0.00183790922164917,0.04342246055603027,False,False,completed
v_355010ce10f66a681b88,a truck turning a corner,direct_exclude,middle,0.9635376334190369,0.9532432556152344,0.9611170291900635,0.9169105887413025,0.8747252821922302,0.042185306549072266,0.01029437780380249,0.0024206042289733887,False,False,completed
v_35d320b87cf1354b75ab,a zebra running to join a herd of its kind,direct_exclude,middle,0.9588550925254822,0.9580011963844299,0.9655026793479919,0.9490302205085754,0.9198247790336609,0.02920544147491455,0.0008538961410522461,-0.006647586822509766,False,False,completed
v_38ae4c230155beb1b259,a zebra taking a peaceful walk,direct_exclude,middle,0.9856873154640198,0.9851495623588562,0.9855859279632568,0.98517906665802,0.9700774550437927,0.015101611614227295,0.0005377531051635742,0.00010138750076293945,False,False,completed
v_3b6ddfc07cc98fcf9fa0,an elephant running to join a herd of its kind,direct_exclude,middle,0.9880058169364929,0.9873954057693481,0.9391066431999207,0.9849029779434204,0.9729026556015015,0.012000322341918945,0.0006104111671447754,0.048899173736572266,False,False,completed
v_427171327cff517973ed,a zebra bending down to drink water from a river,direct_exclude,middle,0.9852167367935181,0.9839914441108704,0.9837484955787659,0.9767624139785767,0.9490443468093872,0.027718067169189453,0.001225292682647705,0.0014682412147521973,False,False,completed
v_4719caef96c8df794757,an elephant running to join a herd of its kind,direct_exclude,middle,0.9782639741897583,0.9768906235694885,0.9393488764762878,0.969979465007782,0.9497631788253784,0.020216286182403564,0.0013733506202697754,0.03891509771347046,False,False,completed
v_4d76a76426a219a5f1bb,a zebra bending down to drink water from a river,direct_exclude,middle,0.9782224893569946,0.9779691100120544,0.9792484045028687,0.9762669801712036,0.9615118503570557,0.01475512981414795,0.00025337934494018555,-0.0010259151458740234,False,False,completed
v_4e7cf3a0868b1b118f55,a zebra running to join a herd of its kind,direct_exclude,middle,0.9522103071212769,0.9512502551078796,0.9197900295257568,0.9482232928276062,0.9235958456993103,0.0246274471282959,0.0009600520133972168,0.03242027759552002,False,False,completed
v_4ff816e35ca1960d8058,an elephant running to join a herd of its kind,direct_exclude,middle,0.9646567702293396,0.9651092886924744,0.8853313326835632,0.9487122297286987,0.9143620133399963,0.03435021638870239,0.0004525184631347656,0.07932543754577637,False,False,completed
v_50b265d3f9ccf281a518,an elephant spraying itself with water using its trunk to cool down,direct_exclude,middle,0.9901018142700195,0.9709833860397339,0.9531083106994629,0.9922862648963928,0.9731876254081726,0.019098639488220215,0.019118428230285645,0.03699350357055664,False,False,completed
v_53b3d43654788945925c,a zebra running to join a herd of its kind,direct_exclude,middle,0.972172737121582,0.9709058403968811,0.9711992740631104,0.9581042528152466,0.9300114512443542,0.028092801570892334,0.0012668967247009277,0.0009734630584716797,False,False,completed
v_55a4f07d56cda7470760,an elephant running to join a herd of its kind,direct_exclude,middle,0.9789860844612122,0.9620248079299927,0.9421014785766602,0.9713909029960632,0.9318686127662659,0.03952229022979736,0.016961276531219482,0.036884605884552,False,False,completed
v_6015d56a898aa0948639,a zebra bending down to drink water from a river,direct_exclude,middle,0.9817591905593872,0.9646979570388794,0.9612538814544678,0.9774531722068787,0.9217308759689331,0.05572229623794556,0.017061233520507812,0.020505309104919434,False,False,completed
v_67c0894760111d0087b6,a motorcycle accelerating to gain speed,direct_exclude,middle,0.92059326171875,0.9209133386611938,0.916427731513977,0.7869536280632019,0.7576781511306763,0.029275476932525635,0.00032007694244384766,0.004165530204772949,False,False,completed
v_6bee77846ce628e11d94,an elephant spraying itself with water using its trunk to cool down,direct_exclude,middle,0.9835841059684753,0.9685510396957397,0.9674403667449951,0.9801599383354187,0.95579594373703,0.024363994598388672,0.015033066272735596,0.016143739223480225,False,False,completed
v_6d2af08e0301e767c719,a cow running to join a herd of its kind,direct_exclude,middle,0.9381388425827026,0.9369286298751831,0.8710270524024963,0.871242880821228,0.7965624928474426,0.0746803879737854,0.0012102127075195312,0.0671117901802063,False,False,completed
v_6ee4476dec8615e1535f,a zebra bending down to drink water from a river,direct_exclude,middle,0.9657285213470459,0.9558006525039673,0.9466848373413086,0.964434027671814,0.9454078674316406,0.01902616024017334,0.009927868843078613,0.019043684005737305,False,False,completed
v_74d5bd9982ed49689599,a truck turning a corner,direct_exclude,middle,0.9701874256134033,0.9678241610527039,0.9688511490821838,0.9252806901931763,0.8901620507240295,0.03511863946914673,0.002363264560699463,0.0013362765312194824,False,False,completed
v_795022cc03907dc7489e,an elephant spraying itself with water using its trunk to cool down,direct_exclude,middle,0.960296094417572,0.9654419422149658,0.965649425983429,0.9006173610687256,0.8694285154342651,0.03118884563446045,0.005145847797393799,-0.005353331565856934,False,False,completed
v_7959de66f76bf5fc41d9,a zebra bending down to drink water from a river,direct_exclude,middle,0.9828632473945618,0.9815573692321777,0.9836388230323792,0.9712667465209961,0.9608654379844666,0.010401308536529541,0.0013058781623840332,-0.0007755756378173828,False,False,completed
v_82dc1689fd289adcc0d2,a zebra taking a peaceful walk,direct_exclude,middle,0.9778921008110046,0.9771979451179504,0.9765704870223999,0.9754855632781982,0.9553569555282593,0.020128607749938965,0.0006941556930541992,0.0013216137886047363,False,False,completed
v_88720509dffa7aea9e30,a zebra bending down to drink water from a river,direct_exclude,middle,0.9738063216209412,0.9730887413024902,0.97274249792099,0.9799759387969971,0.9548884630203247,0.025087475776672363,0.0007175803184509277,0.0010638236999511719,False,False,completed
v_8887acf562b32cc84023,a zebra bending down to drink water from a river,direct_exclude,middle,0.9334750771522522,0.8970902562141418,0.9168165326118469,0.9226030707359314,0.8243002891540527,0.09830278158187866,0.03638482093811035,0.016658544540405273,False,False,completed
v_8dca194984971f0a1124,a truck turning a corner,direct_exclude,middle,0.9337459802627563,0.924140214920044,0.9260120987892151,0.8681207299232483,0.8183203935623169,0.049800336360931396,0.009605765342712402,0.00773388147354126,False,False,completed
v_8e6a21dfeb7a106dae22,a zebra taking a peaceful walk,direct_exclude,middle,0.9760703444480896,0.9573862552642822,0.9334272146224976,0.9702401757240295,0.9491032958030701,0.021136879920959473,0.018684089183807373,0.04264312982559204,False,False,completed
v_a18cdea6bd26987ddbc4,a cow running to join a herd of its kind,direct_exclude,middle,0.9763433337211609,0.9740487933158875,0.9640485644340515,0.9539317488670349,0.9353125095367432,0.018619239330291748,0.0022945404052734375,0.012294769287109375,False,False,completed
v_a3b6d576bc5c5ef3517f,a zebra running to join a herd of its kind,direct_exclude,middle,0.9438295960426331,0.94207364320755,0.9396012425422668,0.9383728504180908,0.9194208383560181,0.018952012062072754,0.0017559528350830078,0.004228353500366211,False,False,completed
v_a522928f33a3f29c463c,a truck slowing down to stop,direct_exclude,middle,0.9893493056297302,0.9831026792526245,0.9882658123970032,0.9741533398628235,0.9468060731887817,0.027347266674041748,0.006246626377105713,0.0010834932327270508,False,False,completed
v_a5b4d7c4b2a095c9e6cc,an elephant running to join a herd of its kind,direct_exclude,middle,0.9817762970924377,0.9756664037704468,0.9350423812866211,0.9782154560089111,0.9681491851806641,0.01006627082824707,0.006109893321990967,0.04673391580581665,False,False,completed
v_aa14318968934ce72fb1,a zebra bending down to drink water from a river,direct_exclude,middle,0.973966121673584,0.970497190952301,0.9705163240432739,0.9643047451972961,0.9353216290473938,0.028983116149902344,0.003468930721282959,0.0034497976303100586,False,False,completed
v_ad2f0d6ec69f9ff90382,a zebra taking a peaceful walk,direct_exclude,middle,0.9869072437286377,0.9755443334579468,0.9865608215332031,0.9837861657142639,0.9541923999786377,0.02959376573562622,0.011362910270690918,0.0003464221954345703,False,False,completed
v_b2657298416595015a2b,a zebra running to join a herd of its kind,direct_exclude,middle,0.9221466779708862,0.9138689637184143,0.918586254119873,0.8821325302124023,0.8358571529388428,0.04627537727355957,0.008277714252471924,0.0035604238510131836,False,False,completed
v_bc950a10e74a0a5447f1,a zebra bending down to drink water from a river,direct_exclude,middle,0.9756776690483093,0.9750150442123413,0.9753021597862244,0.9725489616394043,0.9257940649986267,0.04675489664077759,0.0006626248359680176,0.00037550926208496094,False,False,completed
v_bf4b3df29a9616bf26ae,a truck turning a corner,direct_exclude,middle,0.9515529870986938,0.9508400559425354,0.9444863796234131,0.8850948214530945,0.8228574395179749,0.06223738193511963,0.0007129311561584473,0.007066607475280762,False,False,completed
v_c41543fe72d2e5493d15,a truck slowing down to stop,direct_exclude,middle,0.9834082722663879,0.9804133176803589,0.9584978818893433,0.9530027508735657,0.9355895519256592,0.017413198947906494,0.0029949545860290527,0.024910390377044678,False,False,completed
v_c424c7aceaf2046394ad,a cow running to join a herd of its kind,direct_exclude,middle,0.9763944745063782,0.9725749492645264,0.8768413662910461,0.9669449329376221,0.9084253311157227,0.058519601821899414,0.0038195252418518066,0.09955310821533203,False,False,completed
v_c4de504a244d437ac3ad,a zebra bending down to drink water from a river,direct_exclude,middle,0.9940760135650635,0.9922192096710205,0.9939348697662354,0.994841992855072,0.9588404297828674,0.03600156307220459,0.0018568038940429688,0.000141143798828125,False,False,completed
v_cdab6ebfbdf88aa1365e,an elephant running to join a herd of its kind,direct_exclude,middle,0.9607254266738892,0.9602052569389343,0.9032058119773865,0.9530994296073914,0.9126031994819641,0.040496230125427246,0.000520169734954834,0.057519614696502686,False,False,completed
v_d111e2d8975fa9b850b3,a zebra taking a peaceful walk,direct_exclude,middle,0.9483411908149719,0.9340097308158875,0.9413923621177673,0.9036860466003418,0.8543030023574829,0.04938304424285889,0.014331459999084473,0.00694882869720459,False,False,completed
v_d51186bcfc23e2a780ab,a truck slowing down to stop,direct_exclude,middle,0.9643544554710388,0.9643396139144897,0.9086135625839233,0.9112410545349121,0.8804416656494141,0.030799388885498047,1.4841556549072266e-05,0.05574089288711548,False,False,completed
v_d86a4852b9a610b4e2ac,a motorcycle accelerating to gain speed,direct_exclude,middle,0.9552143812179565,0.9505184292793274,0.9127408862113953,0.8991079330444336,0.8360002040863037,0.06310772895812988,0.00469595193862915,0.04247349500656128,False,False,completed
v_e7e6381187b3421f31f4,a zebra taking a peaceful walk,direct_exclude,middle,0.9758050441741943,0.9743971228599548,0.9753228425979614,0.9502309560775757,0.9285659193992615,0.02166503667831421,0.001407921314239502,0.00048220157623291016,False,False,completed
v_e84cd21f77767e064452,an elephant running to join a herd of its kind,direct_exclude,middle,0.8868926167488098,0.8860054612159729,0.8227869272232056,0.9618316292762756,0.8708162307739258,0.09101539850234985,0.0008871555328369141,0.06410568952560425,False,False,completed
v_f762ed821ba1fba906af,a zebra bending down to drink water from a river,direct_exclude,middle,0.9867092370986938,0.9841222763061523,0.9868820905685425,0.9777792096138,0.9420155882835388,0.03576362133026123,0.002586960792541504,-0.0001728534698486328,False,False,completed
v_f993f14cdb34fb8383ef,a zebra bending down to drink water from a river,direct_exclude,middle,0.9814218878746033,0.9785332083702087,0.9819398522377014,0.9786093235015869,0.9503027200698853,0.02830660343170166,0.0028886795043945312,-0.0005179643630981445,False,False,completed
v_fb03b6a21df9c0a51627,a cow running to join a herd of its kind,direct_exclude,middle,0.9514460563659668,0.9281412363052368,0.9358425140380859,0.9386007189750671,0.8682400584220886,0.07036066055297852,0.02330482006072998,0.01560354232788086,False,False,completed
v_fc9b39a4b047b2db243c,an elephant spraying itself with water using its trunk to cool down,direct_exclude,middle,0.9950287342071533,0.987699031829834,0.9405621290206909,0.9937685132026672,0.9797810316085815,0.013987481594085693,0.007329702377319336,0.0544666051864624,False,False,completed
v_fef8070abcd8dcd3af47,a zebra taking a peaceful walk,direct_exclude,middle,0.9282910823822021,0.9262170791625977,0.9261847138404846,0.8663416504859924,0.8544063568115234,0.011935293674468994,0.002074003219604492,0.0021063685417175293,False,False,completed
v_075ccc862d1b2d4936f0,an elephant running to join a herd of its kind,hybrid_zero,middle,0.9630889296531677,0.9631470441818237,0.8982998132705688,0.9417819976806641,0.9151272177696228,0.02665477991104126,5.811452865600586e-05,0.06478911638259888,False,False,completed
v_0925f4496cf55ade8e5d,an elephant spraying itself with water using its trunk to cool down,hybrid_zero,middle,0.98935467004776,0.9818737506866455,0.9271603226661682,0.9881947040557861,0.973206639289856,0.014988064765930176,0.007480919361114502,0.0621943473815918,False,False,completed
v_0a1a6db568841167f9e8,a truck turning a corner,hybrid_zero,middle,0.8892853260040283,0.8983427286148071,0.833232581615448,0.8972001075744629,0.8242830038070679,0.07291710376739502,0.009057402610778809,0.05605274438858032,False,False,completed
v_10d250e1b4b4a6ec0a82,a cow running to join a herd of its kind,hybrid_zero,middle,0.9591885805130005,0.924095094203949,0.9509463310241699,0.9442958235740662,0.8614577054977417,0.08283811807632446,0.035093486309051514,0.008242249488830566,False,False,completed
v_125269dc5fc640751fa4,a zebra running to join a herd of its kind,hybrid_zero,middle,0.9697616100311279,0.9690502882003784,0.8811333179473877,0.9459475874900818,0.9243729114532471,0.021574676036834717,0.0007113218307495117,0.08862829208374023,False,False,completed
v_13502c1b9c959957b46a,a zebra taking a peaceful walk,hybrid_zero,middle,0.9967139363288879,0.9944013357162476,0.8921867609024048,0.997106671333313,0.9720082879066467,0.02509838342666626,0.002312600612640381,0.10452717542648315,False,False,completed
v_1814b4d5b25ffa156aa6,an elephant running to join a herd of its kind,hybrid_zero,middle,0.9690490961074829,0.9605151414871216,0.9350061416625977,0.9329218864440918,0.918770432472229,0.014151453971862793,0.008533954620361328,0.034042954444885254,False,False,completed
v_22506cf5d5a1e6088fc8,a truck slowing down to stop,hybrid_zero,middle,0.8691954612731934,0.7849004864692688,0.8636826276779175,0.7584022879600525,0.6653519868850708,0.09305030107498169,0.08429497480392456,0.005512833595275879,False,False,completed
v_2ac6cf025d5e88563949,a zebra running to join a herd of its kind,hybrid_zero,middle,0.9500249624252319,0.9447382688522339,0.8590220808982849,0.9185127019882202,0.8810583353042603,0.03745436668395996,0.005286693572998047,0.09100288152694702,False,False,completed
v_2fbefa11a17758f1cd8f,a zebra taking a peaceful walk,hybrid_zero,middle,0.9445307850837708,0.9334051012992859,0.8883705735206604,0.9212554693222046,0.8473648428916931,0.07389062643051147,0.011125683784484863,0.05616021156311035,False,False,completed
v_304f65b790cd089803d4,a zebra bending down to drink water from a river,hybrid_zero,middle,0.9545856714248657,0.946824312210083,0.8483304977416992,0.9624999761581421,0.8977559804916382,0.0647439956665039,0.007761359214782715,0.1062551736831665,False,False,completed
v_34025bb5b4d01c898f92,a motorcycle accelerating to gain speed,hybrid_zero,middle,0.9564681053161621,0.9546301960945129,0.9049485325813293,0.9416208267211914,0.9234603643417358,0.018160462379455566,0.00183790922164917,0.051519572734832764,False,False,completed
v_355010ce10f66a681b88,a truck turning a corner,hybrid_zero,middle,0.9635376334190369,0.9534907937049866,0.8779714703559875,0.9169105887413025,0.8747252821922302,0.042185306549072266,0.010046839714050293,0.08556616306304932,False,False,completed
v_35d320b87cf1354b75ab,a zebra running to join a herd of its kind,hybrid_zero,middle,0.9588550925254822,0.9580011963844299,0.8556751608848572,0.9490302205085754,0.9198247790336609,0.02920544147491455,0.0008538961410522461,0.103179931640625,False,False,completed
v_38ae4c230155beb1b259,a zebra taking a peaceful walk,hybrid_zero,middle,0.9856873154640198,0.9851495623588562,0.8918970227241516,0.98517906665802,0.9700774550437927,0.015101611614227295,0.0005377531051635742,0.09379029273986816,False,False,completed
v_3b6ddfc07cc98fcf9fa0,an elephant running to join a herd of its kind,hybrid_zero,middle,0.9880058169364929,0.9873954057693481,0.9320085644721985,0.9849029779434204,0.9729026556015015,0.012000322341918945,0.0006104111671447754,0.055997252464294434,False,False,completed
v_427171327cff517973ed,a zebra bending down to drink water from a river,hybrid_zero,middle,0.9852167367935181,0.9839914441108704,0.878032386302948,0.9767624139785767,0.9490443468093872,0.027718067169189453,0.001225292682647705,0.10718435049057007,False,False,completed
v_4719caef96c8df794757,an elephant running to join a herd of its kind,hybrid_zero,middle,0.9782639741897583,0.9768906235694885,0.9393488764762878,0.969979465007782,0.9497631788253784,0.020216286182403564,0.0013733506202697754,0.03891509771347046,False,False,completed
v_4d76a76426a219a5f1bb,a zebra bending down to drink water from a river,hybrid_zero,middle,0.9782224893569946,0.9779691100120544,0.8874731063842773,0.9762669801712036,0.9615118503570557,0.01475512981414795,0.00025337934494018555,0.09074938297271729,False,False,completed
v_4e7cf3a0868b1b118f55,a zebra running to join a herd of its kind,hybrid_zero,middle,0.9522103071212769,0.9512502551078796,0.8690989017486572,0.9482232928276062,0.9235958456993103,0.0246274471282959,0.0009600520133972168,0.08311140537261963,False,False,completed
v_4ff816e35ca1960d8058,an elephant running to join a herd of its kind,hybrid_zero,middle,0.9646567702293396,0.9651092886924744,0.8853313326835632,0.9487122297286987,0.9143620133399963,0.03435021638870239,0.0004525184631347656,0.07932543754577637,False,False,completed
v_50b265d3f9ccf281a518,an elephant spraying itself with water using its trunk to cool down,hybrid_zero,middle,0.9901018142700195,0.9709833860397339,0.9531083106994629,0.9922862648963928,0.9731876254081726,0.019098639488220215,0.019118428230285645,0.03699350357055664,False,False,completed
v_53b3d43654788945925c,a zebra running to join a herd of its kind,hybrid_zero,middle,0.972172737121582,0.9709058403968811,0.8718592524528503,0.9581042528152466,0.9300114512443542,0.028092801570892334,0.0012668967247009277,0.10031348466873169,False,False,completed
v_55a4f07d56cda7470760,an elephant running to join a herd of its kind,hybrid_zero,middle,0.9789860844612122,0.9620248079299927,0.9421014785766602,0.9713909029960632,0.9318686127662659,0.03952229022979736,0.016961276531219482,0.036884605884552,False,False,completed
v_6015d56a898aa0948639,a zebra bending down to drink water from a river,hybrid_zero,middle,0.9817591905593872,0.9369917511940002,0.9266015291213989,0.9774531722068787,0.9217308759689331,0.05572229623794556,0.04476743936538696,0.05515766143798828,False,False,completed
v_67c0894760111d0087b6,a motorcycle accelerating to gain speed,hybrid_zero,middle,0.92059326171875,0.9209133386611938,0.8392513990402222,0.7869536280632019,0.7576781511306763,0.029275476932525635,0.00032007694244384766,0.08134186267852783,False,False,completed
v_6bee77846ce628e11d94,an elephant spraying itself with water using its trunk to cool down,hybrid_zero,middle,0.9835841059684753,0.9647419452667236,0.95832359790802,0.9801599383354187,0.95579594373703,0.024363994598388672,0.01884216070175171,0.025260508060455322,False,False,completed
v_6d2af08e0301e767c719,a cow running to join a herd of its kind,hybrid_zero,middle,0.9381388425827026,0.9108914732933044,0.8710270524024963,0.871242880821228,0.7965624928474426,0.0746803879737854,0.027247369289398193,0.0671117901802063,False,False,completed
v_6ee4476dec8615e1535f,a zebra bending down to drink water from a river,hybrid_zero,middle,0.9657285213470459,0.9558006525039673,0.8819047212600708,0.964434027671814,0.9454078674316406,0.01902616024017334,0.009927868843078613,0.0838238000869751,False,False,completed
v_74d5bd9982ed49689599,a truck turning a corner,hybrid_zero,middle,0.9701874256134033,0.9678241610527039,0.9016708731651306,0.9252806901931763,0.8901620507240295,0.03511863946914673,0.002363264560699463,0.0685165524482727,False,False,completed
v_795022cc03907dc7489e,an elephant spraying itself with water using its trunk to cool down,hybrid_zero,middle,0.9523473978042603,0.9510593414306641,0.9119362235069275,0.9006173610687256,0.8694285154342651,0.03118884563446045,0.0012880563735961914,0.040411174297332764,False,False,completed
v_7959de66f76bf5fc41d9,a zebra bending down to drink water from a river,hybrid_zero,middle,0.9828632473945618,0.9815573692321777,0.9088770747184753,0.9712667465209961,0.9608654379844666,0.010401308536529541,0.0013058781623840332,0.07398617267608643,False,False,completed
v_82dc1689fd289adcc0d2,a zebra taking a peaceful walk,hybrid_zero,middle,0.9778921008110046,0.9771979451179504,0.8935468792915344,0.9754855632781982,0.9553569555282593,0.020128607749938965,0.0006941556930541992,0.08434522151947021,False,False,completed
v_88720509dffa7aea9e30,a zebra bending down to drink water from a river,hybrid_zero,middle,0.9738063216209412,0.9730887413024902,0.9058839678764343,0.9799759387969971,0.9548884630203247,0.025087475776672363,0.0007175803184509277,0.06792235374450684,False,False,completed
v_8887acf562b32cc84023,a zebra bending down to drink water from a river,hybrid_zero,middle,0.9334750771522522,0.8970902562141418,0.9168165326118469,0.9226030707359314,0.8243002891540527,0.09830278158187866,0.03638482093811035,0.016658544540405273,False,False,completed
v_8dca194984971f0a1124,a truck turning a corner,hybrid_zero,middle,0.9337459802627563,0.924140214920044,0.8585132956504822,0.8681207299232483,0.8183203935623169,0.049800336360931396,0.009605765342712402,0.07523268461227417,False,False,completed
v_8e6a21dfeb7a106dae22,a zebra taking a peaceful walk,hybrid_zero,middle,0.9760703444480896,0.9573862552642822,0.9334272146224976,0.9702401757240295,0.9491032958030701,0.021136879920959473,0.018684089183807373,0.04264312982559204,False,False,completed
v_a18cdea6bd26987ddbc4,a cow running to join a herd of its kind,hybrid_zero,middle,0.9762948155403137,0.9741345047950745,0.9079557061195374,0.9539317488670349,0.9353125095367432,0.018619239330291748,0.002160310745239258,0.06833910942077637,False,False,completed
v_a3b6d576bc5c5ef3517f,a zebra running to join a herd of its kind,hybrid_zero,middle,0.9438295960426331,0.94207364320755,0.855000913143158,0.9383728504180908,0.9194208383560181,0.018952012062072754,0.0017559528350830078,0.0888286828994751,False,False,completed
v_a522928f33a3f29c463c,a truck slowing down to stop,hybrid_zero,middle,0.9893493056297302,0.9831026792526245,0.9168468713760376,0.9741533398628235,0.9468060731887817,0.027347266674041748,0.006246626377105713,0.07250243425369263,False,False,completed
v_a5b4d7c4b2a095c9e6cc,an elephant running to join a herd of its kind,hybrid_zero,middle,0.9817762970924377,0.9756664037704468,0.9350423812866211,0.9782154560089111,0.9681491851806641,0.01006627082824707,0.006109893321990967,0.04673391580581665,False,False,completed
v_aa14318968934ce72fb1,a zebra bending down to drink water from a river,hybrid_zero,middle,0.973966121673584,0.970497190952301,0.885165274143219,0.9643047451972961,0.9353216290473938,0.028983116149902344,0.003468930721282959,0.08880084753036499,False,False,completed
v_ad2f0d6ec69f9ff90382,a zebra taking a peaceful walk,hybrid_zero,middle,0.9869072437286377,0.9755443334579468,0.8894079327583313,0.9837861657142639,0.9541923999786377,0.02959376573562622,0.011362910270690918,0.0974993109703064,False,False,completed
v_b2657298416595015a2b,a zebra running to join a herd of its kind,hybrid_zero,middle,0.9221466779708862,0.9138689637184143,0.8648102879524231,0.8821325302124023,0.8358571529388428,0.04627537727355957,0.008277714252471924,0.057336390018463135,False,False,completed
v_bc950a10e74a0a5447f1,a zebra bending down to drink water from a river,hybrid_zero,middle,0.9756776690483093,0.9750150442123413,0.8790872693061829,0.9725489616394043,0.9257940649986267,0.04675489664077759,0.0006626248359680176,0.09659039974212646,False,False,completed
v_bf4b3df29a9616bf26ae,a truck turning a corner,hybrid_zero,middle,0.9515529870986938,0.9508400559425354,0.829375147819519,0.8850948214530945,0.8228574395179749,0.06223738193511963,0.0007129311561584473,0.1221778392791748,False,False,completed
v_c41543fe72d2e5493d15,a truck slowing down to stop,hybrid_zero,middle,0.9834082722663879,0.9804133176803589,0.9459795355796814,0.9530027508735657,0.9355895519256592,0.017413198947906494,0.0029949545860290527,0.03742873668670654,False,False,completed
v_c424c7aceaf2046394ad,a cow running to join a herd of its kind,hybrid_zero,middle,0.9763944745063782,0.9725749492645264,0.8768413662910461,0.9669449329376221,0.9084253311157227,0.058519601821899414,0.0038195252418518066,0.09955310821533203,False,False,completed
v_c4de504a244d437ac3ad,a zebra bending down to drink water from a river,hybrid_zero,middle,0.9940760135650635,0.9922192096710205,0.893317699432373,0.994841992855072,0.9588404297828674,0.03600156307220459,0.0018568038940429688,0.10075831413269043,False,False,completed
v_cdab6ebfbdf88aa1365e,an elephant running to join a herd of its kind,hybrid_zero,middle,0.9607254266738892,0.9602052569389343,0.9032058119773865,0.9530994296073914,0.9126031994819641,0.040496230125427246,0.000520169734954834,0.057519614696502686,False,False,completed
v_d111e2d8975fa9b850b3,a zebra taking a peaceful walk,hybrid_zero,middle,0.9483411908149719,0.9340097308158875,0.8861976861953735,0.9036860466003418,0.8543030023574829,0.04938304424285889,0.014331459999084473,0.06214350461959839,False,False,completed
v_d51186bcfc23e2a780ab,a truck slowing down to stop,hybrid_zero,middle,0.9643544554710388,0.9643396139144897,0.8705772757530212,0.9112410545349121,0.8804416656494141,0.030799388885498047,1.4841556549072266e-05,0.09377717971801758,False,False,completed
v_d86a4852b9a610b4e2ac,a motorcycle accelerating to gain speed,hybrid_zero,middle,0.9552143812179565,0.9505184292793274,0.8717154860496521,0.8991079330444336,0.8360002040863037,0.06310772895812988,0.00469595193862915,0.08349889516830444,False,False,completed
v_e7e6381187b3421f31f4,a zebra taking a peaceful walk,hybrid_zero,middle,0.9758050441741943,0.9743971228599548,0.8679490685462952,0.9502309560775757,0.9285659193992615,0.02166503667831421,0.001407921314239502,0.10785597562789917,False,False,completed
v_e84cd21f77767e064452,an elephant running to join a herd of its kind,hybrid_zero,middle,0.8868926167488098,0.886208713054657,0.8172838687896729,0.9618316292762756,0.8708162307739258,0.09101539850234985,0.000683903694152832,0.06960874795913696,False,False,completed
v_f762ed821ba1fba906af,a zebra bending down to drink water from a river,hybrid_zero,middle,0.9867092370986938,0.9841222763061523,0.8691319823265076,0.9777792096138,0.9420155882835388,0.03576362133026123,0.002586960792541504,0.11757725477218628,False,False,completed
v_f993f14cdb34fb8383ef,a zebra bending down to drink water from a river,hybrid_zero,middle,0.9814218878746033,0.9785332083702087,0.9044522047042847,0.9786093235015869,0.9503027200698853,0.02830660343170166,0.0028886795043945312,0.0769696831703186,False,False,completed
v_fb03b6a21df9c0a51627,a cow running to join a herd of its kind,hybrid_zero,middle,0.9514460563659668,0.9171913266181946,0.9358425140380859,0.9386007189750671,0.8682400584220886,0.07036066055297852,0.03425472974777222,0.01560354232788086,False,False,completed
v_fc9b39a4b047b2db243c,an elephant spraying itself with water using its trunk to cool down,hybrid_zero,middle,0.9950287342071533,0.987699031829834,0.9300061464309692,0.9937685132026672,0.9797810316085815,0.013987481594085693,0.007329702377319336,0.06502258777618408,False,False,completed
v_fef8070abcd8dcd3af47,a zebra taking a peaceful walk,hybrid_zero,middle,0.9282910823822021,0.9262170791625977,0.8457704186439514,0.8663416504859924,0.8544063568115234,0.011935293674468994,0.002074003219604492,0.08252066373825073,False,False,completed
v_075ccc862d1b2d4936f0,an elephant running to join a herd of its kind,hybrid_exclude,middle,0.9630889296531677,0.9631470441818237,0.8982998132705688,0.9417819976806641,0.9151272177696228,0.02665477991104126,5.811452865600586e-05,0.06478911638259888,False,False,completed
v_0925f4496cf55ade8e5d,an elephant spraying itself with water using its trunk to cool down,hybrid_exclude,middle,0.98935467004776,0.9818737506866455,0.9271603226661682,0.9881947040557861,0.973206639289856,0.014988064765930176,0.007480919361114502,0.0621943473815918,False,False,completed
v_0a1a6db568841167f9e8,a truck turning a corner,hybrid_exclude,middle,0.8892853260040283,0.8983427286148071,0.833232581615448,0.8972001075744629,0.8242830038070679,0.07291710376739502,0.009057402610778809,0.05605274438858032,False,False,completed
v_10d250e1b4b4a6ec0a82,a cow running to join a herd of its kind,hybrid_exclude,middle,0.9591885805130005,0.924095094203949,0.9509463310241699,0.9442958235740662,0.8614577054977417,0.08283811807632446,0.035093486309051514,0.008242249488830566,False,False,completed
v_125269dc5fc640751fa4,a zebra running to join a herd of its kind,hybrid_exclude,middle,0.9697616100311279,0.9690502882003784,0.8811333179473877,0.9459475874900818,0.9243729114532471,0.021574676036834717,0.0007113218307495117,0.08862829208374023,False,False,completed
v_13502c1b9c959957b46a,a zebra taking a peaceful walk,hybrid_exclude,middle,0.9967139363288879,0.9944013357162476,0.8921867609024048,0.997106671333313,0.9720082879066467,0.02509838342666626,0.002312600612640381,0.10452717542648315,False,False,completed
v_1814b4d5b25ffa156aa6,an elephant running to join a herd of its kind,hybrid_exclude,middle,0.9690490961074829,0.9605151414871216,0.9350061416625977,0.9329218864440918,0.918770432472229,0.014151453971862793,0.008533954620361328,0.034042954444885254,False,False,completed
v_22506cf5d5a1e6088fc8,a truck slowing down to stop,hybrid_exclude,middle,0.8691954612731934,0.7849004864692688,0.8636826276779175,0.7584022879600525,0.6653519868850708,0.09305030107498169,0.08429497480392456,0.005512833595275879,False,False,completed
v_2ac6cf025d5e88563949,a zebra running to join a herd of its kind,hybrid_exclude,middle,0.9500249624252319,0.9447382688522339,0.8590220808982849,0.9185127019882202,0.8810583353042603,0.03745436668395996,0.005286693572998047,0.09100288152694702,False,False,completed
v_2fbefa11a17758f1cd8f,a zebra taking a peaceful walk,hybrid_exclude,middle,0.9445307850837708,0.9334051012992859,0.8883705735206604,0.9212554693222046,0.8473648428916931,0.07389062643051147,0.011125683784484863,0.05616021156311035,False,False,completed
v_304f65b790cd089803d4,a zebra bending down to drink water from a river,hybrid_exclude,middle,0.9545856714248657,0.946824312210083,0.8483304977416992,0.9624999761581421,0.8977559804916382,0.0647439956665039,0.007761359214782715,0.1062551736831665,False,False,completed
v_34025bb5b4d01c898f92,a motorcycle accelerating to gain speed,hybrid_exclude,middle,0.9564681053161621,0.9546301960945129,0.9049485325813293,0.9416208267211914,0.9234603643417358,0.018160462379455566,0.00183790922164917,0.051519572734832764,False,False,completed
v_355010ce10f66a681b88,a truck turning a corner,hybrid_exclude,middle,0.9635376334190369,0.9534907937049866,0.8779714703559875,0.9169105887413025,0.8747252821922302,0.042185306549072266,0.010046839714050293,0.08556616306304932,False,False,completed
v_35d320b87cf1354b75ab,a zebra running to join a herd of its kind,hybrid_exclude,middle,0.9588550925254822,0.9580011963844299,0.8556751608848572,0.9490302205085754,0.9198247790336609,0.02920544147491455,0.0008538961410522461,0.103179931640625,False,False,completed
v_38ae4c230155beb1b259,a zebra taking a peaceful walk,hybrid_exclude,middle,0.9856873154640198,0.9851495623588562,0.8918970227241516,0.98517906665802,0.9700774550437927,0.015101611614227295,0.0005377531051635742,0.09379029273986816,False,False,completed
v_3b6ddfc07cc98fcf9fa0,an elephant running to join a herd of its kind,hybrid_exclude,middle,0.9880058169364929,0.9873954057693481,0.9320085644721985,0.9849029779434204,0.9729026556015015,0.012000322341918945,0.0006104111671447754,0.055997252464294434,False,False,completed
v_427171327cff517973ed,a zebra bending down to drink water from a river,hybrid_exclude,middle,0.9852167367935181,0.9839914441108704,0.878032386302948,0.9767624139785767,0.9490443468093872,0.027718067169189453,0.001225292682647705,0.10718435049057007,False,False,completed
v_4719caef96c8df794757,an elephant running to join a herd of its kind,hybrid_exclude,middle,0.9782639741897583,0.9768906235694885,0.9393488764762878,0.969979465007782,0.9497631788253784,0.020216286182403564,0.0013733506202697754,0.03891509771347046,False,False,completed
v_4d76a76426a219a5f1bb,a zebra bending down to drink water from a river,hybrid_exclude,middle,0.9782224893569946,0.9779691100120544,0.8874731063842773,0.9762669801712036,0.9615118503570557,0.01475512981414795,0.00025337934494018555,0.09074938297271729,False,False,completed
v_4e7cf3a0868b1b118f55,a zebra running to join a herd of its kind,hybrid_exclude,middle,0.9522103071212769,0.9512502551078796,0.8690989017486572,0.9482232928276062,0.9235958456993103,0.0246274471282959,0.0009600520133972168,0.08311140537261963,False,False,completed
v_4ff816e35ca1960d8058,an elephant running to join a herd of its kind,hybrid_exclude,middle,0.9646567702293396,0.9651092886924744,0.8853313326835632,0.9487122297286987,0.9143620133399963,0.03435021638870239,0.0004525184631347656,0.07932543754577637,False,False,completed
v_50b265d3f9ccf281a518,an elephant spraying itself with water using its trunk to cool down,hybrid_exclude,middle,0.9901018142700195,0.9709833860397339,0.9531083106994629,0.9922862648963928,0.9731876254081726,0.019098639488220215,0.019118428230285645,0.03699350357055664,False,False,completed
v_53b3d43654788945925c,a zebra running to join a herd of its kind,hybrid_exclude,middle,0.972172737121582,0.9709058403968811,0.8718592524528503,0.9581042528152466,0.9300114512443542,0.028092801570892334,0.0012668967247009277,0.10031348466873169,False,False,completed
v_55a4f07d56cda7470760,an elephant running to join a herd of its kind,hybrid_exclude,middle,0.9789860844612122,0.9620248079299927,0.9421014785766602,0.9713909029960632,0.9318686127662659,0.03952229022979736,0.016961276531219482,0.036884605884552,False,False,completed
v_6015d56a898aa0948639,a zebra bending down to drink water from a river,hybrid_exclude,middle,0.9817591905593872,0.9369917511940002,0.9266015291213989,0.9774531722068787,0.9217308759689331,0.05572229623794556,0.04476743936538696,0.05515766143798828,False,False,completed
v_67c0894760111d0087b6,a motorcycle accelerating to gain speed,hybrid_exclude,middle,0.92059326171875,0.9209133386611938,0.8392513990402222,0.7869536280632019,0.7576781511306763,0.029275476932525635,0.00032007694244384766,0.08134186267852783,False,False,completed
v_6bee77846ce628e11d94,an elephant spraying itself with water using its trunk to cool down,hybrid_exclude,middle,0.9835841059684753,0.9647419452667236,0.95832359790802,0.9801599383354187,0.95579594373703,0.024363994598388672,0.01884216070175171,0.025260508060455322,False,False,completed
v_6d2af08e0301e767c719,a cow running to join a herd of its kind,hybrid_exclude,middle,0.9381388425827026,0.9108914732933044,0.8710270524024963,0.871242880821228,0.7965624928474426,0.0746803879737854,0.027247369289398193,0.0671117901802063,False,False,completed
v_6ee4476dec8615e1535f,a zebra bending down to drink water from a river,hybrid_exclude,middle,0.9657285213470459,0.9558006525039673,0.8819047212600708,0.964434027671814,0.9454078674316406,0.01902616024017334,0.009927868843078613,0.0838238000869751,False,False,completed
v_74d5bd9982ed49689599,a truck turning a corner,hybrid_exclude,middle,0.9701874256134033,0.9678241610527039,0.9016708731651306,0.9252806901931763,0.8901620507240295,0.03511863946914673,0.002363264560699463,0.0685165524482727,False,False,completed
v_795022cc03907dc7489e,an elephant spraying itself with water using its trunk to cool down,hybrid_exclude,middle,0.9523473978042603,0.9510593414306641,0.9119362235069275,0.9006173610687256,0.8694285154342651,0.03118884563446045,0.0012880563735961914,0.040411174297332764,False,False,completed
v_7959de66f76bf5fc41d9,a zebra bending down to drink water from a river,hybrid_exclude,middle,0.9828632473945618,0.9815573692321777,0.9088770747184753,0.9712667465209961,0.9608654379844666,0.010401308536529541,0.0013058781623840332,0.07398617267608643,False,False,completed
v_82dc1689fd289adcc0d2,a zebra taking a peaceful walk,hybrid_exclude,middle,0.9778921008110046,0.9771979451179504,0.8935468792915344,0.9754855632781982,0.9553569555282593,0.020128607749938965,0.0006941556930541992,0.08434522151947021,False,False,completed
v_88720509dffa7aea9e30,a zebra bending down to drink water from a river,hybrid_exclude,middle,0.9738063216209412,0.9730887413024902,0.9058839678764343,0.9799759387969971,0.9548884630203247,0.025087475776672363,0.0007175803184509277,0.06792235374450684,False,False,completed
v_8887acf562b32cc84023,a zebra bending down to drink water from a river,hybrid_exclude,middle,0.9334750771522522,0.8970902562141418,0.9168165326118469,0.9226030707359314,0.8243002891540527,0.09830278158187866,0.03638482093811035,0.016658544540405273,False,False,completed
v_8dca194984971f0a1124,a truck turning a corner,hybrid_exclude,middle,0.9337459802627563,0.924140214920044,0.8585132956504822,0.8681207299232483,0.8183203935623169,0.049800336360931396,0.009605765342712402,0.07523268461227417,False,False,completed
v_8e6a21dfeb7a106dae22,a zebra taking a peaceful walk,hybrid_exclude,middle,0.9760703444480896,0.9573862552642822,0.9334272146224976,0.9702401757240295,0.9491032958030701,0.021136879920959473,0.018684089183807373,0.04264312982559204,False,False,completed
v_a18cdea6bd26987ddbc4,a cow running to join a herd of its kind,hybrid_exclude,middle,0.9762948155403137,0.9741345047950745,0.9079557061195374,0.9539317488670349,0.9353125095367432,0.018619239330291748,0.002160310745239258,0.06833910942077637,False,False,completed
v_a3b6d576bc5c5ef3517f,a zebra running to join a herd of its kind,hybrid_exclude,middle,0.9438295960426331,0.94207364320755,0.855000913143158,0.9383728504180908,0.9194208383560181,0.018952012062072754,0.0017559528350830078,0.0888286828994751,False,False,completed
v_a522928f33a3f29c463c,a truck slowing down to stop,hybrid_exclude,middle,0.9893493056297302,0.9831026792526245,0.9168468713760376,0.9741533398628235,0.9468060731887817,0.027347266674041748,0.006246626377105713,0.07250243425369263,False,False,completed
v_a5b4d7c4b2a095c9e6cc,an elephant running to join a herd of its kind,hybrid_exclude,middle,0.9817762970924377,0.9756664037704468,0.9350423812866211,0.9782154560089111,0.9681491851806641,0.01006627082824707,0.006109893321990967,0.04673391580581665,False,False,completed
v_aa14318968934ce72fb1,a zebra bending down to drink water from a river,hybrid_exclude,middle,0.973966121673584,0.970497190952301,0.885165274143219,0.9643047451972961,0.9353216290473938,0.028983116149902344,0.003468930721282959,0.08880084753036499,False,False,completed
v_ad2f0d6ec69f9ff90382,a zebra taking a peaceful walk,hybrid_exclude,middle,0.9869072437286377,0.9755443334579468,0.8894079327583313,0.9837861657142639,0.9541923999786377,0.02959376573562622,0.011362910270690918,0.0974993109703064,False,False,completed
v_b2657298416595015a2b,a zebra running to join a herd of its kind,hybrid_exclude,middle,0.9221466779708862,0.9138689637184143,0.8648102879524231,0.8821325302124023,0.8358571529388428,0.04627537727355957,0.008277714252471924,0.057336390018463135,False,False,completed
v_bc950a10e74a0a5447f1,a zebra bending down to drink water from a river,hybrid_exclude,middle,0.9756776690483093,0.9750150442123413,0.8790872693061829,0.9725489616394043,0.9257940649986267,0.04675489664077759,0.0006626248359680176,0.09659039974212646,False,False,completed
v_bf4b3df29a9616bf26ae,a truck turning a corner,hybrid_exclude,middle,0.9515529870986938,0.9508400559425354,0.829375147819519,0.8850948214530945,0.8228574395179749,0.06223738193511963,0.0007129311561584473,0.1221778392791748,False,False,completed
v_c41543fe72d2e5493d15,a truck slowing down to stop,hybrid_exclude,middle,0.9834082722663879,0.9804133176803589,0.9459795355796814,0.9530027508735657,0.9355895519256592,0.017413198947906494,0.0029949545860290527,0.03742873668670654,False,False,completed
v_c424c7aceaf2046394ad,a cow running to join a herd of its kind,hybrid_exclude,middle,0.9763944745063782,0.9725749492645264,0.8768413662910461,0.9669449329376221,0.9084253311157227,0.058519601821899414,0.0038195252418518066,0.09955310821533203,False,False,completed
v_c4de504a244d437ac3ad,a zebra bending down to drink water from a river,hybrid_exclude,middle,0.9940760135650635,0.9922192096710205,0.893317699432373,0.994841992855072,0.9588404297828674,0.03600156307220459,0.0018568038940429688,0.10075831413269043,False,False,completed
v_cdab6ebfbdf88aa1365e,an elephant running to join a herd of its kind,hybrid_exclude,middle,0.9607254266738892,0.9602052569389343,0.9032058119773865,0.9530994296073914,0.9126031994819641,0.040496230125427246,0.000520169734954834,0.057519614696502686,False,False,completed
v_d111e2d8975fa9b850b3,a zebra taking a peaceful walk,hybrid_exclude,middle,0.9483411908149719,0.9340097308158875,0.8861976861953735,0.9036860466003418,0.8543030023574829,0.04938304424285889,0.014331459999084473,0.06214350461959839,False,False,completed
v_d51186bcfc23e2a780ab,a truck slowing down to stop,hybrid_exclude,middle,0.9643544554710388,0.9643396139144897,0.8705772757530212,0.9112410545349121,0.8804416656494141,0.030799388885498047,1.4841556549072266e-05,0.09377717971801758,False,False,completed
v_d86a4852b9a610b4e2ac,a motorcycle accelerating to gain speed,hybrid_exclude,middle,0.9552143812179565,0.9505184292793274,0.8717154860496521,0.8991079330444336,0.8360002040863037,0.06310772895812988,0.00469595193862915,0.08349889516830444,False,False,completed
v_e7e6381187b3421f31f4,a zebra taking a peaceful walk,hybrid_exclude,middle,0.9758050441741943,0.9743971228599548,0.8679490685462952,0.9502309560775757,0.9285659193992615,0.02166503667831421,0.001407921314239502,0.10785597562789917,False,False,completed
v_e84cd21f77767e064452,an elephant running to join a herd of its kind,hybrid_exclude,middle,0.8868926167488098,0.886208713054657,0.8172838687896729,0.9618316292762756,0.8708162307739258,0.09101539850234985,0.000683903694152832,0.06960874795913696,False,False,completed
v_f762ed821ba1fba906af,a zebra bending down to drink water from a river,hybrid_exclude,middle,0.9867092370986938,0.9841222763061523,0.8691319823265076,0.9777792096138,0.9420155882835388,0.03576362133026123,0.002586960792541504,0.11757725477218628,False,False,completed
v_f993f14cdb34fb8383ef,a zebra bending down to drink water from a river,hybrid_exclude,middle,0.9814218878746033,0.9785332083702087,0.9044522047042847,0.9786093235015869,0.9503027200698853,0.02830660343170166,0.0028886795043945312,0.0769696831703186,False,False,completed
v_fb03b6a21df9c0a51627,a cow running to join a herd of its kind,hybrid_exclude,middle,0.9514460563659668,0.9171913266181946,0.9358425140380859,0.9386007189750671,0.8682400584220886,0.07036066055297852,0.03425472974777222,0.01560354232788086,False,False,completed
v_fc9b39a4b047b2db243c,an elephant spraying itself with water using its trunk to cool down,hybrid_exclude,middle,0.9950287342071533,0.987699031829834,0.9300061464309692,0.9937685132026672,0.9797810316085815,0.013987481594085693,0.007329702377319336,0.06502258777618408,False,False,completed
v_fef8070abcd8dcd3af47,a zebra taking a peaceful walk,hybrid_exclude,middle,0.9282910823822021,0.9262170791625977,0.8457704186439514,0.8663416504859924,0.8544063568115234,0.011935293674468994,0.002074003219604492,0.08252066373825073,False,False,completed
v_075ccc862d1b2d4936f0,an elephant running to join a herd of its kind,direct_zero,end,0.9630889296531677,0.9618480205535889,0.88916015625,0.9417819976806641,0.9113203883171082,0.030461609363555908,0.0012409090995788574,0.07392877340316772,False,False,completed
v_0925f4496cf55ade8e5d,an elephant spraying itself with water using its trunk to cool down,direct_zero,end,0.98935467004776,0.9824910759925842,0.6288994550704956,0.9881947040557861,0.9758304953575134,0.012364208698272705,0.006863594055175781,0.3604552149772644,False,False,completed
v_0a1a6db568841167f9e8,a truck turning a corner,direct_zero,end,0.7832257747650146,0.8967666029930115,0.4975113272666931,0.8972001075744629,0.8669488430023193,0.030251264572143555,0.11354082822799683,0.28571444749832153,False,False,completed
v_10d250e1b4b4a6ec0a82,a cow running to join a herd of its kind,direct_zero,end,0.9591885805130005,0.8135563135147095,0.9410640001296997,0.9442958235740662,0.8707396388053894,0.07355618476867676,0.14563226699829102,0.01812458038330078,False,False,completed
v_125269dc5fc640751fa4,a zebra running to join a herd of its kind,direct_zero,end,0.9697616100311279,0.9688284993171692,0.6102162003517151,0.9459475874900818,0.9295468330383301,0.01640075445175171,0.0009331107139587402,0.35954540967941284,False,False,completed
v_13502c1b9c959957b46a,a zebra taking a peaceful walk,direct_zero,end,0.9967139363288879,0.9952611923217773,0.5482940077781677,0.997106671333313,0.9758184552192688,0.02128821611404419,0.0014527440071105957,0.4484199285507202,False,False,completed
v_1814b4d5b25ffa156aa6,an elephant running to join a herd of its kind,direct_zero,end,0.9690490961074829,0.9652184844017029,0.9366872906684875,0.9329218864440918,0.9225400686264038,0.010381817817687988,0.0038306117057800293,0.03236180543899536,False,False,completed
v_22506cf5d5a1e6088fc8,a truck slowing down to stop,direct_zero,end,0.8691954612731934,0.6598227620124817,0.5512282252311707,0.7584022879600525,0.7099342942237854,0.04846799373626709,0.20937269926071167,0.3179672360420227,False,False,completed
v_2ac6cf025d5e88563949,a zebra running to join a herd of its kind,direct_zero,end,0.9500249624252319,0.9422454237937927,0.5237540602684021,0.9185127019882202,0.8832907676696777,0.03522193431854248,0.007779538631439209,0.42627090215682983,False,False,completed
v_2fbefa11a17758f1cd8f,a zebra taking a peaceful walk,direct_zero,end,0.9445307850837708,0.9272837042808533,0.7997332811355591,0.9212554693222046,0.8532060384750366,0.06804943084716797,0.01724708080291748,0.14479750394821167,False,False,completed
v_304f65b790cd089803d4,a zebra bending down to drink water from a river,direct_zero,end,0.9545856714248657,0.9595319628715515,0.5315200090408325,0.9624999761581421,0.9145241379737854,0.04797583818435669,0.004946291446685791,0.4230656623840332,False,False,completed
v_34025bb5b4d01c898f92,a motorcycle accelerating to gain speed,direct_zero,end,0.9564681053161621,0.9539185762405396,0.763480007648468,0.9416208267211914,0.9260011911392212,0.015619635581970215,0.0025495290756225586,0.1929880976676941,False,False,completed
v_355010ce10f66a681b88,a truck turning a corner,direct_zero,end,0.9635376334190369,0.9630519151687622,0.5297309756278992,0.9169105887413025,0.8948477506637573,0.022062838077545166,0.0004857182502746582,0.4338066577911377,False,False,completed
v_35d320b87cf1354b75ab,a zebra running to join a herd of its kind,direct_zero,end,0.9588550925254822,0.9582119584083557,0.5273218154907227,0.9490302205085754,0.9287192225456238,0.02031099796295166,0.0006431341171264648,0.4315332770347595,False,False,completed
v_38ae4c230155beb1b259,a zebra taking a peaceful walk,direct_zero,end,0.9856873154640198,0.9845408201217651,0.5433310866355896,0.98517906665802,0.9738305807113647,0.011348485946655273,0.0011464953422546387,0.4423562288284302,False,False,completed
v_3b6ddfc07cc98fcf9fa0,an elephant running to join a herd of its kind,direct_zero,end,0.9880058169364929,0.9878581166267395,0.7225505709648132,0.9849029779434204,0.9741292595863342,0.010773718357086182,0.00014770030975341797,0.2654552459716797,False,False,completed
v_427171327cff517973ed,a zebra bending down to drink water from a river,direct_zero,end,0.9852167367935181,0.9798052310943604,0.5439338684082031,0.9767624139785767,0.9515084028244019,0.025254011154174805,0.005411505699157715,0.44128286838531494,False,False,completed
v_4719caef96c8df794757,an elephant running to join a herd of its kind,direct_zero,end,0.9782639741897583,0.9772709608078003,0.9330421090126038,0.969979465007782,0.954069972038269,0.01590949296951294,0.0009930133819580078,0.04522186517715454,False,False,completed
v_4d76a76426a219a5f1bb,a zebra bending down to drink water from a river,direct_zero,end,0.9782224893569946,0.971855878829956,0.5562604665756226,0.9762669801712036,0.959886908531189,0.01638007164001465,0.006366610527038574,0.42196202278137207,False,False,completed
v_4e7cf3a0868b1b118f55,a zebra running to join a herd of its kind,direct_zero,end,0.9522103071212769,0.9522053003311157,0.5253932476043701,0.9482232928276062,0.9293732047080994,0.018850088119506836,5.0067901611328125e-06,0.42681705951690674,False,False,completed
v_4ff816e35ca1960d8058,an elephant running to join a herd of its kind,direct_zero,end,0.9646567702293396,0.9641282558441162,0.871122419834137,0.9487122297286987,0.9085382223129272,0.040174007415771484,0.0005285143852233887,0.09353435039520264,False,False,completed
v_50b265d3f9ccf281a518,an elephant spraying itself with water using its trunk to cool down,direct_zero,end,0.9901018142700195,0.9773163199424744,0.9479373693466187,0.9922862648963928,0.9763646721839905,0.015921592712402344,0.012785494327545166,0.04216444492340088,False,False,completed
v_53b3d43654788945925c,a zebra running to join a herd of its kind,direct_zero,end,0.972172737121582,0.9692555665969849,0.5358194708824158,0.9581042528152466,0.9390336275100708,0.01907062530517578,0.002917170524597168,0.43635326623916626,False,False,completed
v_55a4f07d56cda7470760,an elephant running to join a herd of its kind,direct_zero,end,0.9789860844612122,0.9634764790534973,0.9438188672065735,0.9713909029960632,0.9481379389762878,0.02325296401977539,0.015509605407714844,0.03516721725463867,False,False,completed
v_6015d56a898aa0948639,a zebra bending down to drink water from a river,direct_zero,end,0.9817591905593872,0.9619918465614319,0.6410928964614868,0.9774531722068787,0.9476296901702881,0.029823482036590576,0.019767343997955322,0.3406662940979004,False,False,completed
v_67c0894760111d0087b6,a motorcycle accelerating to gain speed,direct_zero,end,0.92059326171875,0.5920050144195557,0.8019464015960693,0.7869536280632019,0.7105624079704285,0.07639122009277344,0.32858824729919434,0.11864686012268066,False,False,completed
v_6bee77846ce628e11d94,an elephant spraying itself with water using its trunk to cool down,direct_zero,end,0.9835841059684753,0.9679946899414062,0.8476296663284302,0.9801599383354187,0.9592196941375732,0.02094024419784546,0.015589416027069092,0.13595443964004517,False,False,completed
v_6d2af08e0301e767c719,a cow running to join a herd of its kind,direct_zero,end,0.9381388425827026,0.8205106258392334,0.877637505531311,0.871242880821228,0.8203485012054443,0.05089437961578369,0.11762821674346924,0.0605013370513916,False,False,completed
v_6ee4476dec8615e1535f,a zebra bending down to drink water from a river,direct_zero,end,0.9657285213470459,0.95946204662323,0.5479131937026978,0.964434027671814,0.9487229585647583,0.015711069107055664,0.006266474723815918,0.41781532764434814,False,False,completed
v_74d5bd9982ed49689599,a truck turning a corner,direct_zero,end,0.9701874256134033,0.8487189412117004,0.6321195363998413,0.9252806901931763,0.8761953115463257,0.049085378646850586,0.12146848440170288,0.338067889213562,False,False,completed
v_795022cc03907dc7489e,an elephant spraying itself with water using its trunk to cool down,direct_zero,end,0.24734899401664734,0.247849240899086,0.06516627967357635,0.9006173610687256,0.88111412525177,0.019503235816955566,0.0005002468824386597,0.18218271434307098,False,False,completed
v_7959de66f76bf5fc41d9,a zebra bending down to drink water from a river,direct_zero,end,0.9828632473945618,0.981580913066864,0.5582776069641113,0.9712667465209961,0.9616789817810059,0.009587764739990234,0.001282334327697754,0.42458564043045044,False,False,completed
v_82dc1689fd289adcc0d2,a zebra taking a peaceful walk,direct_zero,end,0.9778921008110046,0.9769442081451416,0.5376293063163757,0.9754855632781982,0.958452045917511,0.017033517360687256,0.0009478926658630371,0.4402627944946289,False,False,completed
v_88720509dffa7aea9e30,a zebra bending down to drink water from a river,direct_zero,end,0.9738063216209412,0.9729498028755188,0.5380228757858276,0.9799759387969971,0.9580042362213135,0.021971702575683594,0.0008565187454223633,0.4357834458351135,False,False,completed
v_8887acf562b32cc84023,a zebra bending down to drink water from a river,direct_zero,end,0.9334750771522522,0.9272066950798035,0.928309977054596,0.9226030707359314,0.8827177882194519,0.03988528251647949,0.0062683820724487305,0.00516510009765625,False,False,completed
v_8dca194984971f0a1124,a truck turning a corner,direct_zero,end,0.9337459802627563,0.8176842331886292,0.6922783255577087,0.8681207299232483,0.8097804188728333,0.05834031105041504,0.1160617470741272,0.2414676547050476,False,False,completed
v_8e6a21dfeb7a106dae22,a zebra taking a peaceful walk,direct_zero,end,0.9760703444480896,0.9590029716491699,0.8176437616348267,0.9702401757240295,0.9460750222206116,0.02416515350341797,0.017067372798919678,0.15842658281326294,False,False,completed
v_a18cdea6bd26987ddbc4,a cow running to join a herd of its kind,direct_zero,end,0.8598477840423584,0.8588481545448303,0.5439370274543762,0.9539317488670349,0.9341362714767456,0.019795477390289307,0.0009996294975280762,0.3159107565879822,False,False,completed
v_a3b6d576bc5c5ef3517f,a zebra running to join a herd of its kind,direct_zero,end,0.9438295960426331,0.9363313317298889,0.589351236820221,0.9383728504180908,0.9233869314193726,0.014985918998718262,0.007498264312744141,0.3544783592224121,False,False,completed
v_a522928f33a3f29c463c,a truck slowing down to stop,direct_zero,end,0.9893493056297302,0.9754990339279175,0.8305279016494751,0.9741533398628235,0.9352068305015564,0.03894650936126709,0.013850271701812744,0.15882140398025513,False,False,completed
v_a5b4d7c4b2a095c9e6cc,an elephant running to join a herd of its kind,direct_zero,end,0.9817762970924377,0.9735690355300903,0.8892391324043274,0.9782154560089111,0.9671198129653931,0.011095643043518066,0.008207261562347412,0.09253716468811035,False,False,completed
v_aa14318968934ce72fb1,a zebra bending down to drink water from a river,direct_zero,end,0.973966121673584,0.9713107347488403,0.5346936583518982,0.9643047451972961,0.9436919093132019,0.02061283588409424,0.0026553869247436523,0.4392724633216858,False,False,completed
v_ad2f0d6ec69f9ff90382,a zebra taking a peaceful walk,direct_zero,end,0.9869072437286377,0.9810709953308105,0.5432075262069702,0.9837861657142639,0.9634075164794922,0.02037864923477173,0.0058362483978271484,0.4436997175216675,False,False,completed
v_b2657298416595015a2b,a zebra running to join a herd of its kind,direct_zero,end,0.9221466779708862,0.9222875833511353,0.503022313117981,0.8821325302124023,0.8669624924659729,0.015170037746429443,0.00014090538024902344,0.4191243648529053,False,False,completed
v_bc950a10e74a0a5447f1,a zebra bending down to drink water from a river,direct_zero,end,0.9756776690483093,0.9767234325408936,0.5366916656494141,0.9725489616394043,0.9389768242835999,0.03357213735580444,0.0010457634925842285,0.43898600339889526,False,False,completed
v_bf4b3df29a9616bf26ae,a truck turning a corner,direct_zero,end,0.9515529870986938,0.9503817558288574,0.6962711215019226,0.8850948214530945,0.8395947217941284,0.045500099658966064,0.0011712312698364258,0.25528186559677124,False,False,completed
v_c41543fe72d2e5493d15,a truck slowing down to stop,direct_zero,end,0.9834082722663879,0.9718852639198303,0.6479326486587524,0.9530027508735657,0.930169939994812,0.022832810878753662,0.011523008346557617,0.3354756236076355,False,False,completed
v_c424c7aceaf2046394ad,a cow running to join a herd of its kind,direct_zero,end,0.9763944745063782,0.9725157022476196,0.8612677454948425,0.9669449329376221,0.9199699759483337,0.04697495698928833,0.003878772258758545,0.11512672901153564,False,False,completed
v_c4de504a244d437ac3ad,a zebra bending down to drink water from a river,direct_zero,end,0.9940760135650635,0.9912105798721313,0.5467960834503174,0.994841992855072,0.9651327133178711,0.029709279537200928,0.002865433692932129,0.4472799301147461,False,False,completed
v_cdab6ebfbdf88aa1365e,an elephant running to join a herd of its kind,direct_zero,end,0.9607254266738892,0.9605984091758728,0.6099244356155396,0.9530994296073914,0.9110992550849915,0.0420001745223999,0.00012701749801635742,0.3508009910583496,False,False,completed
v_d111e2d8975fa9b850b3,a zebra taking a peaceful walk,direct_zero,end,0.9483411908149719,0.9438624978065491,0.5277775526046753,0.9036860466003418,0.8830665349960327,0.020619511604309082,0.0044786930084228516,0.42056363821029663,False,False,completed
v_d51186bcfc23e2a780ab,a truck slowing down to stop,direct_zero,end,0.9643544554710388,0.9642395973205566,0.6045483946800232,0.9112410545349121,0.8905235528945923,0.020717501640319824,0.00011485815048217773,0.3598060607910156,False,False,completed
v_d86a4852b9a610b4e2ac,a motorcycle accelerating to gain speed,direct_zero,end,0.9552143812179565,0.842077910900116,0.5321645140647888,0.8991079330444336,0.8637837171554565,0.03532421588897705,0.11313647031784058,0.4230498671531677,False,False,completed
v_e7e6381187b3421f31f4,a zebra taking a peaceful walk,direct_zero,end,0.9758050441741943,0.9755052328109741,0.5383746027946472,0.9502309560775757,0.9330374598503113,0.017193496227264404,0.00029981136322021484,0.4374304413795471,False,False,completed
v_e84cd21f77767e064452,an elephant running to join a herd of its kind,direct_zero,end,0.8868926167488098,0.7771661281585693,0.8295919895172119,0.9618316292762756,0.8870623707771301,0.07476925849914551,0.10972648859024048,0.0573006272315979,False,False,completed
v_f762ed821ba1fba906af,a zebra bending down to drink water from a river,direct_zero,end,0.9867092370986938,0.9853600859642029,0.5434139370918274,0.9777792096138,0.9480095505714417,0.0297696590423584,0.0013491511344909668,0.44329530000686646,False,False,completed
v_f993f14cdb34fb8383ef,a zebra bending down to drink water from a river,direct_zero,end,0.9814218878746033,0.9770113229751587,0.5396797060966492,0.9786093235015869,0.9550880789756775,0.023521244525909424,0.00441056489944458,0.4417421817779541,False,False,completed
v_fb03b6a21df9c0a51627,a cow running to join a herd of its kind,direct_zero,end,0.9514460563659668,0.9436160326004028,0.8992890119552612,0.9386007189750671,0.896995484828949,0.041605234146118164,0.007830023765563965,0.052157044410705566,False,False,completed
v_fc9b39a4b047b2db243c,an elephant spraying itself with water using its trunk to cool down,direct_zero,end,0.9950287342071533,0.9900180101394653,0.7248291373252869,0.9937685132026672,0.9848985075950623,0.00887000560760498,0.005010724067687988,0.27019959688186646,False,False,completed
v_fef8070abcd8dcd3af47,a zebra taking a peaceful walk,direct_zero,end,0.9282910823822021,0.9277031421661377,0.5294126272201538,0.8663416504859924,0.8577501773834229,0.00859147310256958,0.0005879402160644531,0.39887845516204834,False,False,completed
v_075ccc862d1b2d4936f0,an elephant running to join a herd of its kind,direct_exclude,end,0.9630889296531677,0.9618480205535889,0.88916015625,0.9417819976806641,0.9113203883171082,0.030461609363555908,0.0012409090995788574,0.07392877340316772,False,False,completed
v_0925f4496cf55ade8e5d,an elephant spraying itself with water using its trunk to cool down,direct_exclude,end,0.98935467004776,0.9824910759925842,0.967537522315979,0.9881947040557861,0.9758304953575134,0.012364208698272705,0.006863594055175781,0.021817147731781006,False,False,completed
v_0a1a6db568841167f9e8,a truck turning a corner,direct_exclude,end,0.8951151967048645,0.8967666029930115,0.9045659899711609,0.8972001075744629,0.8669488430023193,0.030251264572143555,0.0016514062881469727,-0.009450793266296387,False,False,completed
v_10d250e1b4b4a6ec0a82,a cow running to join a herd of its kind,direct_exclude,end,0.9591885805130005,0.9297786355018616,0.9410640001296997,0.9442958235740662,0.8707396388053894,0.07355618476867676,0.029409945011138916,0.01812458038330078,False,False,completed
v_125269dc5fc640751fa4,a zebra running to join a herd of its kind,direct_exclude,end,0.9697616100311279,0.9688284993171692,0.9387940764427185,0.9459475874900818,0.9295468330383301,0.01640075445175171,0.0009331107139587402,0.030967533588409424,False,False,completed
v_13502c1b9c959957b46a,a zebra taking a peaceful walk,direct_exclude,end,0.9967139363288879,0.9952611923217773,0.9968982338905334,0.997106671333313,0.9758184552192688,0.02128821611404419,0.0014527440071105957,-0.0001842975616455078,False,False,completed
v_1814b4d5b25ffa156aa6,an elephant running to join a herd of its kind,direct_exclude,end,0.9690490961074829,0.9652184844017029,0.9366872906684875,0.9329218864440918,0.9225400686264038,0.010381817817687988,0.0038306117057800293,0.03236180543899536,False,False,completed
v_22506cf5d5a1e6088fc8,a truck slowing down to stop,direct_exclude,end,0.8691954612731934,0.8700959086418152,0.8480433821678162,0.7584022879600525,0.7099342942237854,0.04846799373626709,0.0009004473686218262,0.021152079105377197,False,False,completed
v_2ac6cf025d5e88563949,a zebra running to join a herd of its kind,direct_exclude,end,0.9500249624252319,0.9422454237937927,0.9522801041603088,0.9185127019882202,0.8832907676696777,0.03522193431854248,0.007779538631439209,-0.0022551417350769043,False,False,completed
v_2fbefa11a17758f1cd8f,a zebra taking a peaceful walk,direct_exclude,end,0.9445307850837708,0.9272837042808533,0.9139808416366577,0.9212554693222046,0.8532060384750366,0.06804943084716797,0.01724708080291748,0.030549943447113037,False,False,completed
v_304f65b790cd089803d4,a zebra bending down to drink water from a river,direct_exclude,end,0.9545856714248657,0.9595319628715515,0.9663999676704407,0.9624999761581421,0.9145241379737854,0.04797583818435669,0.004946291446685791,-0.011814296245574951,False,False,completed
v_34025bb5b4d01c898f92,a motorcycle accelerating to gain speed,direct_exclude,end,0.9564681053161621,0.9539185762405396,0.9267067313194275,0.9416208267211914,0.9260011911392212,0.015619635581970215,0.0025495290756225586,0.02976137399673462,False,False,completed
v_355010ce10f66a681b88,a truck turning a corner,direct_exclude,end,0.9635376334190369,0.9630519151687622,0.9631471633911133,0.9169105887413025,0.8948477506637573,0.022062838077545166,0.0004857182502746582,0.000390470027923584,False,False,completed
v_35d320b87cf1354b75ab,a zebra running to join a herd of its kind,direct_exclude,end,0.9588550925254822,0.9582119584083557,0.9587668776512146,0.9490302205085754,0.9287192225456238,0.02031099796295166,0.0006431341171264648,8.821487426757812e-05,False,False,completed
v_38ae4c230155beb1b259,a zebra taking a peaceful walk,direct_exclude,end,0.9856873154640198,0.9845408201217651,0.9878747463226318,0.98517906665802,0.9738305807113647,0.011348485946655273,0.0011464953422546387,-0.0021874308586120605,False,False,completed
v_3b6ddfc07cc98fcf9fa0,an elephant running to join a herd of its kind,direct_exclude,end,0.9880058169364929,0.9878581166267395,0.9528138041496277,0.9849029779434204,0.9741292595863342,0.010773718357086182,0.00014770030975341797,0.035192012786865234,False,False,completed
v_427171327cff517973ed,a zebra bending down to drink water from a river,direct_exclude,end,0.9852167367935181,0.9798052310943604,0.9889706969261169,0.9767624139785767,0.9515084028244019,0.025254011154174805,0.005411505699157715,-0.003753960132598877,False,False,completed
v_4719caef96c8df794757,an elephant running to join a herd of its kind,direct_exclude,end,0.9782639741897583,0.9772709608078003,0.9330421090126038,0.969979465007782,0.954069972038269,0.01590949296951294,0.0009930133819580078,0.04522186517715454,False,False,completed
v_4d76a76426a219a5f1bb,a zebra bending down to drink water from a river,direct_exclude,end,0.9782224893569946,0.971855878829956,0.9790183901786804,0.9762669801712036,0.959886908531189,0.01638007164001465,0.006366610527038574,-0.000795900821685791,False,False,completed
v_4e7cf3a0868b1b118f55,a zebra running to join a herd of its kind,direct_exclude,end,0.9522103071212769,0.9522053003311157,0.9552604556083679,0.9482232928276062,0.9293732047080994,0.018850088119506836,5.0067901611328125e-06,-0.0030501484870910645,False,False,completed
v_4ff816e35ca1960d8058,an elephant running to join a herd of its kind,direct_exclude,end,0.9646567702293396,0.9641282558441162,0.871122419834137,0.9487122297286987,0.9085382223129272,0.040174007415771484,0.0005285143852233887,0.09353435039520264,False,False,completed
v_50b265d3f9ccf281a518,an elephant spraying itself with water using its trunk to cool down,direct_exclude,end,0.9901018142700195,0.9773163199424744,0.9479373693466187,0.9922862648963928,0.9763646721839905,0.015921592712402344,0.012785494327545166,0.04216444492340088,False,False,completed
v_53b3d43654788945925c,a zebra running to join a herd of its kind,direct_exclude,end,0.972172737121582,0.9692555665969849,0.9742172956466675,0.9581042528152466,0.9390336275100708,0.01907062530517578,0.002917170524597168,-0.0020445585250854492,False,False,completed
v_55a4f07d56cda7470760,an elephant running to join a herd of its kind,direct_exclude,end,0.9789860844612122,0.9634764790534973,0.9438188672065735,0.9713909029960632,0.9481379389762878,0.02325296401977539,0.015509605407714844,0.03516721725463867,False,False,completed
v_6015d56a898aa0948639,a zebra bending down to drink water from a river,direct_exclude,end,0.9817591905593872,0.9619918465614319,0.9643790125846863,0.9774531722068787,0.9476296901702881,0.029823482036590576,0.019767343997955322,0.017380177974700928,False,False,completed
v_67c0894760111d0087b6,a motorcycle accelerating to gain speed,direct_exclude,end,0.92059326171875,0.9107769131660461,0.9165101647377014,0.7869536280632019,0.7105624079704285,0.07639122009277344,0.009816348552703857,0.004083096981048584,False,False,completed
v_6bee77846ce628e11d94,an elephant spraying itself with water using its trunk to cool down,direct_exclude,end,0.9835841059684753,0.9679946899414062,0.9624698162078857,0.9801599383354187,0.9592196941375732,0.02094024419784546,0.015589416027069092,0.0211142897605896,False,False,completed
v_6d2af08e0301e767c719,a cow running to join a herd of its kind,direct_exclude,end,0.9381388425827026,0.9377264380455017,0.877637505531311,0.871242880821228,0.8203485012054443,0.05089437961578369,0.00041240453720092773,0.0605013370513916,False,False,completed
v_6ee4476dec8615e1535f,a zebra bending down to drink water from a river,direct_exclude,end,0.9657285213470459,0.95946204662323,0.9643272161483765,0.964434027671814,0.9487229585647583,0.015711069107055664,0.006266474723815918,0.0014013051986694336,False,False,completed
v_74d5bd9982ed49689599,a truck turning a corner,direct_exclude,end,0.9701874256134033,0.9699645638465881,0.9724915623664856,0.9252806901931763,0.8761953115463257,0.049085378646850586,0.00022286176681518555,-0.0023041367530822754,False,False,completed
v_795022cc03907dc7489e,an elephant spraying itself with water using its trunk to cool down,direct_exclude,end,0.960296094417572,0.9622383117675781,0.9557721018791199,0.9006173610687256,0.88111412525177,0.019503235816955566,0.0019422173500061035,0.0045239925384521484,False,False,completed
v_7959de66f76bf5fc41d9,a zebra bending down to drink water from a river,direct_exclude,end,0.9828632473945618,0.981580913066864,0.9825685620307922,0.9712667465209961,0.9616789817810059,0.009587764739990234,0.001282334327697754,0.00029468536376953125,False,False,completed
v_82dc1689fd289adcc0d2,a zebra taking a peaceful walk,direct_exclude,end,0.9778921008110046,0.9769442081451416,0.9775077700614929,0.9754855632781982,0.958452045917511,0.017033517360687256,0.0009478926658630371,0.00038433074951171875,False,False,completed
v_88720509dffa7aea9e30,a zebra bending down to drink water from a river,direct_exclude,end,0.9738063216209412,0.9729498028755188,0.978223443031311,0.9799759387969971,0.9580042362213135,0.021971702575683594,0.0008565187454223633,-0.004417121410369873,False,False,completed
v_8887acf562b32cc84023,a zebra bending down to drink water from a river,direct_exclude,end,0.9334750771522522,0.9272066950798035,0.928309977054596,0.9226030707359314,0.8827177882194519,0.03988528251647949,0.0062683820724487305,0.00516510009765625,False,False,completed
v_8dca194984971f0a1124,a truck turning a corner,direct_exclude,end,0.9337459802627563,0.9344961643218994,0.9128944873809814,0.8681207299232483,0.8097804188728333,0.05834031105041504,0.0007501840591430664,0.020851492881774902,False,False,completed
v_8e6a21dfeb7a106dae22,a zebra taking a peaceful walk,direct_exclude,end,0.9760703444480896,0.9590029716491699,0.9284212589263916,0.9702401757240295,0.9460750222206116,0.02416515350341797,0.017067372798919678,0.047649085521698,False,False,completed
v_a18cdea6bd26987ddbc4,a cow running to join a herd of its kind,direct_exclude,end,0.9763433337211609,0.9752082228660583,0.9573291540145874,0.9539317488670349,0.9341362714767456,0.019795477390289307,0.001135110855102539,0.019014179706573486,False,False,completed
v_a3b6d576bc5c5ef3517f,a zebra running to join a herd of its kind,direct_exclude,end,0.9438295960426331,0.9363313317298889,0.9066942930221558,0.9383728504180908,0.9233869314193726,0.014985918998718262,0.007498264312744141,0.037135303020477295,False,False,completed
v_a522928f33a3f29c463c,a truck slowing down to stop,direct_exclude,end,0.9893493056297302,0.9754990339279175,0.9491747617721558,0.9741533398628235,0.9352068305015564,0.03894650936126709,0.013850271701812744,0.04017454385757446,False,False,completed
v_a5b4d7c4b2a095c9e6cc,an elephant running to join a herd of its kind,direct_exclude,end,0.9817762970924377,0.9735690355300903,0.9466093182563782,0.9782154560089111,0.9671198129653931,0.011095643043518066,0.008207261562347412,0.03516697883605957,False,False,completed
v_aa14318968934ce72fb1,a zebra bending down to drink water from a river,direct_exclude,end,0.973966121673584,0.9713107347488403,0.9721702933311462,0.9643047451972961,0.9436919093132019,0.02061283588409424,0.0026553869247436523,0.0017958283424377441,False,False,completed
v_ad2f0d6ec69f9ff90382,a zebra taking a peaceful walk,direct_exclude,end,0.9869072437286377,0.9810709953308105,0.9876499772071838,0.9837861657142639,0.9634075164794922,0.02037864923477173,0.0058362483978271484,-0.0007427334785461426,False,False,completed
v_b2657298416595015a2b,a zebra running to join a herd of its kind,direct_exclude,end,0.9221466779708862,0.9222875833511353,0.9145859479904175,0.8821325302124023,0.8669624924659729,0.015170037746429443,0.00014090538024902344,0.00756072998046875,False,False,completed
v_bc950a10e74a0a5447f1,a zebra bending down to drink water from a river,direct_exclude,end,0.9756776690483093,0.9767234325408936,0.9758030772209167,0.9725489616394043,0.9389768242835999,0.03357213735580444,0.0010457634925842285,-0.00012540817260742188,False,False,completed
v_bf4b3df29a9616bf26ae,a truck turning a corner,direct_exclude,end,0.9515529870986938,0.9503817558288574,0.9181596040725708,0.8850948214530945,0.8395947217941284,0.045500099658966064,0.0011712312698364258,0.03339338302612305,False,False,completed
v_c41543fe72d2e5493d15,a truck slowing down to stop,direct_exclude,end,0.9834082722663879,0.9718852639198303,0.9746679067611694,0.9530027508735657,0.930169939994812,0.022832810878753662,0.011523008346557617,0.008740365505218506,False,False,completed
v_c424c7aceaf2046394ad,a cow running to join a herd of its kind,direct_exclude,end,0.9763944745063782,0.9725157022476196,0.8612677454948425,0.9669449329376221,0.9199699759483337,0.04697495698928833,0.003878772258758545,0.11512672901153564,False,False,completed
v_c4de504a244d437ac3ad,a zebra bending down to drink water from a river,direct_exclude,end,0.9940760135650635,0.9912105798721313,0.9941746592521667,0.994841992855072,0.9651327133178711,0.029709279537200928,0.002865433692932129,-9.864568710327148e-05,False,False,completed
v_cdab6ebfbdf88aa1365e,an elephant running to join a herd of its kind,direct_exclude,end,0.9607254266738892,0.9605984091758728,0.9383453130722046,0.9530994296073914,0.9110992550849915,0.0420001745223999,0.00012701749801635742,0.02238011360168457,False,False,completed
v_d111e2d8975fa9b850b3,a zebra taking a peaceful walk,direct_exclude,end,0.9483411908149719,0.9438624978065491,0.9595955610275269,0.9036860466003418,0.8830665349960327,0.020619511604309082,0.0044786930084228516,-0.011254370212554932,False,False,completed
v_d51186bcfc23e2a780ab,a truck slowing down to stop,direct_exclude,end,0.9643544554710388,0.9642395973205566,0.9300744533538818,0.9112410545349121,0.8905235528945923,0.020717501640319824,0.00011485815048217773,0.03428000211715698,False,False,completed
v_d86a4852b9a610b4e2ac,a motorcycle accelerating to gain speed,direct_exclude,end,0.9552143812179565,0.962374746799469,0.9675717353820801,0.8991079330444336,0.8637837171554565,0.03532421588897705,0.007160365581512451,-0.012357354164123535,False,False,completed
v_e7e6381187b3421f31f4,a zebra taking a peaceful walk,direct_exclude,end,0.9758050441741943,0.9755052328109741,0.978863000869751,0.9502309560775757,0.9330374598503113,0.017193496227264404,0.00029981136322021484,-0.0030579566955566406,False,False,completed
v_e84cd21f77767e064452,an elephant running to join a herd of its kind,direct_exclude,end,0.8868926167488098,0.8881898522377014,0.8295919895172119,0.9618316292762756,0.8870623707771301,0.07476925849914551,0.0012972354888916016,0.0573006272315979,False,False,completed
v_f762ed821ba1fba906af,a zebra bending down to drink water from a river,direct_exclude,end,0.9867092370986938,0.9853600859642029,0.9880254864692688,0.9777792096138,0.9480095505714417,0.0297696590423584,0.0013491511344909668,-0.0013162493705749512,False,False,completed
v_f993f14cdb34fb8383ef,a zebra bending down to drink water from a river,direct_exclude,end,0.9814218878746033,0.9770113229751587,0.9812358617782593,0.9786093235015869,0.9550880789756775,0.023521244525909424,0.00441056489944458,0.00018602609634399414,False,False,completed
v_fb03b6a21df9c0a51627,a cow running to join a herd of its kind,direct_exclude,end,0.9514460563659668,0.9436160326004028,0.8992890119552612,0.9386007189750671,0.896995484828949,0.041605234146118164,0.007830023765563965,0.052157044410705566,False,False,completed
v_fc9b39a4b047b2db243c,an elephant spraying itself with water using its trunk to cool down,direct_exclude,end,0.9950287342071533,0.9900180101394653,0.9558185935020447,0.9937685132026672,0.9848985075950623,0.00887000560760498,0.005010724067687988,0.03921014070510864,False,False,completed
v_fef8070abcd8dcd3af47,a zebra taking a peaceful walk,direct_exclude,end,0.9282910823822021,0.9277031421661377,0.931766152381897,0.8663416504859924,0.8577501773834229,0.00859147310256958,0.0005879402160644531,-0.0034750699996948242,False,False,completed
v_075ccc862d1b2d4936f0,an elephant running to join a herd of its kind,hybrid_zero,end,0.9630889296531677,0.9618480205535889,0.88916015625,0.9417819976806641,0.9113203883171082,0.030461609363555908,0.0012409090995788574,0.07392877340316772,False,False,completed
v_0925f4496cf55ade8e5d,an elephant spraying itself with water using its trunk to cool down,hybrid_zero,end,0.98935467004776,0.9824910759925842,0.9318383932113647,0.9881947040557861,0.9758304953575134,0.012364208698272705,0.006863594055175781,0.057516276836395264,False,False,completed
v_0a1a6db568841167f9e8,a truck turning a corner,hybrid_zero,end,0.8892853260040283,0.8967666029930115,0.8354692459106445,0.8972001075744629,0.8669488430023193,0.030251264572143555,0.007481276988983154,0.05381608009338379,False,False,completed
v_10d250e1b4b4a6ec0a82,a cow running to join a herd of its kind,hybrid_zero,end,0.9591885805130005,0.9187955260276794,0.9410640001296997,0.9442958235740662,0.8707396388053894,0.07355618476867676,0.040393054485321045,0.01812458038330078,False,False,completed
v_125269dc5fc640751fa4,a zebra running to join a herd of its kind,hybrid_zero,end,0.9697616100311279,0.9688284993171692,0.8740425705909729,0.9459475874900818,0.9295468330383301,0.01640075445175171,0.0009331107139587402,0.09571903944015503,False,False,completed
v_13502c1b9c959957b46a,a zebra taking a peaceful walk,hybrid_zero,end,0.9967139363288879,0.9952611923217773,0.887872576713562,0.997106671333313,0.9758184552192688,0.02128821611404419,0.0014527440071105957,0.10884135961532593,False,False,completed
v_1814b4d5b25ffa156aa6,an elephant running to join a herd of its kind,hybrid_zero,end,0.9690490961074829,0.9652184844017029,0.9366872906684875,0.9329218864440918,0.9225400686264038,0.010381817817687988,0.0038306117057800293,0.03236180543899536,False,False,completed
v_22506cf5d5a1e6088fc8,a truck slowing down to stop,hybrid_zero,end,0.8691954612731934,0.8714284300804138,0.8042277693748474,0.7584022879600525,0.7099342942237854,0.04846799373626709,0.002232968807220459,0.06496769189834595,False,False,completed
v_2ac6cf025d5e88563949,a zebra running to join a herd of its kind,hybrid_zero,end,0.9500249624252319,0.9422454237937927,0.8447491526603699,0.9185127019882202,0.8832907676696777,0.03522193431854248,0.007779538631439209,0.10527580976486206,False,False,completed
v_2fbefa11a17758f1cd8f,a zebra taking a peaceful walk,hybrid_zero,end,0.9445307850837708,0.9272837042808533,0.8979631066322327,0.9212554693222046,0.8532060384750366,0.06804943084716797,0.01724708080291748,0.046567678451538086,False,False,completed
v_304f65b790cd089803d4,a zebra bending down to drink water from a river,hybrid_zero,end,0.9545856714248657,0.9595319628715515,0.8597599267959595,0.9624999761581421,0.9145241379737854,0.04797583818435669,0.004946291446685791,0.09482574462890625,False,False,completed
v_34025bb5b4d01c898f92,a motorcycle accelerating to gain speed,hybrid_zero,end,0.9564681053161621,0.9539185762405396,0.9131664037704468,0.9416208267211914,0.9260011911392212,0.015619635581970215,0.0025495290756225586,0.04330170154571533,False,False,completed
v_355010ce10f66a681b88,a truck turning a corner,hybrid_zero,end,0.9635376334190369,0.9630519151687622,0.8715810775756836,0.9169105887413025,0.8948477506637573,0.022062838077545166,0.0004857182502746582,0.09195655584335327,False,False,completed
v_35d320b87cf1354b75ab,a zebra running to join a herd of its kind,hybrid_zero,end,0.9588550925254822,0.9582119584083557,0.8396637439727783,0.9490302205085754,0.9287192225456238,0.02031099796295166,0.0006431341171264648,0.11919134855270386,False,False,completed
v_38ae4c230155beb1b259,a zebra taking a peaceful walk,hybrid_zero,end,0.9856873154640198,0.9845408201217651,0.886009693145752,0.98517906665802,0.9738305807113647,0.011348485946655273,0.0011464953422546387,0.09967762231826782,False,False,completed
v_3b6ddfc07cc98fcf9fa0,an elephant running to join a herd of its kind,hybrid_zero,end,0.9880058169364929,0.9878581166267395,0.9346555471420288,0.9849029779434204,0.9741292595863342,0.010773718357086182,0.00014770030975341797,0.05335026979446411,False,False,completed
v_427171327cff517973ed,a zebra bending down to drink water from a river,hybrid_zero,end,0.9852167367935181,0.9798052310943604,0.8726388812065125,0.9767624139785767,0.9515084028244019,0.025254011154174805,0.005411505699157715,0.11257785558700562,False,False,completed
v_4719caef96c8df794757,an elephant running to join a herd of its kind,hybrid_zero,end,0.9782639741897583,0.9772709608078003,0.9330421090126038,0.969979465007782,0.954069972038269,0.01590949296951294,0.0009930133819580078,0.04522186517715454,False,False,completed
v_4d76a76426a219a5f1bb,a zebra bending down to drink water from a river,hybrid_zero,end,0.9782224893569946,0.971855878829956,0.888207197189331,0.9762669801712036,0.959886908531189,0.01638007164001465,0.006366610527038574,0.09001529216766357,False,False,completed
v_4e7cf3a0868b1b118f55,a zebra running to join a herd of its kind,hybrid_zero,end,0.9522103071212769,0.9522053003311157,0.8628397583961487,0.9482232928276062,0.9293732047080994,0.018850088119506836,5.0067901611328125e-06,0.08937054872512817,False,False,completed
v_4ff816e35ca1960d8058,an elephant running to join a herd of its kind,hybrid_zero,end,0.9646567702293396,0.9641282558441162,0.871122419834137,0.9487122297286987,0.9085382223129272,0.040174007415771484,0.0005285143852233887,0.09353435039520264,False,False,completed
v_50b265d3f9ccf281a518,an elephant spraying itself with water using its trunk to cool down,hybrid_zero,end,0.9901018142700195,0.9773163199424744,0.9479373693466187,0.9922862648963928,0.9763646721839905,0.015921592712402344,0.012785494327545166,0.04216444492340088,False,False,completed
v_53b3d43654788945925c,a zebra running to join a herd of its kind,hybrid_zero,end,0.972172737121582,0.9692555665969849,0.8718375563621521,0.9581042528152466,0.9390336275100708,0.01907062530517578,0.002917170524597168,0.10033518075942993,False,False,completed
v_55a4f07d56cda7470760,an elephant running to join a herd of its kind,hybrid_zero,end,0.9789860844612122,0.9634764790534973,0.9438188672065735,0.9713909029960632,0.9481379389762878,0.02325296401977539,0.015509605407714844,0.03516721725463867,False,False,completed
v_6015d56a898aa0948639,a zebra bending down to drink water from a river,hybrid_zero,end,0.9817591905593872,0.9619918465614319,0.8985916376113892,0.9774531722068787,0.9476296901702881,0.029823482036590576,0.019767343997955322,0.08316755294799805,False,False,completed
v_67c0894760111d0087b6,a motorcycle accelerating to gain speed,hybrid_zero,end,0.92059326171875,0.8604230880737305,0.9080678820610046,0.7869536280632019,0.7105624079704285,0.07639122009277344,0.06017017364501953,0.012525379657745361,False,False,completed
v_6bee77846ce628e11d94,an elephant spraying itself with water using its trunk to cool down,hybrid_zero,end,0.9835841059684753,0.9679946899414062,0.958113968372345,0.9801599383354187,0.9592196941375732,0.02094024419784546,0.015589416027069092,0.02547013759613037,False,False,completed
v_6d2af08e0301e767c719,a cow running to join a herd of its kind,hybrid_zero,end,0.9381388425827026,0.9351176023483276,0.877637505531311,0.871242880821228,0.8203485012054443,0.05089437961578369,0.003021240234375,0.0605013370513916,False,False,completed
v_6ee4476dec8615e1535f,a zebra bending down to drink water from a river,hybrid_zero,end,0.9657285213470459,0.95946204662323,0.8824638724327087,0.964434027671814,0.9487229585647583,0.015711069107055664,0.006266474723815918,0.08326464891433716,False,False,completed
v_74d5bd9982ed49689599,a truck turning a corner,hybrid_zero,end,0.9701874256134033,0.9465345144271851,0.9150745868682861,0.9252806901931763,0.8761953115463257,0.049085378646850586,0.02365291118621826,0.05511283874511719,False,False,completed
v_795022cc03907dc7489e,an elephant spraying itself with water using its trunk to cool down,hybrid_zero,end,0.9523473978042603,0.9559745788574219,0.9049060940742493,0.9006173610687256,0.88111412525177,0.019503235816955566,0.003627181053161621,0.047441303730010986,False,False,completed
v_7959de66f76bf5fc41d9,a zebra bending down to drink water from a river,hybrid_zero,end,0.9828632473945618,0.981580913066864,0.9114996194839478,0.9712667465209961,0.9616789817810059,0.009587764739990234,0.001282334327697754,0.07136362791061401,False,False,completed
v_82dc1689fd289adcc0d2,a zebra taking a peaceful walk,hybrid_zero,end,0.9778921008110046,0.9769442081451416,0.9019361138343811,0.9754855632781982,0.958452045917511,0.017033517360687256,0.0009478926658630371,0.07595598697662354,False,False,completed
v_88720509dffa7aea9e30,a zebra bending down to drink water from a river,hybrid_zero,end,0.9738063216209412,0.9729498028755188,0.9032427668571472,0.9799759387969971,0.9580042362213135,0.021971702575683594,0.0008565187454223633,0.07056355476379395,False,False,completed
v_8887acf562b32cc84023,a zebra bending down to drink water from a river,hybrid_zero,end,0.9334750771522522,0.9272066950798035,0.928309977054596,0.9226030707359314,0.8827177882194519,0.03988528251647949,0.0062683820724487305,0.00516510009765625,False,False,completed
v_8dca194984971f0a1124,a truck turning a corner,hybrid_zero,end,0.9337459802627563,0.9109833836555481,0.8955177664756775,0.8681207299232483,0.8097804188728333,0.05834031105041504,0.022762596607208252,0.03822821378707886,False,False,completed
v_8e6a21dfeb7a106dae22,a zebra taking a peaceful walk,hybrid_zero,end,0.9760703444480896,0.9590029716491699,0.9143468737602234,0.9702401757240295,0.9460750222206116,0.02416515350341797,0.017067372798919678,0.06172347068786621,False,False,completed
v_a18cdea6bd26987ddbc4,a cow running to join a herd of its kind,hybrid_zero,end,0.9762948155403137,0.9752786159515381,0.9056701064109802,0.9539317488670349,0.9341362714767456,0.019795477390289307,0.0010161995887756348,0.0706247091293335,False,False,completed
v_a3b6d576bc5c5ef3517f,a zebra running to join a herd of its kind,hybrid_zero,end,0.9438295960426331,0.9363313317298889,0.8552534580230713,0.9383728504180908,0.9233869314193726,0.014985918998718262,0.007498264312744141,0.08857613801956177,False,False,completed
v_a522928f33a3f29c463c,a truck slowing down to stop,hybrid_zero,end,0.9893493056297302,0.9754990339279175,0.9364175796508789,0.9741533398628235,0.9352068305015564,0.03894650936126709,0.013850271701812744,0.05293172597885132,False,False,completed
v_a5b4d7c4b2a095c9e6cc,an elephant running to join a herd of its kind,hybrid_zero,end,0.9817762970924377,0.9735690355300903,0.9433445930480957,0.9782154560089111,0.9671198129653931,0.011095643043518066,0.008207261562347412,0.03843170404434204,False,False,completed
v_aa14318968934ce72fb1,a zebra bending down to drink water from a river,hybrid_zero,end,0.973966121673584,0.9713107347488403,0.8929969668388367,0.9643047451972961,0.9436919093132019,0.02061283588409424,0.0026553869247436523,0.08096915483474731,False,False,completed
v_ad2f0d6ec69f9ff90382,a zebra taking a peaceful walk,hybrid_zero,end,0.9869072437286377,0.9810709953308105,0.8948751091957092,0.9837861657142639,0.9634075164794922,0.02037864923477173,0.0058362483978271484,0.09203213453292847,False,False,completed
v_b2657298416595015a2b,a zebra running to join a herd of its kind,hybrid_zero,end,0.9221466779708862,0.9222875833511353,0.8498046398162842,0.8821325302124023,0.8669624924659729,0.015170037746429443,0.00014090538024902344,0.07234203815460205,False,False,completed
v_bc950a10e74a0a5447f1,a zebra bending down to drink water from a river,hybrid_zero,end,0.9756776690483093,0.9767234325408936,0.8810819387435913,0.9725489616394043,0.9389768242835999,0.03357213735580444,0.0010457634925842285,0.09459573030471802,False,False,completed
v_bf4b3df29a9616bf26ae,a truck turning a corner,hybrid_zero,end,0.9515529870986938,0.9503817558288574,0.8694149851799011,0.8850948214530945,0.8395947217941284,0.045500099658966064,0.0011712312698364258,0.08213800191879272,False,False,completed
v_c41543fe72d2e5493d15,a truck slowing down to stop,hybrid_zero,end,0.9834082722663879,0.9718852639198303,0.9472856521606445,0.9530027508735657,0.930169939994812,0.022832810878753662,0.011523008346557617,0.03612262010574341,False,False,completed
v_c424c7aceaf2046394ad,a cow running to join a herd of its kind,hybrid_zero,end,0.9763944745063782,0.9725157022476196,0.8612677454948425,0.9669449329376221,0.9199699759483337,0.04697495698928833,0.003878772258758545,0.11512672901153564,False,False,completed
v_c4de504a244d437ac3ad,a zebra bending down to drink water from a river,hybrid_zero,end,0.9940760135650635,0.9912105798721313,0.893255889415741,0.994841992855072,0.9651327133178711,0.029709279537200928,0.002865433692932129,0.10082012414932251,False,False,completed
v_cdab6ebfbdf88aa1365e,an elephant running to join a herd of its kind,hybrid_zero,end,0.9607254266738892,0.9605984091758728,0.8962826132774353,0.9530994296073914,0.9110992550849915,0.0420001745223999,0.00012701749801635742,0.06444281339645386,False,False,completed
v_d111e2d8975fa9b850b3,a zebra taking a peaceful walk,hybrid_zero,end,0.9483411908149719,0.9438624978065491,0.8520541191101074,0.9036860466003418,0.8830665349960327,0.020619511604309082,0.0044786930084228516,0.0962870717048645,False,False,completed
v_d51186bcfc23e2a780ab,a truck slowing down to stop,hybrid_zero,end,0.9643544554710388,0.9642395973205566,0.8765406608581543,0.9112410545349121,0.8905235528945923,0.020717501640319824,0.00011485815048217773,0.08781379461288452,False,False,completed
v_d86a4852b9a610b4e2ac,a motorcycle accelerating to gain speed,hybrid_zero,end,0.9552143812179565,0.9564398527145386,0.85988849401474,0.8991079330444336,0.8637837171554565,0.03532421588897705,0.0012254714965820312,0.09532588720321655,False,False,completed
v_e7e6381187b3421f31f4,a zebra taking a peaceful walk,hybrid_zero,end,0.9758050441741943,0.9755052328109741,0.8583903312683105,0.9502309560775757,0.9330374598503113,0.017193496227264404,0.00029981136322021484,0.11741471290588379,False,False,completed
v_e84cd21f77767e064452,an elephant running to join a herd of its kind,hybrid_zero,end,0.8868926167488098,0.8872889280319214,0.8295919895172119,0.9618316292762756,0.8870623707771301,0.07476925849914551,0.00039631128311157227,0.0573006272315979,False,False,completed
v_f762ed821ba1fba906af,a zebra bending down to drink water from a river,hybrid_zero,end,0.9867092370986938,0.9853600859642029,0.873049795627594,0.9777792096138,0.9480095505714417,0.0297696590423584,0.0013491511344909668,0.11365944147109985,False,False,completed
v_f993f14cdb34fb8383ef,a zebra bending down to drink water from a river,hybrid_zero,end,0.9814218878746033,0.9770113229751587,0.9054341316223145,0.9786093235015869,0.9550880789756775,0.023521244525909424,0.00441056489944458,0.07598775625228882,False,False,completed
v_fb03b6a21df9c0a51627,a cow running to join a herd of its kind,hybrid_zero,end,0.9514460563659668,0.9436160326004028,0.8992890119552612,0.9386007189750671,0.896995484828949,0.041605234146118164,0.007830023765563965,0.052157044410705566,False,False,completed
v_fc9b39a4b047b2db243c,an elephant spraying itself with water using its trunk to cool down,hybrid_zero,end,0.9950287342071533,0.9900180101394653,0.9326682090759277,0.9937685132026672,0.9848985075950623,0.00887000560760498,0.005010724067687988,0.062360525131225586,False,False,completed
v_fef8070abcd8dcd3af47,a zebra taking a peaceful walk,hybrid_zero,end,0.9282910823822021,0.9277031421661377,0.8273182511329651,0.8663416504859924,0.8577501773834229,0.00859147310256958,0.0005879402160644531,0.10097283124923706,False,False,completed
v_075ccc862d1b2d4936f0,an elephant running to join a herd of its kind,hybrid_exclude,end,0.9630889296531677,0.9618480205535889,0.88916015625,0.9417819976806641,0.9113203883171082,0.030461609363555908,0.0012409090995788574,0.07392877340316772,False,False,completed
v_0925f4496cf55ade8e5d,an elephant spraying itself with water using its trunk to cool down,hybrid_exclude,end,0.98935467004776,0.9824910759925842,0.9318383932113647,0.9881947040557861,0.9758304953575134,0.012364208698272705,0.006863594055175781,0.057516276836395264,False,False,completed
v_0a1a6db568841167f9e8,a truck turning a corner,hybrid_exclude,end,0.8892853260040283,0.8967666029930115,0.8354692459106445,0.8972001075744629,0.8669488430023193,0.030251264572143555,0.007481276988983154,0.05381608009338379,False,False,completed
v_10d250e1b4b4a6ec0a82,a cow running to join a herd of its kind,hybrid_exclude,end,0.9591885805130005,0.9187955260276794,0.9410640001296997,0.9442958235740662,0.8707396388053894,0.07355618476867676,0.040393054485321045,0.01812458038330078,False,False,completed
v_125269dc5fc640751fa4,a zebra running to join a herd of its kind,hybrid_exclude,end,0.9697616100311279,0.9688284993171692,0.8740425705909729,0.9459475874900818,0.9295468330383301,0.01640075445175171,0.0009331107139587402,0.09571903944015503,False,False,completed
v_13502c1b9c959957b46a,a zebra taking a peaceful walk,hybrid_exclude,end,0.9967139363288879,0.9952611923217773,0.887872576713562,0.997106671333313,0.9758184552192688,0.02128821611404419,0.0014527440071105957,0.10884135961532593,False,False,completed
v_1814b4d5b25ffa156aa6,an elephant running to join a herd of its kind,hybrid_exclude,end,0.9690490961074829,0.9652184844017029,0.9366872906684875,0.9329218864440918,0.9225400686264038,0.010381817817687988,0.0038306117057800293,0.03236180543899536,False,False,completed
v_22506cf5d5a1e6088fc8,a truck slowing down to stop,hybrid_exclude,end,0.8691954612731934,0.8714284300804138,0.8042277693748474,0.7584022879600525,0.7099342942237854,0.04846799373626709,0.002232968807220459,0.06496769189834595,False,False,completed
v_2ac6cf025d5e88563949,a zebra running to join a herd of its kind,hybrid_exclude,end,0.9500249624252319,0.9422454237937927,0.8447491526603699,0.9185127019882202,0.8832907676696777,0.03522193431854248,0.007779538631439209,0.10527580976486206,False,False,completed
v_2fbefa11a17758f1cd8f,a zebra taking a peaceful walk,hybrid_exclude,end,0.9445307850837708,0.9272837042808533,0.8979631066322327,0.9212554693222046,0.8532060384750366,0.06804943084716797,0.01724708080291748,0.046567678451538086,False,False,completed
v_304f65b790cd089803d4,a zebra bending down to drink water from a river,hybrid_exclude,end,0.9545856714248657,0.9595319628715515,0.8597599267959595,0.9624999761581421,0.9145241379737854,0.04797583818435669,0.004946291446685791,0.09482574462890625,False,False,completed
v_34025bb5b4d01c898f92,a motorcycle accelerating to gain speed,hybrid_exclude,end,0.9564681053161621,0.9539185762405396,0.9131664037704468,0.9416208267211914,0.9260011911392212,0.015619635581970215,0.0025495290756225586,0.04330170154571533,False,False,completed
v_355010ce10f66a681b88,a truck turning a corner,hybrid_exclude,end,0.9635376334190369,0.9630519151687622,0.8715810775756836,0.9169105887413025,0.8948477506637573,0.022062838077545166,0.0004857182502746582,0.09195655584335327,False,False,completed
v_35d320b87cf1354b75ab,a zebra running to join a herd of its kind,hybrid_exclude,end,0.9588550925254822,0.9582119584083557,0.8396637439727783,0.9490302205085754,0.9287192225456238,0.02031099796295166,0.0006431341171264648,0.11919134855270386,False,False,completed
v_38ae4c230155beb1b259,a zebra taking a peaceful walk,hybrid_exclude,end,0.9856873154640198,0.9845408201217651,0.886009693145752,0.98517906665802,0.9738305807113647,0.011348485946655273,0.0011464953422546387,0.09967762231826782,False,False,completed
v_3b6ddfc07cc98fcf9fa0,an elephant running to join a herd of its kind,hybrid_exclude,end,0.9880058169364929,0.9878581166267395,0.9346555471420288,0.9849029779434204,0.9741292595863342,0.010773718357086182,0.00014770030975341797,0.05335026979446411,False,False,completed
v_427171327cff517973ed,a zebra bending down to drink water from a river,hybrid_exclude,end,0.9852167367935181,0.9798052310943604,0.8726388812065125,0.9767624139785767,0.9515084028244019,0.025254011154174805,0.005411505699157715,0.11257785558700562,False,False,completed
v_4719caef96c8df794757,an elephant running to join a herd of its kind,hybrid_exclude,end,0.9782639741897583,0.9772709608078003,0.9330421090126038,0.969979465007782,0.954069972038269,0.01590949296951294,0.0009930133819580078,0.04522186517715454,False,False,completed
v_4d76a76426a219a5f1bb,a zebra bending down to drink water from a river,hybrid_exclude,end,0.9782224893569946,0.971855878829956,0.888207197189331,0.9762669801712036,0.959886908531189,0.01638007164001465,0.006366610527038574,0.09001529216766357,False,False,completed
v_4e7cf3a0868b1b118f55,a zebra running to join a herd of its kind,hybrid_exclude,end,0.9522103071212769,0.9522053003311157,0.8628397583961487,0.9482232928276062,0.9293732047080994,0.018850088119506836,5.0067901611328125e-06,0.08937054872512817,False,False,completed
v_4ff816e35ca1960d8058,an elephant running to join a herd of its kind,hybrid_exclude,end,0.9646567702293396,0.9641282558441162,0.871122419834137,0.9487122297286987,0.9085382223129272,0.040174007415771484,0.0005285143852233887,0.09353435039520264,False,False,completed
v_50b265d3f9ccf281a518,an elephant spraying itself with water using its trunk to cool down,hybrid_exclude,end,0.9901018142700195,0.9773163199424744,0.9479373693466187,0.9922862648963928,0.9763646721839905,0.015921592712402344,0.012785494327545166,0.04216444492340088,False,False,completed
v_53b3d43654788945925c,a zebra running to join a herd of its kind,hybrid_exclude,end,0.972172737121582,0.9692555665969849,0.8718375563621521,0.9581042528152466,0.9390336275100708,0.01907062530517578,0.002917170524597168,0.10033518075942993,False,False,completed
v_55a4f07d56cda7470760,an elephant running to join a herd of its kind,hybrid_exclude,end,0.9789860844612122,0.9634764790534973,0.9438188672065735,0.9713909029960632,0.9481379389762878,0.02325296401977539,0.015509605407714844,0.03516721725463867,False,False,completed
v_6015d56a898aa0948639,a zebra bending down to drink water from a river,hybrid_exclude,end,0.9817591905593872,0.9619918465614319,0.8985916376113892,0.9774531722068787,0.9476296901702881,0.029823482036590576,0.019767343997955322,0.08316755294799805,False,False,completed
v_67c0894760111d0087b6,a motorcycle accelerating to gain speed,hybrid_exclude,end,0.92059326171875,0.8604230880737305,0.9080678820610046,0.7869536280632019,0.7105624079704285,0.07639122009277344,0.06017017364501953,0.012525379657745361,False,False,completed
v_6bee77846ce628e11d94,an elephant spraying itself with water using its trunk to cool down,hybrid_exclude,end,0.9835841059684753,0.9679946899414062,0.958113968372345,0.9801599383354187,0.9592196941375732,0.02094024419784546,0.015589416027069092,0.02547013759613037,False,False,completed
v_6d2af08e0301e767c719,a cow running to join a herd of its kind,hybrid_exclude,end,0.9381388425827026,0.9351176023483276,0.877637505531311,0.871242880821228,0.8203485012054443,0.05089437961578369,0.003021240234375,0.0605013370513916,False,False,completed
v_6ee4476dec8615e1535f,a zebra bending down to drink water from a river,hybrid_exclude,end,0.9657285213470459,0.95946204662323,0.8824638724327087,0.964434027671814,0.9487229585647583,0.015711069107055664,0.006266474723815918,0.08326464891433716,False,False,completed
v_74d5bd9982ed49689599,a truck turning a corner,hybrid_exclude,end,0.9701874256134033,0.9465345144271851,0.9150745868682861,0.9252806901931763,0.8761953115463257,0.049085378646850586,0.02365291118621826,0.05511283874511719,False,False,completed
v_795022cc03907dc7489e,an elephant spraying itself with water using its trunk to cool down,hybrid_exclude,end,0.9523473978042603,0.9559745788574219,0.9049060940742493,0.9006173610687256,0.88111412525177,0.019503235816955566,0.003627181053161621,0.047441303730010986,False,False,completed
v_7959de66f76bf5fc41d9,a zebra bending down to drink water from a river,hybrid_exclude,end,0.9828632473945618,0.981580913066864,0.9114996194839478,0.9712667465209961,0.9616789817810059,0.009587764739990234,0.001282334327697754,0.07136362791061401,False,False,completed
v_82dc1689fd289adcc0d2,a zebra taking a peaceful walk,hybrid_exclude,end,0.9778921008110046,0.9769442081451416,0.9019361138343811,0.9754855632781982,0.958452045917511,0.017033517360687256,0.0009478926658630371,0.07595598697662354,False,False,completed
v_88720509dffa7aea9e30,a zebra bending down to drink water from a river,hybrid_exclude,end,0.9738063216209412,0.9729498028755188,0.9032427668571472,0.9799759387969971,0.9580042362213135,0.021971702575683594,0.0008565187454223633,0.07056355476379395,False,False,completed
v_8887acf562b32cc84023,a zebra bending down to drink water from a river,hybrid_exclude,end,0.9334750771522522,0.9272066950798035,0.928309977054596,0.9226030707359314,0.8827177882194519,0.03988528251647949,0.0062683820724487305,0.00516510009765625,False,False,completed
v_8dca194984971f0a1124,a truck turning a corner,hybrid_exclude,end,0.9337459802627563,0.9109833836555481,0.8955177664756775,0.8681207299232483,0.8097804188728333,0.05834031105041504,0.022762596607208252,0.03822821378707886,False,False,completed
v_8e6a21dfeb7a106dae22,a zebra taking a peaceful walk,hybrid_exclude,end,0.9760703444480896,0.9590029716491699,0.9143468737602234,0.9702401757240295,0.9460750222206116,0.02416515350341797,0.017067372798919678,0.06172347068786621,False,False,completed
v_a18cdea6bd26987ddbc4,a cow running to join a herd of its kind,hybrid_exclude,end,0.9762948155403137,0.9752786159515381,0.9056701064109802,0.9539317488670349,0.9341362714767456,0.019795477390289307,0.0010161995887756348,0.0706247091293335,False,False,completed
v_a3b6d576bc5c5ef3517f,a zebra running to join a herd of its kind,hybrid_exclude,end,0.9438295960426331,0.9363313317298889,0.8552534580230713,0.9383728504180908,0.9233869314193726,0.014985918998718262,0.007498264312744141,0.08857613801956177,False,False,completed
v_a522928f33a3f29c463c,a truck slowing down to stop,hybrid_exclude,end,0.9893493056297302,0.9754990339279175,0.9364175796508789,0.9741533398628235,0.9352068305015564,0.03894650936126709,0.013850271701812744,0.05293172597885132,False,False,completed
v_a5b4d7c4b2a095c9e6cc,an elephant running to join a herd of its kind,hybrid_exclude,end,0.9817762970924377,0.9735690355300903,0.9433445930480957,0.9782154560089111,0.9671198129653931,0.011095643043518066,0.008207261562347412,0.03843170404434204,False,False,completed
v_aa14318968934ce72fb1,a zebra bending down to drink water from a river,hybrid_exclude,end,0.973966121673584,0.9713107347488403,0.8929969668388367,0.9643047451972961,0.9436919093132019,0.02061283588409424,0.0026553869247436523,0.08096915483474731,False,False,completed
v_ad2f0d6ec69f9ff90382,a zebra taking a peaceful walk,hybrid_exclude,end,0.9869072437286377,0.9810709953308105,0.8948751091957092,0.9837861657142639,0.9634075164794922,0.02037864923477173,0.0058362483978271484,0.09203213453292847,False,False,completed
v_b2657298416595015a2b,a zebra running to join a herd of its kind,hybrid_exclude,end,0.9221466779708862,0.9222875833511353,0.8498046398162842,0.8821325302124023,0.8669624924659729,0.015170037746429443,0.00014090538024902344,0.07234203815460205,False,False,completed
v_bc950a10e74a0a5447f1,a zebra bending down to drink water from a river,hybrid_exclude,end,0.9756776690483093,0.9767234325408936,0.8810819387435913,0.9725489616394043,0.9389768242835999,0.03357213735580444,0.0010457634925842285,0.09459573030471802,False,False,completed
v_bf4b3df29a9616bf26ae,a truck turning a corner,hybrid_exclude,end,0.9515529870986938,0.9503817558288574,0.8694149851799011,0.8850948214530945,0.8395947217941284,0.045500099658966064,0.0011712312698364258,0.08213800191879272,False,False,completed
v_c41543fe72d2e5493d15,a truck slowing down to stop,hybrid_exclude,end,0.9834082722663879,0.9718852639198303,0.9472856521606445,0.9530027508735657,0.930169939994812,0.022832810878753662,0.011523008346557617,0.03612262010574341,False,False,completed
v_c424c7aceaf2046394ad,a cow running to join a herd of its kind,hybrid_exclude,end,0.9763944745063782,0.9725157022476196,0.8612677454948425,0.9669449329376221,0.9199699759483337,0.04697495698928833,0.003878772258758545,0.11512672901153564,False,False,completed
v_c4de504a244d437ac3ad,a zebra bending down to drink water from a river,hybrid_exclude,end,0.9940760135650635,0.9912105798721313,0.893255889415741,0.994841992855072,0.9651327133178711,0.029709279537200928,0.002865433692932129,0.10082012414932251,False,False,completed
v_cdab6ebfbdf88aa1365e,an elephant running to join a herd of its kind,hybrid_exclude,end,0.9607254266738892,0.9605984091758728,0.8962826132774353,0.9530994296073914,0.9110992550849915,0.0420001745223999,0.00012701749801635742,0.06444281339645386,False,False,completed
v_d111e2d8975fa9b850b3,a zebra taking a peaceful walk,hybrid_exclude,end,0.9483411908149719,0.9438624978065491,0.8520541191101074,0.9036860466003418,0.8830665349960327,0.020619511604309082,0.0044786930084228516,0.0962870717048645,False,False,completed
v_d51186bcfc23e2a780ab,a truck slowing down to stop,hybrid_exclude,end,0.9643544554710388,0.9642395973205566,0.8765406608581543,0.9112410545349121,0.8905235528945923,0.020717501640319824,0.00011485815048217773,0.08781379461288452,False,False,completed
v_d86a4852b9a610b4e2ac,a motorcycle accelerating to gain speed,hybrid_exclude,end,0.9552143812179565,0.9564398527145386,0.85988849401474,0.8991079330444336,0.8637837171554565,0.03532421588897705,0.0012254714965820312,0.09532588720321655,False,False,completed
v_e7e6381187b3421f31f4,a zebra taking a peaceful walk,hybrid_exclude,end,0.9758050441741943,0.9755052328109741,0.8583903312683105,0.9502309560775757,0.9330374598503113,0.017193496227264404,0.00029981136322021484,0.11741471290588379,False,False,completed
v_e84cd21f77767e064452,an elephant running to join a herd of its kind,hybrid_exclude,end,0.8868926167488098,0.8872889280319214,0.8295919895172119,0.9618316292762756,0.8870623707771301,0.07476925849914551,0.00039631128311157227,0.0573006272315979,False,False,completed
v_f762ed821ba1fba906af,a zebra bending down to drink water from a river,hybrid_exclude,end,0.9867092370986938,0.9853600859642029,0.873049795627594,0.9777792096138,0.9480095505714417,0.0297696590423584,0.0013491511344909668,0.11365944147109985,False,False,completed
v_f993f14cdb34fb8383ef,a zebra bending down to drink water from a river,hybrid_exclude,end,0.9814218878746033,0.9770113229751587,0.9054341316223145,0.9786093235015869,0.9550880789756775,0.023521244525909424,0.00441056489944458,0.07598775625228882,False,False,completed
v_fb03b6a21df9c0a51627,a cow running to join a herd of its kind,hybrid_exclude,end,0.9514460563659668,0.9436160326004028,0.8992890119552612,0.9386007189750671,0.896995484828949,0.041605234146118164,0.007830023765563965,0.052157044410705566,False,False,completed
v_fc9b39a4b047b2db243c,an elephant spraying itself with water using its trunk to cool down,hybrid_exclude,end,0.9950287342071533,0.9900180101394653,0.9326682090759277,0.9937685132026672,0.9848985075950623,0.00887000560760498,0.005010724067687988,0.062360525131225586,False,False,completed
v_fef8070abcd8dcd3af47,a zebra taking a peaceful walk,hybrid_exclude,end,0.9282910823822021,0.9277031421661377,0.8273182511329651,0.8663416504859924,0.8577501773834229,0.00859147310256958,0.0005879402160644531,0.10097283124923706,False,False,completed
v_075ccc862d1b2d4936f0,an elephant running to join a herd of its kind,direct_zero,full,0.9630889296531677,0.9634661674499512,0.8282914757728577,0.9417819976806641,0.9240469336509705,0.017735064029693604,0.00037723779678344727,0.13479745388031006,False,False,completed
v_0925f4496cf55ade8e5d,an elephant spraying itself with water using its trunk to cool down,direct_zero,full,0.98935467004776,0.9804248213768005,0.44549721479415894,0.9881947040557861,0.9736161828041077,0.014578521251678467,0.008929848670959473,0.5438574552536011,False,False,completed
v_0a1a6db568841167f9e8,a truck turning a corner,direct_zero,full,0.7832257747650146,0.9072815179824829,0.0,0.8972001075744629,0.8573145866394043,0.039885520935058594,0.12405574321746826,0.7832257747650146,False,False,completed
v_10d250e1b4b4a6ec0a82,a cow running to join a herd of its kind,direct_zero,full,0.9591885805130005,0.817620038986206,0.9494362473487854,0.9442958235740662,0.8831743597984314,0.061121463775634766,0.14156854152679443,0.009752333164215088,False,False,completed
v_125269dc5fc640751fa4,a zebra running to join a herd of its kind,direct_zero,full,0.9697616100311279,0.9676191210746765,0.0,0.9459475874900818,0.944118082523346,0.0018295049667358398,0.002142488956451416,0.9697616100311279,False,False,completed
v_13502c1b9c959957b46a,a zebra taking a peaceful walk,direct_zero,full,0.9967139363288879,0.9961931705474854,0.0,0.997106671333313,0.996223509311676,0.0008831620216369629,0.0005207657814025879,0.9967139363288879,False,False,completed
v_1814b4d5b25ffa156aa6,an elephant running to join a herd of its kind,direct_zero,full,0.9690490961074829,0.9518614411354065,0.9508882164955139,0.9329218864440918,0.9171435832977295,0.015778303146362305,0.017187654972076416,0.018160879611968994,False,False,completed
v_22506cf5d5a1e6088fc8,a truck slowing down to stop,direct_zero,full,0.8691954612731934,0.042933784425258636,0.03911252319812775,0.7584022879600525,0.7114245295524597,0.04697775840759277,0.8262616768479347,0.8300829380750656,False,False,completed
v_2ac6cf025d5e88563949,a zebra running to join a herd of its kind,direct_zero,full,0.9500249624252319,0.9349266290664673,0.0,0.9185127019882202,0.8947547078132629,0.023757994174957275,0.015098333358764648,0.9500249624252319,False,False,completed
v_2fbefa11a17758f1cd8f,a zebra taking a peaceful walk,direct_zero,full,0.9445307850837708,0.8126862049102783,0.26548662781715393,0.9212554693222046,0.8393144607543945,0.08194100856781006,0.13184458017349243,0.6790441572666168,False,False,completed
v_304f65b790cd089803d4,a zebra bending down to drink water from a river,direct_zero,full,0.9545856714248657,0.9638396501541138,0.0,0.9624999761581421,0.9461668133735657,0.016333162784576416,0.009253978729248047,0.9545856714248657,False,False,completed
v_34025bb5b4d01c898f92,a motorcycle accelerating to gain speed,direct_zero,full,0.9564681053161621,0.9571775197982788,0.6630858182907104,0.9416208267211914,0.9286655187606812,0.012955307960510254,0.0007094144821166992,0.29338228702545166,False,False,completed
v_355010ce10f66a681b88,a truck turning a corner,direct_zero,full,0.9635376334190369,0.8205691576004028,0.0,0.9169105887413025,0.8718558549880981,0.045054733753204346,0.14296847581863403,0.9635376334190369,False,False,completed
v_35d320b87cf1354b75ab,a zebra running to join a herd of its kind,direct_zero,full,0.9588550925254822,0.9578176736831665,0.0,0.9490302205085754,0.9404326677322388,0.00859755277633667,0.0010374188423156738,0.9588550925254822,False,False,completed
v_38ae4c230155beb1b259,a zebra taking a peaceful walk,direct_zero,full,0.9856873154640198,0.9823957085609436,0.0,0.98517906665802,0.9838871955871582,0.0012918710708618164,0.003291606903076172,0.9856873154640198,False,False,completed
v_3b6ddfc07cc98fcf9fa0,an elephant running to join a herd of its kind,direct_zero,full,0.9880058169364929,0.9866645336151123,0.5409709811210632,0.9849029779434204,0.9840731024742126,0.0008298754692077637,0.0013412833213806152,0.4470348358154297,False,False,completed
v_427171327cff517973ed,a zebra bending down to drink water from a river,direct_zero,full,0.9852167367935181,0.9801328778266907,0.0,0.9767624139785767,0.9755299091339111,0.0012325048446655273,0.005083858966827393,0.9852167367935181,False,False,completed
v_4719caef96c8df794757,an elephant running to join a herd of its kind,direct_zero,full,0.9782639741897583,0.9781697988510132,0.9717913866043091,0.969979465007782,0.9606337547302246,0.009345710277557373,9.417533874511719e-05,0.006472587585449219,False,False,completed
v_4d76a76426a219a5f1bb,a zebra bending down to drink water from a river,direct_zero,full,0.9782224893569946,0.9693907499313354,0.0,0.9762669801712036,0.9642015099525452,0.012065470218658447,0.00883173942565918,0.9782224893569946,False,False,completed
v_4e7cf3a0868b1b118f55,a zebra running to join a herd of its kind,direct_zero,full,0.9522103071212769,0.9529098868370056,0.007126927841454744,0.9482232928276062,0.9378018379211426,0.010421454906463623,0.0006995797157287598,0.9450833792798221,False,False,completed
v_4ff816e35ca1960d8058,an elephant running to join a herd of its kind,direct_zero,full,0.9646567702293396,0.9652262330055237,0.9574996829032898,0.9487122297286987,0.9095548391342163,0.03915739059448242,0.000569462776184082,0.007157087326049805,False,False,completed
v_50b265d3f9ccf281a518,an elephant spraying itself with water using its trunk to cool down,direct_zero,full,0.9901018142700195,0.9782042503356934,0.9773043394088745,0.9922862648963928,0.9760613441467285,0.016224920749664307,0.011897563934326172,0.01279747486114502,False,False,completed
v_53b3d43654788945925c,a zebra running to join a herd of its kind,direct_zero,full,0.972172737121582,0.9690786600112915,0.0,0.9581042528152466,0.9543219804763794,0.0037822723388671875,0.0030940771102905273,0.972172737121582,False,False,completed
v_55a4f07d56cda7470760,an elephant running to join a herd of its kind,direct_zero,full,0.9789860844612122,0.9583353996276855,0.9551219344139099,0.9713909029960632,0.9188076257705688,0.052583277225494385,0.02065068483352661,0.023864150047302246,False,False,completed
v_6015d56a898aa0948639,a zebra bending down to drink water from a river,direct_zero,full,0.9817591905593872,0.5412143468856812,0.332271009683609,0.9774531722068787,0.8494935035705566,0.12795966863632202,0.44054484367370605,0.6494881808757782,False,False,completed
v_67c0894760111d0087b6,a motorcycle accelerating to gain speed,direct_zero,full,0.92059326171875,0.3430367410182953,0.04496659338474274,0.7869536280632019,0.6817080974578857,0.10524553060531616,0.5775565207004547,0.8756266683340073,False,False,completed
v_6bee77846ce628e11d94,an elephant spraying itself with water using its trunk to cool down,direct_zero,full,0.9835841059684753,0.8406467437744141,0.42089924216270447,0.9801599383354187,0.9258067011833191,0.05435323715209961,0.14293736219406128,0.5626848638057709,False,False,completed
v_6d2af08e0301e767c719,a cow running to join a herd of its kind,direct_zero,full,0.9381388425827026,0.16419808566570282,0.5763037204742432,0.871242880821228,0.8145766854286194,0.05666619539260864,0.7739407569169998,0.3618351221084595,False,False,completed
v_6ee4476dec8615e1535f,a zebra bending down to drink water from a river,direct_zero,full,0.9657285213470459,0.9531844854354858,0.0014389504212886095,0.964434027671814,0.9526035785675049,0.011830449104309082,0.012544035911560059,0.9642895709257573,False,False,completed
v_74d5bd9982ed49689599,a truck turning a corner,direct_zero,full,0.9701874256134033,0.8419062495231628,0.0077306609600782394,0.9252806901931763,0.8694067001342773,0.055873990058898926,0.12828117609024048,0.9624567646533251,False,False,completed
v_795022cc03907dc7489e,an elephant spraying itself with water using its trunk to cool down,direct_zero,full,0.24734899401664734,0.16783905029296875,0.0,0.9006173610687256,0.7886027097702026,0.11201465129852295,0.07950994372367859,0.24734899401664734,False,False,completed
v_7959de66f76bf5fc41d9,a zebra bending down to drink water from a river,direct_zero,full,0.9828632473945618,0.9828184247016907,0.0,0.9712667465209961,0.9712046384811401,6.210803985595703e-05,4.482269287109375e-05,0.9828632473945618,False,False,completed
v_82dc1689fd289adcc0d2,a zebra taking a peaceful walk,direct_zero,full,0.9778921008110046,0.9764891862869263,0.0,0.9754855632781982,0.9719259142875671,0.0035596489906311035,0.0014029145240783691,0.9778921008110046,False,False,completed
v_88720509dffa7aea9e30,a zebra bending down to drink water from a river,direct_zero,full,0.9738063216209412,0.9737931489944458,0.0,0.9799759387969971,0.9802312254905701,0.00025528669357299805,1.3172626495361328e-05,0.9738063216209412,False,False,completed
v_8887acf562b32cc84023,a zebra bending down to drink water from a river,direct_zero,full,0.9334750771522522,0.8866008520126343,0.7983654141426086,0.9226030707359314,0.7770780324935913,0.1455250382423401,0.04687422513961792,0.13510966300964355,False,False,completed
v_8dca194984971f0a1124,a truck turning a corner,direct_zero,full,0.9337459802627563,0.8109546899795532,0.04212844744324684,0.8681207299232483,0.8146472573280334,0.053473472595214844,0.12279129028320312,0.8916175328195095,False,False,completed
v_8e6a21dfeb7a106dae22,a zebra taking a peaceful walk,direct_zero,full,0.9760703444480896,0.94513338804245,0.7314483523368835,0.9702401757240295,0.9332596063613892,0.03698056936264038,0.03093695640563965,0.24462199211120605,False,False,completed
v_a18cdea6bd26987ddbc4,a cow running to join a herd of its kind,direct_zero,full,0.8598477840423584,0.8552014827728271,0.011102579534053802,0.9539317488670349,0.9481494426727295,0.00578230619430542,0.00464630126953125,0.8487452045083046,False,False,completed
v_a3b6d576bc5c5ef3517f,a zebra running to join a herd of its kind,direct_zero,full,0.9438295960426331,0.9373928308486938,0.0057650040835142136,0.9383728504180908,0.9364596605300903,0.0019131898880004883,0.006436765193939209,0.9380645919591188,False,False,completed
v_a522928f33a3f29c463c,a truck slowing down to stop,direct_zero,full,0.9893493056297302,0.9782630801200867,0.046762824058532715,0.9741533398628235,0.9493865370750427,0.02476680278778076,0.011086225509643555,0.9425864815711975,False,False,completed
v_a5b4d7c4b2a095c9e6cc,an elephant running to join a herd of its kind,direct_zero,full,0.9817762970924377,0.9717782139778137,0.7060616612434387,0.9782154560089111,0.9570239782333374,0.02119147777557373,0.009998083114624023,0.275714635848999,False,False,completed
v_aa14318968934ce72fb1,a zebra bending down to drink water from a river,direct_zero,full,0.973966121673584,0.9746772646903992,0.0,0.9643047451972961,0.9505268335342407,0.01377791166305542,0.0007111430168151855,0.973966121673584,False,False,completed
v_ad2f0d6ec69f9ff90382,a zebra taking a peaceful walk,direct_zero,full,0.9869072437286377,0.9774306416511536,0.048989199101924896,0.9837861657142639,0.9705730676651001,0.013213098049163818,0.00947660207748413,0.9379180446267128,False,False,completed
v_b2657298416595015a2b,a zebra running to join a herd of its kind,direct_zero,full,0.9221466779708862,0.9060243368148804,0.02141510881483555,0.8821325302124023,0.8538087606430054,0.028323769569396973,0.01612234115600586,0.9007315691560507,False,False,completed
v_bc950a10e74a0a5447f1,a zebra bending down to drink water from a river,direct_zero,full,0.9756776690483093,0.981852650642395,0.0,0.9725489616394043,0.9530882835388184,0.019460678100585938,0.006174981594085693,0.9756776690483093,False,False,completed
v_bf4b3df29a9616bf26ae,a truck turning a corner,direct_zero,full,0.9515529870986938,0.9503654837608337,0.007524574641138315,0.8850948214530945,0.8404942750930786,0.04460054636001587,0.0011875033378601074,0.9440284124575555,False,False,completed
v_c41543fe72d2e5493d15,a truck slowing down to stop,direct_zero,full,0.9834082722663879,0.9651432037353516,0.09900276362895966,0.9530027508735657,0.923852264881134,0.02915048599243164,0.018265068531036377,0.8844055086374283,False,False,completed
v_c424c7aceaf2046394ad,a cow running to join a herd of its kind,direct_zero,full,0.9763944745063782,0.9750636219978333,0.9705265760421753,0.9669449329376221,0.9549406170845032,0.012004315853118896,0.0013308525085449219,0.005867898464202881,False,False,completed
v_c4de504a244d437ac3ad,a zebra bending down to drink water from a river,direct_zero,full,0.9940760135650635,0.9920637011528015,0.0,0.994841992855072,0.9892911314964294,0.005550861358642578,0.002012312412261963,0.9940760135650635,False,False,completed
v_cdab6ebfbdf88aa1365e,an elephant running to join a herd of its kind,direct_zero,full,0.9607254266738892,0.9591358304023743,0.35858434438705444,0.9530994296073914,0.9042381048202515,0.04886132478713989,0.0015895962715148926,0.6021410822868347,False,False,completed
v_d111e2d8975fa9b850b3,a zebra taking a peaceful walk,direct_zero,full,0.9483411908149719,0.8026666641235352,0.11496643722057343,0.9036860466003418,0.8795784711837769,0.02410757541656494,0.14567452669143677,0.8333747535943985,False,False,completed
v_d51186bcfc23e2a780ab,a truck slowing down to stop,direct_zero,full,0.9643544554710388,0.9696611166000366,0.11135364323854446,0.9112410545349121,0.9410510063171387,0.029809951782226562,0.005306661128997803,0.8530008122324944,False,False,completed
v_d86a4852b9a610b4e2ac,a motorcycle accelerating to gain speed,direct_zero,full,0.9552143812179565,0.832547664642334,0.0,0.8991079330444336,0.7962102890014648,0.10289764404296875,0.12266671657562256,0.9552143812179565,False,False,completed
v_e7e6381187b3421f31f4,a zebra taking a peaceful walk,direct_zero,full,0.9758050441741943,0.9723096489906311,0.0,0.9502309560775757,0.9423346519470215,0.0078963041305542,0.0034953951835632324,0.9758050441741943,False,False,completed
v_e84cd21f77767e064452,an elephant running to join a herd of its kind,direct_zero,full,0.8868926167488098,0.5945523977279663,0.4189153015613556,0.9618316292762756,0.9054377675056458,0.05639386177062988,0.2923402190208435,0.4679773151874542,False,False,completed
v_f762ed821ba1fba906af,a zebra bending down to drink water from a river,direct_zero,full,0.9867092370986938,0.9808300733566284,0.0,0.9777792096138,0.961341381072998,0.016437828540802002,0.00587916374206543,0.9867092370986938,False,False,completed
v_f993f14cdb34fb8383ef,a zebra bending down to drink water from a river,direct_zero,full,0.9814218878746033,0.9837279319763184,0.0,0.9786093235015869,0.9749108552932739,0.0036984682083129883,0.002306044101715088,0.9814218878746033,False,False,completed
v_fb03b6a21df9c0a51627,a cow running to join a herd of its kind,direct_zero,full,0.9514460563659668,0.8144636750221252,0.9216607809066772,0.9386007189750671,0.8790728449821472,0.05952787399291992,0.13698238134384155,0.02978527545928955,False,False,completed
v_fc9b39a4b047b2db243c,an elephant spraying itself with water using its trunk to cool down,direct_zero,full,0.9950287342071533,0.9888664484024048,0.2928653955459595,0.9937685132026672,0.9875863790512085,0.00618213415145874,0.006162285804748535,0.7021633386611938,False,False,completed
v_fef8070abcd8dcd3af47,a zebra taking a peaceful walk,direct_zero,full,0.9282910823822021,0.8681159019470215,0.0,0.8663416504859924,0.814167320728302,0.05217432975769043,0.060175180435180664,0.9282910823822021,False,False,completed
v_075ccc862d1b2d4936f0,an elephant running to join a herd of its kind,direct_exclude,full,0.9630889296531677,0.9634661674499512,0.9466188549995422,0.9417819976806641,0.9240469336509705,0.017735064029693604,0.00037723779678344727,0.01647007465362549,False,False,completed
v_0925f4496cf55ade8e5d,an elephant spraying itself with water using its trunk to cool down,direct_exclude,full,0.98935467004776,0.9804248213768005,0.9719938039779663,0.9881947040557861,0.9736161828041077,0.014578521251678467,0.008929848670959473,0.0173608660697937,False,False,completed
v_0a1a6db568841167f9e8,a truck turning a corner,direct_exclude,full,0.8951151967048645,0.9072815179824829,,0.8972001075744629,0.8573145866394043,0.039885520935058594,0.012166321277618408,,False,False,completed
v_10d250e1b4b4a6ec0a82,a cow running to join a herd of its kind,direct_exclude,full,0.9591885805130005,0.9344229698181152,0.9494362473487854,0.9442958235740662,0.8831743597984314,0.061121463775634766,0.024765610694885254,0.009752333164215088,False,False,completed
v_125269dc5fc640751fa4,a zebra running to join a herd of its kind,direct_exclude,full,0.9697616100311279,0.9676191210746765,,0.9459475874900818,0.944118082523346,0.0018295049667358398,0.002142488956451416,,False,False,completed
v_13502c1b9c959957b46a,a zebra taking a peaceful walk,direct_exclude,full,0.9967139363288879,0.9961931705474854,,0.997106671333313,0.996223509311676,0.0008831620216369629,0.0005207657814025879,,False,False,completed
v_1814b4d5b25ffa156aa6,an elephant running to join a herd of its kind,direct_exclude,full,0.9690490961074829,0.9518614411354065,0.9508882164955139,0.9329218864440918,0.9171435832977295,0.015778303146362305,0.017187654972076416,0.018160879611968994,False,False,completed
v_22506cf5d5a1e6088fc8,a truck slowing down to stop,direct_exclude,full,0.8691954612731934,0.8586756587028503,0.7822504043579102,0.7584022879600525,0.7114245295524597,0.04697775840759277,0.010519802570343018,0.0869450569152832,False,False,completed
v_2ac6cf025d5e88563949,a zebra running to join a herd of its kind,direct_exclude,full,0.9500249624252319,0.9349266290664673,,0.9185127019882202,0.8947547078132629,0.023757994174957275,0.015098333358764648,,False,False,completed
v_2fbefa11a17758f1cd8f,a zebra taking a peaceful walk,direct_exclude,full,0.9445307850837708,0.928784191608429,0.8849555253982544,0.9212554693222046,0.8393144607543945,0.08194100856781006,0.015746593475341797,0.05957525968551636,False,False,completed
v_304f65b790cd089803d4,a zebra bending down to drink water from a river,direct_exclude,full,0.9545856714248657,0.9638396501541138,,0.9624999761581421,0.9461668133735657,0.016333162784576416,0.009253978729248047,,False,False,completed
v_34025bb5b4d01c898f92,a motorcycle accelerating to gain speed,direct_exclude,full,0.9564681053161621,0.9571775197982788,0.9262151122093201,0.9416208267211914,0.9286655187606812,0.012955307960510254,0.0007094144821166992,0.03025299310684204,False,False,completed
v_355010ce10f66a681b88,a truck turning a corner,direct_exclude,full,0.9635376334190369,0.9377933144569397,,0.9169105887413025,0.8718558549880981,0.045054733753204346,0.025744318962097168,,False,False,completed
v_35d320b87cf1354b75ab,a zebra running to join a herd of its kind,direct_exclude,full,0.9588550925254822,0.9578176736831665,,0.9490302205085754,0.9404326677322388,0.00859755277633667,0.0010374188423156738,,False,False,completed
v_38ae4c230155beb1b259,a zebra taking a peaceful walk,direct_exclude,full,0.9856873154640198,0.9823957085609436,,0.98517906665802,0.9838871955871582,0.0012918710708618164,0.003291606903076172,,False,False,completed
v_3b6ddfc07cc98fcf9fa0,an elephant running to join a herd of its kind,direct_exclude,full,0.9880058169364929,0.9866645336151123,0.9835834503173828,0.9849029779434204,0.9840731024742126,0.0008298754692077637,0.0013412833213806152,0.004422366619110107,False,False,completed
v_427171327cff517973ed,a zebra bending down to drink water from a river,direct_exclude,full,0.9852167367935181,0.9801328778266907,,0.9767624139785767,0.9755299091339111,0.0012325048446655273,0.005083858966827393,,False,False,completed
v_4719caef96c8df794757,an elephant running to join a herd of its kind,direct_exclude,full,0.9782639741897583,0.9781697988510132,0.9717913866043091,0.969979465007782,0.9606337547302246,0.009345710277557373,9.417533874511719e-05,0.006472587585449219,False,False,completed
v_4d76a76426a219a5f1bb,a zebra bending down to drink water from a river,direct_exclude,full,0.9782224893569946,0.9693907499313354,,0.9762669801712036,0.9642015099525452,0.012065470218658447,0.00883173942565918,,False,False,completed
v_4e7cf3a0868b1b118f55,a zebra running to join a herd of its kind,direct_exclude,full,0.9522103071212769,0.9529098868370056,0.8552312850952148,0.9482232928276062,0.9378018379211426,0.010421454906463623,0.0006995797157287598,0.09697902202606201,False,False,completed
v_4ff816e35ca1960d8058,an elephant running to join a herd of its kind,direct_exclude,full,0.9646567702293396,0.9652262330055237,0.9574996829032898,0.9487122297286987,0.9095548391342163,0.03915739059448242,0.000569462776184082,0.007157087326049805,False,False,completed
v_50b265d3f9ccf281a518,an elephant spraying itself with water using its trunk to cool down,direct_exclude,full,0.9901018142700195,0.9782042503356934,0.9773043394088745,0.9922862648963928,0.9760613441467285,0.016224920749664307,0.011897563934326172,0.01279747486114502,False,False,completed
v_53b3d43654788945925c,a zebra running to join a herd of its kind,direct_exclude,full,0.972172737121582,0.9690786600112915,,0.9581042528152466,0.9543219804763794,0.0037822723388671875,0.0030940771102905273,,False,False,completed
v_55a4f07d56cda7470760,an elephant running to join a herd of its kind,direct_exclude,full,0.9789860844612122,0.9583353996276855,0.9551219344139099,0.9713909029960632,0.9188076257705688,0.052583277225494385,0.02065068483352661,0.023864150047302246,False,False,completed
v_6015d56a898aa0948639,a zebra bending down to drink water from a river,direct_exclude,full,0.9817591905593872,0.9525372385978699,0.9233636260032654,0.9774531722068787,0.8494935035705566,0.12795966863632202,0.029221951961517334,0.058395564556121826,False,False,completed
v_67c0894760111d0087b6,a motorcycle accelerating to gain speed,direct_exclude,full,0.92059326171875,0.9147645831108093,0.89933180809021,0.7869536280632019,0.6817080974578857,0.10524553060531616,0.005828678607940674,0.02126145362854004,False,True,completed
v_6bee77846ce628e11d94,an elephant spraying itself with water using its trunk to cool down,direct_exclude,full,0.9835841059684753,0.9545408487319946,0.9620552659034729,0.9801599383354187,0.9258067011833191,0.05435323715209961,0.029043257236480713,0.02152884006500244,False,False,completed
v_6d2af08e0301e767c719,a cow running to join a herd of its kind,direct_exclude,full,0.9381388425827026,0.9382747411727905,0.8866209387779236,0.871242880821228,0.8145766854286194,0.05666619539260864,0.00013589859008789062,0.05151790380477905,False,False,completed
v_6ee4476dec8615e1535f,a zebra bending down to drink water from a river,direct_exclude,full,0.9657285213470459,0.9531844854354858,0.7597658038139343,0.964434027671814,0.9526035785675049,0.011830449104309082,0.012544035911560059,0.20596271753311157,False,False,completed
v_74d5bd9982ed49689599,a truck turning a corner,direct_exclude,full,0.9701874256134033,0.9621785879135132,0.9276792407035828,0.9252806901931763,0.8694067001342773,0.055873990058898926,0.008008837699890137,0.04250818490982056,False,False,completed
v_795022cc03907dc7489e,an elephant spraying itself with water using its trunk to cool down,direct_exclude,full,0.960296094417572,0.9738354086875916,,0.9006173610687256,0.7886027097702026,0.11201465129852295,0.013539314270019531,,False,False,completed
v_7959de66f76bf5fc41d9,a zebra bending down to drink water from a river,direct_exclude,full,0.9828632473945618,0.9828184247016907,,0.9712667465209961,0.9712046384811401,6.210803985595703e-05,4.482269287109375e-05,,False,False,completed
v_82dc1689fd289adcc0d2,a zebra taking a peaceful walk,direct_exclude,full,0.9778921008110046,0.9764891862869263,,0.9754855632781982,0.9719259142875671,0.0035596489906311035,0.0014029145240783691,,False,False,completed
v_88720509dffa7aea9e30,a zebra bending down to drink water from a river,direct_exclude,full,0.9738063216209412,0.9737931489944458,,0.9799759387969971,0.9802312254905701,0.00025528669357299805,1.3172626495361328e-05,,False,False,completed
v_8887acf562b32cc84023,a zebra bending down to drink water from a river,direct_exclude,full,0.9334750771522522,0.8866008520126343,0.9124176502227783,0.9226030707359314,0.7770780324935913,0.1455250382423401,0.04687422513961792,0.021057426929473877,False,False,completed
v_8dca194984971f0a1124,a truck turning a corner,direct_exclude,full,0.9337459802627563,0.9268053770065308,0.8425688743591309,0.8681207299232483,0.8146472573280334,0.053473472595214844,0.006940603256225586,0.09117710590362549,False,False,completed
v_8e6a21dfeb7a106dae22,a zebra taking a peaceful walk,direct_exclude,full,0.9760703444480896,0.94513338804245,0.8878269195556641,0.9702401757240295,0.9332596063613892,0.03698056936264038,0.03093695640563965,0.08824342489242554,False,False,completed
v_a18cdea6bd26987ddbc4,a cow running to join a herd of its kind,direct_exclude,full,0.9763433337211609,0.9710674285888672,0.9770269393920898,0.9539317488670349,0.9481494426727295,0.00578230619430542,0.005275905132293701,-0.0006836056709289551,False,False,completed
v_a3b6d576bc5c5ef3517f,a zebra running to join a herd of its kind,direct_exclude,full,0.9438295960426331,0.9373928308486938,0.6918004751205444,0.9383728504180908,0.9364596605300903,0.0019131898880004883,0.006436765193939209,0.2520291209220886,False,False,completed
v_a522928f33a3f29c463c,a truck slowing down to stop,direct_exclude,full,0.9893493056297302,0.9782630801200867,0.9352563619613647,0.9741533398628235,0.9493865370750427,0.02476680278778076,0.011086225509643555,0.05409294366836548,False,False,completed
v_a5b4d7c4b2a095c9e6cc,an elephant running to join a herd of its kind,direct_exclude,full,0.9817762970924377,0.9717782139778137,0.9182279109954834,0.9782154560089111,0.9570239782333374,0.02119147777557373,0.009998083114624023,0.06354838609695435,False,False,completed
v_aa14318968934ce72fb1,a zebra bending down to drink water from a river,direct_exclude,full,0.973966121673584,0.9746772646903992,,0.9643047451972961,0.9505268335342407,0.01377791166305542,0.0007111430168151855,,False,False,completed
v_ad2f0d6ec69f9ff90382,a zebra taking a peaceful walk,direct_exclude,full,0.9869072437286377,0.9774306416511536,0.9797838926315308,0.9837861657142639,0.9705730676651001,0.013213098049163818,0.00947660207748413,0.007123351097106934,False,False,completed
v_b2657298416595015a2b,a zebra running to join a herd of its kind,direct_exclude,full,0.9221466779708862,0.9060243368148804,0.8566043376922607,0.8821325302124023,0.8538087606430054,0.028323769569396973,0.01612234115600586,0.06554234027862549,False,False,completed
v_bc950a10e74a0a5447f1,a zebra bending down to drink water from a river,direct_exclude,full,0.9756776690483093,0.981852650642395,,0.9725489616394043,0.9530882835388184,0.019460678100585938,0.006174981594085693,,False,False,completed
v_bf4b3df29a9616bf26ae,a truck turning a corner,direct_exclude,full,0.9515529870986938,0.9503654837608337,0.9029489159584045,0.8850948214530945,0.8404942750930786,0.04460054636001587,0.0011875033378601074,0.04860407114028931,False,False,completed
v_c41543fe72d2e5493d15,a truck slowing down to stop,direct_exclude,full,0.9834082722663879,0.9651432037353516,0.950426459312439,0.9530027508735657,0.923852264881134,0.02915048599243164,0.018265068531036377,0.032981812953948975,False,False,completed
v_c424c7aceaf2046394ad,a cow running to join a herd of its kind,direct_exclude,full,0.9763944745063782,0.9750636219978333,0.9705265760421753,0.9669449329376221,0.9549406170845032,0.012004315853118896,0.0013308525085449219,0.005867898464202881,False,False,completed
v_c4de504a244d437ac3ad,a zebra bending down to drink water from a river,direct_exclude,full,0.9940760135650635,0.9920637011528015,,0.994841992855072,0.9892911314964294,0.005550861358642578,0.002012312412261963,,False,False,completed
v_cdab6ebfbdf88aa1365e,an elephant running to join a herd of its kind,direct_exclude,full,0.9607254266738892,0.9591358304023743,0.9562249183654785,0.9530994296073914,0.9042381048202515,0.04886132478713989,0.0015895962715148926,0.0045005083084106445,False,False,completed
v_d111e2d8975fa9b850b3,a zebra taking a peaceful walk,direct_exclude,full,0.9483411908149719,0.9173333048820496,0.9197314381599426,0.9036860466003418,0.8795784711837769,0.02410757541656494,0.031007885932922363,0.028609752655029297,False,False,completed
v_d51186bcfc23e2a780ab,a truck slowing down to stop,direct_exclude,full,0.9643544554710388,0.9696611166000366,0.8908291459083557,0.9112410545349121,0.9410510063171387,0.029809951782226562,0.005306661128997803,0.0735253095626831,False,False,completed
v_d86a4852b9a610b4e2ac,a motorcycle accelerating to gain speed,direct_exclude,full,0.9552143812179565,0.9514831304550171,,0.8991079330444336,0.7962102890014648,0.10289764404296875,0.003731250762939453,,False,True,completed
v_e7e6381187b3421f31f4,a zebra taking a peaceful walk,direct_exclude,full,0.9758050441741943,0.9723096489906311,,0.9502309560775757,0.9423346519470215,0.0078963041305542,0.0034953951835632324,,False,False,completed
v_e84cd21f77767e064452,an elephant running to join a herd of its kind,direct_exclude,full,0.8868926167488098,0.9146958589553833,0.9139968752861023,0.9618316292762756,0.9054377675056458,0.05639386177062988,0.027803242206573486,-0.02710425853729248,False,False,completed
v_f762ed821ba1fba906af,a zebra bending down to drink water from a river,direct_exclude,full,0.9867092370986938,0.9808300733566284,,0.9777792096138,0.961341381072998,0.016437828540802002,0.00587916374206543,,False,False,completed
v_f993f14cdb34fb8383ef,a zebra bending down to drink water from a river,direct_exclude,full,0.9814218878746033,0.9837279319763184,,0.9786093235015869,0.9749108552932739,0.0036984682083129883,0.002306044101715088,,False,False,completed
v_fb03b6a21df9c0a51627,a cow running to join a herd of its kind,direct_exclude,full,0.9514460563659668,0.9308155179023743,0.9216607809066772,0.9386007189750671,0.8790728449821472,0.05952787399291992,0.02063053846359253,0.02978527545928955,False,False,completed
v_fc9b39a4b047b2db243c,an elephant spraying itself with water using its trunk to cool down,direct_exclude,full,0.9950287342071533,0.9888664484024048,0.976218044757843,0.9937685132026672,0.9875863790512085,0.00618213415145874,0.006162285804748535,0.018810689449310303,False,False,completed
v_fef8070abcd8dcd3af47,a zebra taking a peaceful walk,direct_exclude,full,0.9282910823822021,0.924123227596283,,0.8663416504859924,0.814167320728302,0.05217432975769043,0.0041678547859191895,,False,False,completed
v_075ccc862d1b2d4936f0,an elephant running to join a herd of its kind,hybrid_zero,full,0.9630889296531677,0.9634661674499512,0.9430293440818787,0.9417819976806641,0.9240469336509705,0.017735064029693604,0.00037723779678344727,0.020059585571289062,False,False,completed
v_0925f4496cf55ade8e5d,an elephant spraying itself with water using its trunk to cool down,hybrid_zero,full,0.98935467004776,0.9804248213768005,0.9744324088096619,0.9881947040557861,0.9736161828041077,0.014578521251678467,0.008929848670959473,0.014922261238098145,False,False,completed
v_0a1a6db568841167f9e8,a truck turning a corner,hybrid_zero,full,0.8892853260040283,0.9072815179824829,0.7804585099220276,0.8972001075744629,0.8573145866394043,0.039885520935058594,0.01799619197845459,0.10882681608200073,False,False,completed
v_10d250e1b4b4a6ec0a82,a cow running to join a herd of its kind,hybrid_zero,full,0.9591885805130005,0.9311339259147644,0.9494362473487854,0.9442958235740662,0.8831743597984314,0.061121463775634766,0.028054654598236084,0.009752333164215088,False,False,completed
v_125269dc5fc640751fa4,a zebra running to join a herd of its kind,hybrid_zero,full,0.9697616100311279,0.9676191210746765,0.9501134753227234,0.9459475874900818,0.944118082523346,0.0018295049667358398,0.002142488956451416,0.01964813470840454,False,False,completed
v_13502c1b9c959957b46a,a zebra taking a peaceful walk,hybrid_zero,full,0.9967139363288879,0.9961931705474854,0.0,0.997106671333313,0.996223509311676,0.0008831620216369629,0.0005207657814025879,0.9967139363288879,False,False,completed
v_1814b4d5b25ffa156aa6,an elephant running to join a herd of its kind,hybrid_zero,full,0.9690490961074829,0.9518614411354065,0.9508882164955139,0.9329218864440918,0.9171435832977295,0.015778303146362305,0.017187654972076416,0.018160879611968994,False,False,completed
v_22506cf5d5a1e6088fc8,a truck slowing down to stop,hybrid_zero,full,0.8691954612731934,0.8384212851524353,0.8041858673095703,0.7584022879600525,0.7114245295524597,0.04697775840759277,0.030774176120758057,0.06500959396362305,False,False,completed
v_2ac6cf025d5e88563949,a zebra running to join a herd of its kind,hybrid_zero,full,0.9500249624252319,0.9349266290664673,0.0,0.9185127019882202,0.8947547078132629,0.023757994174957275,0.015098333358764648,0.9500249624252319,False,False,completed
v_2fbefa11a17758f1cd8f,a zebra taking a peaceful walk,hybrid_zero,full,0.9445307850837708,0.9181047081947327,0.7970712780952454,0.9212554693222046,0.8393144607543945,0.08194100856781006,0.026426076889038086,0.1474595069885254,False,False,completed
v_304f65b790cd089803d4,a zebra bending down to drink water from a river,hybrid_zero,full,0.9545856714248657,0.9638396501541138,0.0,0.9624999761581421,0.9461668133735657,0.016333162784576416,0.009253978729248047,0.9545856714248657,False,False,completed
v_34025bb5b4d01c898f92,a motorcycle accelerating to gain speed,hybrid_zero,full,0.9564681053161621,0.9571775197982788,0.9284500479698181,0.9416208267211914,0.9286655187606812,0.012955307960510254,0.0007094144821166992,0.028018057346343994,False,False,completed
v_355010ce10f66a681b88,a truck turning a corner,hybrid_zero,full,0.9635376334190369,0.9390698075294495,0.8298872709274292,0.9169105887413025,0.8718558549880981,0.045054733753204346,0.024467825889587402,0.13365036249160767,False,False,completed
v_35d320b87cf1354b75ab,a zebra running to join a herd of its kind,hybrid_zero,full,0.9588550925254822,0.9578176736831665,0.0,0.9490302205085754,0.9404326677322388,0.00859755277633667,0.0010374188423156738,0.9588550925254822,False,False,completed
v_38ae4c230155beb1b259,a zebra taking a peaceful walk,hybrid_zero,full,0.9856873154640198,0.9823957085609436,0.0,0.98517906665802,0.9838871955871582,0.0012918710708618164,0.003291606903076172,0.9856873154640198,False,False,completed
v_3b6ddfc07cc98fcf9fa0,an elephant running to join a herd of its kind,hybrid_zero,full,0.9880058169364929,0.9866645336151123,0.9839553236961365,0.9849029779434204,0.9840731024742126,0.0008298754692077637,0.0013412833213806152,0.004050493240356445,False,False,completed
v_427171327cff517973ed,a zebra bending down to drink water from a river,hybrid_zero,full,0.9852167367935181,0.9801328778266907,0.0,0.9767624139785767,0.9755299091339111,0.0012325048446655273,0.005083858966827393,0.9852167367935181,False,False,completed
v_4719caef96c8df794757,an elephant running to join a herd of its kind,hybrid_zero,full,0.9782639741897583,0.9781697988510132,0.9717913866043091,0.969979465007782,0.9606337547302246,0.009345710277557373,9.417533874511719e-05,0.006472587585449219,False,False,completed
v_4d76a76426a219a5f1bb,a zebra bending down to drink water from a river,hybrid_zero,full,0.9782224893569946,0.9693907499313354,0.0,0.9762669801712036,0.9642015099525452,0.012065470218658447,0.00883173942565918,0.9782224893569946,False,False,completed
v_4e7cf3a0868b1b118f55,a zebra running to join a herd of its kind,hybrid_zero,full,0.9522103071212769,0.9529098868370056,0.7999807000160217,0.9482232928276062,0.9378018379211426,0.010421454906463623,0.0006995797157287598,0.15222960710525513,False,False,completed
v_4ff816e35ca1960d8058,an elephant running to join a herd of its kind,hybrid_zero,full,0.9646567702293396,0.9652262330055237,0.9574996829032898,0.9487122297286987,0.9095548391342163,0.03915739059448242,0.000569462776184082,0.007157087326049805,False,False,completed
v_50b265d3f9ccf281a518,an elephant spraying itself with water using its trunk to cool down,hybrid_zero,full,0.9901018142700195,0.9782042503356934,0.9773043394088745,0.9922862648963928,0.9760613441467285,0.016224920749664307,0.011897563934326172,0.01279747486114502,False,False,completed
v_53b3d43654788945925c,a zebra running to join a herd of its kind,hybrid_zero,full,0.972172737121582,0.9690786600112915,0.0,0.9581042528152466,0.9543219804763794,0.0037822723388671875,0.0030940771102905273,0.972172737121582,False,False,completed
v_55a4f07d56cda7470760,an elephant running to join a herd of its kind,hybrid_zero,full,0.9789860844612122,0.9583353996276855,0.9551219344139099,0.9713909029960632,0.9188076257705688,0.052583277225494385,0.02065068483352661,0.023864150047302246,False,False,completed
v_6015d56a898aa0948639,a zebra bending down to drink water from a river,hybrid_zero,full,0.9817591905593872,0.8792222142219543,0.8535215854644775,0.9774531722068787,0.8494935035705566,0.12795966863632202,0.10253697633743286,0.12823760509490967,False,False,completed
v_67c0894760111d0087b6,a motorcycle accelerating to gain speed,hybrid_zero,full,0.92059326171875,0.7985334396362305,0.7624672055244446,0.7869536280632019,0.6817080974578857,0.10524553060531616,0.12205982208251953,0.15812605619430542,False,False,completed
v_6bee77846ce628e11d94,an elephant spraying itself with water using its trunk to cool down,hybrid_zero,full,0.9835841059684753,0.9512863159179688,0.95960932970047,0.9801599383354187,0.9258067011833191,0.05435323715209961,0.03229779005050659,0.02397477626800537,False,False,completed
v_6d2af08e0301e767c719,a cow running to join a herd of its kind,hybrid_zero,full,0.9381388425827026,0.7772191762924194,0.8362219929695129,0.871242880821228,0.8145766854286194,0.05666619539260864,0.1609196662902832,0.1019168496131897,False,False,completed
v_6ee4476dec8615e1535f,a zebra bending down to drink water from a river,hybrid_zero,full,0.9657285213470459,0.9531844854354858,0.888128936290741,0.964434027671814,0.9526035785675049,0.011830449104309082,0.012544035911560059,0.07759958505630493,False,False,completed
v_74d5bd9982ed49689599,a truck turning a corner,hybrid_zero,full,0.9701874256134033,0.9334631562232971,0.934769332408905,0.9252806901931763,0.8694067001342773,0.055873990058898926,0.0367242693901062,0.03541809320449829,False,False,completed
v_795022cc03907dc7489e,an elephant spraying itself with water using its trunk to cool down,hybrid_zero,full,0.9523473978042603,0.9463733434677124,0.0,0.9006173610687256,0.7886027097702026,0.11201465129852295,0.0059740543365478516,0.9523473978042603,False,True,completed
v_7959de66f76bf5fc41d9,a zebra bending down to drink water from a river,hybrid_zero,full,0.9828632473945618,0.9828184247016907,0.0,0.9712667465209961,0.9712046384811401,6.210803985595703e-05,4.482269287109375e-05,0.9828632473945618,False,False,completed
v_82dc1689fd289adcc0d2,a zebra taking a peaceful walk,hybrid_zero,full,0.9778921008110046,0.9764891862869263,0.0,0.9754855632781982,0.9719259142875671,0.0035596489906311035,0.0014029145240783691,0.9778921008110046,False,False,completed
v_88720509dffa7aea9e30,a zebra bending down to drink water from a river,hybrid_zero,full,0.9738063216209412,0.9737931489944458,0.0,0.9799759387969971,0.9802312254905701,0.00025528669357299805,1.3172626495361328e-05,0.9738063216209412,False,False,completed
v_8887acf562b32cc84023,a zebra bending down to drink water from a river,hybrid_zero,full,0.9334750771522522,0.8866008520126343,0.9120619893074036,0.9226030707359314,0.7770780324935913,0.1455250382423401,0.04687422513961792,0.021413087844848633,False,False,completed
v_8dca194984971f0a1124,a truck turning a corner,hybrid_zero,full,0.9337459802627563,0.8963728547096252,0.7663612961769104,0.8681207299232483,0.8146472573280334,0.053473472595214844,0.037373125553131104,0.16738468408584595,False,False,completed
v_8e6a21dfeb7a106dae22,a zebra taking a peaceful walk,hybrid_zero,full,0.9760703444480896,0.94513338804245,0.8802162408828735,0.9702401757240295,0.9332596063613892,0.03698056936264038,0.03093695640563965,0.09585410356521606,False,False,completed
v_a18cdea6bd26987ddbc4,a cow running to join a herd of its kind,hybrid_zero,full,0.9762948155403137,0.9713215827941895,0.9821950793266296,0.9539317488670349,0.9481494426727295,0.00578230619430542,0.004973232746124268,-0.005900263786315918,False,False,completed
v_a3b6d576bc5c5ef3517f,a zebra running to join a herd of its kind,hybrid_zero,full,0.9438295960426331,0.9373928308486938,0.6683588027954102,0.9383728504180908,0.9364596605300903,0.0019131898880004883,0.006436765193939209,0.2754707932472229,False,False,completed
v_a522928f33a3f29c463c,a truck slowing down to stop,hybrid_zero,full,0.9893493056297302,0.9782630801200867,0.9590097069740295,0.9741533398628235,0.9493865370750427,0.02476680278778076,0.011086225509643555,0.030339598655700684,False,False,completed
v_a5b4d7c4b2a095c9e6cc,an elephant running to join a herd of its kind,hybrid_zero,full,0.9817762970924377,0.9717782139778137,0.9221827387809753,0.9782154560089111,0.9570239782333374,0.02119147777557373,0.009998083114624023,0.0595935583114624,False,False,completed
v_aa14318968934ce72fb1,a zebra bending down to drink water from a river,hybrid_zero,full,0.973966121673584,0.9746772646903992,0.0,0.9643047451972961,0.9505268335342407,0.01377791166305542,0.0007111430168151855,0.973966121673584,False,False,completed
v_ad2f0d6ec69f9ff90382,a zebra taking a peaceful walk,hybrid_zero,full,0.9869072437286377,0.9774306416511536,0.9712326526641846,0.9837861657142639,0.9705730676651001,0.013213098049163818,0.00947660207748413,0.015674591064453125,False,False,completed
v_b2657298416595015a2b,a zebra running to join a herd of its kind,hybrid_zero,full,0.9221466779708862,0.9060243368148804,0.8157371878623962,0.8821325302124023,0.8538087606430054,0.028323769569396973,0.01612234115600586,0.10640949010848999,False,False,completed
v_bc950a10e74a0a5447f1,a zebra bending down to drink water from a river,hybrid_zero,full,0.9756776690483093,0.981852650642395,0.0,0.9725489616394043,0.9530882835388184,0.019460678100585938,0.006174981594085693,0.9756776690483093,False,False,completed
v_bf4b3df29a9616bf26ae,a truck turning a corner,hybrid_zero,full,0.9515529870986938,0.9503654837608337,0.9147189855575562,0.8850948214530945,0.8404942750930786,0.04460054636001587,0.0011875033378601074,0.036834001541137695,False,False,completed
v_c41543fe72d2e5493d15,a truck slowing down to stop,hybrid_zero,full,0.9834082722663879,0.9651432037353516,0.9582165479660034,0.9530027508735657,0.923852264881134,0.02915048599243164,0.018265068531036377,0.02519172430038452,False,False,completed
v_c424c7aceaf2046394ad,a cow running to join a herd of its kind,hybrid_zero,full,0.9763944745063782,0.9750636219978333,0.9705265760421753,0.9669449329376221,0.9549406170845032,0.012004315853118896,0.0013308525085449219,0.005867898464202881,False,False,completed
v_c4de504a244d437ac3ad,a zebra bending down to drink water from a river,hybrid_zero,full,0.9940760135650635,0.9920637011528015,0.0,0.994841992855072,0.9892911314964294,0.005550861358642578,0.002012312412261963,0.9940760135650635,False,False,completed
v_cdab6ebfbdf88aa1365e,an elephant running to join a herd of its kind,hybrid_zero,full,0.9607254266738892,0.9591358304023743,0.9546549320220947,0.9530994296073914,0.9042381048202515,0.04886132478713989,0.0015895962715148926,0.006070494651794434,False,False,completed
v_d111e2d8975fa9b850b3,a zebra taking a peaceful walk,hybrid_zero,full,0.9483411908149719,0.8927937150001526,0.8055756688117981,0.9036860466003418,0.8795784711837769,0.02410757541656494,0.055547475814819336,0.14276552200317383,False,False,completed
v_d51186bcfc23e2a780ab,a truck slowing down to stop,hybrid_zero,full,0.9643544554710388,0.9696611166000366,0.8083311915397644,0.9112410545349121,0.9410510063171387,0.029809951782226562,0.005306661128997803,0.15602326393127441,False,False,completed
v_d86a4852b9a610b4e2ac,a motorcycle accelerating to gain speed,hybrid_zero,full,0.9552143812179565,0.9477139115333557,0.8823050856590271,0.8991079330444336,0.7962102890014648,0.10289764404296875,0.00750046968460083,0.07290929555892944,False,True,completed
v_e7e6381187b3421f31f4,a zebra taking a peaceful walk,hybrid_zero,full,0.9758050441741943,0.9723096489906311,0.0,0.9502309560775757,0.9423346519470215,0.0078963041305542,0.0034953951835632324,0.9758050441741943,False,False,completed
v_e84cd21f77767e064452,an elephant running to join a herd of its kind,hybrid_zero,full,0.8868926167488098,0.9194482564926147,0.9021009206771851,0.9618316292762756,0.9054377675056458,0.05639386177062988,0.03255563974380493,-0.015208303928375244,False,False,completed
v_f762ed821ba1fba906af,a zebra bending down to drink water from a river,hybrid_zero,full,0.9867092370986938,0.9808300733566284,0.0,0.9777792096138,0.961341381072998,0.016437828540802002,0.00587916374206543,0.9867092370986938,False,False,completed
v_f993f14cdb34fb8383ef,a zebra bending down to drink water from a river,hybrid_zero,full,0.9814218878746033,0.9837279319763184,0.0,0.9786093235015869,0.9749108552932739,0.0036984682083129883,0.002306044101715088,0.9814218878746033,False,False,completed
v_fb03b6a21df9c0a51627,a cow running to join a herd of its kind,hybrid_zero,full,0.9514460563659668,0.923276424407959,0.9216607809066772,0.9386007189750671,0.8790728449821472,0.05952787399291992,0.028169631958007812,0.02978527545928955,False,False,completed
v_fc9b39a4b047b2db243c,an elephant spraying itself with water using its trunk to cool down,hybrid_zero,full,0.9950287342071533,0.9888664484024048,0.9778693318367004,0.9937685132026672,0.9875863790512085,0.00618213415145874,0.006162285804748535,0.01715940237045288,False,False,completed
v_fef8070abcd8dcd3af47,a zebra taking a peaceful walk,hybrid_zero,full,0.9282910823822021,0.9112364053726196,0.7487744092941284,0.8663416504859924,0.814167320728302,0.05217432975769043,0.01705467700958252,0.17951667308807373,False,False,completed
v_075ccc862d1b2d4936f0,an elephant running to join a herd of its kind,hybrid_exclude,full,0.9630889296531677,0.9634661674499512,0.9430293440818787,0.9417819976806641,0.9240469336509705,0.017735064029693604,0.00037723779678344727,0.020059585571289062,False,False,completed
v_0925f4496cf55ade8e5d,an elephant spraying itself with water using its trunk to cool down,hybrid_exclude,full,0.98935467004776,0.9804248213768005,0.9744324088096619,0.9881947040557861,0.9736161828041077,0.014578521251678467,0.008929848670959473,0.014922261238098145,False,False,completed
v_0a1a6db568841167f9e8,a truck turning a corner,hybrid_exclude,full,0.8892853260040283,0.9072815179824829,0.7804585099220276,0.8972001075744629,0.8573145866394043,0.039885520935058594,0.01799619197845459,0.10882681608200073,False,False,completed
v_10d250e1b4b4a6ec0a82,a cow running to join a herd of its kind,hybrid_exclude,full,0.9591885805130005,0.9311339259147644,0.9494362473487854,0.9442958235740662,0.8831743597984314,0.061121463775634766,0.028054654598236084,0.009752333164215088,False,False,completed
v_125269dc5fc640751fa4,a zebra running to join a herd of its kind,hybrid_exclude,full,0.9697616100311279,0.9676191210746765,0.9501134753227234,0.9459475874900818,0.944118082523346,0.0018295049667358398,0.002142488956451416,0.01964813470840454,False,False,completed
v_13502c1b9c959957b46a,a zebra taking a peaceful walk,hybrid_exclude,full,0.9967139363288879,0.9961931705474854,,0.997106671333313,0.996223509311676,0.0008831620216369629,0.0005207657814025879,,False,False,completed
v_1814b4d5b25ffa156aa6,an elephant running to join a herd of its kind,hybrid_exclude,full,0.9690490961074829,0.9518614411354065,0.9508882164955139,0.9329218864440918,0.9171435832977295,0.015778303146362305,0.017187654972076416,0.018160879611968994,False,False,completed
v_22506cf5d5a1e6088fc8,a truck slowing down to stop,hybrid_exclude,full,0.8691954612731934,0.8384212851524353,0.8041858673095703,0.7584022879600525,0.7114245295524597,0.04697775840759277,0.030774176120758057,0.06500959396362305,False,False,completed
v_2ac6cf025d5e88563949,a zebra running to join a herd of its kind,hybrid_exclude,full,0.9500249624252319,0.9349266290664673,,0.9185127019882202,0.8947547078132629,0.023757994174957275,0.015098333358764648,,False,False,completed
v_2fbefa11a17758f1cd8f,a zebra taking a peaceful walk,hybrid_exclude,full,0.9445307850837708,0.9181047081947327,0.7970712780952454,0.9212554693222046,0.8393144607543945,0.08194100856781006,0.026426076889038086,0.1474595069885254,False,False,completed
v_304f65b790cd089803d4,a zebra bending down to drink water from a river,hybrid_exclude,full,0.9545856714248657,0.9638396501541138,,0.9624999761581421,0.9461668133735657,0.016333162784576416,0.009253978729248047,,False,False,completed
v_34025bb5b4d01c898f92,a motorcycle accelerating to gain speed,hybrid_exclude,full,0.9564681053161621,0.9571775197982788,0.9284500479698181,0.9416208267211914,0.9286655187606812,0.012955307960510254,0.0007094144821166992,0.028018057346343994,False,False,completed
v_355010ce10f66a681b88,a truck turning a corner,hybrid_exclude,full,0.9635376334190369,0.9390698075294495,0.8298872709274292,0.9169105887413025,0.8718558549880981,0.045054733753204346,0.024467825889587402,0.13365036249160767,False,False,completed
v_35d320b87cf1354b75ab,a zebra running to join a herd of its kind,hybrid_exclude,full,0.9588550925254822,0.9578176736831665,,0.9490302205085754,0.9404326677322388,0.00859755277633667,0.0010374188423156738,,False,False,completed
v_38ae4c230155beb1b259,a zebra taking a peaceful walk,hybrid_exclude,full,0.9856873154640198,0.9823957085609436,,0.98517906665802,0.9838871955871582,0.0012918710708618164,0.003291606903076172,,False,False,completed
v_3b6ddfc07cc98fcf9fa0,an elephant running to join a herd of its kind,hybrid_exclude,full,0.9880058169364929,0.9866645336151123,0.9839553236961365,0.9849029779434204,0.9840731024742126,0.0008298754692077637,0.0013412833213806152,0.004050493240356445,False,False,completed
v_427171327cff517973ed,a zebra bending down to drink water from a river,hybrid_exclude,full,0.9852167367935181,0.9801328778266907,,0.9767624139785767,0.9755299091339111,0.0012325048446655273,0.005083858966827393,,False,False,completed
v_4719caef96c8df794757,an elephant running to join a herd of its kind,hybrid_exclude,full,0.9782639741897583,0.9781697988510132,0.9717913866043091,0.969979465007782,0.9606337547302246,0.009345710277557373,9.417533874511719e-05,0.006472587585449219,False,False,completed
v_4d76a76426a219a5f1bb,a zebra bending down to drink water from a river,hybrid_exclude,full,0.9782224893569946,0.9693907499313354,,0.9762669801712036,0.9642015099525452,0.012065470218658447,0.00883173942565918,,False,False,completed
v_4e7cf3a0868b1b118f55,a zebra running to join a herd of its kind,hybrid_exclude,full,0.9522103071212769,0.9529098868370056,0.7999807000160217,0.9482232928276062,0.9378018379211426,0.010421454906463623,0.0006995797157287598,0.15222960710525513,False,False,completed
v_4ff816e35ca1960d8058,an elephant running to join a herd of its kind,hybrid_exclude,full,0.9646567702293396,0.9652262330055237,0.9574996829032898,0.9487122297286987,0.9095548391342163,0.03915739059448242,0.000569462776184082,0.007157087326049805,False,False,completed
v_50b265d3f9ccf281a518,an elephant spraying itself with water using its trunk to cool down,hybrid_exclude,full,0.9901018142700195,0.9782042503356934,0.9773043394088745,0.9922862648963928,0.9760613441467285,0.016224920749664307,0.011897563934326172,0.01279747486114502,False,False,completed
v_53b3d43654788945925c,a zebra running to join a herd of its kind,hybrid_exclude,full,0.972172737121582,0.9690786600112915,,0.9581042528152466,0.9543219804763794,0.0037822723388671875,0.0030940771102905273,,False,False,completed
v_55a4f07d56cda7470760,an elephant running to join a herd of its kind,hybrid_exclude,full,0.9789860844612122,0.9583353996276855,0.9551219344139099,0.9713909029960632,0.9188076257705688,0.052583277225494385,0.02065068483352661,0.023864150047302246,False,False,completed
v_6015d56a898aa0948639,a zebra bending down to drink water from a river,hybrid_exclude,full,0.9817591905593872,0.8792222142219543,0.8535215854644775,0.9774531722068787,0.8494935035705566,0.12795966863632202,0.10253697633743286,0.12823760509490967,False,False,completed
v_67c0894760111d0087b6,a motorcycle accelerating to gain speed,hybrid_exclude,full,0.92059326171875,0.7985334396362305,0.7624672055244446,0.7869536280632019,0.6817080974578857,0.10524553060531616,0.12205982208251953,0.15812605619430542,False,False,completed
v_6bee77846ce628e11d94,an elephant spraying itself with water using its trunk to cool down,hybrid_exclude,full,0.9835841059684753,0.9512863159179688,0.95960932970047,0.9801599383354187,0.9258067011833191,0.05435323715209961,0.03229779005050659,0.02397477626800537,False,False,completed
v_6d2af08e0301e767c719,a cow running to join a herd of its kind,hybrid_exclude,full,0.9381388425827026,0.7772191762924194,0.8362219929695129,0.871242880821228,0.8145766854286194,0.05666619539260864,0.1609196662902832,0.1019168496131897,False,False,completed
v_6ee4476dec8615e1535f,a zebra bending down to drink water from a river,hybrid_exclude,full,0.9657285213470459,0.9531844854354858,0.888128936290741,0.964434027671814,0.9526035785675049,0.011830449104309082,0.012544035911560059,0.07759958505630493,False,False,completed
v_74d5bd9982ed49689599,a truck turning a corner,hybrid_exclude,full,0.9701874256134033,0.9334631562232971,0.934769332408905,0.9252806901931763,0.8694067001342773,0.055873990058898926,0.0367242693901062,0.03541809320449829,False,False,completed
v_795022cc03907dc7489e,an elephant spraying itself with water using its trunk to cool down,hybrid_exclude,full,0.9523473978042603,0.9463733434677124,,0.9006173610687256,0.7886027097702026,0.11201465129852295,0.0059740543365478516,,False,True,completed
v_7959de66f76bf5fc41d9,a zebra bending down to drink water from a river,hybrid_exclude,full,0.9828632473945618,0.9828184247016907,,0.9712667465209961,0.9712046384811401,6.210803985595703e-05,4.482269287109375e-05,,False,False,completed
v_82dc1689fd289adcc0d2,a zebra taking a peaceful walk,hybrid_exclude,full,0.9778921008110046,0.9764891862869263,,0.9754855632781982,0.9719259142875671,0.0035596489906311035,0.0014029145240783691,,False,False,completed
v_88720509dffa7aea9e30,a zebra bending down to drink water from a river,hybrid_exclude,full,0.9738063216209412,0.9737931489944458,,0.9799759387969971,0.9802312254905701,0.00025528669357299805,1.3172626495361328e-05,,False,False,completed
v_8887acf562b32cc84023,a zebra bending down to drink water from a river,hybrid_exclude,full,0.9334750771522522,0.8866008520126343,0.9120619893074036,0.9226030707359314,0.7770780324935913,0.1455250382423401,0.04687422513961792,0.021413087844848633,False,False,completed
v_8dca194984971f0a1124,a truck turning a corner,hybrid_exclude,full,0.9337459802627563,0.8963728547096252,0.7663612961769104,0.8681207299232483,0.8146472573280334,0.053473472595214844,0.037373125553131104,0.16738468408584595,False,False,completed
v_8e6a21dfeb7a106dae22,a zebra taking a peaceful walk,hybrid_exclude,full,0.9760703444480896,0.94513338804245,0.8802162408828735,0.9702401757240295,0.9332596063613892,0.03698056936264038,0.03093695640563965,0.09585410356521606,False,False,completed
v_a18cdea6bd26987ddbc4,a cow running to join a herd of its kind,hybrid_exclude,full,0.9762948155403137,0.9713215827941895,0.9821950793266296,0.9539317488670349,0.9481494426727295,0.00578230619430542,0.004973232746124268,-0.005900263786315918,False,False,completed
v_a3b6d576bc5c5ef3517f,a zebra running to join a herd of its kind,hybrid_exclude,full,0.9438295960426331,0.9373928308486938,0.6683588027954102,0.9383728504180908,0.9364596605300903,0.0019131898880004883,0.006436765193939209,0.2754707932472229,False,False,completed
v_a522928f33a3f29c463c,a truck slowing down to stop,hybrid_exclude,full,0.9893493056297302,0.9782630801200867,0.9590097069740295,0.9741533398628235,0.9493865370750427,0.02476680278778076,0.011086225509643555,0.030339598655700684,False,False,completed
v_a5b4d7c4b2a095c9e6cc,an elephant running to join a herd of its kind,hybrid_exclude,full,0.9817762970924377,0.9717782139778137,0.9221827387809753,0.9782154560089111,0.9570239782333374,0.02119147777557373,0.009998083114624023,0.0595935583114624,False,False,completed
v_aa14318968934ce72fb1,a zebra bending down to drink water from a river,hybrid_exclude,full,0.973966121673584,0.9746772646903992,,0.9643047451972961,0.9505268335342407,0.01377791166305542,0.0007111430168151855,,False,False,completed
v_ad2f0d6ec69f9ff90382,a zebra taking a peaceful walk,hybrid_exclude,full,0.9869072437286377,0.9774306416511536,0.9712326526641846,0.9837861657142639,0.9705730676651001,0.013213098049163818,0.00947660207748413,0.015674591064453125,False,False,completed
v_b2657298416595015a2b,a zebra running to join a herd of its kind,hybrid_exclude,full,0.9221466779708862,0.9060243368148804,0.8157371878623962,0.8821325302124023,0.8538087606430054,0.028323769569396973,0.01612234115600586,0.10640949010848999,False,False,completed
v_bc950a10e74a0a5447f1,a zebra bending down to drink water from a river,hybrid_exclude,full,0.9756776690483093,0.981852650642395,,0.9725489616394043,0.9530882835388184,0.019460678100585938,0.006174981594085693,,False,False,completed
v_bf4b3df29a9616bf26ae,a truck turning a corner,hybrid_exclude,full,0.9515529870986938,0.9503654837608337,0.9147189855575562,0.8850948214530945,0.8404942750930786,0.04460054636001587,0.0011875033378601074,0.036834001541137695,False,False,completed
v_c41543fe72d2e5493d15,a truck slowing down to stop,hybrid_exclude,full,0.9834082722663879,0.9651432037353516,0.9582165479660034,0.9530027508735657,0.923852264881134,0.02915048599243164,0.018265068531036377,0.02519172430038452,False,False,completed
v_c424c7aceaf2046394ad,a cow running to join a herd of its kind,hybrid_exclude,full,0.9763944745063782,0.9750636219978333,0.9705265760421753,0.9669449329376221,0.9549406170845032,0.012004315853118896,0.0013308525085449219,0.005867898464202881,False,False,completed
v_c4de504a244d437ac3ad,a zebra bending down to drink water from a river,hybrid_exclude,full,0.9940760135650635,0.9920637011528015,,0.994841992855072,0.9892911314964294,0.005550861358642578,0.002012312412261963,,False,False,completed
v_cdab6ebfbdf88aa1365e,an elephant running to join a herd of its kind,hybrid_exclude,full,0.9607254266738892,0.9591358304023743,0.9546549320220947,0.9530994296073914,0.9042381048202515,0.04886132478713989,0.0015895962715148926,0.006070494651794434,False,False,completed
v_d111e2d8975fa9b850b3,a zebra taking a peaceful walk,hybrid_exclude,full,0.9483411908149719,0.8927937150001526,0.8055756688117981,0.9036860466003418,0.8795784711837769,0.02410757541656494,0.055547475814819336,0.14276552200317383,False,False,completed
v_d51186bcfc23e2a780ab,a truck slowing down to stop,hybrid_exclude,full,0.9643544554710388,0.9696611166000366,0.8083311915397644,0.9112410545349121,0.9410510063171387,0.029809951782226562,0.005306661128997803,0.15602326393127441,False,False,completed
v_d86a4852b9a610b4e2ac,a motorcycle accelerating to gain speed,hybrid_exclude,full,0.9552143812179565,0.9477139115333557,0.8823050856590271,0.8991079330444336,0.7962102890014648,0.10289764404296875,0.00750046968460083,0.07290929555892944,False,True,completed
v_e7e6381187b3421f31f4,a zebra taking a peaceful walk,hybrid_exclude,full,0.9758050441741943,0.9723096489906311,,0.9502309560775757,0.9423346519470215,0.0078963041305542,0.0034953951835632324,,False,False,completed
v_e84cd21f77767e064452,an elephant running to join a herd of its kind,hybrid_exclude,full,0.8868926167488098,0.9194482564926147,0.9021009206771851,0.9618316292762756,0.9054377675056458,0.05639386177062988,0.03255563974380493,-0.015208303928375244,False,False,completed
v_f762ed821ba1fba906af,a zebra bending down to drink water from a river,hybrid_exclude,full,0.9867092370986938,0.9808300733566284,,0.9777792096138,0.961341381072998,0.016437828540802002,0.00587916374206543,,False,False,completed
v_f993f14cdb34fb8383ef,a zebra bending down to drink water from a river,hybrid_exclude,full,0.9814218878746033,0.9837279319763184,,0.9786093235015869,0.9749108552932739,0.0036984682083129883,0.002306044101715088,,False,False,completed
v_fb03b6a21df9c0a51627,a cow running to join a herd of its kind,hybrid_exclude,full,0.9514460563659668,0.923276424407959,0.9216607809066772,0.9386007189750671,0.8790728449821472,0.05952787399291992,0.028169631958007812,0.02978527545928955,False,False,completed
v_fc9b39a4b047b2db243c,an elephant spraying itself with water using its trunk to cool down,hybrid_exclude,full,0.9950287342071533,0.9888664484024048,0.9778693318367004,0.9937685132026672,0.9875863790512085,0.00618213415145874,0.006162285804748535,0.01715940237045288,False,False,completed
v_fef8070abcd8dcd3af47,a zebra taking a peaceful walk,hybrid_exclude,full,0.9282910823822021,0.9112364053726196,0.7487744092941284,0.8663416504859924,0.814167320728302,0.05217432975769043,0.01705467700958252,0.17951667308807373,False,False,completed
