video_uid,prompt_id,method,position,clean,background,subject,origin_clean,origin_background,origin_abs_change,repair_abs_change,subject_signed_drop,zero_to_zero,joint_success,runtime_status,review_eligible
v_075ccc862d1b2d4936f0,an elephant running to join a herd of its kind,direct_zero,first_frame,0.9630889296531677,0.9633253216743469,0.9228205680847168,0.9417819976806641,0.8818941116333008,0.05988788604736328,0.00023639202117919922,0.04026836156845093,False,False,completed,True
v_0925f4496cf55ade8e5d,an elephant spraying itself with water using its trunk to cool down,direct_zero,first_frame,0.98935467004776,0.9891941547393799,0.9463813900947571,0.9881947040557861,0.9424415826797485,0.0457531213760376,0.00016051530838012695,0.04297327995300293,False,False,completed,True
v_0a1a6db568841167f9e8,a truck turning a corner,direct_zero,first_frame,0.7832257747650146,0.781836986541748,0.6763675808906555,0.8972001075744629,0.6517988443374634,0.2454012632369995,0.0013887882232666016,0.10685819387435913,False,True,completed,True
v_10d250e1b4b4a6ec0a82,a cow running to join a herd of its kind,direct_zero,first_frame,0.9591885805130005,0.9566681385040283,0.9388418197631836,0.9442958235740662,0.7816945910453796,0.16260123252868652,0.002520442008972168,0.020346760749816895,False,True,completed,True
v_125269dc5fc640751fa4,a zebra running to join a herd of its kind,direct_zero,first_frame,0.9697616100311279,0.9697599411010742,0.8487020134925842,0.9459475874900818,0.8384337425231934,0.10751384496688843,1.6689300537109375e-06,0.1210595965385437,False,True,completed,True
v_13502c1b9c959957b46a,a zebra taking a peaceful walk,direct_zero,first_frame,0.9967139363288879,0.9958686828613281,0.8722054958343506,0.997106671333313,0.9117203950881958,0.08538627624511719,0.0008452534675598145,0.12450844049453735,False,False,completed,True
v_1814b4d5b25ffa156aa6,an elephant running to join a herd of its kind,direct_zero,first_frame,0.9690490961074829,0.9686736464500427,0.9606851935386658,0.9329218864440918,0.866963803768158,0.06595808267593384,0.00037544965744018555,0.008363902568817139,False,False,completed,True
v_22506cf5d5a1e6088fc8,a truck slowing down to stop,direct_zero,first_frame,0.8691954612731934,0.7603979110717773,0.8647112250328064,0.7584022879600525,0.5680992603302002,0.1903030276298523,0.10879755020141602,0.004484236240386963,False,False,completed,True
v_2ac6cf025d5e88563949,a zebra running to join a herd of its kind,direct_zero,first_frame,0.9500249624252319,0.9512147903442383,0.8322122097015381,0.9185127019882202,0.8473600149154663,0.0711526870727539,0.0011898279190063477,0.11781275272369385,False,False,completed,True
v_2fbefa11a17758f1cd8f,a zebra taking a peaceful walk,direct_zero,first_frame,0.9445307850837708,0.9413530230522156,0.8302386403083801,0.9212554693222046,0.7465837001800537,0.17467176914215088,0.0031777620315551758,0.11429214477539062,False,True,completed,True
v_304f65b790cd089803d4,a zebra bending down to drink water from a river,direct_zero,first_frame,0.9545856714248657,0.9529760479927063,0.8359029293060303,0.9624999761581421,0.7864928245544434,0.17600715160369873,0.0016096234321594238,0.11868274211883545,False,True,completed,True
v_34025bb5b4d01c898f92,a motorcycle accelerating to gain speed,direct_zero,first_frame,0.9564681053161621,0.9561030268669128,0.8981236815452576,0.9416208267211914,0.874363124370575,0.06725770235061646,0.0003650784492492676,0.05834442377090454,False,False,completed,True
v_355010ce10f66a681b88,a truck turning a corner,direct_zero,first_frame,0.9635376334190369,0.9605878591537476,0.8441222310066223,0.9169105887413025,0.8096982836723328,0.10721230506896973,0.0029497742652893066,0.11941540241241455,False,True,completed,True
v_35d320b87cf1354b75ab,a zebra running to join a herd of its kind,direct_zero,first_frame,0.9588550925254822,0.9583974480628967,0.8398398756980896,0.9490302205085754,0.8284665942192078,0.12056362628936768,0.0004576444625854492,0.11901521682739258,False,True,completed,True
v_38ae4c230155beb1b259,a zebra taking a peaceful walk,direct_zero,first_frame,0.9856873154640198,0.9849236011505127,0.8627783060073853,0.98517906665802,0.9200664162635803,0.0651126503944397,0.0007637143135070801,0.12290900945663452,False,False,completed,True
v_3b6ddfc07cc98fcf9fa0,an elephant running to join a herd of its kind,direct_zero,first_frame,0.9880058169364929,0.9879727959632874,0.9465914964675903,0.9849029779434204,0.9449189901351929,0.03998398780822754,3.3020973205566406e-05,0.04141432046890259,False,False,completed,True
v_427171327cff517973ed,a zebra bending down to drink water from a river,direct_zero,first_frame,0.9852167367935181,0.9849452376365662,0.8621754050254822,0.9767624139785767,0.8999595046043396,0.07680290937423706,0.0002714991569519043,0.12304133176803589,False,False,completed,True
v_4719caef96c8df794757,an elephant running to join a herd of its kind,direct_zero,first_frame,0.9782639741897583,0.9784254431724548,0.9424301981925964,0.969979465007782,0.9079651236534119,0.06201434135437012,0.0001614689826965332,0.035833775997161865,False,False,completed,True
v_4d76a76426a219a5f1bb,a zebra bending down to drink water from a river,direct_zero,first_frame,0.9782224893569946,0.9780158400535583,0.9188079237937927,0.9762669801712036,0.9183252453804016,0.057941734790802,0.0002066493034362793,0.059414565563201904,False,False,completed,True
v_4e7cf3a0868b1b118f55,a zebra running to join a herd of its kind,direct_zero,first_frame,0.9522103071212769,0.9505556225776672,0.9313651323318481,0.9482232928276062,0.8641955852508545,0.08402770757675171,0.0016546845436096191,0.02084517478942871,False,False,completed,True
v_4f8abc7bb931501fb862,a truck slowing down to stop,direct_zero,first_frame,0.9940704703330994,0.933830738067627,0.9934031367301941,0.9710509777069092,0.7109471559524536,0.26010382175445557,0.06023973226547241,0.0006673336029052734,False,False,completed,False
v_4ff816e35ca1960d8058,an elephant running to join a herd of its kind,direct_zero,first_frame,0.9646567702293396,0.9647223949432373,0.9127362370491028,0.9487122297286987,0.8543686270713806,0.09434360265731812,6.562471389770508e-05,0.051920533180236816,False,False,completed,True
v_50b265d3f9ccf281a518,an elephant spraying itself with water using its trunk to cool down,direct_zero,first_frame,0.9901018142700195,0.9875572919845581,0.8664659261703491,0.9922862648963928,0.9505739212036133,0.04171234369277954,0.0025445222854614258,0.12363588809967041,False,False,completed,True
v_53b3d43654788945925c,a zebra running to join a herd of its kind,direct_zero,first_frame,0.972172737121582,0.9715589284896851,0.8510159254074097,0.9581042528152466,0.8342838883399963,0.12382036447525024,0.0006138086318969727,0.12115681171417236,False,True,completed,True
v_55a4f07d56cda7470760,an elephant running to join a herd of its kind,direct_zero,first_frame,0.9789860844612122,0.9789260029792786,0.8578298091888428,0.9713909029960632,0.9395151138305664,0.031875789165496826,6.008148193359375e-05,0.12115627527236938,False,False,completed,True
v_6015d56a898aa0948639,a zebra bending down to drink water from a river,direct_zero,first_frame,0.9817591905593872,0.9768569469451904,0.9746584296226501,0.9774531722068787,0.8040847182273865,0.1733684539794922,0.004902243614196777,0.0071007609367370605,False,True,completed,True
v_67c0894760111d0087b6,a motorcycle accelerating to gain speed,direct_zero,first_frame,0.92059326171875,0.9205891489982605,0.8065507411956787,0.7869536280632019,0.7020312547683716,0.08492237329483032,4.112720489501953e-06,0.11404252052307129,False,False,completed,True
v_6bee77846ce628e11d94,an elephant spraying itself with water using its trunk to cool down,direct_zero,first_frame,0.9835841059684753,0.9831768870353699,0.9241536259651184,0.9801599383354187,0.9357157349586487,0.04444420337677002,0.00040721893310546875,0.059430480003356934,False,False,completed,True
v_6d2af08e0301e767c719,a cow running to join a herd of its kind,direct_zero,first_frame,0.9381388425827026,0.9376362562179565,0.9091246724128723,0.871242880821228,0.6690887808799744,0.20215409994125366,0.0005025863647460938,0.029014170169830322,False,True,completed,True
v_6ee4476dec8615e1535f,a zebra bending down to drink water from a river,direct_zero,first_frame,0.9657285213470459,0.9655743837356567,0.907287061214447,0.964434027671814,0.8666151762008667,0.09781885147094727,0.00015413761138916016,0.05844146013259888,False,False,completed,True
v_74d5bd9982ed49689599,a truck turning a corner,direct_zero,first_frame,0.9701874256134033,0.9702699780464172,0.8488576412200928,0.9252806901931763,0.8177419304847717,0.10753875970840454,8.255243301391602e-05,0.12132978439331055,False,True,completed,True
v_795022cc03907dc7489e,an elephant spraying itself with water using its trunk to cool down,direct_zero,first_frame,0.24734899401664734,0.24734899401664734,0.24734899401664734,0.9006173610687256,0.7696298360824585,0.1309875249862671,0.0,0.0,False,True,completed,True
v_7959de66f76bf5fc41d9,a zebra bending down to drink water from a river,direct_zero,first_frame,0.9828632473945618,0.9827536940574646,0.9233152270317078,0.9712667465209961,0.9070979356765747,0.06416881084442139,0.00010955333709716797,0.059548020362854004,False,False,completed,True
v_82dc1689fd289adcc0d2,a zebra taking a peaceful walk,direct_zero,first_frame,0.9778921008110046,0.9778931140899658,0.8566902875900269,0.9754855632781982,0.902262270450592,0.0732232928276062,1.0132789611816406e-06,0.12120181322097778,False,False,completed,True
v_88720509dffa7aea9e30,a zebra bending down to drink water from a river,direct_zero,first_frame,0.9738063216209412,0.9742297530174255,0.8521466255187988,0.9799759387969971,0.8961917161941528,0.08378422260284424,0.000423431396484375,0.12165969610214233,False,False,completed,True
v_8887acf562b32cc84023,a zebra bending down to drink water from a river,direct_zero,first_frame,0.9334750771522522,0.9185234904289246,0.9319424033164978,0.9226030707359314,0.5745158195495605,0.34808725118637085,0.014951586723327637,0.0015326738357543945,False,False,completed,True
v_8dca194984971f0a1124,a truck turning a corner,direct_zero,first_frame,0.9337459802627563,0.9329096674919128,0.81614750623703,0.8681207299232483,0.7740640640258789,0.09405666589736938,0.0008363127708435059,0.11759847402572632,False,False,completed,True
v_8e6a21dfeb7a106dae22,a zebra taking a peaceful walk,direct_zero,first_frame,0.9760703444480896,0.973563015460968,0.9703320860862732,0.9702401757240295,0.9041962027549744,0.06604397296905518,0.002507328987121582,0.005738258361816406,False,False,completed,True
v_a18cdea6bd26987ddbc4,a cow running to join a herd of its kind,direct_zero,first_frame,0.8598477840423584,0.8598402738571167,0.8044139742851257,0.9539317488670349,0.8661909103393555,0.08774083852767944,7.510185241699219e-06,0.055433809757232666,False,False,completed,True
v_a3b6d576bc5c5ef3517f,a zebra running to join a herd of its kind,direct_zero,first_frame,0.9438295960426331,0.9433502554893494,0.9152843952178955,0.9383728504180908,0.8727481365203857,0.06562471389770508,0.0004793405532836914,0.02854520082473755,False,False,completed,True
v_a522928f33a3f29c463c,a truck slowing down to stop,direct_zero,first_frame,0.9893493056297302,0.9884498119354248,0.8659161329269409,0.9741533398628235,0.8778459429740906,0.09630739688873291,0.0008994936943054199,0.1234331727027893,False,False,completed,True
v_a5b4d7c4b2a095c9e6cc,an elephant running to join a herd of its kind,direct_zero,first_frame,0.9817762970924377,0.980992317199707,0.9655299782752991,0.9782154560089111,0.9391310214996338,0.039084434509277344,0.0007839798927307129,0.016246318817138672,False,False,completed,True
v_aa14318968934ce72fb1,a zebra bending down to drink water from a river,direct_zero,first_frame,0.973966121673584,0.9732820987701416,0.8539850115776062,0.9643047451972961,0.8457794785499573,0.11852526664733887,0.0006840229034423828,0.11998111009597778,False,True,completed,True
v_ad2f0d6ec69f9ff90382,a zebra taking a peaceful walk,direct_zero,first_frame,0.9869072437286377,0.9864271879196167,0.863652765750885,0.9837861657142639,0.8996450304985046,0.08414113521575928,0.0004800558090209961,0.12325447797775269,False,False,completed,True
v_b2657298416595015a2b,a zebra running to join a herd of its kind,direct_zero,first_frame,0.9221466779708862,0.922080934047699,0.8120201826095581,0.8821325302124023,0.80196613073349,0.08016639947891235,6.574392318725586e-05,0.11012649536132812,False,False,completed,True
v_bc950a10e74a0a5447f1,a zebra bending down to drink water from a river,direct_zero,first_frame,0.9756776690483093,0.9752589464187622,0.8541358113288879,0.9725489616394043,0.8593190908432007,0.11322987079620361,0.00041872262954711914,0.12154185771942139,False,True,completed,True
v_bf4b3df29a9616bf26ae,a truck turning a corner,direct_zero,first_frame,0.9515529870986938,0.9515802264213562,0.8356541991233826,0.8850948214530945,0.7226301431655884,0.1624646782875061,2.7239322662353516e-05,0.11589878797531128,False,True,completed,True
v_c41543fe72d2e5493d15,a truck slowing down to stop,direct_zero,first_frame,0.9834082722663879,0.9837220311164856,0.9246610403060913,0.9530027508735657,0.9118047952651978,0.04119795560836792,0.00031375885009765625,0.05874723196029663,False,False,completed,True
v_c424c7aceaf2046394ad,a cow running to join a herd of its kind,direct_zero,first_frame,0.9763944745063782,0.9760204553604126,0.943830132484436,0.9669449329376221,0.7694979906082153,0.19744694232940674,0.00037401914596557617,0.03256434202194214,False,True,completed,True
v_c4de504a244d437ac3ad,a zebra bending down to drink water from a river,direct_zero,first_frame,0.9940760135650635,0.9933369755744934,0.8699460625648499,0.994841992855072,0.9053804278373718,0.0894615650177002,0.0007390379905700684,0.12412995100021362,False,False,completed,True
v_cdab6ebfbdf88aa1365e,an elephant running to join a herd of its kind,direct_zero,first_frame,0.9607254266738892,0.9606721997261047,0.9233041405677795,0.9530994296073914,0.8346354365348816,0.11846399307250977,5.322694778442383e-05,0.03742128610610962,False,True,completed,True
v_d111e2d8975fa9b850b3,a zebra taking a peaceful walk,direct_zero,first_frame,0.9483411908149719,0.9476839900016785,0.8294987678527832,0.9036860466003418,0.8382800817489624,0.0654059648513794,0.000657200813293457,0.11884242296218872,False,False,completed,True
v_d51186bcfc23e2a780ab,a truck slowing down to stop,direct_zero,first_frame,0.9643544554710388,0.9748975038528442,0.949836790561676,0.9112410545349121,0.8643680810928345,0.04687297344207764,0.01054304838180542,0.014517664909362793,False,False,completed,True
v_d86a4852b9a610b4e2ac,a motorcycle accelerating to gain speed,direct_zero,first_frame,0.9552143812179565,0.9552894830703735,0.8358533382415771,0.8991079330444336,0.7863857746124268,0.11272215843200684,7.510185241699219e-05,0.1193610429763794,False,True,completed,True
v_e7e6381187b3421f31f4,a zebra taking a peaceful walk,direct_zero,first_frame,0.9758050441741943,0.975806713104248,0.8540133833885193,0.9502309560775757,0.8993134498596191,0.05091750621795654,1.6689300537109375e-06,0.12179166078567505,False,False,completed,True
v_e84cd21f77767e064452,an elephant running to join a herd of its kind,direct_zero,first_frame,0.8868926167488098,0.887150228023529,0.7792960405349731,0.9618316292762756,0.7591605186462402,0.2026711106300354,0.0002576112747192383,0.10759657621383667,False,True,completed,True
v_f762ed821ba1fba906af,a zebra bending down to drink water from a river,direct_zero,first_frame,0.9867092370986938,0.9862879514694214,0.8631004691123962,0.9777792096138,0.8889210224151611,0.08885818719863892,0.00042128562927246094,0.12360876798629761,False,False,completed,True
v_f993f14cdb34fb8383ef,a zebra bending down to drink water from a river,direct_zero,first_frame,0.9814218878746033,0.9804953932762146,0.8591187000274658,0.9786093235015869,0.8782398104667664,0.10036951303482056,0.0009264945983886719,0.12230318784713745,False,True,completed,True
v_fb03b6a21df9c0a51627,a cow running to join a herd of its kind,direct_zero,first_frame,0.9514460563659668,0.9508416056632996,0.9123256802558899,0.9386007189750671,0.8511915802955627,0.0874091386795044,0.0006044507026672363,0.039120376110076904,False,False,completed,True
v_fc9b39a4b047b2db243c,an elephant spraying itself with water using its trunk to cool down,direct_zero,first_frame,0.9950287342071533,0.9944866895675659,0.9456019997596741,0.9937685132026672,0.944857656955719,0.04891085624694824,0.0005420446395874023,0.04942673444747925,False,False,completed,True
v_fef8070abcd8dcd3af47,a zebra taking a peaceful walk,direct_zero,first_frame,0.9282910823822021,0.9278967976570129,0.8744734525680542,0.8663416504859924,0.7496222257614136,0.11671942472457886,0.000394284725189209,0.05381762981414795,False,True,completed,True
v_075ccc862d1b2d4936f0,an elephant running to join a herd of its kind,direct_exclude,first_frame,0.9630889296531677,0.9633253216743469,0.9228205680847168,0.9417819976806641,0.8818941116333008,0.05988788604736328,0.00023639202117919922,0.04026836156845093,False,False,completed,True
v_0925f4496cf55ade8e5d,an elephant spraying itself with water using its trunk to cool down,direct_exclude,first_frame,0.98935467004776,0.9891941547393799,0.9463813900947571,0.9881947040557861,0.9424415826797485,0.0457531213760376,0.00016051530838012695,0.04297327995300293,False,False,completed,True
v_0a1a6db568841167f9e8,a truck turning a corner,direct_exclude,first_frame,0.8951151967048645,0.8935279846191406,0.8919132351875305,0.8972001075744629,0.6517988443374634,0.2454012632369995,0.001587212085723877,0.0032019615173339844,False,True,completed,True
v_10d250e1b4b4a6ec0a82,a cow running to join a herd of its kind,direct_exclude,first_frame,0.9591885805130005,0.9566681385040283,0.9388418197631836,0.9442958235740662,0.7816945910453796,0.16260123252868652,0.002520442008972168,0.020346760749816895,False,True,completed,True
v_125269dc5fc640751fa4,a zebra running to join a herd of its kind,direct_exclude,first_frame,0.9697616100311279,0.9697599411010742,0.9699451923370361,0.9459475874900818,0.8384337425231934,0.10751384496688843,1.6689300537109375e-06,-0.00018358230590820312,False,True,completed,True
v_13502c1b9c959957b46a,a zebra taking a peaceful walk,direct_exclude,first_frame,0.9967139363288879,0.9958686828613281,0.9968063235282898,0.997106671333313,0.9117203950881958,0.08538627624511719,0.0008452534675598145,-9.238719940185547e-05,False,False,completed,True
v_1814b4d5b25ffa156aa6,an elephant running to join a herd of its kind,direct_exclude,first_frame,0.9690490961074829,0.9686736464500427,0.9606851935386658,0.9329218864440918,0.866963803768158,0.06595808267593384,0.00037544965744018555,0.008363902568817139,False,False,completed,True
v_22506cf5d5a1e6088fc8,a truck slowing down to stop,direct_exclude,first_frame,0.8691954612731934,0.8690260648727417,0.8647112250328064,0.7584022879600525,0.5680992603302002,0.1903030276298523,0.00016939640045166016,0.004484236240386963,False,True,completed,True
v_2ac6cf025d5e88563949,a zebra running to join a herd of its kind,direct_exclude,first_frame,0.9500249624252319,0.9512147903442383,0.9510996341705322,0.9185127019882202,0.8473600149154663,0.0711526870727539,0.0011898279190063477,-0.001074671745300293,False,False,completed,True
v_2fbefa11a17758f1cd8f,a zebra taking a peaceful walk,direct_exclude,first_frame,0.9445307850837708,0.9413530230522156,0.9488441348075867,0.9212554693222046,0.7465837001800537,0.17467176914215088,0.0031777620315551758,-0.004313349723815918,False,True,completed,True
v_304f65b790cd089803d4,a zebra bending down to drink water from a river,direct_exclude,first_frame,0.9545856714248657,0.9529760479927063,0.9553176760673523,0.9624999761581421,0.7864928245544434,0.17600715160369873,0.0016096234321594238,-0.0007320046424865723,False,True,completed,True
v_34025bb5b4d01c898f92,a motorcycle accelerating to gain speed,direct_exclude,first_frame,0.9564681053161621,0.9561030268669128,0.9560670852661133,0.9416208267211914,0.874363124370575,0.06725770235061646,0.0003650784492492676,0.0004010200500488281,False,False,completed,True
v_355010ce10f66a681b88,a truck turning a corner,direct_exclude,first_frame,0.9635376334190369,0.9605878591537476,0.9647111296653748,0.9169105887413025,0.8096982836723328,0.10721230506896973,0.0029497742652893066,-0.0011734962463378906,False,True,completed,True
v_35d320b87cf1354b75ab,a zebra running to join a herd of its kind,direct_exclude,first_frame,0.9588550925254822,0.9583974480628967,0.9598169326782227,0.9490302205085754,0.8284665942192078,0.12056362628936768,0.0004576444625854492,-0.0009618401527404785,False,True,completed,True
v_38ae4c230155beb1b259,a zebra taking a peaceful walk,direct_exclude,first_frame,0.9856873154640198,0.9849236011505127,0.9860323071479797,0.98517906665802,0.9200664162635803,0.0651126503944397,0.0007637143135070801,-0.00034499168395996094,False,False,completed,True
v_3b6ddfc07cc98fcf9fa0,an elephant running to join a herd of its kind,direct_exclude,first_frame,0.9880058169364929,0.9879727959632874,0.9465914964675903,0.9849029779434204,0.9449189901351929,0.03998398780822754,3.3020973205566406e-05,0.04141432046890259,False,False,completed,True
v_427171327cff517973ed,a zebra bending down to drink water from a river,direct_exclude,first_frame,0.9852167367935181,0.9849452376365662,0.9853433966636658,0.9767624139785767,0.8999595046043396,0.07680290937423706,0.0002714991569519043,-0.00012665987014770508,False,False,completed,True
v_4719caef96c8df794757,an elephant running to join a herd of its kind,direct_exclude,first_frame,0.9782639741897583,0.9784254431724548,0.9424301981925964,0.969979465007782,0.9079651236534119,0.06201434135437012,0.0001614689826965332,0.035833775997161865,False,False,completed,True
v_4d76a76426a219a5f1bb,a zebra bending down to drink water from a river,direct_exclude,first_frame,0.9782224893569946,0.9780158400535583,0.9780857563018799,0.9762669801712036,0.9183252453804016,0.057941734790802,0.0002066493034362793,0.0001367330551147461,False,False,completed,True
v_4e7cf3a0868b1b118f55,a zebra running to join a herd of its kind,direct_exclude,first_frame,0.9522103071212769,0.9505556225776672,0.9313651323318481,0.9482232928276062,0.8641955852508545,0.08402770757675171,0.0016546845436096191,0.02084517478942871,False,False,completed,True
v_4f8abc7bb931501fb862,a truck slowing down to stop,direct_exclude,first_frame,0.9940704703330994,0.9940778613090515,0.9934031367301941,0.9710509777069092,0.7109471559524536,0.26010382175445557,7.3909759521484375e-06,0.0006673336029052734,False,True,completed,False
v_4ff816e35ca1960d8058,an elephant running to join a herd of its kind,direct_exclude,first_frame,0.9646567702293396,0.9647223949432373,0.9127362370491028,0.9487122297286987,0.8543686270713806,0.09434360265731812,6.562471389770508e-05,0.051920533180236816,False,False,completed,True
v_50b265d3f9ccf281a518,an elephant spraying itself with water using its trunk to cool down,direct_exclude,first_frame,0.9901018142700195,0.9875572919845581,0.9902467727661133,0.9922862648963928,0.9505739212036133,0.04171234369277954,0.0025445222854614258,-0.00014495849609375,False,False,completed,True
v_53b3d43654788945925c,a zebra running to join a herd of its kind,direct_exclude,first_frame,0.972172737121582,0.9715589284896851,0.9725896120071411,0.9581042528152466,0.8342838883399963,0.12382036447525024,0.0006138086318969727,-0.00041687488555908203,False,True,completed,True
v_55a4f07d56cda7470760,an elephant running to join a herd of its kind,direct_exclude,first_frame,0.9789860844612122,0.9789260029792786,0.9803769588470459,0.9713909029960632,0.9395151138305664,0.031875789165496826,6.008148193359375e-05,-0.0013908743858337402,False,False,completed,True
v_6015d56a898aa0948639,a zebra bending down to drink water from a river,direct_exclude,first_frame,0.9817591905593872,0.9768569469451904,0.9746584296226501,0.9774531722068787,0.8040847182273865,0.1733684539794922,0.004902243614196777,0.0071007609367370605,False,True,completed,True
v_67c0894760111d0087b6,a motorcycle accelerating to gain speed,direct_exclude,first_frame,0.92059326171875,0.9205891489982605,0.921772301197052,0.7869536280632019,0.7020312547683716,0.08492237329483032,4.112720489501953e-06,-0.001179039478302002,False,False,completed,True
v_6bee77846ce628e11d94,an elephant spraying itself with water using its trunk to cool down,direct_exclude,first_frame,0.9835841059684753,0.9831768870353699,0.9837764501571655,0.9801599383354187,0.9357157349586487,0.04444420337677002,0.00040721893310546875,-0.00019234418869018555,False,False,completed,True
v_6d2af08e0301e767c719,a cow running to join a herd of its kind,direct_exclude,first_frame,0.9381388425827026,0.9376362562179565,0.9091246724128723,0.871242880821228,0.6690887808799744,0.20215409994125366,0.0005025863647460938,0.029014170169830322,False,True,completed,True
v_6ee4476dec8615e1535f,a zebra bending down to drink water from a river,direct_exclude,first_frame,0.9657285213470459,0.9655743837356567,0.9658216238021851,0.964434027671814,0.8666151762008667,0.09781885147094727,0.00015413761138916016,-9.310245513916016e-05,False,False,completed,True
v_74d5bd9982ed49689599,a truck turning a corner,direct_exclude,first_frame,0.9701874256134033,0.9702699780464172,0.9701230525970459,0.9252806901931763,0.8177419304847717,0.10753875970840454,8.255243301391602e-05,6.437301635742188e-05,False,True,completed,True
v_795022cc03907dc7489e,an elephant spraying itself with water using its trunk to cool down,direct_exclude,first_frame,0.960296094417572,0.960296094417572,0.960296094417572,0.9006173610687256,0.7696298360824585,0.1309875249862671,0.0,0.0,False,True,completed,True
v_7959de66f76bf5fc41d9,a zebra bending down to drink water from a river,direct_exclude,first_frame,0.9828632473945618,0.9827536940574646,0.9828839302062988,0.9712667465209961,0.9070979356765747,0.06416881084442139,0.00010955333709716797,-2.0682811737060547e-05,False,False,completed,True
v_82dc1689fd289adcc0d2,a zebra taking a peaceful walk,direct_exclude,first_frame,0.9778921008110046,0.9778931140899658,0.9790744185447693,0.9754855632781982,0.902262270450592,0.0732232928276062,1.0132789611816406e-06,-0.0011823177337646484,False,False,completed,True
v_88720509dffa7aea9e30,a zebra bending down to drink water from a river,direct_exclude,first_frame,0.9738063216209412,0.9742297530174255,0.9738817811012268,0.9799759387969971,0.8961917161941528,0.08378422260284424,0.000423431396484375,-7.545948028564453e-05,False,False,completed,True
v_8887acf562b32cc84023,a zebra bending down to drink water from a river,direct_exclude,first_frame,0.9334750771522522,0.9185234904289246,0.9319424033164978,0.9226030707359314,0.5745158195495605,0.34808725118637085,0.014951586723327637,0.0015326738357543945,False,False,completed,True
v_8dca194984971f0a1124,a truck turning a corner,direct_exclude,first_frame,0.9337459802627563,0.9329096674919128,0.9327399730682373,0.8681207299232483,0.7740640640258789,0.09405666589736938,0.0008363127708435059,0.001006007194519043,False,False,completed,True
v_8e6a21dfeb7a106dae22,a zebra taking a peaceful walk,direct_exclude,first_frame,0.9760703444480896,0.973563015460968,0.9703320860862732,0.9702401757240295,0.9041962027549744,0.06604397296905518,0.002507328987121582,0.005738258361816406,False,False,completed,True
v_a18cdea6bd26987ddbc4,a cow running to join a herd of its kind,direct_exclude,first_frame,0.9763433337211609,0.976334810256958,0.9763921499252319,0.9539317488670349,0.8661909103393555,0.08774083852767944,8.52346420288086e-06,-4.881620407104492e-05,False,False,completed,True
v_a3b6d576bc5c5ef3517f,a zebra running to join a herd of its kind,direct_exclude,first_frame,0.9438295960426331,0.9433502554893494,0.9152843952178955,0.9383728504180908,0.8727481365203857,0.06562471389770508,0.0004793405532836914,0.02854520082473755,False,False,completed,True
v_a522928f33a3f29c463c,a truck slowing down to stop,direct_exclude,first_frame,0.9893493056297302,0.9884498119354248,0.9896184206008911,0.9741533398628235,0.8778459429740906,0.09630739688873291,0.0008994936943054199,-0.00026911497116088867,False,False,completed,True
v_a5b4d7c4b2a095c9e6cc,an elephant running to join a herd of its kind,direct_exclude,first_frame,0.9817762970924377,0.980992317199707,0.9655299782752991,0.9782154560089111,0.9391310214996338,0.039084434509277344,0.0007839798927307129,0.016246318817138672,False,False,completed,True
v_aa14318968934ce72fb1,a zebra bending down to drink water from a river,direct_exclude,first_frame,0.973966121673584,0.9732820987701416,0.9759828448295593,0.9643047451972961,0.8457794785499573,0.11852526664733887,0.0006840229034423828,-0.002016723155975342,False,True,completed,True
v_ad2f0d6ec69f9ff90382,a zebra taking a peaceful walk,direct_exclude,first_frame,0.9869072437286377,0.9864271879196167,0.9870318174362183,0.9837861657142639,0.8996450304985046,0.08414113521575928,0.0004800558090209961,-0.0001245737075805664,False,False,completed,True
v_b2657298416595015a2b,a zebra running to join a herd of its kind,direct_exclude,first_frame,0.9221466779708862,0.922080934047699,0.9280230402946472,0.8821325302124023,0.80196613073349,0.08016639947891235,6.574392318725586e-05,-0.005876362323760986,False,False,completed,True
v_bc950a10e74a0a5447f1,a zebra bending down to drink water from a river,direct_exclude,first_frame,0.9756776690483093,0.9752589464187622,0.9761552214622498,0.9725489616394043,0.8593190908432007,0.11322987079620361,0.00041872262954711914,-0.0004775524139404297,False,True,completed,True
v_bf4b3df29a9616bf26ae,a truck turning a corner,direct_exclude,first_frame,0.9515529870986938,0.9515802264213562,0.9550334215164185,0.8850948214530945,0.7226301431655884,0.1624646782875061,2.7239322662353516e-05,-0.0034804344177246094,False,True,completed,True
v_c41543fe72d2e5493d15,a truck slowing down to stop,direct_exclude,first_frame,0.9834082722663879,0.9837220311164856,0.9843165278434753,0.9530027508735657,0.9118047952651978,0.04119795560836792,0.00031375885009765625,-0.0009082555770874023,False,False,completed,True
v_c424c7aceaf2046394ad,a cow running to join a herd of its kind,direct_exclude,first_frame,0.9763944745063782,0.9760204553604126,0.943830132484436,0.9669449329376221,0.7694979906082153,0.19744694232940674,0.00037401914596557617,0.03256434202194214,False,True,completed,True
v_c4de504a244d437ac3ad,a zebra bending down to drink water from a river,direct_exclude,first_frame,0.9940760135650635,0.9933369755744934,0.9942240715026855,0.994841992855072,0.9053804278373718,0.0894615650177002,0.0007390379905700684,-0.0001480579376220703,False,False,completed,True
v_cdab6ebfbdf88aa1365e,an elephant running to join a herd of its kind,direct_exclude,first_frame,0.9607254266738892,0.9606721997261047,0.9233041405677795,0.9530994296073914,0.8346354365348816,0.11846399307250977,5.322694778442383e-05,0.03742128610610962,False,True,completed,True
v_d111e2d8975fa9b850b3,a zebra taking a peaceful walk,direct_exclude,first_frame,0.9483411908149719,0.9476839900016785,0.9479985237121582,0.9036860466003418,0.8382800817489624,0.0654059648513794,0.000657200813293457,0.0003426671028137207,False,False,completed,True
v_d51186bcfc23e2a780ab,a truck slowing down to stop,direct_exclude,first_frame,0.9643544554710388,0.9748975038528442,0.949836790561676,0.9112410545349121,0.8643680810928345,0.04687297344207764,0.01054304838180542,0.014517664909362793,False,False,completed,True
v_d86a4852b9a610b4e2ac,a motorcycle accelerating to gain speed,direct_exclude,first_frame,0.9552143812179565,0.9552894830703735,0.9552609920501709,0.8991079330444336,0.7863857746124268,0.11272215843200684,7.510185241699219e-05,-4.661083221435547e-05,False,True,completed,True
v_e7e6381187b3421f31f4,a zebra taking a peaceful walk,direct_exclude,first_frame,0.9758050441741943,0.975806713104248,0.9760152697563171,0.9502309560775757,0.8993134498596191,0.05091750621795654,1.6689300537109375e-06,-0.00021022558212280273,False,False,completed,True
v_e84cd21f77767e064452,an elephant running to join a herd of its kind,direct_exclude,first_frame,0.8868926167488098,0.887150228023529,0.8906240463256836,0.9618316292762756,0.7591605186462402,0.2026711106300354,0.0002576112747192383,-0.0037314295768737793,False,True,completed,True
v_f762ed821ba1fba906af,a zebra bending down to drink water from a river,direct_exclude,first_frame,0.9867092370986938,0.9862879514694214,0.9864005446434021,0.9777792096138,0.8889210224151611,0.08885818719863892,0.00042128562927246094,0.00030869245529174805,False,False,completed,True
v_f993f14cdb34fb8383ef,a zebra bending down to drink water from a river,direct_exclude,first_frame,0.9814218878746033,0.9804953932762146,0.9818499088287354,0.9786093235015869,0.8782398104667664,0.10036951303482056,0.0009264945983886719,-0.0004280209541320801,False,True,completed,True
v_fb03b6a21df9c0a51627,a cow running to join a herd of its kind,direct_exclude,first_frame,0.9514460563659668,0.9508416056632996,0.9123256802558899,0.9386007189750671,0.8511915802955627,0.0874091386795044,0.0006044507026672363,0.039120376110076904,False,False,completed,True
v_fc9b39a4b047b2db243c,an elephant spraying itself with water using its trunk to cool down,direct_exclude,first_frame,0.9950287342071533,0.9944866895675659,0.9456019997596741,0.9937685132026672,0.944857656955719,0.04891085624694824,0.0005420446395874023,0.04942673444747925,False,False,completed,True
v_fef8070abcd8dcd3af47,a zebra taking a peaceful walk,direct_exclude,first_frame,0.9282910823822021,0.9278967976570129,0.9308910369873047,0.8663416504859924,0.7496222257614136,0.11671942472457886,0.000394284725189209,-0.002599954605102539,False,True,completed,True
v_075ccc862d1b2d4936f0,an elephant running to join a herd of its kind,hybrid_zero,first_frame,0.9630889296531677,0.9633253216743469,0.9228205680847168,0.9417819976806641,0.8818941116333008,0.05988788604736328,0.00023639202117919922,0.04026836156845093,False,False,completed,True
v_0925f4496cf55ade8e5d,an elephant spraying itself with water using its trunk to cool down,hybrid_zero,first_frame,0.98935467004776,0.9891941547393799,0.9463813900947571,0.9881947040557861,0.9424415826797485,0.0457531213760376,0.00016051530838012695,0.04297327995300293,False,False,completed,True
v_0a1a6db568841167f9e8,a truck turning a corner,hybrid_zero,first_frame,0.8892853260040283,0.8879206776618958,0.8340266346931458,0.8972001075744629,0.6517988443374634,0.2454012632369995,0.0013646483421325684,0.05525869131088257,False,True,completed,True
v_10d250e1b4b4a6ec0a82,a cow running to join a herd of its kind,hybrid_zero,first_frame,0.9591885805130005,0.9566681385040283,0.9388418197631836,0.9442958235740662,0.7816945910453796,0.16260123252868652,0.002520442008972168,0.020346760749816895,False,True,completed,True
v_125269dc5fc640751fa4,a zebra running to join a herd of its kind,hybrid_zero,first_frame,0.9697616100311279,0.9697599411010742,0.9246797561645508,0.9459475874900818,0.8384337425231934,0.10751384496688843,1.6689300537109375e-06,0.04508185386657715,False,True,completed,True
v_13502c1b9c959957b46a,a zebra taking a peaceful walk,hybrid_zero,first_frame,0.9967139363288879,0.9958686828613281,0.9497119188308716,0.997106671333313,0.9117203950881958,0.08538627624511719,0.0008452534675598145,0.04700201749801636,False,False,completed,True
v_1814b4d5b25ffa156aa6,an elephant running to join a herd of its kind,hybrid_zero,first_frame,0.9690490961074829,0.9686736464500427,0.9606851935386658,0.9329218864440918,0.866963803768158,0.06595808267593384,0.00037544965744018555,0.008363902568817139,False,False,completed,True
v_22506cf5d5a1e6088fc8,a truck slowing down to stop,hybrid_zero,first_frame,0.8691954612731934,0.8589690327644348,0.8647112250328064,0.7584022879600525,0.5680992603302002,0.1903030276298523,0.010226428508758545,0.004484236240386963,False,False,completed,True
v_2ac6cf025d5e88563949,a zebra running to join a herd of its kind,hybrid_zero,first_frame,0.9500249624252319,0.9512147903442383,0.9090254902839661,0.9185127019882202,0.8473600149154663,0.0711526870727539,0.0011898279190063477,0.04099947214126587,False,False,completed,True
v_2fbefa11a17758f1cd8f,a zebra taking a peaceful walk,hybrid_zero,first_frame,0.9445307850837708,0.9413530230522156,0.9203941226005554,0.9212554693222046,0.7465837001800537,0.17467176914215088,0.0031777620315551758,0.024136662483215332,False,True,completed,True
v_304f65b790cd089803d4,a zebra bending down to drink water from a river,hybrid_zero,first_frame,0.9545856714248657,0.9529760479927063,0.9128476977348328,0.9624999761581421,0.7864928245544434,0.17600715160369873,0.0016096234321594238,0.04173797369003296,False,True,completed,True
v_34025bb5b4d01c898f92,a motorcycle accelerating to gain speed,hybrid_zero,first_frame,0.9564681053161621,0.9561030268669128,0.9441257119178772,0.9416208267211914,0.874363124370575,0.06725770235061646,0.0003650784492492676,0.012342393398284912,False,False,completed,True
v_355010ce10f66a681b88,a truck turning a corner,hybrid_zero,first_frame,0.9635376334190369,0.9605878591537476,0.9290273785591125,0.9169105887413025,0.8096982836723328,0.10721230506896973,0.0029497742652893066,0.034510254859924316,False,True,completed,True
v_35d320b87cf1354b75ab,a zebra running to join a herd of its kind,hybrid_zero,first_frame,0.9588550925254822,0.9583974480628967,0.9019394516944885,0.9490302205085754,0.8284665942192078,0.12056362628936768,0.0004576444625854492,0.05691564083099365,False,True,completed,True
v_38ae4c230155beb1b259,a zebra taking a peaceful walk,hybrid_zero,first_frame,0.9856873154640198,0.9849236011505127,0.9390175342559814,0.98517906665802,0.9200664162635803,0.0651126503944397,0.0007637143135070801,0.04666978120803833,False,False,completed,True
v_3b6ddfc07cc98fcf9fa0,an elephant running to join a herd of its kind,hybrid_zero,first_frame,0.9880058169364929,0.9879727959632874,0.9465914964675903,0.9849029779434204,0.9449189901351929,0.03998398780822754,3.3020973205566406e-05,0.04141432046890259,False,False,completed,True
v_427171327cff517973ed,a zebra bending down to drink water from a river,hybrid_zero,first_frame,0.9852167367935181,0.9849452376365662,0.9420585632324219,0.9767624139785767,0.8999595046043396,0.07680290937423706,0.0002714991569519043,0.04315817356109619,False,False,completed,True
v_4719caef96c8df794757,an elephant running to join a herd of its kind,hybrid_zero,first_frame,0.9782639741897583,0.9784254431724548,0.9424301981925964,0.969979465007782,0.9079651236534119,0.06201434135437012,0.0001614689826965332,0.035833775997161865,False,False,completed,True
v_4d76a76426a219a5f1bb,a zebra bending down to drink water from a river,hybrid_zero,first_frame,0.9782224893569946,0.9780158400535583,0.959313154220581,0.9762669801712036,0.9183252453804016,0.057941734790802,0.0002066493034362793,0.018909335136413574,False,False,completed,True
v_4e7cf3a0868b1b118f55,a zebra running to join a herd of its kind,hybrid_zero,first_frame,0.9522103071212769,0.9505556225776672,0.9313651323318481,0.9482232928276062,0.8641955852508545,0.08402770757675171,0.0016546845436096191,0.02084517478942871,False,False,completed,True
v_4f8abc7bb931501fb862,a truck slowing down to stop,hybrid_zero,first_frame,0.9940704703330994,0.9751462340354919,0.9934031367301941,0.9710509777069092,0.7109471559524536,0.26010382175445557,0.018924236297607422,0.0006673336029052734,False,False,completed,False
v_4ff816e35ca1960d8058,an elephant running to join a herd of its kind,hybrid_zero,first_frame,0.9646567702293396,0.9647223949432373,0.9127362370491028,0.9487122297286987,0.8543686270713806,0.09434360265731812,6.562471389770508e-05,0.051920533180236816,False,False,completed,True
v_50b265d3f9ccf281a518,an elephant spraying itself with water using its trunk to cool down,hybrid_zero,first_frame,0.9901018142700195,0.9875572919845581,0.9435235261917114,0.9922862648963928,0.9505739212036133,0.04171234369277954,0.0025445222854614258,0.046578288078308105,False,False,completed,True
v_53b3d43654788945925c,a zebra running to join a herd of its kind,hybrid_zero,first_frame,0.972172737121582,0.9715589284896851,0.9243699908256531,0.9581042528152466,0.8342838883399963,0.12382036447525024,0.0006138086318969727,0.047802746295928955,False,True,completed,True
v_55a4f07d56cda7470760,an elephant running to join a herd of its kind,hybrid_zero,first_frame,0.9789860844612122,0.9789260029792786,0.9351860880851746,0.9713909029960632,0.9395151138305664,0.031875789165496826,6.008148193359375e-05,0.0437999963760376,False,False,completed,True
v_6015d56a898aa0948639,a zebra bending down to drink water from a river,hybrid_zero,first_frame,0.9817591905593872,0.9768569469451904,0.9746584296226501,0.9774531722068787,0.8040847182273865,0.1733684539794922,0.004902243614196777,0.0071007609367370605,False,True,completed,True
v_67c0894760111d0087b6,a motorcycle accelerating to gain speed,hybrid_zero,first_frame,0.92059326171875,0.9205891489982605,0.9046619534492493,0.7869536280632019,0.7020312547683716,0.08492237329483032,4.112720489501953e-06,0.015931308269500732,False,False,completed,True
v_6bee77846ce628e11d94,an elephant spraying itself with water using its trunk to cool down,hybrid_zero,first_frame,0.9835841059684753,0.9831768870353699,0.9663981199264526,0.9801599383354187,0.9357157349586487,0.04444420337677002,0.00040721893310546875,0.017185986042022705,False,False,completed,True
v_6d2af08e0301e767c719,a cow running to join a herd of its kind,hybrid_zero,first_frame,0.9381388425827026,0.9376362562179565,0.9091246724128723,0.871242880821228,0.6690887808799744,0.20215409994125366,0.0005025863647460938,0.029014170169830322,False,True,completed,True
v_6ee4476dec8615e1535f,a zebra bending down to drink water from a river,hybrid_zero,first_frame,0.9657285213470459,0.9655743837356567,0.9507076740264893,0.964434027671814,0.8666151762008667,0.09781885147094727,0.00015413761138916016,0.01502084732055664,False,False,completed,True
v_74d5bd9982ed49689599,a truck turning a corner,hybrid_zero,first_frame,0.9701874256134033,0.9702699780464172,0.9367955923080444,0.9252806901931763,0.8177419304847717,0.10753875970840454,8.255243301391602e-05,0.03339183330535889,False,True,completed,True
v_795022cc03907dc7489e,an elephant spraying itself with water using its trunk to cool down,hybrid_zero,first_frame,0.9523473978042603,0.9523116946220398,0.940381646156311,0.9006173610687256,0.7696298360824585,0.1309875249862671,3.5703182220458984e-05,0.011965751647949219,False,True,completed,True
v_7959de66f76bf5fc41d9,a zebra bending down to drink water from a river,hybrid_zero,first_frame,0.9828632473945618,0.9827536940574646,0.9665160179138184,0.9712667465209961,0.9070979356765747,0.06416881084442139,0.00010955333709716797,0.016347229480743408,False,False,completed,True
v_82dc1689fd289adcc0d2,a zebra taking a peaceful walk,hybrid_zero,first_frame,0.9778921008110046,0.9778931140899658,0.9368632435798645,0.9754855632781982,0.902262270450592,0.0732232928276062,1.0132789611816406e-06,0.04102885723114014,False,False,completed,True
v_88720509dffa7aea9e30,a zebra bending down to drink water from a river,hybrid_zero,first_frame,0.9738063216209412,0.9742297530174255,0.9385873675346375,0.9799759387969971,0.8961917161941528,0.08378422260284424,0.000423431396484375,0.03521895408630371,False,False,completed,True
v_8887acf562b32cc84023,a zebra bending down to drink water from a river,hybrid_zero,first_frame,0.9334750771522522,0.9185234904289246,0.9319424033164978,0.9226030707359314,0.5745158195495605,0.34808725118637085,0.014951586723327637,0.0015326738357543945,False,False,completed,True
v_8dca194984971f0a1124,a truck turning a corner,hybrid_zero,first_frame,0.9337459802627563,0.9329096674919128,0.8906691074371338,0.8681207299232483,0.7740640640258789,0.09405666589736938,0.0008363127708435059,0.04307687282562256,False,False,completed,True
v_8e6a21dfeb7a106dae22,a zebra taking a peaceful walk,hybrid_zero,first_frame,0.9760703444480896,0.973563015460968,0.9703320860862732,0.9702401757240295,0.9041962027549744,0.06604397296905518,0.002507328987121582,0.005738258361816406,False,False,completed,True
v_a18cdea6bd26987ddbc4,a cow running to join a herd of its kind,hybrid_zero,first_frame,0.9762948155403137,0.9762868285179138,0.9563661217689514,0.9539317488670349,0.8661909103393555,0.08774083852767944,7.987022399902344e-06,0.019928693771362305,False,False,completed,True
v_a3b6d576bc5c5ef3517f,a zebra running to join a herd of its kind,hybrid_zero,first_frame,0.9438295960426331,0.9433502554893494,0.9152843952178955,0.9383728504180908,0.8727481365203857,0.06562471389770508,0.0004793405532836914,0.02854520082473755,False,False,completed,True
v_a522928f33a3f29c463c,a truck slowing down to stop,hybrid_zero,first_frame,0.9893493056297302,0.9884498119354248,0.9389309287071228,0.9741533398628235,0.8778459429740906,0.09630739688873291,0.0008994936943054199,0.05041837692260742,False,False,completed,True
v_a5b4d7c4b2a095c9e6cc,an elephant running to join a herd of its kind,hybrid_zero,first_frame,0.9817762970924377,0.980992317199707,0.9655299782752991,0.9782154560089111,0.9391310214996338,0.039084434509277344,0.0007839798927307129,0.016246318817138672,False,False,completed,True
v_aa14318968934ce72fb1,a zebra bending down to drink water from a river,hybrid_zero,first_frame,0.973966121673584,0.9732820987701416,0.9344323873519897,0.9643047451972961,0.8457794785499573,0.11852526664733887,0.0006840229034423828,0.03953373432159424,False,True,completed,True
v_ad2f0d6ec69f9ff90382,a zebra taking a peaceful walk,hybrid_zero,first_frame,0.9869072437286377,0.9864271879196167,0.9403651356697083,0.9837861657142639,0.8996450304985046,0.08414113521575928,0.0004800558090209961,0.04654210805892944,False,False,completed,True
v_b2657298416595015a2b,a zebra running to join a herd of its kind,hybrid_zero,first_frame,0.9221466779708862,0.922080934047699,0.899448812007904,0.8821325302124023,0.80196613073349,0.08016639947891235,6.574392318725586e-05,0.022697865962982178,False,False,completed,True
v_bc950a10e74a0a5447f1,a zebra bending down to drink water from a river,hybrid_zero,first_frame,0.9756776690483093,0.9752589464187622,0.925758421421051,0.9725489616394043,0.8593190908432007,0.11322987079620361,0.00041872262954711914,0.0499192476272583,False,True,completed,True
v_bf4b3df29a9616bf26ae,a truck turning a corner,hybrid_zero,first_frame,0.9515529870986938,0.9515802264213562,0.9174057245254517,0.8850948214530945,0.7226301431655884,0.1624646782875061,2.7239322662353516e-05,0.03414726257324219,False,True,completed,True
v_c41543fe72d2e5493d15,a truck slowing down to stop,hybrid_zero,first_frame,0.9834082722663879,0.9837220311164856,0.9709507822990417,0.9530027508735657,0.9118047952651978,0.04119795560836792,0.00031375885009765625,0.012457489967346191,False,False,completed,True
v_c424c7aceaf2046394ad,a cow running to join a herd of its kind,hybrid_zero,first_frame,0.9763944745063782,0.9760204553604126,0.943830132484436,0.9669449329376221,0.7694979906082153,0.19744694232940674,0.00037401914596557617,0.03256434202194214,False,True,completed,True
v_c4de504a244d437ac3ad,a zebra bending down to drink water from a river,hybrid_zero,first_frame,0.9940760135650635,0.9933369755744934,0.9423316121101379,0.994841992855072,0.9053804278373718,0.0894615650177002,0.0007390379905700684,0.05174440145492554,False,False,completed,True
v_cdab6ebfbdf88aa1365e,an elephant running to join a herd of its kind,hybrid_zero,first_frame,0.9607254266738892,0.9606721997261047,0.9233041405677795,0.9530994296073914,0.8346354365348816,0.11846399307250977,5.322694778442383e-05,0.03742128610610962,False,True,completed,True
v_d111e2d8975fa9b850b3,a zebra taking a peaceful walk,hybrid_zero,first_frame,0.9483411908149719,0.9476839900016785,0.914570152759552,0.9036860466003418,0.8382800817489624,0.0654059648513794,0.000657200813293457,0.03377103805541992,False,False,completed,True
v_d51186bcfc23e2a780ab,a truck slowing down to stop,hybrid_zero,first_frame,0.9643544554710388,0.9748975038528442,0.949836790561676,0.9112410545349121,0.8643680810928345,0.04687297344207764,0.01054304838180542,0.014517664909362793,False,False,completed,True
v_d86a4852b9a610b4e2ac,a motorcycle accelerating to gain speed,hybrid_zero,first_frame,0.9552143812179565,0.9552894830703735,0.9256055951118469,0.8991079330444336,0.7863857746124268,0.11272215843200684,7.510185241699219e-05,0.02960878610610962,False,True,completed,True
v_e7e6381187b3421f31f4,a zebra taking a peaceful walk,hybrid_zero,first_frame,0.9758050441741943,0.975806713104248,0.9299443960189819,0.9502309560775757,0.8993134498596191,0.05091750621795654,1.6689300537109375e-06,0.0458606481552124,False,False,completed,True
v_e84cd21f77767e064452,an elephant running to join a herd of its kind,hybrid_zero,first_frame,0.8868926167488098,0.887150228023529,0.8798813223838806,0.9618316292762756,0.7591605186462402,0.2026711106300354,0.0002576112747192383,0.007011294364929199,False,True,completed,True
v_f762ed821ba1fba906af,a zebra bending down to drink water from a river,hybrid_zero,first_frame,0.9867092370986938,0.9862879514694214,0.9389002919197083,0.9777792096138,0.8889210224151611,0.08885818719863892,0.00042128562927246094,0.047808945178985596,False,False,completed,True
v_f993f14cdb34fb8383ef,a zebra bending down to drink water from a river,hybrid_zero,first_frame,0.9814218878746033,0.9804953932762146,0.9451701045036316,0.9786093235015869,0.8782398104667664,0.10036951303482056,0.0009264945983886719,0.03625178337097168,False,True,completed,True
v_fb03b6a21df9c0a51627,a cow running to join a herd of its kind,hybrid_zero,first_frame,0.9514460563659668,0.9508416056632996,0.9123256802558899,0.9386007189750671,0.8511915802955627,0.0874091386795044,0.0006044507026672363,0.039120376110076904,False,False,completed,True
v_fc9b39a4b047b2db243c,an elephant spraying itself with water using its trunk to cool down,hybrid_zero,first_frame,0.9950287342071533,0.9944866895675659,0.9456019997596741,0.9937685132026672,0.944857656955719,0.04891085624694824,0.0005420446395874023,0.04942673444747925,False,False,completed,True
v_fef8070abcd8dcd3af47,a zebra taking a peaceful walk,hybrid_zero,first_frame,0.9282910823822021,0.9278967976570129,0.9143397212028503,0.8663416504859924,0.7496222257614136,0.11671942472457886,0.000394284725189209,0.013951361179351807,False,True,completed,True
v_075ccc862d1b2d4936f0,an elephant running to join a herd of its kind,hybrid_exclude,first_frame,0.9630889296531677,0.9633253216743469,0.9228205680847168,0.9417819976806641,0.8818941116333008,0.05988788604736328,0.00023639202117919922,0.04026836156845093,False,False,completed,True
v_0925f4496cf55ade8e5d,an elephant spraying itself with water using its trunk to cool down,hybrid_exclude,first_frame,0.98935467004776,0.9891941547393799,0.9463813900947571,0.9881947040557861,0.9424415826797485,0.0457531213760376,0.00016051530838012695,0.04297327995300293,False,False,completed,True
v_0a1a6db568841167f9e8,a truck turning a corner,hybrid_exclude,first_frame,0.8892853260040283,0.8879206776618958,0.8340266346931458,0.8972001075744629,0.6517988443374634,0.2454012632369995,0.0013646483421325684,0.05525869131088257,False,True,completed,True
v_10d250e1b4b4a6ec0a82,a cow running to join a herd of its kind,hybrid_exclude,first_frame,0.9591885805130005,0.9566681385040283,0.9388418197631836,0.9442958235740662,0.7816945910453796,0.16260123252868652,0.002520442008972168,0.020346760749816895,False,True,completed,True
v_125269dc5fc640751fa4,a zebra running to join a herd of its kind,hybrid_exclude,first_frame,0.9697616100311279,0.9697599411010742,0.9246797561645508,0.9459475874900818,0.8384337425231934,0.10751384496688843,1.6689300537109375e-06,0.04508185386657715,False,True,completed,True
v_13502c1b9c959957b46a,a zebra taking a peaceful walk,hybrid_exclude,first_frame,0.9967139363288879,0.9958686828613281,0.9497119188308716,0.997106671333313,0.9117203950881958,0.08538627624511719,0.0008452534675598145,0.04700201749801636,False,False,completed,True
v_1814b4d5b25ffa156aa6,an elephant running to join a herd of its kind,hybrid_exclude,first_frame,0.9690490961074829,0.9686736464500427,0.9606851935386658,0.9329218864440918,0.866963803768158,0.06595808267593384,0.00037544965744018555,0.008363902568817139,False,False,completed,True
v_22506cf5d5a1e6088fc8,a truck slowing down to stop,hybrid_exclude,first_frame,0.8691954612731934,0.8589690327644348,0.8647112250328064,0.7584022879600525,0.5680992603302002,0.1903030276298523,0.010226428508758545,0.004484236240386963,False,False,completed,True
v_2ac6cf025d5e88563949,a zebra running to join a herd of its kind,hybrid_exclude,first_frame,0.9500249624252319,0.9512147903442383,0.9090254902839661,0.9185127019882202,0.8473600149154663,0.0711526870727539,0.0011898279190063477,0.04099947214126587,False,False,completed,True
v_2fbefa11a17758f1cd8f,a zebra taking a peaceful walk,hybrid_exclude,first_frame,0.9445307850837708,0.9413530230522156,0.9203941226005554,0.9212554693222046,0.7465837001800537,0.17467176914215088,0.0031777620315551758,0.024136662483215332,False,True,completed,True
v_304f65b790cd089803d4,a zebra bending down to drink water from a river,hybrid_exclude,first_frame,0.9545856714248657,0.9529760479927063,0.9128476977348328,0.9624999761581421,0.7864928245544434,0.17600715160369873,0.0016096234321594238,0.04173797369003296,False,True,completed,True
v_34025bb5b4d01c898f92,a motorcycle accelerating to gain speed,hybrid_exclude,first_frame,0.9564681053161621,0.9561030268669128,0.9441257119178772,0.9416208267211914,0.874363124370575,0.06725770235061646,0.0003650784492492676,0.012342393398284912,False,False,completed,True
v_355010ce10f66a681b88,a truck turning a corner,hybrid_exclude,first_frame,0.9635376334190369,0.9605878591537476,0.9290273785591125,0.9169105887413025,0.8096982836723328,0.10721230506896973,0.0029497742652893066,0.034510254859924316,False,True,completed,True
v_35d320b87cf1354b75ab,a zebra running to join a herd of its kind,hybrid_exclude,first_frame,0.9588550925254822,0.9583974480628967,0.9019394516944885,0.9490302205085754,0.8284665942192078,0.12056362628936768,0.0004576444625854492,0.05691564083099365,False,True,completed,True
v_38ae4c230155beb1b259,a zebra taking a peaceful walk,hybrid_exclude,first_frame,0.9856873154640198,0.9849236011505127,0.9390175342559814,0.98517906665802,0.9200664162635803,0.0651126503944397,0.0007637143135070801,0.04666978120803833,False,False,completed,True
v_3b6ddfc07cc98fcf9fa0,an elephant running to join a herd of its kind,hybrid_exclude,first_frame,0.9880058169364929,0.9879727959632874,0.9465914964675903,0.9849029779434204,0.9449189901351929,0.03998398780822754,3.3020973205566406e-05,0.04141432046890259,False,False,completed,True
v_427171327cff517973ed,a zebra bending down to drink water from a river,hybrid_exclude,first_frame,0.9852167367935181,0.9849452376365662,0.9420585632324219,0.9767624139785767,0.8999595046043396,0.07680290937423706,0.0002714991569519043,0.04315817356109619,False,False,completed,True
v_4719caef96c8df794757,an elephant running to join a herd of its kind,hybrid_exclude,first_frame,0.9782639741897583,0.9784254431724548,0.9424301981925964,0.969979465007782,0.9079651236534119,0.06201434135437012,0.0001614689826965332,0.035833775997161865,False,False,completed,True
v_4d76a76426a219a5f1bb,a zebra bending down to drink water from a river,hybrid_exclude,first_frame,0.9782224893569946,0.9780158400535583,0.959313154220581,0.9762669801712036,0.9183252453804016,0.057941734790802,0.0002066493034362793,0.018909335136413574,False,False,completed,True
v_4e7cf3a0868b1b118f55,a zebra running to join a herd of its kind,hybrid_exclude,first_frame,0.9522103071212769,0.9505556225776672,0.9313651323318481,0.9482232928276062,0.8641955852508545,0.08402770757675171,0.0016546845436096191,0.02084517478942871,False,False,completed,True
v_4f8abc7bb931501fb862,a truck slowing down to stop,hybrid_exclude,first_frame,0.9940704703330994,0.9751462340354919,0.9934031367301941,0.9710509777069092,0.7109471559524536,0.26010382175445557,0.018924236297607422,0.0006673336029052734,False,False,completed,False
v_4ff816e35ca1960d8058,an elephant running to join a herd of its kind,hybrid_exclude,first_frame,0.9646567702293396,0.9647223949432373,0.9127362370491028,0.9487122297286987,0.8543686270713806,0.09434360265731812,6.562471389770508e-05,0.051920533180236816,False,False,completed,True
v_50b265d3f9ccf281a518,an elephant spraying itself with water using its trunk to cool down,hybrid_exclude,first_frame,0.9901018142700195,0.9875572919845581,0.9435235261917114,0.9922862648963928,0.9505739212036133,0.04171234369277954,0.0025445222854614258,0.046578288078308105,False,False,completed,True
v_53b3d43654788945925c,a zebra running to join a herd of its kind,hybrid_exclude,first_frame,0.972172737121582,0.9715589284896851,0.9243699908256531,0.9581042528152466,0.8342838883399963,0.12382036447525024,0.0006138086318969727,0.047802746295928955,False,True,completed,True
v_55a4f07d56cda7470760,an elephant running to join a herd of its kind,hybrid_exclude,first_frame,0.9789860844612122,0.9789260029792786,0.9351860880851746,0.9713909029960632,0.9395151138305664,0.031875789165496826,6.008148193359375e-05,0.0437999963760376,False,False,completed,True
v_6015d56a898aa0948639,a zebra bending down to drink water from a river,hybrid_exclude,first_frame,0.9817591905593872,0.9768569469451904,0.9746584296226501,0.9774531722068787,0.8040847182273865,0.1733684539794922,0.004902243614196777,0.0071007609367370605,False,True,completed,True
v_67c0894760111d0087b6,a motorcycle accelerating to gain speed,hybrid_exclude,first_frame,0.92059326171875,0.9205891489982605,0.9046619534492493,0.7869536280632019,0.7020312547683716,0.08492237329483032,4.112720489501953e-06,0.015931308269500732,False,False,completed,True
v_6bee77846ce628e11d94,an elephant spraying itself with water using its trunk to cool down,hybrid_exclude,first_frame,0.9835841059684753,0.9831768870353699,0.9663981199264526,0.9801599383354187,0.9357157349586487,0.04444420337677002,0.00040721893310546875,0.017185986042022705,False,False,completed,True
v_6d2af08e0301e767c719,a cow running to join a herd of its kind,hybrid_exclude,first_frame,0.9381388425827026,0.9376362562179565,0.9091246724128723,0.871242880821228,0.6690887808799744,0.20215409994125366,0.0005025863647460938,0.029014170169830322,False,True,completed,True
v_6ee4476dec8615e1535f,a zebra bending down to drink water from a river,hybrid_exclude,first_frame,0.9657285213470459,0.9655743837356567,0.9507076740264893,0.964434027671814,0.8666151762008667,0.09781885147094727,0.00015413761138916016,0.01502084732055664,False,False,completed,True
v_74d5bd9982ed49689599,a truck turning a corner,hybrid_exclude,first_frame,0.9701874256134033,0.9702699780464172,0.9367955923080444,0.9252806901931763,0.8177419304847717,0.10753875970840454,8.255243301391602e-05,0.03339183330535889,False,True,completed,True
v_795022cc03907dc7489e,an elephant spraying itself with water using its trunk to cool down,hybrid_exclude,first_frame,0.9523473978042603,0.9523116946220398,0.940381646156311,0.9006173610687256,0.7696298360824585,0.1309875249862671,3.5703182220458984e-05,0.011965751647949219,False,True,completed,True
v_7959de66f76bf5fc41d9,a zebra bending down to drink water from a river,hybrid_exclude,first_frame,0.9828632473945618,0.9827536940574646,0.9665160179138184,0.9712667465209961,0.9070979356765747,0.06416881084442139,0.00010955333709716797,0.016347229480743408,False,False,completed,True
v_82dc1689fd289adcc0d2,a zebra taking a peaceful walk,hybrid_exclude,first_frame,0.9778921008110046,0.9778931140899658,0.9368632435798645,0.9754855632781982,0.902262270450592,0.0732232928276062,1.0132789611816406e-06,0.04102885723114014,False,False,completed,True
v_88720509dffa7aea9e30,a zebra bending down to drink water from a river,hybrid_exclude,first_frame,0.9738063216209412,0.9742297530174255,0.9385873675346375,0.9799759387969971,0.8961917161941528,0.08378422260284424,0.000423431396484375,0.03521895408630371,False,False,completed,True
v_8887acf562b32cc84023,a zebra bending down to drink water from a river,hybrid_exclude,first_frame,0.9334750771522522,0.9185234904289246,0.9319424033164978,0.9226030707359314,0.5745158195495605,0.34808725118637085,0.014951586723327637,0.0015326738357543945,False,False,completed,True
v_8dca194984971f0a1124,a truck turning a corner,hybrid_exclude,first_frame,0.9337459802627563,0.9329096674919128,0.8906691074371338,0.8681207299232483,0.7740640640258789,0.09405666589736938,0.0008363127708435059,0.04307687282562256,False,False,completed,True
v_8e6a21dfeb7a106dae22,a zebra taking a peaceful walk,hybrid_exclude,first_frame,0.9760703444480896,0.973563015460968,0.9703320860862732,0.9702401757240295,0.9041962027549744,0.06604397296905518,0.002507328987121582,0.005738258361816406,False,False,completed,True
v_a18cdea6bd26987ddbc4,a cow running to join a herd of its kind,hybrid_exclude,first_frame,0.9762948155403137,0.9762868285179138,0.9563661217689514,0.9539317488670349,0.8661909103393555,0.08774083852767944,7.987022399902344e-06,0.019928693771362305,False,False,completed,True
v_a3b6d576bc5c5ef3517f,a zebra running to join a herd of its kind,hybrid_exclude,first_frame,0.9438295960426331,0.9433502554893494,0.9152843952178955,0.9383728504180908,0.8727481365203857,0.06562471389770508,0.0004793405532836914,0.02854520082473755,False,False,completed,True
v_a522928f33a3f29c463c,a truck slowing down to stop,hybrid_exclude,first_frame,0.9893493056297302,0.9884498119354248,0.9389309287071228,0.9741533398628235,0.8778459429740906,0.09630739688873291,0.0008994936943054199,0.05041837692260742,False,False,completed,True
v_a5b4d7c4b2a095c9e6cc,an elephant running to join a herd of its kind,hybrid_exclude,first_frame,0.9817762970924377,0.980992317199707,0.9655299782752991,0.9782154560089111,0.9391310214996338,0.039084434509277344,0.0007839798927307129,0.016246318817138672,False,False,completed,True
v_aa14318968934ce72fb1,a zebra bending down to drink water from a river,hybrid_exclude,first_frame,0.973966121673584,0.9732820987701416,0.9344323873519897,0.9643047451972961,0.8457794785499573,0.11852526664733887,0.0006840229034423828,0.03953373432159424,False,True,completed,True
v_ad2f0d6ec69f9ff90382,a zebra taking a peaceful walk,hybrid_exclude,first_frame,0.9869072437286377,0.9864271879196167,0.9403651356697083,0.9837861657142639,0.8996450304985046,0.08414113521575928,0.0004800558090209961,0.04654210805892944,False,False,completed,True
v_b2657298416595015a2b,a zebra running to join a herd of its kind,hybrid_exclude,first_frame,0.9221466779708862,0.922080934047699,0.899448812007904,0.8821325302124023,0.80196613073349,0.08016639947891235,6.574392318725586e-05,0.022697865962982178,False,False,completed,True
v_bc950a10e74a0a5447f1,a zebra bending down to drink water from a river,hybrid_exclude,first_frame,0.9756776690483093,0.9752589464187622,0.925758421421051,0.9725489616394043,0.8593190908432007,0.11322987079620361,0.00041872262954711914,0.0499192476272583,False,True,completed,True
v_bf4b3df29a9616bf26ae,a truck turning a corner,hybrid_exclude,first_frame,0.9515529870986938,0.9515802264213562,0.9174057245254517,0.8850948214530945,0.7226301431655884,0.1624646782875061,2.7239322662353516e-05,0.03414726257324219,False,True,completed,True
v_c41543fe72d2e5493d15,a truck slowing down to stop,hybrid_exclude,first_frame,0.9834082722663879,0.9837220311164856,0.9709507822990417,0.9530027508735657,0.9118047952651978,0.04119795560836792,0.00031375885009765625,0.012457489967346191,False,False,completed,True
v_c424c7aceaf2046394ad,a cow running to join a herd of its kind,hybrid_exclude,first_frame,0.9763944745063782,0.9760204553604126,0.943830132484436,0.9669449329376221,0.7694979906082153,0.19744694232940674,0.00037401914596557617,0.03256434202194214,False,True,completed,True
v_c4de504a244d437ac3ad,a zebra bending down to drink water from a river,hybrid_exclude,first_frame,0.9940760135650635,0.9933369755744934,0.9423316121101379,0.994841992855072,0.9053804278373718,0.0894615650177002,0.0007390379905700684,0.05174440145492554,False,False,completed,True
v_cdab6ebfbdf88aa1365e,an elephant running to join a herd of its kind,hybrid_exclude,first_frame,0.9607254266738892,0.9606721997261047,0.9233041405677795,0.9530994296073914,0.8346354365348816,0.11846399307250977,5.322694778442383e-05,0.03742128610610962,False,True,completed,True
v_d111e2d8975fa9b850b3,a zebra taking a peaceful walk,hybrid_exclude,first_frame,0.9483411908149719,0.9476839900016785,0.914570152759552,0.9036860466003418,0.8382800817489624,0.0654059648513794,0.000657200813293457,0.03377103805541992,False,False,completed,True
v_d51186bcfc23e2a780ab,a truck slowing down to stop,hybrid_exclude,first_frame,0.9643544554710388,0.9748975038528442,0.949836790561676,0.9112410545349121,0.8643680810928345,0.04687297344207764,0.01054304838180542,0.014517664909362793,False,False,completed,True
v_d86a4852b9a610b4e2ac,a motorcycle accelerating to gain speed,hybrid_exclude,first_frame,0.9552143812179565,0.9552894830703735,0.9256055951118469,0.8991079330444336,0.7863857746124268,0.11272215843200684,7.510185241699219e-05,0.02960878610610962,False,True,completed,True
v_e7e6381187b3421f31f4,a zebra taking a peaceful walk,hybrid_exclude,first_frame,0.9758050441741943,0.975806713104248,0.9299443960189819,0.9502309560775757,0.8993134498596191,0.05091750621795654,1.6689300537109375e-06,0.0458606481552124,False,False,completed,True
v_e84cd21f77767e064452,an elephant running to join a herd of its kind,hybrid_exclude,first_frame,0.8868926167488098,0.887150228023529,0.8798813223838806,0.9618316292762756,0.7591605186462402,0.2026711106300354,0.0002576112747192383,0.007011294364929199,False,True,completed,True
v_f762ed821ba1fba906af,a zebra bending down to drink water from a river,hybrid_exclude,first_frame,0.9867092370986938,0.9862879514694214,0.9389002919197083,0.9777792096138,0.8889210224151611,0.08885818719863892,0.00042128562927246094,0.047808945178985596,False,False,completed,True
v_f993f14cdb34fb8383ef,a zebra bending down to drink water from a river,hybrid_exclude,first_frame,0.9814218878746033,0.9804953932762146,0.9451701045036316,0.9786093235015869,0.8782398104667664,0.10036951303482056,0.0009264945983886719,0.03625178337097168,False,True,completed,True
v_fb03b6a21df9c0a51627,a cow running to join a herd of its kind,hybrid_exclude,first_frame,0.9514460563659668,0.9508416056632996,0.9123256802558899,0.9386007189750671,0.8511915802955627,0.0874091386795044,0.0006044507026672363,0.039120376110076904,False,False,completed,True
v_fc9b39a4b047b2db243c,an elephant spraying itself with water using its trunk to cool down,hybrid_exclude,first_frame,0.9950287342071533,0.9944866895675659,0.9456019997596741,0.9937685132026672,0.944857656955719,0.04891085624694824,0.0005420446395874023,0.04942673444747925,False,False,completed,True
v_fef8070abcd8dcd3af47,a zebra taking a peaceful walk,hybrid_exclude,first_frame,0.9282910823822021,0.9278967976570129,0.9143397212028503,0.8663416504859924,0.7496222257614136,0.11671942472457886,0.000394284725189209,0.013951361179351807,False,True,completed,True
v_075ccc862d1b2d4936f0,an elephant running to join a herd of its kind,direct_zero,middle_frame,0.9630889296531677,0.9627338647842407,0.9234020709991455,0.9417819976806641,0.927249550819397,0.01453244686126709,0.00035506486892700195,0.03968685865402222,False,False,completed,True
v_0925f4496cf55ade8e5d,an elephant spraying itself with water using its trunk to cool down,direct_zero,middle_frame,0.98935467004776,0.9888421893119812,0.8653700351715088,0.9881947040557861,0.9792023301124573,0.008992373943328857,0.0005124807357788086,0.12398463487625122,False,False,completed,True
v_0a1a6db568841167f9e8,a truck turning a corner,direct_zero,middle_frame,0.7832257747650146,0.7818005084991455,0.6761252284049988,0.8972001075744629,0.8467393517494202,0.050460755825042725,0.0014252662658691406,0.10710054636001587,False,False,completed,True
v_10d250e1b4b4a6ec0a82,a cow running to join a herd of its kind,direct_zero,middle_frame,0.9591885805130005,0.9529949426651001,0.9459567070007324,0.9442958235740662,0.9060098528862,0.03828597068786621,0.006193637847900391,0.013231873512268066,False,False,completed,True
v_125269dc5fc640751fa4,a zebra running to join a herd of its kind,direct_zero,middle_frame,0.9697616100311279,0.9697055816650391,0.8481631875038147,0.9459475874900818,0.9284519553184509,0.01749563217163086,5.602836608886719e-05,0.12159842252731323,False,False,completed,True
v_13502c1b9c959957b46a,a zebra taking a peaceful walk,direct_zero,middle_frame,0.9967139363288879,0.9954102635383606,0.8721058368682861,0.997106671333313,0.9807003736495972,0.01640629768371582,0.0013036727905273438,0.1246080994606018,False,False,completed,True
v_1814b4d5b25ffa156aa6,an elephant running to join a herd of its kind,direct_zero,middle_frame,0.9690490961074829,0.968996524810791,0.9483551383018494,0.9329218864440918,0.9279018640518188,0.005020022392272949,5.257129669189453e-05,0.020693957805633545,False,False,completed,True
v_22506cf5d5a1e6088fc8,a truck slowing down to stop,direct_zero,middle_frame,0.8691954612731934,0.7593309879302979,0.868051290512085,0.7584022879600525,0.699288547039032,0.05911374092102051,0.10986447334289551,0.0011441707611083984,False,False,completed,True
v_2ac6cf025d5e88563949,a zebra running to join a herd of its kind,direct_zero,middle_frame,0.9500249624252319,0.9496548175811768,0.8309059143066406,0.9185127019882202,0.9022325277328491,0.016280174255371094,0.0003701448440551758,0.11911904811859131,False,False,completed,True
v_2fbefa11a17758f1cd8f,a zebra taking a peaceful walk,direct_zero,middle_frame,0.9445307850837708,0.9429556727409363,0.9217033982276917,0.9212554693222046,0.8890725374221802,0.032182931900024414,0.0015751123428344727,0.0228273868560791,False,False,completed,True
v_304f65b790cd089803d4,a zebra bending down to drink water from a river,direct_zero,middle_frame,0.9545856714248657,0.9521182179450989,0.8346068263053894,0.9624999761581421,0.929438591003418,0.03306138515472412,0.0024674534797668457,0.11997884511947632,False,False,completed,True
v_34025bb5b4d01c898f92,a motorcycle accelerating to gain speed,direct_zero,middle_frame,0.9564681053161621,0.9556928873062134,0.8983703851699829,0.9416208267211914,0.934863805770874,0.006757020950317383,0.0007752180099487305,0.0580977201461792,False,False,completed,True
v_355010ce10f66a681b88,a truck turning a corner,direct_zero,middle_frame,0.9635376334190369,0.9600126147270203,0.8421530723571777,0.9169105887413025,0.9023275375366211,0.014583051204681396,0.0035250186920166016,0.12138456106185913,False,False,completed,True
v_35d320b87cf1354b75ab,a zebra running to join a herd of its kind,direct_zero,middle_frame,0.9588550925254822,0.9591454267501831,0.8390077352523804,0.9490302205085754,0.9276553988456726,0.021374821662902832,0.00029033422470092773,0.1198473572731018,False,False,completed,True
v_38ae4c230155beb1b259,a zebra taking a peaceful walk,direct_zero,middle_frame,0.9856873154640198,0.9854244589805603,0.8622411489486694,0.98517906665802,0.9742915630340576,0.010887503623962402,0.00026285648345947266,0.12344616651535034,False,False,completed,True
v_3b6ddfc07cc98fcf9fa0,an elephant running to join a herd of its kind,direct_zero,middle_frame,0.9880058169364929,0.9879570603370667,0.9368624687194824,0.9849029779434204,0.9775246381759644,0.007378339767456055,4.875659942626953e-05,0.0511433482170105,False,False,completed,True
v_427171327cff517973ed,a zebra bending down to drink water from a river,direct_zero,middle_frame,0.9852167367935181,0.9847605228424072,0.8617429733276367,0.9767624139785767,0.9614942669868469,0.015268146991729736,0.00045621395111083984,0.12347376346588135,False,False,completed,True
v_4719caef96c8df794757,an elephant running to join a herd of its kind,direct_zero,middle_frame,0.9782639741897583,0.9782363176345825,0.94432133436203,0.969979465007782,0.9599528908729553,0.01002657413482666,2.765655517578125e-05,0.03394263982772827,False,False,completed,True
v_4d76a76426a219a5f1bb,a zebra bending down to drink water from a river,direct_zero,middle_frame,0.9782224893569946,0.9774177074432373,0.918785035610199,0.9762669801712036,0.9702876806259155,0.005979299545288086,0.0008047819137573242,0.059437453746795654,False,False,completed,True
v_4e7cf3a0868b1b118f55,a zebra running to join a herd of its kind,direct_zero,middle_frame,0.9522103071212769,0.9515799880027771,0.832649290561676,0.9482232928276062,0.9351704120635986,0.013052880764007568,0.0006303191184997559,0.11956101655960083,False,False,completed,True
v_4f8abc7bb931501fb862,a truck slowing down to stop,direct_zero,middle_frame,0.9940704703330994,0.9338067770004272,0.9917373657226562,0.9710509777069092,0.9582920074462891,0.012758970260620117,0.06026369333267212,0.0023331046104431152,False,False,completed,False
v_4ff816e35ca1960d8058,an elephant running to join a herd of its kind,direct_zero,middle_frame,0.9646567702293396,0.9650056958198547,0.9171481132507324,0.9487122297286987,0.9296659231185913,0.019046306610107422,0.0003489255905151367,0.04750865697860718,False,False,completed,True
v_50b265d3f9ccf281a518,an elephant spraying itself with water using its trunk to cool down,direct_zero,middle_frame,0.9901018142700195,0.9879525899887085,0.866104781627655,0.9922862648963928,0.9843830466270447,0.007903218269348145,0.002149224281311035,0.1239970326423645,False,False,completed,True
v_53b3d43654788945925c,a zebra running to join a herd of its kind,direct_zero,middle_frame,0.972172737121582,0.971585750579834,0.8505138754844666,0.9581042528152466,0.935930073261261,0.022174179553985596,0.0005869865417480469,0.12165886163711548,False,False,completed,True
v_55a4f07d56cda7470760,an elephant running to join a herd of its kind,direct_zero,middle_frame,0.9789860844612122,0.9785623550415039,0.8564316630363464,0.9713909029960632,0.9619206190109253,0.00947028398513794,0.00042372941970825195,0.12255442142486572,False,False,completed,True
v_6015d56a898aa0948639,a zebra bending down to drink water from a river,direct_zero,middle_frame,0.9817591905593872,0.9818419814109802,0.9224090576171875,0.9774531722068787,0.9712479710578918,0.006205201148986816,8.279085159301758e-05,0.05935013294219971,False,False,completed,True
v_67c0894760111d0087b6,a motorcycle accelerating to gain speed,direct_zero,middle_frame,0.92059326171875,0.9204044342041016,0.8034714460372925,0.7869536280632019,0.7775631546974182,0.009390473365783691,0.0001888275146484375,0.11712181568145752,False,False,completed,True
v_6bee77846ce628e11d94,an elephant spraying itself with water using its trunk to cool down,direct_zero,middle_frame,0.9835841059684753,0.9810879230499268,0.9238554239273071,0.9801599383354187,0.9719071388244629,0.00825279951095581,0.002496182918548584,0.05972868204116821,False,False,completed,True
v_6d2af08e0301e767c719,a cow running to join a herd of its kind,direct_zero,middle_frame,0.9381388425827026,0.9377890229225159,0.9090983271598816,0.871242880821228,0.8401070237159729,0.031135857105255127,0.0003498196601867676,0.029040515422821045,False,False,completed,True
v_6ee4476dec8615e1535f,a zebra bending down to drink water from a river,direct_zero,middle_frame,0.9657285213470459,0.9657002091407776,0.9069939851760864,0.964434027671814,0.9561077356338501,0.008326292037963867,2.8312206268310547e-05,0.05873453617095947,False,False,completed,True
v_74d5bd9982ed49689599,a truck turning a corner,direct_zero,middle_frame,0.9701874256134033,0.9702896475791931,0.8485867381095886,0.9252806901931763,0.8975206017494202,0.027760088443756104,0.00010222196578979492,0.1216006875038147,False,False,completed,True
v_795022cc03907dc7489e,an elephant spraying itself with water using its trunk to cool down,direct_zero,middle_frame,0.24734899401664734,0.24738554656505585,0.2181898057460785,0.9006173610687256,0.8899511694908142,0.010666191577911377,3.65525484085083e-05,0.029159188270568848,False,False,completed,True
v_7959de66f76bf5fc41d9,a zebra bending down to drink water from a river,direct_zero,middle_frame,0.9828632473945618,0.9828025698661804,0.9231253266334534,0.9712667465209961,0.9663472175598145,0.004919528961181641,6.0677528381347656e-05,0.0597379207611084,False,False,completed,True
v_82dc1689fd289adcc0d2,a zebra taking a peaceful walk,direct_zero,middle_frame,0.9778921008110046,0.9778937101364136,0.8553715348243713,0.9754855632781982,0.961848258972168,0.013637304306030273,1.6093254089355469e-06,0.1225205659866333,False,False,completed,True
v_88720509dffa7aea9e30,a zebra bending down to drink water from a river,direct_zero,middle_frame,0.9738063216209412,0.9730246067047119,0.8517668843269348,0.9799759387969971,0.9641289114952087,0.01584702730178833,0.000781714916229248,0.12203943729400635,False,False,completed,True
v_8887acf562b32cc84023,a zebra bending down to drink water from a river,direct_zero,middle_frame,0.9334750771522522,0.9301909804344177,0.9300969839096069,0.9226030707359314,0.8945811986923218,0.02802187204360962,0.0032840967178344727,0.0033780932426452637,False,False,completed,True
v_8dca194984971f0a1124,a truck turning a corner,direct_zero,middle_frame,0.9337459802627563,0.9272744059562683,0.8156508803367615,0.8681207299232483,0.8488936424255371,0.01922708749771118,0.006471574306488037,0.11809509992599487,False,False,completed,True
v_8e6a21dfeb7a106dae22,a zebra taking a peaceful walk,direct_zero,middle_frame,0.9760703444480896,0.9739470481872559,0.9693252444267273,0.9702401757240295,0.9641561508178711,0.006084024906158447,0.0021232962608337402,0.006745100021362305,False,False,completed,True
v_a18cdea6bd26987ddbc4,a cow running to join a herd of its kind,direct_zero,middle_frame,0.8598477840423584,0.8584315180778503,0.8041372895240784,0.9539317488670349,0.9461938142776489,0.007737934589385986,0.0014162659645080566,0.05571049451828003,False,False,completed,True
v_a3b6d576bc5c5ef3517f,a zebra running to join a herd of its kind,direct_zero,middle_frame,0.9438295960426331,0.9435445666313171,0.8248894214630127,0.9383728504180908,0.9289308190345764,0.009442031383514404,0.00028502941131591797,0.11894017457962036,False,False,completed,True
v_a522928f33a3f29c463c,a truck slowing down to stop,direct_zero,middle_frame,0.9893493056297302,0.9883723258972168,0.8654104471206665,0.9741533398628235,0.9576993584632874,0.016453981399536133,0.0009769797325134277,0.12393885850906372,False,False,completed,True
v_a5b4d7c4b2a095c9e6cc,an elephant running to join a herd of its kind,direct_zero,middle_frame,0.9817762970924377,0.9804938435554504,0.9222268462181091,0.9782154560089111,0.9744240641593933,0.0037913918495178223,0.0012824535369873047,0.05954945087432861,False,False,completed,True
v_aa14318968934ce72fb1,a zebra bending down to drink water from a river,direct_zero,middle_frame,0.973966121673584,0.9732040762901306,0.8519678711891174,0.9643047451972961,0.9432756304740906,0.021029114723205566,0.0007620453834533691,0.12199825048446655,False,False,completed,True
v_ad2f0d6ec69f9ff90382,a zebra taking a peaceful walk,direct_zero,middle_frame,0.9869072437286377,0.9865696430206299,0.8633766174316406,0.9837861657142639,0.9681200981140137,0.015666067600250244,0.0003376007080078125,0.12353062629699707,False,False,completed,True
v_b2657298416595015a2b,a zebra running to join a herd of its kind,direct_zero,middle_frame,0.9221466779708862,0.9215174317359924,0.8087663650512695,0.8821325302124023,0.863440990447998,0.018691539764404297,0.0006292462348937988,0.1133803129196167,False,False,completed,True
v_bc950a10e74a0a5447f1,a zebra bending down to drink water from a river,direct_zero,middle_frame,0.9756776690483093,0.9758042097091675,0.8535486459732056,0.9725489616394043,0.9496232867240906,0.02292567491531372,0.0001265406608581543,0.12212902307510376,False,False,completed,True
v_bf4b3df29a9616bf26ae,a truck turning a corner,direct_zero,middle_frame,0.9515529870986938,0.9511168599128723,0.8311194777488708,0.8850948214530945,0.850733757019043,0.034361064434051514,0.0004361271858215332,0.120433509349823,False,False,completed,True
v_c41543fe72d2e5493d15,a truck slowing down to stop,direct_zero,middle_frame,0.9834082722663879,0.9832063317298889,0.9236396551132202,0.9530027508735657,0.9463236331939697,0.006679117679595947,0.00020194053649902344,0.059768617153167725,False,False,completed,True
v_c424c7aceaf2046394ad,a cow running to join a herd of its kind,direct_zero,middle_frame,0.9763944745063782,0.9758528470993042,0.9450298547744751,0.9669449329376221,0.9305711388587952,0.036373794078826904,0.0005416274070739746,0.031364619731903076,False,False,completed,True
v_c4de504a244d437ac3ad,a zebra bending down to drink water from a river,direct_zero,middle_frame,0.9940760135650635,0.9924424886703491,0.8697304725646973,0.994841992855072,0.9703385829925537,0.02450340986251831,0.0016335248947143555,0.12434554100036621,False,False,completed,True
v_cdab6ebfbdf88aa1365e,an elephant running to join a herd of its kind,direct_zero,middle_frame,0.9607254266738892,0.9606931209564209,0.9261504411697388,0.9530994296073914,0.9273433685302734,0.02575606107711792,3.230571746826172e-05,0.03457498550415039,False,False,completed,True
v_d111e2d8975fa9b850b3,a zebra taking a peaceful walk,direct_zero,middle_frame,0.9483411908149719,0.947165846824646,0.8286466598510742,0.9036860466003418,0.8850910067558289,0.01859503984451294,0.0011753439903259277,0.1196945309638977,False,False,completed,True
v_d51186bcfc23e2a780ab,a truck slowing down to stop,direct_zero,middle_frame,0.9643544554710388,0.9642199873924255,0.8428678512573242,0.9112410545349121,0.8912559747695923,0.019985079765319824,0.00013446807861328125,0.1214866042137146,False,False,completed,True
v_d86a4852b9a610b4e2ac,a motorcycle accelerating to gain speed,direct_zero,middle_frame,0.9552143812179565,0.9552475214004517,0.8349557518959045,0.8991079330444336,0.8850607872009277,0.01404714584350586,3.314018249511719e-05,0.120258629322052,False,False,completed,True
v_e7e6381187b3421f31f4,a zebra taking a peaceful walk,direct_zero,middle_frame,0.9758050441741943,0.9750180840492249,0.8537821769714355,0.9502309560775757,0.9383193254470825,0.011911630630493164,0.0007869601249694824,0.12202286720275879,False,False,completed,True
v_e84cd21f77767e064452,an elephant running to join a herd of its kind,direct_zero,middle_frame,0.8868926167488098,0.8884747624397278,0.7771495580673218,0.9618316292762756,0.9182860255241394,0.04354560375213623,0.0015821456909179688,0.10974305868148804,False,False,completed,True
v_f762ed821ba1fba906af,a zebra bending down to drink water from a river,direct_zero,middle_frame,0.9867092370986938,0.982679009437561,0.8634673953056335,0.9777792096138,0.9615898132324219,0.016189396381378174,0.0040302276611328125,0.1232418417930603,False,False,completed,True
v_f993f14cdb34fb8383ef,a zebra bending down to drink water from a river,direct_zero,middle_frame,0.9814218878746033,0.9800164699554443,0.8586853742599487,0.9786093235015869,0.956911027431488,0.021698296070098877,0.0014054179191589355,0.12273651361465454,False,False,completed,True
v_fb03b6a21df9c0a51627,a cow running to join a herd of its kind,direct_zero,middle_frame,0.9514460563659668,0.942203164100647,0.9301130175590515,0.9386007189750671,0.884435772895813,0.05416494607925415,0.009242892265319824,0.021333038806915283,False,False,completed,True
v_fc9b39a4b047b2db243c,an elephant spraying itself with water using its trunk to cool down,direct_zero,middle_frame,0.9950287342071533,0.9920791387557983,0.8705383539199829,0.9937685132026672,0.9834107160568237,0.010357797145843506,0.0029495954513549805,0.12449038028717041,False,False,completed,True
v_fef8070abcd8dcd3af47,a zebra taking a peaceful walk,direct_zero,middle_frame,0.9282910823822021,0.9280375838279724,0.8717164993286133,0.8663416504859924,0.8594490885734558,0.006892561912536621,0.00025349855422973633,0.05657458305358887,False,False,completed,True
v_075ccc862d1b2d4936f0,an elephant running to join a herd of its kind,direct_exclude,middle_frame,0.9630889296531677,0.9627338647842407,0.9234020709991455,0.9417819976806641,0.927249550819397,0.01453244686126709,0.00035506486892700195,0.03968685865402222,False,False,completed,True
v_0925f4496cf55ade8e5d,an elephant spraying itself with water using its trunk to cool down,direct_exclude,middle_frame,0.98935467004776,0.9888421893119812,0.988994300365448,0.9881947040557861,0.9792023301124573,0.008992373943328857,0.0005124807357788086,0.0003603696823120117,False,False,completed,True
v_0a1a6db568841167f9e8,a truck turning a corner,direct_exclude,middle_frame,0.8951151967048645,0.8934862613677979,0.8915936946868896,0.8972001075744629,0.8467393517494202,0.050460755825042725,0.0016289353370666504,0.0035215020179748535,False,False,completed,True
v_10d250e1b4b4a6ec0a82,a cow running to join a herd of its kind,direct_exclude,middle_frame,0.9591885805130005,0.9529949426651001,0.9459567070007324,0.9442958235740662,0.9060098528862,0.03828597068786621,0.006193637847900391,0.013231873512268066,False,False,completed,True
v_125269dc5fc640751fa4,a zebra running to join a herd of its kind,direct_exclude,middle_frame,0.9697616100311279,0.9697055816650391,0.969329297542572,0.9459475874900818,0.9284519553184509,0.01749563217163086,5.602836608886719e-05,0.0004323124885559082,False,False,completed,True
v_13502c1b9c959957b46a,a zebra taking a peaceful walk,direct_exclude,middle_frame,0.9967139363288879,0.9954102635383606,0.9966923594474792,0.997106671333313,0.9807003736495972,0.01640629768371582,0.0013036727905273438,2.1576881408691406e-05,False,False,completed,True
v_1814b4d5b25ffa156aa6,an elephant running to join a herd of its kind,direct_exclude,middle_frame,0.9690490961074829,0.968996524810791,0.9483551383018494,0.9329218864440918,0.9279018640518188,0.005020022392272949,5.257129669189453e-05,0.020693957805633545,False,False,completed,True
v_22506cf5d5a1e6088fc8,a truck slowing down to stop,direct_exclude,middle_frame,0.8691954612731934,0.8678069114685059,0.868051290512085,0.7584022879600525,0.699288547039032,0.05911374092102051,0.0013885498046875,0.0011441707611083984,False,False,completed,True
v_2ac6cf025d5e88563949,a zebra running to join a herd of its kind,direct_exclude,middle_frame,0.9500249624252319,0.9496548175811768,0.949606716632843,0.9185127019882202,0.9022325277328491,0.016280174255371094,0.0003701448440551758,0.000418245792388916,False,False,completed,True
v_2fbefa11a17758f1cd8f,a zebra taking a peaceful walk,direct_exclude,middle_frame,0.9445307850837708,0.9429556727409363,0.9217033982276917,0.9212554693222046,0.8890725374221802,0.032182931900024414,0.0015751123428344727,0.0228273868560791,False,False,completed,True
v_304f65b790cd089803d4,a zebra bending down to drink water from a river,direct_exclude,middle_frame,0.9545856714248657,0.9521182179450989,0.9538363814353943,0.9624999761581421,0.929438591003418,0.03306138515472412,0.0024674534797668457,0.0007492899894714355,False,False,completed,True
v_34025bb5b4d01c898f92,a motorcycle accelerating to gain speed,direct_exclude,middle_frame,0.9564681053161621,0.9556928873062134,0.9563297033309937,0.9416208267211914,0.934863805770874,0.006757020950317383,0.0007752180099487305,0.00013840198516845703,False,False,completed,True
v_355010ce10f66a681b88,a truck turning a corner,direct_exclude,middle_frame,0.9635376334190369,0.9600126147270203,0.9624606370925903,0.9169105887413025,0.9023275375366211,0.014583051204681396,0.0035250186920166016,0.0010769963264465332,False,False,completed,True
v_35d320b87cf1354b75ab,a zebra running to join a herd of its kind,direct_exclude,middle_frame,0.9588550925254822,0.9591454267501831,0.9588660597801208,0.9490302205085754,0.9276553988456726,0.021374821662902832,0.00029033422470092773,-1.0967254638671875e-05,False,False,completed,True
v_38ae4c230155beb1b259,a zebra taking a peaceful walk,direct_exclude,middle_frame,0.9856873154640198,0.9854244589805603,0.985418438911438,0.98517906665802,0.9742915630340576,0.010887503623962402,0.00026285648345947266,0.0002688765525817871,False,False,completed,True
v_3b6ddfc07cc98fcf9fa0,an elephant running to join a herd of its kind,direct_exclude,middle_frame,0.9880058169364929,0.9879570603370667,0.9368624687194824,0.9849029779434204,0.9775246381759644,0.007378339767456055,4.875659942626953e-05,0.0511433482170105,False,False,completed,True
v_427171327cff517973ed,a zebra bending down to drink water from a river,direct_exclude,middle_frame,0.9852167367935181,0.9847605228424072,0.9848489761352539,0.9767624139785767,0.9614942669868469,0.015268146991729736,0.00045621395111083984,0.00036776065826416016,False,False,completed,True
v_4719caef96c8df794757,an elephant running to join a herd of its kind,direct_exclude,middle_frame,0.9782639741897583,0.9782363176345825,0.94432133436203,0.969979465007782,0.9599528908729553,0.01002657413482666,2.765655517578125e-05,0.03394263982772827,False,False,completed,True
v_4d76a76426a219a5f1bb,a zebra bending down to drink water from a river,direct_exclude,middle_frame,0.9782224893569946,0.9774177074432373,0.9780613780021667,0.9762669801712036,0.9702876806259155,0.005979299545288086,0.0008047819137573242,0.00016111135482788086,False,False,completed,True
v_4e7cf3a0868b1b118f55,a zebra running to join a herd of its kind,direct_exclude,middle_frame,0.9522103071212769,0.9515799880027771,0.9515991806983948,0.9482232928276062,0.9351704120635986,0.013052880764007568,0.0006303191184997559,0.0006111264228820801,False,False,completed,True
v_4f8abc7bb931501fb862,a truck slowing down to stop,direct_exclude,middle_frame,0.9940704703330994,0.9940522909164429,0.9917373657226562,0.9710509777069092,0.9582920074462891,0.012758970260620117,1.817941665649414e-05,0.0023331046104431152,False,False,completed,False
v_4ff816e35ca1960d8058,an elephant running to join a herd of its kind,direct_exclude,middle_frame,0.9646567702293396,0.9650056958198547,0.9171481132507324,0.9487122297286987,0.9296659231185913,0.019046306610107422,0.0003489255905151367,0.04750865697860718,False,False,completed,True
v_50b265d3f9ccf281a518,an elephant spraying itself with water using its trunk to cool down,direct_exclude,middle_frame,0.9901018142700195,0.9879525899887085,0.9898341298103333,0.9922862648963928,0.9843830466270447,0.007903218269348145,0.002149224281311035,0.0002676844596862793,False,False,completed,True
v_53b3d43654788945925c,a zebra running to join a herd of its kind,direct_exclude,middle_frame,0.972172737121582,0.971585750579834,0.9720158576965332,0.9581042528152466,0.935930073261261,0.022174179553985596,0.0005869865417480469,0.00015687942504882812,False,False,completed,True
v_55a4f07d56cda7470760,an elephant running to join a herd of its kind,direct_exclude,middle_frame,0.9789860844612122,0.9785623550415039,0.978779137134552,0.9713909029960632,0.9619206190109253,0.00947028398513794,0.00042372941970825195,0.00020694732666015625,False,False,completed,True
v_6015d56a898aa0948639,a zebra bending down to drink water from a river,direct_exclude,middle_frame,0.9817591905593872,0.9818419814109802,0.9819192886352539,0.9774531722068787,0.9712479710578918,0.006205201148986816,8.279085159301758e-05,-0.00016009807586669922,False,False,completed,True
v_67c0894760111d0087b6,a motorcycle accelerating to gain speed,direct_exclude,middle_frame,0.92059326171875,0.9204044342041016,0.9182530641555786,0.7869536280632019,0.7775631546974182,0.009390473365783691,0.0001888275146484375,0.0023401975631713867,False,False,completed,True
v_6bee77846ce628e11d94,an elephant spraying itself with water using its trunk to cool down,direct_exclude,middle_frame,0.9835841059684753,0.9810879230499268,0.983458936214447,0.9801599383354187,0.9719071388244629,0.00825279951095581,0.002496182918548584,0.0001251697540283203,False,False,completed,True
v_6d2af08e0301e767c719,a cow running to join a herd of its kind,direct_exclude,middle_frame,0.9381388425827026,0.9377890229225159,0.9090983271598816,0.871242880821228,0.8401070237159729,0.031135857105255127,0.0003498196601867676,0.029040515422821045,False,False,completed,True
v_6ee4476dec8615e1535f,a zebra bending down to drink water from a river,direct_exclude,middle_frame,0.9657285213470459,0.9657002091407776,0.9655097126960754,0.964434027671814,0.9561077356338501,0.008326292037963867,2.8312206268310547e-05,0.00021880865097045898,False,False,completed,True
v_74d5bd9982ed49689599,a truck turning a corner,direct_exclude,middle_frame,0.9701874256134033,0.9702896475791931,0.9698134064674377,0.9252806901931763,0.8975206017494202,0.027760088443756104,0.00010222196578979492,0.00037401914596557617,False,False,completed,True
v_795022cc03907dc7489e,an elephant spraying itself with water using its trunk to cool down,direct_exclude,middle_frame,0.960296094417572,0.9604380130767822,0.9600352048873901,0.9006173610687256,0.8899511694908142,0.010666191577911377,0.00014191865921020508,0.00026088953018188477,False,False,completed,True
v_7959de66f76bf5fc41d9,a zebra bending down to drink water from a river,direct_exclude,middle_frame,0.9828632473945618,0.9828025698661804,0.9826817512512207,0.9712667465209961,0.9663472175598145,0.004919528961181641,6.0677528381347656e-05,0.00018149614334106445,False,False,completed,True
v_82dc1689fd289adcc0d2,a zebra taking a peaceful walk,direct_exclude,middle_frame,0.9778921008110046,0.9778937101364136,0.9775674343109131,0.9754855632781982,0.961848258972168,0.013637304306030273,1.6093254089355469e-06,0.00032466650009155273,False,False,completed,True
v_88720509dffa7aea9e30,a zebra bending down to drink water from a river,direct_exclude,middle_frame,0.9738063216209412,0.9730246067047119,0.973447859287262,0.9799759387969971,0.9641289114952087,0.01584702730178833,0.000781714916229248,0.0003584623336791992,False,False,completed,True
v_8887acf562b32cc84023,a zebra bending down to drink water from a river,direct_exclude,middle_frame,0.9334750771522522,0.9301909804344177,0.9300969839096069,0.9226030707359314,0.8945811986923218,0.02802187204360962,0.0032840967178344727,0.0033780932426452637,False,False,completed,True
v_8dca194984971f0a1124,a truck turning a corner,direct_exclude,middle_frame,0.9337459802627563,0.9272744059562683,0.932172417640686,0.8681207299232483,0.8488936424255371,0.01922708749771118,0.006471574306488037,0.0015735626220703125,False,False,completed,True
v_8e6a21dfeb7a106dae22,a zebra taking a peaceful walk,direct_exclude,middle_frame,0.9760703444480896,0.9739470481872559,0.9693252444267273,0.9702401757240295,0.9641561508178711,0.006084024906158447,0.0021232962608337402,0.006745100021362305,False,False,completed,True
v_a18cdea6bd26987ddbc4,a cow running to join a herd of its kind,direct_exclude,middle_frame,0.9763433337211609,0.9747351408004761,0.9760562777519226,0.9539317488670349,0.9461938142776489,0.007737934589385986,0.0016081929206848145,0.00028705596923828125,False,False,completed,True
v_a3b6d576bc5c5ef3517f,a zebra running to join a herd of its kind,direct_exclude,middle_frame,0.9438295960426331,0.9435445666313171,0.942730724811554,0.9383728504180908,0.9289308190345764,0.009442031383514404,0.00028502941131591797,0.0010988712310791016,False,False,completed,True
v_a522928f33a3f29c463c,a truck slowing down to stop,direct_exclude,middle_frame,0.9893493056297302,0.9883723258972168,0.9890404939651489,0.9741533398628235,0.9576993584632874,0.016453981399536133,0.0009769797325134277,0.00030881166458129883,False,False,completed,True
v_a5b4d7c4b2a095c9e6cc,an elephant running to join a herd of its kind,direct_exclude,middle_frame,0.9817762970924377,0.9804938435554504,0.98172527551651,0.9782154560089111,0.9744240641593933,0.0037913918495178223,0.0012824535369873047,5.1021575927734375e-05,False,False,completed,True
v_aa14318968934ce72fb1,a zebra bending down to drink water from a river,direct_exclude,middle_frame,0.973966121673584,0.9732040762901306,0.9736775159835815,0.9643047451972961,0.9432756304740906,0.021029114723205566,0.0007620453834533691,0.0002886056900024414,False,False,completed,True
v_ad2f0d6ec69f9ff90382,a zebra taking a peaceful walk,direct_exclude,middle_frame,0.9869072437286377,0.9865696430206299,0.9867161512374878,0.9837861657142639,0.9681200981140137,0.015666067600250244,0.0003376007080078125,0.00019109249114990234,False,False,completed,True
v_b2657298416595015a2b,a zebra running to join a herd of its kind,direct_exclude,middle_frame,0.9221466779708862,0.9215174317359924,0.9243043661117554,0.8821325302124023,0.863440990447998,0.018691539764404297,0.0006292462348937988,-0.0021576881408691406,False,False,completed,True
v_bc950a10e74a0a5447f1,a zebra bending down to drink water from a river,direct_exclude,middle_frame,0.9756776690483093,0.9758042097091675,0.9754841327667236,0.9725489616394043,0.9496232867240906,0.02292567491531372,0.0001265406608581543,0.00019353628158569336,False,False,completed,True
v_bf4b3df29a9616bf26ae,a truck turning a corner,direct_exclude,middle_frame,0.9515529870986938,0.9511168599128723,0.949850857257843,0.8850948214530945,0.850733757019043,0.034361064434051514,0.0004361271858215332,0.00170212984085083,False,False,completed,True
v_c41543fe72d2e5493d15,a truck slowing down to stop,direct_exclude,middle_frame,0.9834082722663879,0.9832063317298889,0.9832292795181274,0.9530027508735657,0.9463236331939697,0.006679117679595947,0.00020194053649902344,0.00017899274826049805,False,False,completed,True
v_c424c7aceaf2046394ad,a cow running to join a herd of its kind,direct_exclude,middle_frame,0.9763944745063782,0.9758528470993042,0.9450298547744751,0.9669449329376221,0.9305711388587952,0.036373794078826904,0.0005416274070739746,0.031364619731903076,False,False,completed,True
v_c4de504a244d437ac3ad,a zebra bending down to drink water from a river,direct_exclude,middle_frame,0.9940760135650635,0.9924424886703491,0.9939776062965393,0.994841992855072,0.9703385829925537,0.02450340986251831,0.0016335248947143555,9.840726852416992e-05,False,False,completed,True
v_cdab6ebfbdf88aa1365e,an elephant running to join a herd of its kind,direct_exclude,middle_frame,0.9607254266738892,0.9606931209564209,0.9261504411697388,0.9530994296073914,0.9273433685302734,0.02575606107711792,3.230571746826172e-05,0.03457498550415039,False,False,completed,True
v_d111e2d8975fa9b850b3,a zebra taking a peaceful walk,direct_exclude,middle_frame,0.9483411908149719,0.947165846824646,0.9470246434211731,0.9036860466003418,0.8850910067558289,0.01859503984451294,0.0011753439903259277,0.0013165473937988281,False,False,completed,True
v_d51186bcfc23e2a780ab,a truck slowing down to stop,direct_exclude,middle_frame,0.9643544554710388,0.9642199873924255,0.9632775187492371,0.9112410545349121,0.8912559747695923,0.019985079765319824,0.00013446807861328125,0.0010769367218017578,False,False,completed,True
v_d86a4852b9a610b4e2ac,a motorcycle accelerating to gain speed,direct_exclude,middle_frame,0.9552143812179565,0.9552475214004517,0.9542350769042969,0.8991079330444336,0.8850607872009277,0.01404714584350586,3.314018249511719e-05,0.000979304313659668,False,False,completed,True
v_e7e6381187b3421f31f4,a zebra taking a peaceful walk,direct_exclude,middle_frame,0.9758050441741943,0.9750180840492249,0.9757510423660278,0.9502309560775757,0.9383193254470825,0.011911630630493164,0.0007869601249694824,5.4001808166503906e-05,False,False,completed,True
v_e84cd21f77767e064452,an elephant running to join a herd of its kind,direct_exclude,middle_frame,0.8868926167488098,0.8884747624397278,0.8881708979606628,0.9618316292762756,0.9182860255241394,0.04354560375213623,0.0015821456909179688,-0.0012782812118530273,False,False,completed,True
v_f762ed821ba1fba906af,a zebra bending down to drink water from a river,direct_exclude,middle_frame,0.9867092370986938,0.982679009437561,0.986819863319397,0.9777792096138,0.9615898132324219,0.016189396381378174,0.0040302276611328125,-0.000110626220703125,False,False,completed,True
v_f993f14cdb34fb8383ef,a zebra bending down to drink water from a river,direct_exclude,middle_frame,0.9814218878746033,0.9800164699554443,0.9813546538352966,0.9786093235015869,0.956911027431488,0.021698296070098877,0.0014054179191589355,6.723403930664062e-05,False,False,completed,True
v_fb03b6a21df9c0a51627,a cow running to join a herd of its kind,direct_exclude,middle_frame,0.9514460563659668,0.942203164100647,0.9301130175590515,0.9386007189750671,0.884435772895813,0.05416494607925415,0.009242892265319824,0.021333038806915283,False,False,completed,True
v_fc9b39a4b047b2db243c,an elephant spraying itself with water using its trunk to cool down,direct_exclude,middle_frame,0.9950287342071533,0.9920791387557983,0.9949010014533997,0.9937685132026672,0.9834107160568237,0.010357797145843506,0.0029495954513549805,0.0001277327537536621,False,False,completed,True
v_fef8070abcd8dcd3af47,a zebra taking a peaceful walk,direct_exclude,middle_frame,0.9282910823822021,0.9280375838279724,0.927956223487854,0.8663416504859924,0.8594490885734558,0.006892561912536621,0.00025349855422973633,0.00033485889434814453,False,False,completed,True
v_075ccc862d1b2d4936f0,an elephant running to join a herd of its kind,hybrid_zero,middle_frame,0.9630889296531677,0.9627338647842407,0.9234020709991455,0.9417819976806641,0.927249550819397,0.01453244686126709,0.00035506486892700195,0.03968685865402222,False,False,completed,True
v_0925f4496cf55ade8e5d,an elephant spraying itself with water using its trunk to cool down,hybrid_zero,middle_frame,0.98935467004776,0.9888421893119812,0.9468520283699036,0.9881947040557861,0.9792023301124573,0.008992373943328857,0.0005124807357788086,0.042502641677856445,False,False,completed,True
v_0a1a6db568841167f9e8,a truck turning a corner,hybrid_zero,middle_frame,0.8892853260040283,0.8878949880599976,0.8295453786849976,0.8972001075744629,0.8467393517494202,0.050460755825042725,0.0013903379440307617,0.05973994731903076,False,False,completed,True
v_10d250e1b4b4a6ec0a82,a cow running to join a herd of its kind,hybrid_zero,middle_frame,0.9591885805130005,0.9529949426651001,0.9459567070007324,0.9442958235740662,0.9060098528862,0.03828597068786621,0.006193637847900391,0.013231873512268066,False,False,completed,True
v_125269dc5fc640751fa4,a zebra running to join a herd of its kind,hybrid_zero,middle_frame,0.9697616100311279,0.9697055816650391,0.9153422713279724,0.9459475874900818,0.9284519553184509,0.01749563217163086,5.602836608886719e-05,0.05441933870315552,False,False,completed,True
v_13502c1b9c959957b46a,a zebra taking a peaceful walk,hybrid_zero,middle_frame,0.9967139363288879,0.9954102635383606,0.9473934173583984,0.997106671333313,0.9807003736495972,0.01640629768371582,0.0013036727905273438,0.0493205189704895,False,False,completed,True
v_1814b4d5b25ffa156aa6,an elephant running to join a herd of its kind,hybrid_zero,middle_frame,0.9690490961074829,0.968996524810791,0.9483551383018494,0.9329218864440918,0.9279018640518188,0.005020022392272949,5.257129669189453e-05,0.020693957805633545,False,False,completed,True
v_22506cf5d5a1e6088fc8,a truck slowing down to stop,hybrid_zero,middle_frame,0.8691954612731934,0.857007622718811,0.868051290512085,0.7584022879600525,0.699288547039032,0.05911374092102051,0.012187838554382324,0.0011441707611083984,False,False,completed,True
v_2ac6cf025d5e88563949,a zebra running to join a herd of its kind,hybrid_zero,middle_frame,0.9500249624252319,0.9496548175811768,0.9178797006607056,0.9185127019882202,0.9022325277328491,0.016280174255371094,0.0003701448440551758,0.03214526176452637,False,False,completed,True
v_2fbefa11a17758f1cd8f,a zebra taking a peaceful walk,hybrid_zero,middle_frame,0.9445307850837708,0.9429556727409363,0.9217033982276917,0.9212554693222046,0.8890725374221802,0.032182931900024414,0.0015751123428344727,0.0228273868560791,False,False,completed,True
v_304f65b790cd089803d4,a zebra bending down to drink water from a river,hybrid_zero,middle_frame,0.9545856714248657,0.9521182179450989,0.9082151055335999,0.9624999761581421,0.929438591003418,0.03306138515472412,0.0024674534797668457,0.04637056589126587,False,False,completed,True
v_34025bb5b4d01c898f92,a motorcycle accelerating to gain speed,hybrid_zero,middle_frame,0.9564681053161621,0.9556928873062134,0.942548394203186,0.9416208267211914,0.934863805770874,0.006757020950317383,0.0007752180099487305,0.013919711112976074,False,False,completed,True
v_355010ce10f66a681b88,a truck turning a corner,hybrid_zero,middle_frame,0.9635376334190369,0.9600126147270203,0.9301685690879822,0.9169105887413025,0.9023275375366211,0.014583051204681396,0.0035250186920166016,0.03336906433105469,False,False,completed,True
v_35d320b87cf1354b75ab,a zebra running to join a herd of its kind,hybrid_zero,middle_frame,0.9588550925254822,0.9591454267501831,0.9067872166633606,0.9490302205085754,0.9276553988456726,0.021374821662902832,0.00029033422470092773,0.05206787586212158,False,False,completed,True
v_38ae4c230155beb1b259,a zebra taking a peaceful walk,hybrid_zero,middle_frame,0.9856873154640198,0.9854244589805603,0.9432174563407898,0.98517906665802,0.9742915630340576,0.010887503623962402,0.00026285648345947266,0.04246985912322998,False,False,completed,True
v_3b6ddfc07cc98fcf9fa0,an elephant running to join a herd of its kind,hybrid_zero,middle_frame,0.9880058169364929,0.9879570603370667,0.9368624687194824,0.9849029779434204,0.9775246381759644,0.007378339767456055,4.875659942626953e-05,0.0511433482170105,False,False,completed,True
v_427171327cff517973ed,a zebra bending down to drink water from a river,hybrid_zero,middle_frame,0.9852167367935181,0.9847605228424072,0.9414528012275696,0.9767624139785767,0.9614942669868469,0.015268146991729736,0.00045621395111083984,0.043763935565948486,False,False,completed,True
v_4719caef96c8df794757,an elephant running to join a herd of its kind,hybrid_zero,middle_frame,0.9782639741897583,0.9782363176345825,0.94432133436203,0.969979465007782,0.9599528908729553,0.01002657413482666,2.765655517578125e-05,0.03394263982772827,False,False,completed,True
v_4d76a76426a219a5f1bb,a zebra bending down to drink water from a river,hybrid_zero,middle_frame,0.9782224893569946,0.9774177074432373,0.9602471590042114,0.9762669801712036,0.9702876806259155,0.005979299545288086,0.0008047819137573242,0.017975330352783203,False,False,completed,True
v_4e7cf3a0868b1b118f55,a zebra running to join a herd of its kind,hybrid_zero,middle_frame,0.9522103071212769,0.9515799880027771,0.9249588251113892,0.9482232928276062,0.9351704120635986,0.013052880764007568,0.0006303191184997559,0.027251482009887695,False,False,completed,True
v_4f8abc7bb931501fb862,a truck slowing down to stop,hybrid_zero,middle_frame,0.9940704703330994,0.9907571077346802,0.9917373657226562,0.9710509777069092,0.9582920074462891,0.012758970260620117,0.0033133625984191895,0.0023331046104431152,False,False,completed,False
v_4ff816e35ca1960d8058,an elephant running to join a herd of its kind,hybrid_zero,middle_frame,0.9646567702293396,0.9650056958198547,0.9171481132507324,0.9487122297286987,0.9296659231185913,0.019046306610107422,0.0003489255905151367,0.04750865697860718,False,False,completed,True
v_50b265d3f9ccf281a518,an elephant spraying itself with water using its trunk to cool down,hybrid_zero,middle_frame,0.9901018142700195,0.9879525899887085,0.9506635069847107,0.9922862648963928,0.9843830466270447,0.007903218269348145,0.002149224281311035,0.03943830728530884,False,False,completed,True
v_53b3d43654788945925c,a zebra running to join a herd of its kind,hybrid_zero,middle_frame,0.972172737121582,0.971585750579834,0.9221869707107544,0.9581042528152466,0.935930073261261,0.022174179553985596,0.0005869865417480469,0.04998576641082764,False,False,completed,True
v_55a4f07d56cda7470760,an elephant running to join a herd of its kind,hybrid_zero,middle_frame,0.9789860844612122,0.9785623550415039,0.9356824159622192,0.9713909029960632,0.9619206190109253,0.00947028398513794,0.00042372941970825195,0.04330366849899292,False,False,completed,True
v_6015d56a898aa0948639,a zebra bending down to drink water from a river,hybrid_zero,middle_frame,0.9817591905593872,0.9818419814109802,0.9628795385360718,0.9774531722068787,0.9712479710578918,0.006205201148986816,8.279085159301758e-05,0.01887965202331543,False,False,completed,True
v_67c0894760111d0087b6,a motorcycle accelerating to gain speed,hybrid_zero,middle_frame,0.92059326171875,0.9204044342041016,0.8835922479629517,0.7869536280632019,0.7775631546974182,0.009390473365783691,0.0001888275146484375,0.03700101375579834,False,False,completed,True
v_6bee77846ce628e11d94,an elephant spraying itself with water using its trunk to cool down,hybrid_zero,middle_frame,0.9835841059684753,0.9810879230499268,0.9627439379692078,0.9801599383354187,0.9719071388244629,0.00825279951095581,0.002496182918548584,0.020840167999267578,False,False,completed,True
v_6d2af08e0301e767c719,a cow running to join a herd of its kind,hybrid_zero,middle_frame,0.9381388425827026,0.9377890229225159,0.9090983271598816,0.871242880821228,0.8401070237159729,0.031135857105255127,0.0003498196601867676,0.029040515422821045,False,False,completed,True
v_6ee4476dec8615e1535f,a zebra bending down to drink water from a river,hybrid_zero,middle_frame,0.9657285213470459,0.9657002091407776,0.9498966336250305,0.964434027671814,0.9561077356338501,0.008326292037963867,2.8312206268310547e-05,0.01583188772201538,False,False,completed,True
v_74d5bd9982ed49689599,a truck turning a corner,hybrid_zero,middle_frame,0.9701874256134033,0.9702896475791931,0.9329739212989807,0.9252806901931763,0.8975206017494202,0.027760088443756104,0.00010222196578979492,0.03721350431442261,False,False,completed,True
v_795022cc03907dc7489e,an elephant spraying itself with water using its trunk to cool down,hybrid_zero,middle_frame,0.9523473978042603,0.9522944688796997,0.9377633333206177,0.9006173610687256,0.8899511694908142,0.010666191577911377,5.2928924560546875e-05,0.014584064483642578,False,False,completed,True
v_7959de66f76bf5fc41d9,a zebra bending down to drink water from a river,hybrid_zero,middle_frame,0.9828632473945618,0.9828025698661804,0.9656253457069397,0.9712667465209961,0.9663472175598145,0.004919528961181641,6.0677528381347656e-05,0.01723790168762207,False,False,completed,True
v_82dc1689fd289adcc0d2,a zebra taking a peaceful walk,hybrid_zero,middle_frame,0.9778921008110046,0.9778937101364136,0.9331265091896057,0.9754855632781982,0.961848258972168,0.013637304306030273,1.6093254089355469e-06,0.044765591621398926,False,False,completed,True
v_88720509dffa7aea9e30,a zebra bending down to drink water from a river,hybrid_zero,middle_frame,0.9738063216209412,0.9730246067047119,0.9380673766136169,0.9799759387969971,0.9641289114952087,0.01584702730178833,0.000781714916229248,0.03573894500732422,False,False,completed,True
v_8887acf562b32cc84023,a zebra bending down to drink water from a river,hybrid_zero,middle_frame,0.9334750771522522,0.9301909804344177,0.9300969839096069,0.9226030707359314,0.8945811986923218,0.02802187204360962,0.0032840967178344727,0.0033780932426452637,False,False,completed,True
v_8dca194984971f0a1124,a truck turning a corner,hybrid_zero,middle_frame,0.9337459802627563,0.9272744059562683,0.9074453115463257,0.8681207299232483,0.8488936424255371,0.01922708749771118,0.006471574306488037,0.026300668716430664,False,False,completed,True
v_8e6a21dfeb7a106dae22,a zebra taking a peaceful walk,hybrid_zero,middle_frame,0.9760703444480896,0.9739470481872559,0.9693252444267273,0.9702401757240295,0.9641561508178711,0.006084024906158447,0.0021232962608337402,0.006745100021362305,False,False,completed,True
v_a18cdea6bd26987ddbc4,a cow running to join a herd of its kind,hybrid_zero,middle_frame,0.9762948155403137,0.9747994542121887,0.9576677680015564,0.9539317488670349,0.9461938142776489,0.007737934589385986,0.001495361328125,0.018627047538757324,False,False,completed,True
v_a3b6d576bc5c5ef3517f,a zebra running to join a herd of its kind,hybrid_zero,middle_frame,0.9438295960426331,0.9435445666313171,0.9051530957221985,0.9383728504180908,0.9289308190345764,0.009442031383514404,0.00028502941131591797,0.03867650032043457,False,False,completed,True
v_a522928f33a3f29c463c,a truck slowing down to stop,hybrid_zero,middle_frame,0.9893493056297302,0.9883723258972168,0.9387520551681519,0.9741533398628235,0.9576993584632874,0.016453981399536133,0.0009769797325134277,0.05059725046157837,False,False,completed,True
v_a5b4d7c4b2a095c9e6cc,an elephant running to join a herd of its kind,hybrid_zero,middle_frame,0.9817762970924377,0.9804938435554504,0.9634043574333191,0.9782154560089111,0.9744240641593933,0.0037913918495178223,0.0012824535369873047,0.018371939659118652,False,False,completed,True
v_aa14318968934ce72fb1,a zebra bending down to drink water from a river,hybrid_zero,middle_frame,0.973966121673584,0.9732040762901306,0.926272988319397,0.9643047451972961,0.9432756304740906,0.021029114723205566,0.0007620453834533691,0.04769313335418701,False,False,completed,True
v_ad2f0d6ec69f9ff90382,a zebra taking a peaceful walk,hybrid_zero,middle_frame,0.9869072437286377,0.9865696430206299,0.9429832696914673,0.9837861657142639,0.9681200981140137,0.015666067600250244,0.0003376007080078125,0.04392397403717041,False,False,completed,True
v_b2657298416595015a2b,a zebra running to join a herd of its kind,hybrid_zero,middle_frame,0.9221466779708862,0.9215174317359924,0.8785185217857361,0.8821325302124023,0.863440990447998,0.018691539764404297,0.0006292462348937988,0.043628156185150146,False,False,completed,True
v_bc950a10e74a0a5447f1,a zebra bending down to drink water from a river,hybrid_zero,middle_frame,0.9756776690483093,0.9758042097091675,0.9225733280181885,0.9725489616394043,0.9496232867240906,0.02292567491531372,0.0001265406608581543,0.05310434103012085,False,False,completed,True
v_bf4b3df29a9616bf26ae,a truck turning a corner,hybrid_zero,middle_frame,0.9515529870986938,0.9511168599128723,0.9048495292663574,0.8850948214530945,0.850733757019043,0.034361064434051514,0.0004361271858215332,0.046703457832336426,False,False,completed,True
v_c41543fe72d2e5493d15,a truck slowing down to stop,hybrid_zero,middle_frame,0.9834082722663879,0.9832063317298889,0.9703670144081116,0.9530027508735657,0.9463236331939697,0.006679117679595947,0.00020194053649902344,0.013041257858276367,False,False,completed,True
v_c424c7aceaf2046394ad,a cow running to join a herd of its kind,hybrid_zero,middle_frame,0.9763944745063782,0.9758528470993042,0.9450298547744751,0.9669449329376221,0.9305711388587952,0.036373794078826904,0.0005416274070739746,0.031364619731903076,False,False,completed,True
v_c4de504a244d437ac3ad,a zebra bending down to drink water from a river,hybrid_zero,middle_frame,0.9940760135650635,0.9924424886703491,0.944891095161438,0.994841992855072,0.9703385829925537,0.02450340986251831,0.0016335248947143555,0.04918491840362549,False,False,completed,True
v_cdab6ebfbdf88aa1365e,an elephant running to join a herd of its kind,hybrid_zero,middle_frame,0.9607254266738892,0.9606931209564209,0.9261504411697388,0.9530994296073914,0.9273433685302734,0.02575606107711792,3.230571746826172e-05,0.03457498550415039,False,False,completed,True
v_d111e2d8975fa9b850b3,a zebra taking a peaceful walk,hybrid_zero,middle_frame,0.9483411908149719,0.947165846824646,0.9215717315673828,0.9036860466003418,0.8850910067558289,0.01859503984451294,0.0011753439903259277,0.02676945924758911,False,False,completed,True
v_d51186bcfc23e2a780ab,a truck slowing down to stop,hybrid_zero,middle_frame,0.9643544554710388,0.9642199873924255,0.925728440284729,0.9112410545349121,0.8912559747695923,0.019985079765319824,0.00013446807861328125,0.038626015186309814,False,False,completed,True
v_d86a4852b9a610b4e2ac,a motorcycle accelerating to gain speed,hybrid_zero,middle_frame,0.9552143812179565,0.9552475214004517,0.9266842007637024,0.8991079330444336,0.8850607872009277,0.01404714584350586,3.314018249511719e-05,0.02853018045425415,False,False,completed,True
v_e7e6381187b3421f31f4,a zebra taking a peaceful walk,hybrid_zero,middle_frame,0.9758050441741943,0.9750180840492249,0.9324508905410767,0.9502309560775757,0.9383193254470825,0.011911630630493164,0.0007869601249694824,0.043354153633117676,False,False,completed,True
v_e84cd21f77767e064452,an elephant running to join a herd of its kind,hybrid_zero,middle_frame,0.8868926167488098,0.8884747624397278,0.8763789534568787,0.9618316292762756,0.9182860255241394,0.04354560375213623,0.0015821456909179688,0.010513663291931152,False,False,completed,True
v_f762ed821ba1fba906af,a zebra bending down to drink water from a river,hybrid_zero,middle_frame,0.9867092370986938,0.982679009437561,0.9385743737220764,0.9777792096138,0.9615898132324219,0.016189396381378174,0.0040302276611328125,0.04813486337661743,False,False,completed,True
v_f993f14cdb34fb8383ef,a zebra bending down to drink water from a river,hybrid_zero,middle_frame,0.9814218878746033,0.9800164699554443,0.9439682960510254,0.9786093235015869,0.956911027431488,0.021698296070098877,0.0014054179191589355,0.03745359182357788,False,False,completed,True
v_fb03b6a21df9c0a51627,a cow running to join a herd of its kind,hybrid_zero,middle_frame,0.9514460563659668,0.942203164100647,0.9301130175590515,0.9386007189750671,0.884435772895813,0.05416494607925415,0.009242892265319824,0.021333038806915283,False,False,completed,True
v_fc9b39a4b047b2db243c,an elephant spraying itself with water using its trunk to cool down,hybrid_zero,middle_frame,0.9950287342071533,0.9920791387557983,0.9450094699859619,0.9937685132026672,0.9834107160568237,0.010357797145843506,0.0029495954513549805,0.050019264221191406,False,False,completed,True
v_fef8070abcd8dcd3af47,a zebra taking a peaceful walk,hybrid_zero,middle_frame,0.9282910823822021,0.9280375838279724,0.9101327061653137,0.8663416504859924,0.8594490885734558,0.006892561912536621,0.00025349855422973633,0.018158376216888428,False,False,completed,True
v_075ccc862d1b2d4936f0,an elephant running to join a herd of its kind,hybrid_exclude,middle_frame,0.9630889296531677,0.9627338647842407,0.9234020709991455,0.9417819976806641,0.927249550819397,0.01453244686126709,0.00035506486892700195,0.03968685865402222,False,False,completed,True
v_0925f4496cf55ade8e5d,an elephant spraying itself with water using its trunk to cool down,hybrid_exclude,middle_frame,0.98935467004776,0.9888421893119812,0.9468520283699036,0.9881947040557861,0.9792023301124573,0.008992373943328857,0.0005124807357788086,0.042502641677856445,False,False,completed,True
v_0a1a6db568841167f9e8,a truck turning a corner,hybrid_exclude,middle_frame,0.8892853260040283,0.8878949880599976,0.8295453786849976,0.8972001075744629,0.8467393517494202,0.050460755825042725,0.0013903379440307617,0.05973994731903076,False,False,completed,True
v_10d250e1b4b4a6ec0a82,a cow running to join a herd of its kind,hybrid_exclude,middle_frame,0.9591885805130005,0.9529949426651001,0.9459567070007324,0.9442958235740662,0.9060098528862,0.03828597068786621,0.006193637847900391,0.013231873512268066,False,False,completed,True
v_125269dc5fc640751fa4,a zebra running to join a herd of its kind,hybrid_exclude,middle_frame,0.9697616100311279,0.9697055816650391,0.9153422713279724,0.9459475874900818,0.9284519553184509,0.01749563217163086,5.602836608886719e-05,0.05441933870315552,False,False,completed,True
v_13502c1b9c959957b46a,a zebra taking a peaceful walk,hybrid_exclude,middle_frame,0.9967139363288879,0.9954102635383606,0.9473934173583984,0.997106671333313,0.9807003736495972,0.01640629768371582,0.0013036727905273438,0.0493205189704895,False,False,completed,True
v_1814b4d5b25ffa156aa6,an elephant running to join a herd of its kind,hybrid_exclude,middle_frame,0.9690490961074829,0.968996524810791,0.9483551383018494,0.9329218864440918,0.9279018640518188,0.005020022392272949,5.257129669189453e-05,0.020693957805633545,False,False,completed,True
v_22506cf5d5a1e6088fc8,a truck slowing down to stop,hybrid_exclude,middle_frame,0.8691954612731934,0.857007622718811,0.868051290512085,0.7584022879600525,0.699288547039032,0.05911374092102051,0.012187838554382324,0.0011441707611083984,False,False,completed,True
v_2ac6cf025d5e88563949,a zebra running to join a herd of its kind,hybrid_exclude,middle_frame,0.9500249624252319,0.9496548175811768,0.9178797006607056,0.9185127019882202,0.9022325277328491,0.016280174255371094,0.0003701448440551758,0.03214526176452637,False,False,completed,True
v_2fbefa11a17758f1cd8f,a zebra taking a peaceful walk,hybrid_exclude,middle_frame,0.9445307850837708,0.9429556727409363,0.9217033982276917,0.9212554693222046,0.8890725374221802,0.032182931900024414,0.0015751123428344727,0.0228273868560791,False,False,completed,True
v_304f65b790cd089803d4,a zebra bending down to drink water from a river,hybrid_exclude,middle_frame,0.9545856714248657,0.9521182179450989,0.9082151055335999,0.9624999761581421,0.929438591003418,0.03306138515472412,0.0024674534797668457,0.04637056589126587,False,False,completed,True
v_34025bb5b4d01c898f92,a motorcycle accelerating to gain speed,hybrid_exclude,middle_frame,0.9564681053161621,0.9556928873062134,0.942548394203186,0.9416208267211914,0.934863805770874,0.006757020950317383,0.0007752180099487305,0.013919711112976074,False,False,completed,True
v_355010ce10f66a681b88,a truck turning a corner,hybrid_exclude,middle_frame,0.9635376334190369,0.9600126147270203,0.9301685690879822,0.9169105887413025,0.9023275375366211,0.014583051204681396,0.0035250186920166016,0.03336906433105469,False,False,completed,True
v_35d320b87cf1354b75ab,a zebra running to join a herd of its kind,hybrid_exclude,middle_frame,0.9588550925254822,0.9591454267501831,0.9067872166633606,0.9490302205085754,0.9276553988456726,0.021374821662902832,0.00029033422470092773,0.05206787586212158,False,False,completed,True
v_38ae4c230155beb1b259,a zebra taking a peaceful walk,hybrid_exclude,middle_frame,0.9856873154640198,0.9854244589805603,0.9432174563407898,0.98517906665802,0.9742915630340576,0.010887503623962402,0.00026285648345947266,0.04246985912322998,False,False,completed,True
v_3b6ddfc07cc98fcf9fa0,an elephant running to join a herd of its kind,hybrid_exclude,middle_frame,0.9880058169364929,0.9879570603370667,0.9368624687194824,0.9849029779434204,0.9775246381759644,0.007378339767456055,4.875659942626953e-05,0.0511433482170105,False,False,completed,True
v_427171327cff517973ed,a zebra bending down to drink water from a river,hybrid_exclude,middle_frame,0.9852167367935181,0.9847605228424072,0.9414528012275696,0.9767624139785767,0.9614942669868469,0.015268146991729736,0.00045621395111083984,0.043763935565948486,False,False,completed,True
v_4719caef96c8df794757,an elephant running to join a herd of its kind,hybrid_exclude,middle_frame,0.9782639741897583,0.9782363176345825,0.94432133436203,0.969979465007782,0.9599528908729553,0.01002657413482666,2.765655517578125e-05,0.03394263982772827,False,False,completed,True
v_4d76a76426a219a5f1bb,a zebra bending down to drink water from a river,hybrid_exclude,middle_frame,0.9782224893569946,0.9774177074432373,0.9602471590042114,0.9762669801712036,0.9702876806259155,0.005979299545288086,0.0008047819137573242,0.017975330352783203,False,False,completed,True
v_4e7cf3a0868b1b118f55,a zebra running to join a herd of its kind,hybrid_exclude,middle_frame,0.9522103071212769,0.9515799880027771,0.9249588251113892,0.9482232928276062,0.9351704120635986,0.013052880764007568,0.0006303191184997559,0.027251482009887695,False,False,completed,True
v_4f8abc7bb931501fb862,a truck slowing down to stop,hybrid_exclude,middle_frame,0.9940704703330994,0.9907571077346802,0.9917373657226562,0.9710509777069092,0.9582920074462891,0.012758970260620117,0.0033133625984191895,0.0023331046104431152,False,False,completed,False
v_4ff816e35ca1960d8058,an elephant running to join a herd of its kind,hybrid_exclude,middle_frame,0.9646567702293396,0.9650056958198547,0.9171481132507324,0.9487122297286987,0.9296659231185913,0.019046306610107422,0.0003489255905151367,0.04750865697860718,False,False,completed,True
v_50b265d3f9ccf281a518,an elephant spraying itself with water using its trunk to cool down,hybrid_exclude,middle_frame,0.9901018142700195,0.9879525899887085,0.9506635069847107,0.9922862648963928,0.9843830466270447,0.007903218269348145,0.002149224281311035,0.03943830728530884,False,False,completed,True
v_53b3d43654788945925c,a zebra running to join a herd of its kind,hybrid_exclude,middle_frame,0.972172737121582,0.971585750579834,0.9221869707107544,0.9581042528152466,0.935930073261261,0.022174179553985596,0.0005869865417480469,0.04998576641082764,False,False,completed,True
v_55a4f07d56cda7470760,an elephant running to join a herd of its kind,hybrid_exclude,middle_frame,0.9789860844612122,0.9785623550415039,0.9356824159622192,0.9713909029960632,0.9619206190109253,0.00947028398513794,0.00042372941970825195,0.04330366849899292,False,False,completed,True
v_6015d56a898aa0948639,a zebra bending down to drink water from a river,hybrid_exclude,middle_frame,0.9817591905593872,0.9818419814109802,0.9628795385360718,0.9774531722068787,0.9712479710578918,0.006205201148986816,8.279085159301758e-05,0.01887965202331543,False,False,completed,True
v_67c0894760111d0087b6,a motorcycle accelerating to gain speed,hybrid_exclude,middle_frame,0.92059326171875,0.9204044342041016,0.8835922479629517,0.7869536280632019,0.7775631546974182,0.009390473365783691,0.0001888275146484375,0.03700101375579834,False,False,completed,True
v_6bee77846ce628e11d94,an elephant spraying itself with water using its trunk to cool down,hybrid_exclude,middle_frame,0.9835841059684753,0.9810879230499268,0.9627439379692078,0.9801599383354187,0.9719071388244629,0.00825279951095581,0.002496182918548584,0.020840167999267578,False,False,completed,True
v_6d2af08e0301e767c719,a cow running to join a herd of its kind,hybrid_exclude,middle_frame,0.9381388425827026,0.9377890229225159,0.9090983271598816,0.871242880821228,0.8401070237159729,0.031135857105255127,0.0003498196601867676,0.029040515422821045,False,False,completed,True
v_6ee4476dec8615e1535f,a zebra bending down to drink water from a river,hybrid_exclude,middle_frame,0.9657285213470459,0.9657002091407776,0.9498966336250305,0.964434027671814,0.9561077356338501,0.008326292037963867,2.8312206268310547e-05,0.01583188772201538,False,False,completed,True
v_74d5bd9982ed49689599,a truck turning a corner,hybrid_exclude,middle_frame,0.9701874256134033,0.9702896475791931,0.9329739212989807,0.9252806901931763,0.8975206017494202,0.027760088443756104,0.00010222196578979492,0.03721350431442261,False,False,completed,True
v_795022cc03907dc7489e,an elephant spraying itself with water using its trunk to cool down,hybrid_exclude,middle_frame,0.9523473978042603,0.9522944688796997,0.9377633333206177,0.9006173610687256,0.8899511694908142,0.010666191577911377,5.2928924560546875e-05,0.014584064483642578,False,False,completed,True
v_7959de66f76bf5fc41d9,a zebra bending down to drink water from a river,hybrid_exclude,middle_frame,0.9828632473945618,0.9828025698661804,0.9656253457069397,0.9712667465209961,0.9663472175598145,0.004919528961181641,6.0677528381347656e-05,0.01723790168762207,False,False,completed,True
v_82dc1689fd289adcc0d2,a zebra taking a peaceful walk,hybrid_exclude,middle_frame,0.9778921008110046,0.9778937101364136,0.9331265091896057,0.9754855632781982,0.961848258972168,0.013637304306030273,1.6093254089355469e-06,0.044765591621398926,False,False,completed,True
v_88720509dffa7aea9e30,a zebra bending down to drink water from a river,hybrid_exclude,middle_frame,0.9738063216209412,0.9730246067047119,0.9380673766136169,0.9799759387969971,0.9641289114952087,0.01584702730178833,0.000781714916229248,0.03573894500732422,False,False,completed,True
v_8887acf562b32cc84023,a zebra bending down to drink water from a river,hybrid_exclude,middle_frame,0.9334750771522522,0.9301909804344177,0.9300969839096069,0.9226030707359314,0.8945811986923218,0.02802187204360962,0.0032840967178344727,0.0033780932426452637,False,False,completed,True
v_8dca194984971f0a1124,a truck turning a corner,hybrid_exclude,middle_frame,0.9337459802627563,0.9272744059562683,0.9074453115463257,0.8681207299232483,0.8488936424255371,0.01922708749771118,0.006471574306488037,0.026300668716430664,False,False,completed,True
v_8e6a21dfeb7a106dae22,a zebra taking a peaceful walk,hybrid_exclude,middle_frame,0.9760703444480896,0.9739470481872559,0.9693252444267273,0.9702401757240295,0.9641561508178711,0.006084024906158447,0.0021232962608337402,0.006745100021362305,False,False,completed,True
v_a18cdea6bd26987ddbc4,a cow running to join a herd of its kind,hybrid_exclude,middle_frame,0.9762948155403137,0.9747994542121887,0.9576677680015564,0.9539317488670349,0.9461938142776489,0.007737934589385986,0.001495361328125,0.018627047538757324,False,False,completed,True
v_a3b6d576bc5c5ef3517f,a zebra running to join a herd of its kind,hybrid_exclude,middle_frame,0.9438295960426331,0.9435445666313171,0.9051530957221985,0.9383728504180908,0.9289308190345764,0.009442031383514404,0.00028502941131591797,0.03867650032043457,False,False,completed,True
v_a522928f33a3f29c463c,a truck slowing down to stop,hybrid_exclude,middle_frame,0.9893493056297302,0.9883723258972168,0.9387520551681519,0.9741533398628235,0.9576993584632874,0.016453981399536133,0.0009769797325134277,0.05059725046157837,False,False,completed,True
v_a5b4d7c4b2a095c9e6cc,an elephant running to join a herd of its kind,hybrid_exclude,middle_frame,0.9817762970924377,0.9804938435554504,0.9634043574333191,0.9782154560089111,0.9744240641593933,0.0037913918495178223,0.0012824535369873047,0.018371939659118652,False,False,completed,True
v_aa14318968934ce72fb1,a zebra bending down to drink water from a river,hybrid_exclude,middle_frame,0.973966121673584,0.9732040762901306,0.926272988319397,0.9643047451972961,0.9432756304740906,0.021029114723205566,0.0007620453834533691,0.04769313335418701,False,False,completed,True
v_ad2f0d6ec69f9ff90382,a zebra taking a peaceful walk,hybrid_exclude,middle_frame,0.9869072437286377,0.9865696430206299,0.9429832696914673,0.9837861657142639,0.9681200981140137,0.015666067600250244,0.0003376007080078125,0.04392397403717041,False,False,completed,True
v_b2657298416595015a2b,a zebra running to join a herd of its kind,hybrid_exclude,middle_frame,0.9221466779708862,0.9215174317359924,0.8785185217857361,0.8821325302124023,0.863440990447998,0.018691539764404297,0.0006292462348937988,0.043628156185150146,False,False,completed,True
v_bc950a10e74a0a5447f1,a zebra bending down to drink water from a river,hybrid_exclude,middle_frame,0.9756776690483093,0.9758042097091675,0.9225733280181885,0.9725489616394043,0.9496232867240906,0.02292567491531372,0.0001265406608581543,0.05310434103012085,False,False,completed,True
v_bf4b3df29a9616bf26ae,a truck turning a corner,hybrid_exclude,middle_frame,0.9515529870986938,0.9511168599128723,0.9048495292663574,0.8850948214530945,0.850733757019043,0.034361064434051514,0.0004361271858215332,0.046703457832336426,False,False,completed,True
v_c41543fe72d2e5493d15,a truck slowing down to stop,hybrid_exclude,middle_frame,0.9834082722663879,0.9832063317298889,0.9703670144081116,0.9530027508735657,0.9463236331939697,0.006679117679595947,0.00020194053649902344,0.013041257858276367,False,False,completed,True
v_c424c7aceaf2046394ad,a cow running to join a herd of its kind,hybrid_exclude,middle_frame,0.9763944745063782,0.9758528470993042,0.9450298547744751,0.9669449329376221,0.9305711388587952,0.036373794078826904,0.0005416274070739746,0.031364619731903076,False,False,completed,True
v_c4de504a244d437ac3ad,a zebra bending down to drink water from a river,hybrid_exclude,middle_frame,0.9940760135650635,0.9924424886703491,0.944891095161438,0.994841992855072,0.9703385829925537,0.02450340986251831,0.0016335248947143555,0.04918491840362549,False,False,completed,True
v_cdab6ebfbdf88aa1365e,an elephant running to join a herd of its kind,hybrid_exclude,middle_frame,0.9607254266738892,0.9606931209564209,0.9261504411697388,0.9530994296073914,0.9273433685302734,0.02575606107711792,3.230571746826172e-05,0.03457498550415039,False,False,completed,True
v_d111e2d8975fa9b850b3,a zebra taking a peaceful walk,hybrid_exclude,middle_frame,0.9483411908149719,0.947165846824646,0.9215717315673828,0.9036860466003418,0.8850910067558289,0.01859503984451294,0.0011753439903259277,0.02676945924758911,False,False,completed,True
v_d51186bcfc23e2a780ab,a truck slowing down to stop,hybrid_exclude,middle_frame,0.9643544554710388,0.9642199873924255,0.925728440284729,0.9112410545349121,0.8912559747695923,0.019985079765319824,0.00013446807861328125,0.038626015186309814,False,False,completed,True
v_d86a4852b9a610b4e2ac,a motorcycle accelerating to gain speed,hybrid_exclude,middle_frame,0.9552143812179565,0.9552475214004517,0.9266842007637024,0.8991079330444336,0.8850607872009277,0.01404714584350586,3.314018249511719e-05,0.02853018045425415,False,False,completed,True
v_e7e6381187b3421f31f4,a zebra taking a peaceful walk,hybrid_exclude,middle_frame,0.9758050441741943,0.9750180840492249,0.9324508905410767,0.9502309560775757,0.9383193254470825,0.011911630630493164,0.0007869601249694824,0.043354153633117676,False,False,completed,True
v_e84cd21f77767e064452,an elephant running to join a herd of its kind,hybrid_exclude,middle_frame,0.8868926167488098,0.8884747624397278,0.8763789534568787,0.9618316292762756,0.9182860255241394,0.04354560375213623,0.0015821456909179688,0.010513663291931152,False,False,completed,True
v_f762ed821ba1fba906af,a zebra bending down to drink water from a river,hybrid_exclude,middle_frame,0.9867092370986938,0.982679009437561,0.9385743737220764,0.9777792096138,0.9615898132324219,0.016189396381378174,0.0040302276611328125,0.04813486337661743,False,False,completed,True
v_f993f14cdb34fb8383ef,a zebra bending down to drink water from a river,hybrid_exclude,middle_frame,0.9814218878746033,0.9800164699554443,0.9439682960510254,0.9786093235015869,0.956911027431488,0.021698296070098877,0.0014054179191589355,0.03745359182357788,False,False,completed,True
v_fb03b6a21df9c0a51627,a cow running to join a herd of its kind,hybrid_exclude,middle_frame,0.9514460563659668,0.942203164100647,0.9301130175590515,0.9386007189750671,0.884435772895813,0.05416494607925415,0.009242892265319824,0.021333038806915283,False,False,completed,True
v_fc9b39a4b047b2db243c,an elephant spraying itself with water using its trunk to cool down,hybrid_exclude,middle_frame,0.9950287342071533,0.9920791387557983,0.9450094699859619,0.9937685132026672,0.9834107160568237,0.010357797145843506,0.0029495954513549805,0.050019264221191406,False,False,completed,True
v_fef8070abcd8dcd3af47,a zebra taking a peaceful walk,hybrid_exclude,middle_frame,0.9282910823822021,0.9280375838279724,0.9101327061653137,0.8663416504859924,0.8594490885734558,0.006892561912536621,0.00025349855422973633,0.018158376216888428,False,False,completed,True
v_075ccc862d1b2d4936f0,an elephant running to join a herd of its kind,direct_zero,last_frame,0.9630889296531677,0.9626687169075012,0.9339030385017395,0.9417819976806641,0.9248793721199036,0.016902625560760498,0.0004202127456665039,0.029185891151428223,False,False,completed,True
v_0925f4496cf55ade8e5d,an elephant spraying itself with water using its trunk to cool down,direct_zero,last_frame,0.98935467004776,0.989328920841217,0.8659508228302002,0.9881947040557861,0.9828870892524719,0.005307614803314209,2.574920654296875e-05,0.12340384721755981,False,False,completed,True
v_0a1a6db568841167f9e8,a truck turning a corner,direct_zero,last_frame,0.7832257747650146,0.7832428812980652,0.6832438707351685,0.8972001075744629,0.8872061967849731,0.009993910789489746,1.710653305053711e-05,0.09998190402984619,False,False,completed,True
v_10d250e1b4b4a6ec0a82,a cow running to join a herd of its kind,direct_zero,last_frame,0.9591885805130005,0.9575934410095215,0.949124276638031,0.9442958235740662,0.916087806224823,0.028208017349243164,0.001595139503479004,0.010064303874969482,False,False,completed,True
v_125269dc5fc640751fa4,a zebra running to join a herd of its kind,direct_zero,last_frame,0.9697616100311279,0.9695971608161926,0.8502883315086365,0.9459475874900818,0.9337360858917236,0.012211501598358154,0.00016444921493530273,0.11947327852249146,False,False,completed,True
v_13502c1b9c959957b46a,a zebra taking a peaceful walk,direct_zero,last_frame,0.9967139363288879,0.9950889945030212,0.8721531629562378,0.997106671333313,0.9853241443634033,0.011782526969909668,0.0016249418258666992,0.12456077337265015,False,False,completed,True
v_1814b4d5b25ffa156aa6,an elephant running to join a herd of its kind,direct_zero,last_frame,0.9690490961074829,0.968781590461731,0.9553812146186829,0.9329218864440918,0.9289156198501587,0.0040062665939331055,0.0002675056457519531,0.013667881488800049,False,False,completed,True
v_22506cf5d5a1e6088fc8,a truck slowing down to stop,direct_zero,last_frame,0.8691954612731934,0.8675554990768433,0.760138750076294,0.7584022879600525,0.742650032043457,0.01575225591659546,0.0016399621963500977,0.10905671119689941,False,False,completed,True
v_2ac6cf025d5e88563949,a zebra running to join a herd of its kind,direct_zero,last_frame,0.9500249624252319,0.9496791958808899,0.831149697303772,0.9185127019882202,0.906204342842102,0.012308359146118164,0.000345766544342041,0.11887526512145996,False,False,completed,True
v_2fbefa11a17758f1cd8f,a zebra taking a peaceful walk,direct_zero,last_frame,0.9445307850837708,0.9409151077270508,0.8301618099212646,0.9212554693222046,0.8941634297370911,0.027092039585113525,0.0036156773567199707,0.1143689751625061,False,False,completed,True
v_304f65b790cd089803d4,a zebra bending down to drink water from a river,direct_zero,last_frame,0.9545856714248657,0.9554948806762695,0.8384386897087097,0.9624999761581421,0.9437617659568787,0.018738210201263428,0.0009092092514038086,0.116146981716156,False,False,completed,True
v_34025bb5b4d01c898f92,a motorcycle accelerating to gain speed,direct_zero,last_frame,0.9564681053161621,0.9562066197395325,0.8988721966743469,0.9416208267211914,0.9379787445068359,0.0036420822143554688,0.00026148557662963867,0.057595908641815186,False,False,completed,True
v_355010ce10f66a681b88,a truck turning a corner,direct_zero,last_frame,0.9635376334190369,0.9636144638061523,0.8429450988769531,0.9169105887413025,0.9086248278617859,0.008285760879516602,7.683038711547852e-05,0.12059253454208374,False,False,completed,True
v_35d320b87cf1354b75ab,a zebra running to join a herd of its kind,direct_zero,last_frame,0.9588550925254822,0.9582226276397705,0.839030921459198,0.9490302205085754,0.9359564781188965,0.013073742389678955,0.0006324648857116699,0.11982417106628418,False,False,completed,True
v_38ae4c230155beb1b259,a zebra taking a peaceful walk,direct_zero,last_frame,0.9856873154640198,0.9852705001831055,0.86292564868927,0.98517906665802,0.9781649708747864,0.007014095783233643,0.00041681528091430664,0.12276166677474976,False,False,completed,True
v_3b6ddfc07cc98fcf9fa0,an elephant running to join a herd of its kind,direct_zero,last_frame,0.9880058169364929,0.9879263043403625,0.9407696723937988,0.9849029779434204,0.9799201488494873,0.0049828290939331055,7.95125961303711e-05,0.04723614454269409,False,False,completed,True
v_427171327cff517973ed,a zebra bending down to drink water from a river,direct_zero,last_frame,0.9852167367935181,0.9841002821922302,0.8643877506256104,0.9767624139785767,0.9656854271888733,0.01107698678970337,0.0011164546012878418,0.12082898616790771,False,False,completed,True
v_4719caef96c8df794757,an elephant running to join a herd of its kind,direct_zero,last_frame,0.9782639741897583,0.9783082604408264,0.9386255145072937,0.969979465007782,0.9618067145347595,0.008172750473022461,4.4286251068115234e-05,0.0396384596824646,False,False,completed,True
v_4d76a76426a219a5f1bb,a zebra bending down to drink water from a river,direct_zero,last_frame,0.9782224893569946,0.9770570397377014,0.9192375540733337,0.9762669801712036,0.9717205762863159,0.004546403884887695,0.0011654496192932129,0.05898493528366089,False,False,completed,True
v_4e7cf3a0868b1b118f55,a zebra running to join a herd of its kind,direct_zero,last_frame,0.9522103071212769,0.951923668384552,0.8337940573692322,0.9482232928276062,0.9379141926765442,0.010309100151062012,0.0002866387367248535,0.11841624975204468,False,False,completed,True
v_4f8abc7bb931501fb862,a truck slowing down to stop,direct_zero,last_frame,0.9940704703330994,0.9338083267211914,0.9938666820526123,0.9710509777069092,0.9551404118537903,0.015910565853118896,0.06026214361190796,0.00020378828048706055,False,False,completed,False
v_4ff816e35ca1960d8058,an elephant running to join a herd of its kind,direct_zero,last_frame,0.9646567702293396,0.9645423889160156,0.9231157898902893,0.9487122297286987,0.9315420985221863,0.01717013120651245,0.00011438131332397461,0.04154098033905029,False,False,completed,True
v_50b265d3f9ccf281a518,an elephant spraying itself with water using its trunk to cool down,direct_zero,last_frame,0.9901018142700195,0.9895168542861938,0.9463240504264832,0.9922862648963928,0.9868497848510742,0.0054364800453186035,0.0005849599838256836,0.04377776384353638,False,False,completed,True
v_53b3d43654788945925c,a zebra running to join a herd of its kind,direct_zero,last_frame,0.972172737121582,0.9714193344116211,0.8509017825126648,0.9581042528152466,0.9446625113487244,0.013441741466522217,0.0007534027099609375,0.12127095460891724,False,False,completed,True
v_55a4f07d56cda7470760,an elephant running to join a herd of its kind,direct_zero,last_frame,0.9789860844612122,0.9787320494651794,0.9229153394699097,0.9713909029960632,0.9685319662094116,0.0028589367866516113,0.00025403499603271484,0.05607074499130249,False,False,completed,True
v_6015d56a898aa0948639,a zebra bending down to drink water from a river,direct_zero,last_frame,0.9817591905593872,0.9817877411842346,0.9221384525299072,0.9774531722068787,0.9735152125358582,0.003937959671020508,2.855062484741211e-05,0.05962073802947998,False,False,completed,True
v_67c0894760111d0087b6,a motorcycle accelerating to gain speed,direct_zero,last_frame,0.92059326171875,0.9198354482650757,0.8063792586326599,0.7869536280632019,0.7604783773422241,0.026475250720977783,0.0007578134536743164,0.11421400308609009,False,False,completed,True
v_6bee77846ce628e11d94,an elephant spraying itself with water using its trunk to cool down,direct_zero,last_frame,0.9835841059684753,0.9823790192604065,0.9239450097084045,0.9801599383354187,0.975692629814148,0.004467308521270752,0.0012050867080688477,0.0596390962600708,False,False,completed,True
v_6d2af08e0301e767c719,a cow running to join a herd of its kind,direct_zero,last_frame,0.9381388425827026,0.9370295405387878,0.9068275690078735,0.871242880821228,0.8515887260437012,0.019654154777526855,0.001109302043914795,0.0313112735748291,False,False,completed,True
v_6ee4476dec8615e1535f,a zebra bending down to drink water from a river,direct_zero,last_frame,0.9657285213470459,0.9656656980514526,0.9072083234786987,0.964434027671814,0.9588389992713928,0.005595028400421143,6.282329559326172e-05,0.05852019786834717,False,False,completed,True
v_74d5bd9982ed49689599,a truck turning a corner,direct_zero,last_frame,0.9701874256134033,0.9701839089393616,0.8501189947128296,0.9252806901931763,0.915302574634552,0.009978115558624268,3.516674041748047e-06,0.12006843090057373,False,False,completed,True
v_795022cc03907dc7489e,an elephant spraying itself with water using its trunk to cool down,direct_zero,last_frame,0.24734899401664734,0.24743294715881348,0.21813000738620758,0.9006173610687256,0.8943372964859009,0.006280064582824707,8.39531421661377e-05,0.02921898663043976,False,False,completed,True
v_7959de66f76bf5fc41d9,a zebra bending down to drink water from a river,direct_zero,last_frame,0.9828632473945618,0.9827956557273865,0.9231727123260498,0.9712667465209961,0.9677718281745911,0.0034949183464050293,6.759166717529297e-05,0.05969053506851196,False,False,completed,True
v_82dc1689fd289adcc0d2,a zebra taking a peaceful walk,direct_zero,last_frame,0.9778921008110046,0.9778559803962708,0.855618953704834,0.9754855632781982,0.9667261838912964,0.008759379386901855,3.612041473388672e-05,0.12227314710617065,False,False,completed,True
v_88720509dffa7aea9e30,a zebra bending down to drink water from a river,direct_zero,last_frame,0.9738063216209412,0.9737728238105774,0.8523080348968506,0.9799759387969971,0.9703100919723511,0.009665846824645996,3.349781036376953e-05,0.12149828672409058,False,False,completed,True
v_8887acf562b32cc84023,a zebra bending down to drink water from a river,direct_zero,last_frame,0.9334750771522522,0.9317048192024231,0.931165874004364,0.9226030707359314,0.9083877205848694,0.014215350151062012,0.0017702579498291016,0.0023092031478881836,False,False,completed,True
v_8dca194984971f0a1124,a truck turning a corner,direct_zero,last_frame,0.9337459802627563,0.8195038437843323,0.9230708479881287,0.8681207299232483,0.8393993973731995,0.028721332550048828,0.11424213647842407,0.010675132274627686,False,False,completed,True
v_8e6a21dfeb7a106dae22,a zebra taking a peaceful walk,direct_zero,last_frame,0.9760703444480896,0.9752299189567566,0.9173911809921265,0.9702401757240295,0.9667112231254578,0.0035289525985717773,0.0008404254913330078,0.058679163455963135,False,False,completed,True
v_a18cdea6bd26987ddbc4,a cow running to join a herd of its kind,direct_zero,last_frame,0.8598477840423584,0.8598293662071228,0.8043505549430847,0.9539317488670349,0.9493700265884399,0.004561722278594971,1.8417835235595703e-05,0.05549722909927368,False,False,completed,True
v_a3b6d576bc5c5ef3517f,a zebra running to join a herd of its kind,direct_zero,last_frame,0.9438295960426331,0.9416925311088562,0.9236374497413635,0.9383728504180908,0.9284046292304993,0.009968221187591553,0.0021370649337768555,0.02019214630126953,False,False,completed,True
v_a522928f33a3f29c463c,a truck slowing down to stop,direct_zero,last_frame,0.9893493056297302,0.9877884387969971,0.8661698698997498,0.9741533398628235,0.9612933397293091,0.012860000133514404,0.0015608668327331543,0.12317943572998047,False,False,completed,True
v_a5b4d7c4b2a095c9e6cc,an elephant running to join a herd of its kind,direct_zero,last_frame,0.9817762970924377,0.9222025275230408,0.9728126525878906,0.9782154560089111,0.972925066947937,0.005290389060974121,0.05957376956939697,0.00896364450454712,False,False,completed,True
v_aa14318968934ce72fb1,a zebra bending down to drink water from a river,direct_zero,last_frame,0.973966121673584,0.9735599756240845,0.8519547581672668,0.9643047451972961,0.9514161944389343,0.012888550758361816,0.0004061460494995117,0.12201136350631714,False,False,completed,True
v_ad2f0d6ec69f9ff90382,a zebra taking a peaceful walk,direct_zero,last_frame,0.9869072437286377,0.9866285920143127,0.8637256026268005,0.9837861657142639,0.9743366837501526,0.009449481964111328,0.00027865171432495117,0.12318164110183716,False,False,completed,True
v_b2657298416595015a2b,a zebra running to join a herd of its kind,direct_zero,last_frame,0.9221466779708862,0.9221660494804382,0.8053749799728394,0.8821325302124023,0.8740243911743164,0.008108139038085938,1.9371509552001953e-05,0.11677169799804688,False,False,completed,True
v_bc950a10e74a0a5447f1,a zebra bending down to drink water from a river,direct_zero,last_frame,0.9756776690483093,0.9758586883544922,0.8539263010025024,0.9725489616394043,0.9597177505493164,0.01283121109008789,0.00018101930618286133,0.12175136804580688,False,False,completed,True
v_bf4b3df29a9616bf26ae,a truck turning a corner,direct_zero,last_frame,0.9515529870986938,0.9514395594596863,0.8344117999076843,0.8850948214530945,0.8737611770629883,0.011333644390106201,0.00011342763900756836,0.11714118719100952,False,False,completed,True
v_c41543fe72d2e5493d15,a truck slowing down to stop,direct_zero,last_frame,0.9834082722663879,0.9828713536262512,0.9238200783729553,0.9530027508735657,0.9502037167549133,0.0027990341186523438,0.0005369186401367188,0.05958819389343262,False,False,completed,True
v_c424c7aceaf2046394ad,a cow running to join a herd of its kind,direct_zero,last_frame,0.9763944745063782,0.9762178659439087,0.9454149007797241,0.9669449329376221,0.9447611570358276,0.022183775901794434,0.00017660856246948242,0.030979573726654053,False,False,completed,True
v_c4de504a244d437ac3ad,a zebra bending down to drink water from a river,direct_zero,last_frame,0.9940760135650635,0.9936479330062866,0.8698798418045044,0.994841992855072,0.9795587062835693,0.015283286571502686,0.00042808055877685547,0.12419617176055908,False,False,completed,True
v_cdab6ebfbdf88aa1365e,an elephant running to join a herd of its kind,direct_zero,last_frame,0.9607254266738892,0.9606432914733887,0.9198546409606934,0.9530994296073914,0.9379104375839233,0.015188992023468018,8.213520050048828e-05,0.0408707857131958,False,False,completed,True
v_d111e2d8975fa9b850b3,a zebra taking a peaceful walk,direct_zero,last_frame,0.9483411908149719,0.9468421936035156,0.8314678072929382,0.9036860466003418,0.8928757309913635,0.010810315608978271,0.0014989972114562988,0.11687338352203369,False,False,completed,True
v_d51186bcfc23e2a780ab,a truck slowing down to stop,direct_zero,last_frame,0.9643544554710388,0.9641531705856323,0.8426061868667603,0.9112410545349121,0.8989561200141907,0.012284934520721436,0.00020128488540649414,0.12174826860427856,False,False,completed,True
v_d86a4852b9a610b4e2ac,a motorcycle accelerating to gain speed,direct_zero,last_frame,0.9552143812179565,0.8411720991134644,0.8411720991134644,0.8991079330444336,0.8759160041809082,0.02319192886352539,0.11404228210449219,0.11404228210449219,False,False,completed,True
v_e7e6381187b3421f31f4,a zebra taking a peaceful walk,direct_zero,last_frame,0.9758050441741943,0.9760692715644836,0.8547252416610718,0.9502309560775757,0.945191502571106,0.0050394535064697266,0.00026422739028930664,0.12107980251312256,False,False,completed,True
v_e84cd21f77767e064452,an elephant running to join a herd of its kind,direct_zero,last_frame,0.8868926167488098,0.8853935599327087,0.8680190443992615,0.9618316292762756,0.9365835785865784,0.025248050689697266,0.0014990568161010742,0.01887357234954834,False,False,completed,True
v_f762ed821ba1fba906af,a zebra bending down to drink water from a river,direct_zero,last_frame,0.9867092370986938,0.9863258600234985,0.8635951280593872,0.9777792096138,0.963287889957428,0.01449131965637207,0.0003833770751953125,0.12311410903930664,False,False,completed,True
v_f993f14cdb34fb8383ef,a zebra bending down to drink water from a river,direct_zero,last_frame,0.9814218878746033,0.979816198348999,0.8584641218185425,0.9786093235015869,0.9649929404258728,0.013616383075714111,0.001605689525604248,0.12295776605606079,False,False,completed,True
v_fb03b6a21df9c0a51627,a cow running to join a herd of its kind,direct_zero,last_frame,0.9514460563659668,0.9509376287460327,0.8977035880088806,0.9386007189750671,0.9212590456008911,0.017341673374176025,0.000508427619934082,0.05374246835708618,False,False,completed,True
v_fc9b39a4b047b2db243c,an elephant spraying itself with water using its trunk to cool down,direct_zero,last_frame,0.9950287342071533,0.9945066571235657,0.8708840012550354,0.9937685132026672,0.9888269901275635,0.00494152307510376,0.0005220770835876465,0.12414473295211792,False,False,completed,True
v_fef8070abcd8dcd3af47,a zebra taking a peaceful walk,direct_zero,last_frame,0.9282910823822021,0.9274329543113708,0.8735871911048889,0.8663416504859924,0.8597421050071716,0.006599545478820801,0.0008581280708312988,0.05470389127731323,False,False,completed,True
v_075ccc862d1b2d4936f0,an elephant running to join a herd of its kind,direct_exclude,last_frame,0.9630889296531677,0.9626687169075012,0.9339030385017395,0.9417819976806641,0.9248793721199036,0.016902625560760498,0.0004202127456665039,0.029185891151428223,False,False,completed,True
v_0925f4496cf55ade8e5d,an elephant spraying itself with water using its trunk to cool down,direct_exclude,last_frame,0.98935467004776,0.989328920841217,0.9896580576896667,0.9881947040557861,0.9828870892524719,0.005307614803314209,2.574920654296875e-05,-0.0003033876419067383,False,False,completed,True
v_0a1a6db568841167f9e8,a truck turning a corner,direct_exclude,last_frame,0.8951151967048645,0.8951347470283508,0.9009808897972107,0.8972001075744629,0.8872061967849731,0.009993910789489746,1.9550323486328125e-05,-0.005865693092346191,False,False,completed,True
v_10d250e1b4b4a6ec0a82,a cow running to join a herd of its kind,direct_exclude,last_frame,0.9591885805130005,0.9575934410095215,0.949124276638031,0.9442958235740662,0.916087806224823,0.028208017349243164,0.001595139503479004,0.010064303874969482,False,False,completed,True
v_125269dc5fc640751fa4,a zebra running to join a herd of its kind,direct_exclude,last_frame,0.9697616100311279,0.9695971608161926,0.9717580676078796,0.9459475874900818,0.9337360858917236,0.012211501598358154,0.00016444921493530273,-0.001996457576751709,False,False,completed,True
v_13502c1b9c959957b46a,a zebra taking a peaceful walk,direct_exclude,last_frame,0.9967139363288879,0.9950889945030212,0.9967464208602905,0.997106671333313,0.9853241443634033,0.011782526969909668,0.0016249418258666992,-3.248453140258789e-05,False,False,completed,True
v_1814b4d5b25ffa156aa6,an elephant running to join a herd of its kind,direct_exclude,last_frame,0.9690490961074829,0.968781590461731,0.9553812146186829,0.9329218864440918,0.9289156198501587,0.0040062665939331055,0.0002675056457519531,0.013667881488800049,False,False,completed,True
v_22506cf5d5a1e6088fc8,a truck slowing down to stop,direct_exclude,last_frame,0.8691954612731934,0.8675554990768433,0.8687299489974976,0.7584022879600525,0.742650032043457,0.01575225591659546,0.0016399621963500977,0.0004655122756958008,False,False,completed,True
v_2ac6cf025d5e88563949,a zebra running to join a herd of its kind,direct_exclude,last_frame,0.9500249624252319,0.9496791958808899,0.949885368347168,0.9185127019882202,0.906204342842102,0.012308359146118164,0.000345766544342041,0.00013959407806396484,False,False,completed,True
v_2fbefa11a17758f1cd8f,a zebra taking a peaceful walk,direct_exclude,last_frame,0.9445307850837708,0.9409151077270508,0.9487563967704773,0.9212554693222046,0.8941634297370911,0.027092039585113525,0.0036156773567199707,-0.004225611686706543,False,False,completed,True
v_304f65b790cd089803d4,a zebra bending down to drink water from a river,direct_exclude,last_frame,0.9545856714248657,0.9554948806762695,0.9582156538963318,0.9624999761581421,0.9437617659568787,0.018738210201263428,0.0009092092514038086,-0.0036299824714660645,False,False,completed,True
v_34025bb5b4d01c898f92,a motorcycle accelerating to gain speed,direct_exclude,last_frame,0.9564681053161621,0.9562066197395325,0.9568639397621155,0.9416208267211914,0.9379787445068359,0.0036420822143554688,0.00026148557662963867,-0.00039583444595336914,False,False,completed,True
v_355010ce10f66a681b88,a truck turning a corner,direct_exclude,last_frame,0.9635376334190369,0.9636144638061523,0.9633657932281494,0.9169105887413025,0.9086248278617859,0.008285760879516602,7.683038711547852e-05,0.00017184019088745117,False,False,completed,True
v_35d320b87cf1354b75ab,a zebra running to join a herd of its kind,direct_exclude,last_frame,0.9588550925254822,0.9582226276397705,0.9588925242424011,0.9490302205085754,0.9359564781188965,0.013073742389678955,0.0006324648857116699,-3.743171691894531e-05,False,False,completed,True
v_38ae4c230155beb1b259,a zebra taking a peaceful walk,direct_exclude,last_frame,0.9856873154640198,0.9852705001831055,0.9862006902694702,0.98517906665802,0.9781649708747864,0.007014095783233643,0.00041681528091430664,-0.0005133748054504395,False,False,completed,True
v_3b6ddfc07cc98fcf9fa0,an elephant running to join a herd of its kind,direct_exclude,last_frame,0.9880058169364929,0.9879263043403625,0.9407696723937988,0.9849029779434204,0.9799201488494873,0.0049828290939331055,7.95125961303711e-05,0.04723614454269409,False,False,completed,True
v_427171327cff517973ed,a zebra bending down to drink water from a river,direct_exclude,last_frame,0.9852167367935181,0.9841002821922302,0.9878716468811035,0.9767624139785767,0.9656854271888733,0.01107698678970337,0.0011164546012878418,-0.0026549100875854492,False,False,completed,True
v_4719caef96c8df794757,an elephant running to join a herd of its kind,direct_exclude,last_frame,0.9782639741897583,0.9783082604408264,0.9386255145072937,0.969979465007782,0.9618067145347595,0.008172750473022461,4.4286251068115234e-05,0.0396384596824646,False,False,completed,True
v_4d76a76426a219a5f1bb,a zebra bending down to drink water from a river,direct_exclude,last_frame,0.9782224893569946,0.9770570397377014,0.9785431027412415,0.9762669801712036,0.9717205762863159,0.004546403884887695,0.0011654496192932129,-0.00032061338424682617,False,False,completed,True
v_4e7cf3a0868b1b118f55,a zebra running to join a herd of its kind,direct_exclude,last_frame,0.9522103071212769,0.951923668384552,0.9529075026512146,0.9482232928276062,0.9379141926765442,0.010309100151062012,0.0002866387367248535,-0.0006971955299377441,False,False,completed,True
v_4f8abc7bb931501fb862,a truck slowing down to stop,direct_exclude,last_frame,0.9940704703330994,0.9940539598464966,0.9938666820526123,0.9710509777069092,0.9551404118537903,0.015910565853118896,1.6510486602783203e-05,0.00020378828048706055,False,False,completed,False
v_4ff816e35ca1960d8058,an elephant running to join a herd of its kind,direct_exclude,last_frame,0.9646567702293396,0.9645423889160156,0.9231157898902893,0.9487122297286987,0.9315420985221863,0.01717013120651245,0.00011438131332397461,0.04154098033905029,False,False,completed,True
v_50b265d3f9ccf281a518,an elephant spraying itself with water using its trunk to cool down,direct_exclude,last_frame,0.9901018142700195,0.9895168542861938,0.9463240504264832,0.9922862648963928,0.9868497848510742,0.0054364800453186035,0.0005849599838256836,0.04377776384353638,False,False,completed,True
v_53b3d43654788945925c,a zebra running to join a herd of its kind,direct_exclude,last_frame,0.972172737121582,0.9714193344116211,0.9724592566490173,0.9581042528152466,0.9446625113487244,0.013441741466522217,0.0007534027099609375,-0.00028651952743530273,False,False,completed,True
v_55a4f07d56cda7470760,an elephant running to join a herd of its kind,direct_exclude,last_frame,0.9789860844612122,0.9787320494651794,0.9229153394699097,0.9713909029960632,0.9685319662094116,0.0028589367866516113,0.00025403499603271484,0.05607074499130249,False,False,completed,True
v_6015d56a898aa0948639,a zebra bending down to drink water from a river,direct_exclude,last_frame,0.9817591905593872,0.9817877411842346,0.9816312193870544,0.9774531722068787,0.9735152125358582,0.003937959671020508,2.855062484741211e-05,0.00012797117233276367,False,False,completed,True
v_67c0894760111d0087b6,a motorcycle accelerating to gain speed,direct_exclude,last_frame,0.92059326171875,0.9198354482650757,0.9215762615203857,0.7869536280632019,0.7604783773422241,0.026475250720977783,0.0007578134536743164,-0.0009829998016357422,False,False,completed,True
v_6bee77846ce628e11d94,an elephant spraying itself with water using its trunk to cool down,direct_exclude,last_frame,0.9835841059684753,0.9823790192604065,0.9835543632507324,0.9801599383354187,0.975692629814148,0.004467308521270752,0.0012050867080688477,2.9742717742919922e-05,False,False,completed,True
v_6d2af08e0301e767c719,a cow running to join a herd of its kind,direct_exclude,last_frame,0.9381388425827026,0.9370295405387878,0.9068275690078735,0.871242880821228,0.8515887260437012,0.019654154777526855,0.001109302043914795,0.0313112735748291,False,False,completed,True
v_6ee4476dec8615e1535f,a zebra bending down to drink water from a river,direct_exclude,last_frame,0.9657285213470459,0.9656656980514526,0.9657378196716309,0.964434027671814,0.9588389992713928,0.005595028400421143,6.282329559326172e-05,-9.298324584960938e-06,False,False,completed,True
v_74d5bd9982ed49689599,a truck turning a corner,direct_exclude,last_frame,0.9701874256134033,0.9701839089393616,0.971564531326294,0.9252806901931763,0.915302574634552,0.009978115558624268,3.516674041748047e-06,-0.001377105712890625,False,False,completed,True
v_795022cc03907dc7489e,an elephant spraying itself with water using its trunk to cool down,direct_exclude,last_frame,0.960296094417572,0.9606218934059143,0.9597720503807068,0.9006173610687256,0.8943372964859009,0.006280064582824707,0.00032579898834228516,0.0005240440368652344,False,False,completed,True
v_7959de66f76bf5fc41d9,a zebra bending down to drink water from a river,direct_exclude,last_frame,0.9828632473945618,0.9827956557273865,0.9827321767807007,0.9712667465209961,0.9677718281745911,0.0034949183464050293,6.759166717529297e-05,0.00013107061386108398,False,False,completed,True
v_82dc1689fd289adcc0d2,a zebra taking a peaceful walk,direct_exclude,last_frame,0.9778921008110046,0.9778559803962708,0.9778502583503723,0.9754855632781982,0.9667261838912964,0.008759379386901855,3.612041473388672e-05,4.184246063232422e-05,False,False,completed,True
v_88720509dffa7aea9e30,a zebra bending down to drink water from a river,direct_exclude,last_frame,0.9738063216209412,0.9737728238105774,0.9740663170814514,0.9799759387969971,0.9703100919723511,0.009665846824645996,3.349781036376953e-05,-0.0002599954605102539,False,False,completed,True
v_8887acf562b32cc84023,a zebra bending down to drink water from a river,direct_exclude,last_frame,0.9334750771522522,0.9317048192024231,0.931165874004364,0.9226030707359314,0.9083877205848694,0.014215350151062012,0.0017702579498291016,0.0023092031478881836,False,False,completed,True
v_8dca194984971f0a1124,a truck turning a corner,direct_exclude,last_frame,0.9337459802627563,0.9365757703781128,0.9230708479881287,0.8681207299232483,0.8393993973731995,0.028721332550048828,0.0028297901153564453,0.010675132274627686,False,False,completed,True
v_8e6a21dfeb7a106dae22,a zebra taking a peaceful walk,direct_exclude,last_frame,0.9760703444480896,0.9752299189567566,0.9765775799751282,0.9702401757240295,0.9667112231254578,0.0035289525985717773,0.0008404254913330078,-0.0005072355270385742,False,False,completed,True
v_a18cdea6bd26987ddbc4,a cow running to join a herd of its kind,direct_exclude,last_frame,0.9763433337211609,0.9763222932815552,0.9763151407241821,0.9539317488670349,0.9493700265884399,0.004561722278594971,2.104043960571289e-05,2.8192996978759766e-05,False,False,completed,True
v_a3b6d576bc5c5ef3517f,a zebra running to join a herd of its kind,direct_exclude,last_frame,0.9438295960426331,0.9416925311088562,0.9236374497413635,0.9383728504180908,0.9284046292304993,0.009968221187591553,0.0021370649337768555,0.02019214630126953,False,False,completed,True
v_a522928f33a3f29c463c,a truck slowing down to stop,direct_exclude,last_frame,0.9893493056297302,0.9877884387969971,0.9899083971977234,0.9741533398628235,0.9612933397293091,0.012860000133514404,0.0015608668327331543,-0.0005590915679931641,False,False,completed,True
v_a5b4d7c4b2a095c9e6cc,an elephant running to join a herd of its kind,direct_exclude,last_frame,0.9817762970924377,0.9816994071006775,0.9728126525878906,0.9782154560089111,0.972925066947937,0.005290389060974121,7.68899917602539e-05,0.00896364450454712,False,False,completed,True
v_aa14318968934ce72fb1,a zebra bending down to drink water from a river,direct_exclude,last_frame,0.973966121673584,0.9735599756240845,0.9736624956130981,0.9643047451972961,0.9514161944389343,0.012888550758361816,0.0004061460494995117,0.00030362606048583984,False,False,completed,True
v_ad2f0d6ec69f9ff90382,a zebra taking a peaceful walk,direct_exclude,last_frame,0.9869072437286377,0.9866285920143127,0.9871150255203247,0.9837861657142639,0.9743366837501526,0.009449481964111328,0.00027865171432495117,-0.00020778179168701172,False,False,completed,True
v_b2657298416595015a2b,a zebra running to join a herd of its kind,direct_exclude,last_frame,0.9221466779708862,0.9221660494804382,0.9204285144805908,0.8821325302124023,0.8740243911743164,0.008108139038085938,1.9371509552001953e-05,0.0017181634902954102,False,False,completed,True
v_bc950a10e74a0a5447f1,a zebra bending down to drink water from a river,direct_exclude,last_frame,0.9756776690483093,0.9758586883544922,0.975915789604187,0.9725489616394043,0.9597177505493164,0.01283121109008789,0.00018101930618286133,-0.00023812055587768555,False,False,completed,True
v_bf4b3df29a9616bf26ae,a truck turning a corner,direct_exclude,last_frame,0.9515529870986938,0.9514395594596863,0.9536134004592896,0.8850948214530945,0.8737611770629883,0.011333644390106201,0.00011342763900756836,-0.002060413360595703,False,False,completed,True
v_c41543fe72d2e5493d15,a truck slowing down to stop,direct_exclude,last_frame,0.9834082722663879,0.9828713536262512,0.9834213256835938,0.9530027508735657,0.9502037167549133,0.0027990341186523438,0.0005369186401367188,-1.3053417205810547e-05,False,False,completed,True
v_c424c7aceaf2046394ad,a cow running to join a herd of its kind,direct_exclude,last_frame,0.9763944745063782,0.9762178659439087,0.9454149007797241,0.9669449329376221,0.9447611570358276,0.022183775901794434,0.00017660856246948242,0.030979573726654053,False,False,completed,True
v_c4de504a244d437ac3ad,a zebra bending down to drink water from a river,direct_exclude,last_frame,0.9940760135650635,0.9936479330062866,0.9941483736038208,0.994841992855072,0.9795587062835693,0.015283286571502686,0.00042808055877685547,-7.236003875732422e-05,False,False,completed,True
v_cdab6ebfbdf88aa1365e,an elephant running to join a herd of its kind,direct_exclude,last_frame,0.9607254266738892,0.9606432914733887,0.9198546409606934,0.9530994296073914,0.9379104375839233,0.015188992023468018,8.213520050048828e-05,0.0408707857131958,False,False,completed,True
v_d111e2d8975fa9b850b3,a zebra taking a peaceful walk,direct_exclude,last_frame,0.9483411908149719,0.9468421936035156,0.9502489566802979,0.9036860466003418,0.8928757309913635,0.010810315608978271,0.0014989972114562988,-0.0019077658653259277,False,False,completed,True
v_d51186bcfc23e2a780ab,a truck slowing down to stop,direct_exclude,last_frame,0.9643544554710388,0.9641531705856323,0.9629784822463989,0.9112410545349121,0.8989561200141907,0.012284934520721436,0.00020128488540649414,0.0013759732246398926,False,False,completed,True
v_d86a4852b9a610b4e2ac,a motorcycle accelerating to gain speed,direct_exclude,last_frame,0.9552143812179565,0.9613394737243652,0.9613394737243652,0.8991079330444336,0.8759160041809082,0.02319192886352539,0.006125092506408691,-0.006125092506408691,False,False,completed,True
v_e7e6381187b3421f31f4,a zebra taking a peaceful walk,direct_exclude,last_frame,0.9758050441741943,0.9760692715644836,0.976828932762146,0.9502309560775757,0.945191502571106,0.0050394535064697266,0.00026422739028930664,-0.0010238885879516602,False,False,completed,True
v_e84cd21f77767e064452,an elephant running to join a herd of its kind,direct_exclude,last_frame,0.8868926167488098,0.8853935599327087,0.8680190443992615,0.9618316292762756,0.9365835785865784,0.025248050689697266,0.0014990568161010742,0.01887357234954834,False,False,completed,True
v_f762ed821ba1fba906af,a zebra bending down to drink water from a river,direct_exclude,last_frame,0.9867092370986938,0.9863258600234985,0.9869658946990967,0.9777792096138,0.963287889957428,0.01449131965637207,0.0003833770751953125,-0.00025665760040283203,False,False,completed,True
v_f993f14cdb34fb8383ef,a zebra bending down to drink water from a river,direct_exclude,last_frame,0.9814218878746033,0.979816198348999,0.9811018705368042,0.9786093235015869,0.9649929404258728,0.013616383075714111,0.001605689525604248,0.00032001733779907227,False,False,completed,True
v_fb03b6a21df9c0a51627,a cow running to join a herd of its kind,direct_exclude,last_frame,0.9514460563659668,0.9509376287460327,0.8977035880088806,0.9386007189750671,0.9212590456008911,0.017341673374176025,0.000508427619934082,0.05374246835708618,False,False,completed,True
v_fc9b39a4b047b2db243c,an elephant spraying itself with water using its trunk to cool down,direct_exclude,last_frame,0.9950287342071533,0.9945066571235657,0.9952959418296814,0.9937685132026672,0.9888269901275635,0.00494152307510376,0.0005220770835876465,-0.00026720762252807617,False,False,completed,True
v_fef8070abcd8dcd3af47,a zebra taking a peaceful walk,direct_exclude,last_frame,0.9282910823822021,0.9274329543113708,0.9299476146697998,0.8663416504859924,0.8597421050071716,0.006599545478820801,0.0008581280708312988,-0.0016565322875976562,False,False,completed,True
v_075ccc862d1b2d4936f0,an elephant running to join a herd of its kind,hybrid_zero,last_frame,0.9630889296531677,0.9626687169075012,0.9339030385017395,0.9417819976806641,0.9248793721199036,0.016902625560760498,0.0004202127456665039,0.029185891151428223,False,False,completed,True
v_0925f4496cf55ade8e5d,an elephant spraying itself with water using its trunk to cool down,hybrid_zero,last_frame,0.98935467004776,0.989328920841217,0.9403800368309021,0.9881947040557861,0.9828870892524719,0.005307614803314209,2.574920654296875e-05,0.04897463321685791,False,False,completed,True
v_0a1a6db568841167f9e8,a truck turning a corner,hybrid_zero,last_frame,0.8892853260040283,0.8893307447433472,0.8483521342277527,0.8972001075744629,0.8872061967849731,0.009993910789489746,4.5418739318847656e-05,0.040933191776275635,False,False,completed,True
v_10d250e1b4b4a6ec0a82,a cow running to join a herd of its kind,hybrid_zero,last_frame,0.9591885805130005,0.9575934410095215,0.949124276638031,0.9442958235740662,0.916087806224823,0.028208017349243164,0.001595139503479004,0.010064303874969482,False,False,completed,True
v_125269dc5fc640751fa4,a zebra running to join a herd of its kind,hybrid_zero,last_frame,0.9697616100311279,0.9695971608161926,0.9073986411094666,0.9459475874900818,0.9337360858917236,0.012211501598358154,0.00016444921493530273,0.06236296892166138,False,False,completed,True
v_13502c1b9c959957b46a,a zebra taking a peaceful walk,hybrid_zero,last_frame,0.9967139363288879,0.9950889945030212,0.9506897330284119,0.997106671333313,0.9853241443634033,0.011782526969909668,0.0016249418258666992,0.046024203300476074,False,False,completed,True
v_1814b4d5b25ffa156aa6,an elephant running to join a herd of its kind,hybrid_zero,last_frame,0.9690490961074829,0.968781590461731,0.9553812146186829,0.9329218864440918,0.9289156198501587,0.0040062665939331055,0.0002675056457519531,0.013667881488800049,False,False,completed,True
v_22506cf5d5a1e6088fc8,a truck slowing down to stop,hybrid_zero,last_frame,0.8691954612731934,0.8675554990768433,0.8337224721908569,0.7584022879600525,0.742650032043457,0.01575225591659546,0.0016399621963500977,0.035472989082336426,False,False,completed,True
v_2ac6cf025d5e88563949,a zebra running to join a herd of its kind,hybrid_zero,last_frame,0.9500249624252319,0.9496791958808899,0.9161255359649658,0.9185127019882202,0.906204342842102,0.012308359146118164,0.000345766544342041,0.03389942646026611,False,False,completed,True
v_2fbefa11a17758f1cd8f,a zebra taking a peaceful walk,hybrid_zero,last_frame,0.9445307850837708,0.9409151077270508,0.9154520034790039,0.9212554693222046,0.8941634297370911,0.027092039585113525,0.0036156773567199707,0.029078781604766846,False,False,completed,True
v_304f65b790cd089803d4,a zebra bending down to drink water from a river,hybrid_zero,last_frame,0.9545856714248657,0.9554948806762695,0.9085174202919006,0.9624999761581421,0.9437617659568787,0.018738210201263428,0.0009092092514038086,0.04606825113296509,False,False,completed,True
v_34025bb5b4d01c898f92,a motorcycle accelerating to gain speed,hybrid_zero,last_frame,0.9564681053161621,0.9562066197395325,0.9405580163002014,0.9416208267211914,0.9379787445068359,0.0036420822143554688,0.00026148557662963867,0.015910089015960693,False,False,completed,True
v_355010ce10f66a681b88,a truck turning a corner,hybrid_zero,last_frame,0.9635376334190369,0.9636144638061523,0.9317668676376343,0.9169105887413025,0.9086248278617859,0.008285760879516602,7.683038711547852e-05,0.03177076578140259,False,False,completed,True
v_35d320b87cf1354b75ab,a zebra running to join a herd of its kind,hybrid_zero,last_frame,0.9588550925254822,0.9582226276397705,0.895158588886261,0.9490302205085754,0.9359564781188965,0.013073742389678955,0.0006324648857116699,0.06369650363922119,False,False,completed,True
v_38ae4c230155beb1b259,a zebra taking a peaceful walk,hybrid_zero,last_frame,0.9856873154640198,0.9852705001831055,0.9433466792106628,0.98517906665802,0.9781649708747864,0.007014095783233643,0.00041681528091430664,0.042340636253356934,False,False,completed,True
v_3b6ddfc07cc98fcf9fa0,an elephant running to join a herd of its kind,hybrid_zero,last_frame,0.9880058169364929,0.9879263043403625,0.9407696723937988,0.9849029779434204,0.9799201488494873,0.0049828290939331055,7.95125961303711e-05,0.04723614454269409,False,False,completed,True
v_427171327cff517973ed,a zebra bending down to drink water from a river,hybrid_zero,last_frame,0.9852167367935181,0.9841002821922302,0.9439288973808289,0.9767624139785767,0.9656854271888733,0.01107698678970337,0.0011164546012878418,0.04128783941268921,False,False,completed,True
v_4719caef96c8df794757,an elephant running to join a herd of its kind,hybrid_zero,last_frame,0.9782639741897583,0.9783082604408264,0.9386255145072937,0.969979465007782,0.9618067145347595,0.008172750473022461,4.4286251068115234e-05,0.0396384596824646,False,False,completed,True
v_4d76a76426a219a5f1bb,a zebra bending down to drink water from a river,hybrid_zero,last_frame,0.9782224893569946,0.9770570397377014,0.9617243409156799,0.9762669801712036,0.9717205762863159,0.004546403884887695,0.0011654496192932129,0.016498148441314697,False,False,completed,True
v_4e7cf3a0868b1b118f55,a zebra running to join a herd of its kind,hybrid_zero,last_frame,0.9522103071212769,0.951923668384552,0.9158703088760376,0.9482232928276062,0.9379141926765442,0.010309100151062012,0.0002866387367248535,0.03633999824523926,False,False,completed,True
v_4f8abc7bb931501fb862,a truck slowing down to stop,hybrid_zero,last_frame,0.9940704703330994,0.9744086265563965,0.9938666820526123,0.9710509777069092,0.9551404118537903,0.015910565853118896,0.01966184377670288,0.00020378828048706055,False,False,completed,False
v_4ff816e35ca1960d8058,an elephant running to join a herd of its kind,hybrid_zero,last_frame,0.9646567702293396,0.9645423889160156,0.9231157898902893,0.9487122297286987,0.9315420985221863,0.01717013120651245,0.00011438131332397461,0.04154098033905029,False,False,completed,True
v_50b265d3f9ccf281a518,an elephant spraying itself with water using its trunk to cool down,hybrid_zero,last_frame,0.9901018142700195,0.9895168542861938,0.9463240504264832,0.9922862648963928,0.9868497848510742,0.0054364800453186035,0.0005849599838256836,0.04377776384353638,False,False,completed,True
v_53b3d43654788945925c,a zebra running to join a herd of its kind,hybrid_zero,last_frame,0.972172737121582,0.9714193344116211,0.9346237182617188,0.9581042528152466,0.9446625113487244,0.013441741466522217,0.0007534027099609375,0.03754901885986328,False,False,completed,True
v_55a4f07d56cda7470760,an elephant running to join a herd of its kind,hybrid_zero,last_frame,0.9789860844612122,0.9787320494651794,0.9229153394699097,0.9713909029960632,0.9685319662094116,0.0028589367866516113,0.00025403499603271484,0.05607074499130249,False,False,completed,True
v_6015d56a898aa0948639,a zebra bending down to drink water from a river,hybrid_zero,last_frame,0.9817591905593872,0.9817877411842346,0.9628450870513916,0.9774531722068787,0.9735152125358582,0.003937959671020508,2.855062484741211e-05,0.018914103507995605,False,False,completed,True
v_67c0894760111d0087b6,a motorcycle accelerating to gain speed,hybrid_zero,last_frame,0.92059326171875,0.9198354482650757,0.9046987295150757,0.7869536280632019,0.7604783773422241,0.026475250720977783,0.0007578134536743164,0.015894532203674316,False,False,completed,True
v_6bee77846ce628e11d94,an elephant spraying itself with water using its trunk to cool down,hybrid_zero,last_frame,0.9835841059684753,0.9823790192604065,0.9671580195426941,0.9801599383354187,0.975692629814148,0.004467308521270752,0.0012050867080688477,0.01642608642578125,False,False,completed,True
v_6d2af08e0301e767c719,a cow running to join a herd of its kind,hybrid_zero,last_frame,0.9381388425827026,0.9370295405387878,0.9068275690078735,0.871242880821228,0.8515887260437012,0.019654154777526855,0.001109302043914795,0.0313112735748291,False,False,completed,True
v_6ee4476dec8615e1535f,a zebra bending down to drink water from a river,hybrid_zero,last_frame,0.9657285213470459,0.9656656980514526,0.9513879418373108,0.964434027671814,0.9588389992713928,0.005595028400421143,6.282329559326172e-05,0.014340579509735107,False,False,completed,True
v_74d5bd9982ed49689599,a truck turning a corner,hybrid_zero,last_frame,0.9701874256134033,0.9701839089393616,0.9360013604164124,0.9252806901931763,0.915302574634552,0.009978115558624268,3.516674041748047e-06,0.03418606519699097,False,False,completed,True
v_795022cc03907dc7489e,an elephant spraying itself with water using its trunk to cool down,hybrid_zero,last_frame,0.9523473978042603,0.9525287747383118,0.9376396536827087,0.9006173610687256,0.8943372964859009,0.006280064582824707,0.00018137693405151367,0.014707744121551514,False,False,completed,True
v_7959de66f76bf5fc41d9,a zebra bending down to drink water from a river,hybrid_zero,last_frame,0.9828632473945618,0.9827956557273865,0.9664011001586914,0.9712667465209961,0.9677718281745911,0.0034949183464050293,6.759166717529297e-05,0.01646214723587036,False,False,completed,True
v_82dc1689fd289adcc0d2,a zebra taking a peaceful walk,hybrid_zero,last_frame,0.9778921008110046,0.9778559803962708,0.9290542602539062,0.9754855632781982,0.9667261838912964,0.008759379386901855,3.612041473388672e-05,0.04883784055709839,False,False,completed,True
v_88720509dffa7aea9e30,a zebra bending down to drink water from a river,hybrid_zero,last_frame,0.9738063216209412,0.9737728238105774,0.9384480118751526,0.9799759387969971,0.9703100919723511,0.009665846824645996,3.349781036376953e-05,0.035358309745788574,False,False,completed,True
v_8887acf562b32cc84023,a zebra bending down to drink water from a river,hybrid_zero,last_frame,0.9334750771522522,0.9317048192024231,0.931165874004364,0.9226030707359314,0.9083877205848694,0.014215350151062012,0.0017702579498291016,0.0023092031478881836,False,False,completed,True
v_8dca194984971f0a1124,a truck turning a corner,hybrid_zero,last_frame,0.9337459802627563,0.9091853499412537,0.9230708479881287,0.8681207299232483,0.8393993973731995,0.028721332550048828,0.024560630321502686,0.010675132274627686,False,False,completed,True
v_8e6a21dfeb7a106dae22,a zebra taking a peaceful walk,hybrid_zero,last_frame,0.9760703444480896,0.9752299189567566,0.9557722210884094,0.9702401757240295,0.9667112231254578,0.0035289525985717773,0.0008404254913330078,0.020298123359680176,False,False,completed,True
v_a18cdea6bd26987ddbc4,a cow running to join a herd of its kind,hybrid_zero,last_frame,0.9762948155403137,0.975104033946991,0.956089973449707,0.9539317488670349,0.9493700265884399,0.004561722278594971,0.001190781593322754,0.02020484209060669,False,False,completed,True
v_a3b6d576bc5c5ef3517f,a zebra running to join a herd of its kind,hybrid_zero,last_frame,0.9438295960426331,0.9416925311088562,0.9236374497413635,0.9383728504180908,0.9284046292304993,0.009968221187591553,0.0021370649337768555,0.02019214630126953,False,False,completed,True
v_a522928f33a3f29c463c,a truck slowing down to stop,hybrid_zero,last_frame,0.9893493056297302,0.9877884387969971,0.9488081336021423,0.9741533398628235,0.9612933397293091,0.012860000133514404,0.0015608668327331543,0.04054117202758789,False,False,completed,True
v_a5b4d7c4b2a095c9e6cc,an elephant running to join a herd of its kind,hybrid_zero,last_frame,0.9817762970924377,0.9793611168861389,0.9728126525878906,0.9782154560089111,0.972925066947937,0.005290389060974121,0.002415180206298828,0.00896364450454712,False,False,completed,True
v_aa14318968934ce72fb1,a zebra bending down to drink water from a river,hybrid_zero,last_frame,0.973966121673584,0.9735599756240845,0.9265199303627014,0.9643047451972961,0.9514161944389343,0.012888550758361816,0.0004061460494995117,0.04744619131088257,False,False,completed,True
v_ad2f0d6ec69f9ff90382,a zebra taking a peaceful walk,hybrid_zero,last_frame,0.9869072437286377,0.9866285920143127,0.9424241781234741,0.9837861657142639,0.9743366837501526,0.009449481964111328,0.00027865171432495117,0.044483065605163574,False,False,completed,True
v_b2657298416595015a2b,a zebra running to join a herd of its kind,hybrid_zero,last_frame,0.9221466779708862,0.9221660494804382,0.8823198080062866,0.8821325302124023,0.8740243911743164,0.008108139038085938,1.9371509552001953e-05,0.03982686996459961,False,False,completed,True
v_bc950a10e74a0a5447f1,a zebra bending down to drink water from a river,hybrid_zero,last_frame,0.9756776690483093,0.9758586883544922,0.9254950284957886,0.9725489616394043,0.9597177505493164,0.01283121109008789,0.00018101930618286133,0.05018264055252075,False,False,completed,True
v_bf4b3df29a9616bf26ae,a truck turning a corner,hybrid_zero,last_frame,0.9515529870986938,0.9514395594596863,0.9000456929206848,0.8850948214530945,0.8737611770629883,0.011333644390106201,0.00011342763900756836,0.05150729417800903,False,False,completed,True
v_c41543fe72d2e5493d15,a truck slowing down to stop,hybrid_zero,last_frame,0.9834082722663879,0.9828713536262512,0.9710004925727844,0.9530027508735657,0.9502037167549133,0.0027990341186523438,0.0005369186401367188,0.012407779693603516,False,False,completed,True
v_c424c7aceaf2046394ad,a cow running to join a herd of its kind,hybrid_zero,last_frame,0.9763944745063782,0.9762178659439087,0.9454149007797241,0.9669449329376221,0.9447611570358276,0.022183775901794434,0.00017660856246948242,0.030979573726654053,False,False,completed,True
v_c4de504a244d437ac3ad,a zebra bending down to drink water from a river,hybrid_zero,last_frame,0.9940760135650635,0.9936479330062866,0.9440136551856995,0.994841992855072,0.9795587062835693,0.015283286571502686,0.00042808055877685547,0.050062358379364014,False,False,completed,True
v_cdab6ebfbdf88aa1365e,an elephant running to join a herd of its kind,hybrid_zero,last_frame,0.9607254266738892,0.9606432914733887,0.9198546409606934,0.9530994296073914,0.9379104375839233,0.015188992023468018,8.213520050048828e-05,0.0408707857131958,False,False,completed,True
v_d111e2d8975fa9b850b3,a zebra taking a peaceful walk,hybrid_zero,last_frame,0.9483411908149719,0.9468421936035156,0.910535454750061,0.9036860466003418,0.8928757309913635,0.010810315608978271,0.0014989972114562988,0.03780573606491089,False,False,completed,True
v_d51186bcfc23e2a780ab,a truck slowing down to stop,hybrid_zero,last_frame,0.9643544554710388,0.9641531705856323,0.924778163433075,0.9112410545349121,0.8989561200141907,0.012284934520721436,0.00020128488540649414,0.03957629203796387,False,False,completed,True
v_d86a4852b9a610b4e2ac,a motorcycle accelerating to gain speed,hybrid_zero,last_frame,0.9552143812179565,0.9557648301124573,0.9393824338912964,0.8991079330444336,0.8759160041809082,0.02319192886352539,0.0005504488945007324,0.015831947326660156,False,False,completed,True
v_e7e6381187b3421f31f4,a zebra taking a peaceful walk,hybrid_zero,last_frame,0.9758050441741943,0.9760692715644836,0.9305969476699829,0.9502309560775757,0.945191502571106,0.0050394535064697266,0.00026422739028930664,0.045208096504211426,False,False,completed,True
v_e84cd21f77767e064452,an elephant running to join a herd of its kind,hybrid_zero,last_frame,0.8868926167488098,0.8853935599327087,0.8680190443992615,0.9618316292762756,0.9365835785865784,0.025248050689697266,0.0014990568161010742,0.01887357234954834,False,False,completed,True
v_f762ed821ba1fba906af,a zebra bending down to drink water from a river,hybrid_zero,last_frame,0.9867092370986938,0.9863258600234985,0.9437987208366394,0.9777792096138,0.963287889957428,0.01449131965637207,0.0003833770751953125,0.04291051626205444,False,False,completed,True
v_f993f14cdb34fb8383ef,a zebra bending down to drink water from a river,hybrid_zero,last_frame,0.9814218878746033,0.979816198348999,0.94569993019104,0.9786093235015869,0.9649929404258728,0.013616383075714111,0.001605689525604248,0.03572195768356323,False,False,completed,True
v_fb03b6a21df9c0a51627,a cow running to join a herd of its kind,hybrid_zero,last_frame,0.9514460563659668,0.9509376287460327,0.8977035880088806,0.9386007189750671,0.9212590456008911,0.017341673374176025,0.000508427619934082,0.05374246835708618,False,False,completed,True
v_fc9b39a4b047b2db243c,an elephant spraying itself with water using its trunk to cool down,hybrid_zero,last_frame,0.9950287342071533,0.9945066571235657,0.9484588503837585,0.9937685132026672,0.9888269901275635,0.00494152307510376,0.0005220770835876465,0.046569883823394775,False,False,completed,True
v_fef8070abcd8dcd3af47,a zebra taking a peaceful walk,hybrid_zero,last_frame,0.9282910823822021,0.9274329543113708,0.9023893475532532,0.8663416504859924,0.8597421050071716,0.006599545478820801,0.0008581280708312988,0.025901734828948975,False,False,completed,True
v_075ccc862d1b2d4936f0,an elephant running to join a herd of its kind,hybrid_exclude,last_frame,0.9630889296531677,0.9626687169075012,0.9339030385017395,0.9417819976806641,0.9248793721199036,0.016902625560760498,0.0004202127456665039,0.029185891151428223,False,False,completed,True
v_0925f4496cf55ade8e5d,an elephant spraying itself with water using its trunk to cool down,hybrid_exclude,last_frame,0.98935467004776,0.989328920841217,0.9403800368309021,0.9881947040557861,0.9828870892524719,0.005307614803314209,2.574920654296875e-05,0.04897463321685791,False,False,completed,True
v_0a1a6db568841167f9e8,a truck turning a corner,hybrid_exclude,last_frame,0.8892853260040283,0.8893307447433472,0.8483521342277527,0.8972001075744629,0.8872061967849731,0.009993910789489746,4.5418739318847656e-05,0.040933191776275635,False,False,completed,True
v_10d250e1b4b4a6ec0a82,a cow running to join a herd of its kind,hybrid_exclude,last_frame,0.9591885805130005,0.9575934410095215,0.949124276638031,0.9442958235740662,0.916087806224823,0.028208017349243164,0.001595139503479004,0.010064303874969482,False,False,completed,True
v_125269dc5fc640751fa4,a zebra running to join a herd of its kind,hybrid_exclude,last_frame,0.9697616100311279,0.9695971608161926,0.9073986411094666,0.9459475874900818,0.9337360858917236,0.012211501598358154,0.00016444921493530273,0.06236296892166138,False,False,completed,True
v_13502c1b9c959957b46a,a zebra taking a peaceful walk,hybrid_exclude,last_frame,0.9967139363288879,0.9950889945030212,0.9506897330284119,0.997106671333313,0.9853241443634033,0.011782526969909668,0.0016249418258666992,0.046024203300476074,False,False,completed,True
v_1814b4d5b25ffa156aa6,an elephant running to join a herd of its kind,hybrid_exclude,last_frame,0.9690490961074829,0.968781590461731,0.9553812146186829,0.9329218864440918,0.9289156198501587,0.0040062665939331055,0.0002675056457519531,0.013667881488800049,False,False,completed,True
v_22506cf5d5a1e6088fc8,a truck slowing down to stop,hybrid_exclude,last_frame,0.8691954612731934,0.8675554990768433,0.8337224721908569,0.7584022879600525,0.742650032043457,0.01575225591659546,0.0016399621963500977,0.035472989082336426,False,False,completed,True
v_2ac6cf025d5e88563949,a zebra running to join a herd of its kind,hybrid_exclude,last_frame,0.9500249624252319,0.9496791958808899,0.9161255359649658,0.9185127019882202,0.906204342842102,0.012308359146118164,0.000345766544342041,0.03389942646026611,False,False,completed,True
v_2fbefa11a17758f1cd8f,a zebra taking a peaceful walk,hybrid_exclude,last_frame,0.9445307850837708,0.9409151077270508,0.9154520034790039,0.9212554693222046,0.8941634297370911,0.027092039585113525,0.0036156773567199707,0.029078781604766846,False,False,completed,True
v_304f65b790cd089803d4,a zebra bending down to drink water from a river,hybrid_exclude,last_frame,0.9545856714248657,0.9554948806762695,0.9085174202919006,0.9624999761581421,0.9437617659568787,0.018738210201263428,0.0009092092514038086,0.04606825113296509,False,False,completed,True
v_34025bb5b4d01c898f92,a motorcycle accelerating to gain speed,hybrid_exclude,last_frame,0.9564681053161621,0.9562066197395325,0.9405580163002014,0.9416208267211914,0.9379787445068359,0.0036420822143554688,0.00026148557662963867,0.015910089015960693,False,False,completed,True
v_355010ce10f66a681b88,a truck turning a corner,hybrid_exclude,last_frame,0.9635376334190369,0.9636144638061523,0.9317668676376343,0.9169105887413025,0.9086248278617859,0.008285760879516602,7.683038711547852e-05,0.03177076578140259,False,False,completed,True
v_35d320b87cf1354b75ab,a zebra running to join a herd of its kind,hybrid_exclude,last_frame,0.9588550925254822,0.9582226276397705,0.895158588886261,0.9490302205085754,0.9359564781188965,0.013073742389678955,0.0006324648857116699,0.06369650363922119,False,False,completed,True
v_38ae4c230155beb1b259,a zebra taking a peaceful walk,hybrid_exclude,last_frame,0.9856873154640198,0.9852705001831055,0.9433466792106628,0.98517906665802,0.9781649708747864,0.007014095783233643,0.00041681528091430664,0.042340636253356934,False,False,completed,True
v_3b6ddfc07cc98fcf9fa0,an elephant running to join a herd of its kind,hybrid_exclude,last_frame,0.9880058169364929,0.9879263043403625,0.9407696723937988,0.9849029779434204,0.9799201488494873,0.0049828290939331055,7.95125961303711e-05,0.04723614454269409,False,False,completed,True
v_427171327cff517973ed,a zebra bending down to drink water from a river,hybrid_exclude,last_frame,0.9852167367935181,0.9841002821922302,0.9439288973808289,0.9767624139785767,0.9656854271888733,0.01107698678970337,0.0011164546012878418,0.04128783941268921,False,False,completed,True
v_4719caef96c8df794757,an elephant running to join a herd of its kind,hybrid_exclude,last_frame,0.9782639741897583,0.9783082604408264,0.9386255145072937,0.969979465007782,0.9618067145347595,0.008172750473022461,4.4286251068115234e-05,0.0396384596824646,False,False,completed,True
v_4d76a76426a219a5f1bb,a zebra bending down to drink water from a river,hybrid_exclude,last_frame,0.9782224893569946,0.9770570397377014,0.9617243409156799,0.9762669801712036,0.9717205762863159,0.004546403884887695,0.0011654496192932129,0.016498148441314697,False,False,completed,True
v_4e7cf3a0868b1b118f55,a zebra running to join a herd of its kind,hybrid_exclude,last_frame,0.9522103071212769,0.951923668384552,0.9158703088760376,0.9482232928276062,0.9379141926765442,0.010309100151062012,0.0002866387367248535,0.03633999824523926,False,False,completed,True
v_4f8abc7bb931501fb862,a truck slowing down to stop,hybrid_exclude,last_frame,0.9940704703330994,0.9744086265563965,0.9938666820526123,0.9710509777069092,0.9551404118537903,0.015910565853118896,0.01966184377670288,0.00020378828048706055,False,False,completed,False
v_4ff816e35ca1960d8058,an elephant running to join a herd of its kind,hybrid_exclude,last_frame,0.9646567702293396,0.9645423889160156,0.9231157898902893,0.9487122297286987,0.9315420985221863,0.01717013120651245,0.00011438131332397461,0.04154098033905029,False,False,completed,True
v_50b265d3f9ccf281a518,an elephant spraying itself with water using its trunk to cool down,hybrid_exclude,last_frame,0.9901018142700195,0.9895168542861938,0.9463240504264832,0.9922862648963928,0.9868497848510742,0.0054364800453186035,0.0005849599838256836,0.04377776384353638,False,False,completed,True
v_53b3d43654788945925c,a zebra running to join a herd of its kind,hybrid_exclude,last_frame,0.972172737121582,0.9714193344116211,0.9346237182617188,0.9581042528152466,0.9446625113487244,0.013441741466522217,0.0007534027099609375,0.03754901885986328,False,False,completed,True
v_55a4f07d56cda7470760,an elephant running to join a herd of its kind,hybrid_exclude,last_frame,0.9789860844612122,0.9787320494651794,0.9229153394699097,0.9713909029960632,0.9685319662094116,0.0028589367866516113,0.00025403499603271484,0.05607074499130249,False,False,completed,True
v_6015d56a898aa0948639,a zebra bending down to drink water from a river,hybrid_exclude,last_frame,0.9817591905593872,0.9817877411842346,0.9628450870513916,0.9774531722068787,0.9735152125358582,0.003937959671020508,2.855062484741211e-05,0.018914103507995605,False,False,completed,True
v_67c0894760111d0087b6,a motorcycle accelerating to gain speed,hybrid_exclude,last_frame,0.92059326171875,0.9198354482650757,0.9046987295150757,0.7869536280632019,0.7604783773422241,0.026475250720977783,0.0007578134536743164,0.015894532203674316,False,False,completed,True
v_6bee77846ce628e11d94,an elephant spraying itself with water using its trunk to cool down,hybrid_exclude,last_frame,0.9835841059684753,0.9823790192604065,0.9671580195426941,0.9801599383354187,0.975692629814148,0.004467308521270752,0.0012050867080688477,0.01642608642578125,False,False,completed,True
v_6d2af08e0301e767c719,a cow running to join a herd of its kind,hybrid_exclude,last_frame,0.9381388425827026,0.9370295405387878,0.9068275690078735,0.871242880821228,0.8515887260437012,0.019654154777526855,0.001109302043914795,0.0313112735748291,False,False,completed,True
v_6ee4476dec8615e1535f,a zebra bending down to drink water from a river,hybrid_exclude,last_frame,0.9657285213470459,0.9656656980514526,0.9513879418373108,0.964434027671814,0.9588389992713928,0.005595028400421143,6.282329559326172e-05,0.014340579509735107,False,False,completed,True
v_74d5bd9982ed49689599,a truck turning a corner,hybrid_exclude,last_frame,0.9701874256134033,0.9701839089393616,0.9360013604164124,0.9252806901931763,0.915302574634552,0.009978115558624268,3.516674041748047e-06,0.03418606519699097,False,False,completed,True
v_795022cc03907dc7489e,an elephant spraying itself with water using its trunk to cool down,hybrid_exclude,last_frame,0.9523473978042603,0.9525287747383118,0.9376396536827087,0.9006173610687256,0.8943372964859009,0.006280064582824707,0.00018137693405151367,0.014707744121551514,False,False,completed,True
v_7959de66f76bf5fc41d9,a zebra bending down to drink water from a river,hybrid_exclude,last_frame,0.9828632473945618,0.9827956557273865,0.9664011001586914,0.9712667465209961,0.9677718281745911,0.0034949183464050293,6.759166717529297e-05,0.01646214723587036,False,False,completed,True
v_82dc1689fd289adcc0d2,a zebra taking a peaceful walk,hybrid_exclude,last_frame,0.9778921008110046,0.9778559803962708,0.9290542602539062,0.9754855632781982,0.9667261838912964,0.008759379386901855,3.612041473388672e-05,0.04883784055709839,False,False,completed,True
v_88720509dffa7aea9e30,a zebra bending down to drink water from a river,hybrid_exclude,last_frame,0.9738063216209412,0.9737728238105774,0.9384480118751526,0.9799759387969971,0.9703100919723511,0.009665846824645996,3.349781036376953e-05,0.035358309745788574,False,False,completed,True
v_8887acf562b32cc84023,a zebra bending down to drink water from a river,hybrid_exclude,last_frame,0.9334750771522522,0.9317048192024231,0.931165874004364,0.9226030707359314,0.9083877205848694,0.014215350151062012,0.0017702579498291016,0.0023092031478881836,False,False,completed,True
v_8dca194984971f0a1124,a truck turning a corner,hybrid_exclude,last_frame,0.9337459802627563,0.9091853499412537,0.9230708479881287,0.8681207299232483,0.8393993973731995,0.028721332550048828,0.024560630321502686,0.010675132274627686,False,False,completed,True
v_8e6a21dfeb7a106dae22,a zebra taking a peaceful walk,hybrid_exclude,last_frame,0.9760703444480896,0.9752299189567566,0.9557722210884094,0.9702401757240295,0.9667112231254578,0.0035289525985717773,0.0008404254913330078,0.020298123359680176,False,False,completed,True
v_a18cdea6bd26987ddbc4,a cow running to join a herd of its kind,hybrid_exclude,last_frame,0.9762948155403137,0.975104033946991,0.956089973449707,0.9539317488670349,0.9493700265884399,0.004561722278594971,0.001190781593322754,0.02020484209060669,False,False,completed,True
v_a3b6d576bc5c5ef3517f,a zebra running to join a herd of its kind,hybrid_exclude,last_frame,0.9438295960426331,0.9416925311088562,0.9236374497413635,0.9383728504180908,0.9284046292304993,0.009968221187591553,0.0021370649337768555,0.02019214630126953,False,False,completed,True
v_a522928f33a3f29c463c,a truck slowing down to stop,hybrid_exclude,last_frame,0.9893493056297302,0.9877884387969971,0.9488081336021423,0.9741533398628235,0.9612933397293091,0.012860000133514404,0.0015608668327331543,0.04054117202758789,False,False,completed,True
v_a5b4d7c4b2a095c9e6cc,an elephant running to join a herd of its kind,hybrid_exclude,last_frame,0.9817762970924377,0.9793611168861389,0.9728126525878906,0.9782154560089111,0.972925066947937,0.005290389060974121,0.002415180206298828,0.00896364450454712,False,False,completed,True
v_aa14318968934ce72fb1,a zebra bending down to drink water from a river,hybrid_exclude,last_frame,0.973966121673584,0.9735599756240845,0.9265199303627014,0.9643047451972961,0.9514161944389343,0.012888550758361816,0.0004061460494995117,0.04744619131088257,False,False,completed,True
v_ad2f0d6ec69f9ff90382,a zebra taking a peaceful walk,hybrid_exclude,last_frame,0.9869072437286377,0.9866285920143127,0.9424241781234741,0.9837861657142639,0.9743366837501526,0.009449481964111328,0.00027865171432495117,0.044483065605163574,False,False,completed,True
v_b2657298416595015a2b,a zebra running to join a herd of its kind,hybrid_exclude,last_frame,0.9221466779708862,0.9221660494804382,0.8823198080062866,0.8821325302124023,0.8740243911743164,0.008108139038085938,1.9371509552001953e-05,0.03982686996459961,False,False,completed,True
v_bc950a10e74a0a5447f1,a zebra bending down to drink water from a river,hybrid_exclude,last_frame,0.9756776690483093,0.9758586883544922,0.9254950284957886,0.9725489616394043,0.9597177505493164,0.01283121109008789,0.00018101930618286133,0.05018264055252075,False,False,completed,True
v_bf4b3df29a9616bf26ae,a truck turning a corner,hybrid_exclude,last_frame,0.9515529870986938,0.9514395594596863,0.9000456929206848,0.8850948214530945,0.8737611770629883,0.011333644390106201,0.00011342763900756836,0.05150729417800903,False,False,completed,True
v_c41543fe72d2e5493d15,a truck slowing down to stop,hybrid_exclude,last_frame,0.9834082722663879,0.9828713536262512,0.9710004925727844,0.9530027508735657,0.9502037167549133,0.0027990341186523438,0.0005369186401367188,0.012407779693603516,False,False,completed,True
v_c424c7aceaf2046394ad,a cow running to join a herd of its kind,hybrid_exclude,last_frame,0.9763944745063782,0.9762178659439087,0.9454149007797241,0.9669449329376221,0.9447611570358276,0.022183775901794434,0.00017660856246948242,0.030979573726654053,False,False,completed,True
v_c4de504a244d437ac3ad,a zebra bending down to drink water from a river,hybrid_exclude,last_frame,0.9940760135650635,0.9936479330062866,0.9440136551856995,0.994841992855072,0.9795587062835693,0.015283286571502686,0.00042808055877685547,0.050062358379364014,False,False,completed,True
v_cdab6ebfbdf88aa1365e,an elephant running to join a herd of its kind,hybrid_exclude,last_frame,0.9607254266738892,0.9606432914733887,0.9198546409606934,0.9530994296073914,0.9379104375839233,0.015188992023468018,8.213520050048828e-05,0.0408707857131958,False,False,completed,True
v_d111e2d8975fa9b850b3,a zebra taking a peaceful walk,hybrid_exclude,last_frame,0.9483411908149719,0.9468421936035156,0.910535454750061,0.9036860466003418,0.8928757309913635,0.010810315608978271,0.0014989972114562988,0.03780573606491089,False,False,completed,True
v_d51186bcfc23e2a780ab,a truck slowing down to stop,hybrid_exclude,last_frame,0.9643544554710388,0.9641531705856323,0.924778163433075,0.9112410545349121,0.8989561200141907,0.012284934520721436,0.00020128488540649414,0.03957629203796387,False,False,completed,True
v_d86a4852b9a610b4e2ac,a motorcycle accelerating to gain speed,hybrid_exclude,last_frame,0.9552143812179565,0.9557648301124573,0.9393824338912964,0.8991079330444336,0.8759160041809082,0.02319192886352539,0.0005504488945007324,0.015831947326660156,False,False,completed,True
v_e7e6381187b3421f31f4,a zebra taking a peaceful walk,hybrid_exclude,last_frame,0.9758050441741943,0.9760692715644836,0.9305969476699829,0.9502309560775757,0.945191502571106,0.0050394535064697266,0.00026422739028930664,0.045208096504211426,False,False,completed,True
v_e84cd21f77767e064452,an elephant running to join a herd of its kind,hybrid_exclude,last_frame,0.8868926167488098,0.8853935599327087,0.8680190443992615,0.9618316292762756,0.9365835785865784,0.025248050689697266,0.0014990568161010742,0.01887357234954834,False,False,completed,True
v_f762ed821ba1fba906af,a zebra bending down to drink water from a river,hybrid_exclude,last_frame,0.9867092370986938,0.9863258600234985,0.9437987208366394,0.9777792096138,0.963287889957428,0.01449131965637207,0.0003833770751953125,0.04291051626205444,False,False,completed,True
v_f993f14cdb34fb8383ef,a zebra bending down to drink water from a river,hybrid_exclude,last_frame,0.9814218878746033,0.979816198348999,0.94569993019104,0.9786093235015869,0.9649929404258728,0.013616383075714111,0.001605689525604248,0.03572195768356323,False,False,completed,True
v_fb03b6a21df9c0a51627,a cow running to join a herd of its kind,hybrid_exclude,last_frame,0.9514460563659668,0.9509376287460327,0.8977035880088806,0.9386007189750671,0.9212590456008911,0.017341673374176025,0.000508427619934082,0.05374246835708618,False,False,completed,True
v_fc9b39a4b047b2db243c,an elephant spraying itself with water using its trunk to cool down,hybrid_exclude,last_frame,0.9950287342071533,0.9945066571235657,0.9484588503837585,0.9937685132026672,0.9888269901275635,0.00494152307510376,0.0005220770835876465,0.046569883823394775,False,False,completed,True
v_fef8070abcd8dcd3af47,a zebra taking a peaceful walk,hybrid_exclude,last_frame,0.9282910823822021,0.9274329543113708,0.9023893475532532,0.8663416504859924,0.8597421050071716,0.006599545478820801,0.0008581280708312988,0.025901734828948975,False,False,completed,True
v_075ccc862d1b2d4936f0,an elephant running to join a herd of its kind,direct_zero,full,0.9630889296531677,0.9635209441184998,0.9222519397735596,0.9417819976806641,0.9250732660293579,0.016708731651306152,0.00043201446533203125,0.040836989879608154,False,False,completed,True
v_0925f4496cf55ade8e5d,an elephant spraying itself with water using its trunk to cool down,direct_zero,full,0.98935467004776,0.9858912825584412,0.23238201439380646,0.9881947040557861,0.9828840494155884,0.005310654640197754,0.0034633874893188477,0.7569726556539536,False,False,completed,True
v_0a1a6db568841167f9e8,a truck turning a corner,direct_zero,full,0.7832257747650146,0.78145432472229,0.0,0.8972001075744629,0.8625630140304565,0.03463709354400635,0.0017714500427246094,0.7832257747650146,False,False,completed,True
v_10d250e1b4b4a6ec0a82,a cow running to join a herd of its kind,direct_zero,full,0.9591885805130005,0.9330654144287109,0.9364047646522522,0.9442958235740662,0.8954891562461853,0.04880666732788086,0.02612316608428955,0.02278381586074829,False,False,completed,True
v_125269dc5fc640751fa4,a zebra running to join a herd of its kind,direct_zero,full,0.9697616100311279,0.9675594568252563,0.0,0.9459475874900818,0.9380553364753723,0.007892251014709473,0.002202153205871582,0.9697616100311279,False,False,completed,True
v_13502c1b9c959957b46a,a zebra taking a peaceful walk,direct_zero,full,0.9967139363288879,0.9941625595092773,0.0,0.997106671333313,0.9948625564575195,0.002244114875793457,0.0025513768196105957,0.9967139363288879,False,False,completed,True
v_1814b4d5b25ffa156aa6,an elephant running to join a herd of its kind,direct_zero,full,0.9690490961074829,0.9601041078567505,0.7044568657875061,0.9329218864440918,0.9016836881637573,0.031238198280334473,0.008944988250732422,0.2645922303199768,False,False,completed,True
v_22506cf5d5a1e6088fc8,a truck slowing down to stop,direct_zero,full,0.8691954612731934,0.15123817324638367,0.07232305407524109,0.7584022879600525,0.701805591583252,0.05659669637680054,0.7179572880268097,0.7968724071979523,False,False,completed,True
v_2ac6cf025d5e88563949,a zebra running to join a herd of its kind,direct_zero,full,0.9500249624252319,0.9475387930870056,0.0,0.9185127019882202,0.9093586206436157,0.009154081344604492,0.0024861693382263184,0.9500249624252319,False,False,completed,True
v_2fbefa11a17758f1cd8f,a zebra taking a peaceful walk,direct_zero,full,0.9445307850837708,0.931852400302887,0.15830263495445251,0.9212554693222046,0.8462927937507629,0.07496267557144165,0.012678384780883789,0.7862281501293182,False,False,completed,True
v_304f65b790cd089803d4,a zebra bending down to drink water from a river,direct_zero,full,0.9545856714248657,0.9584835171699524,0.0,0.9624999761581421,0.9367153644561768,0.025784611701965332,0.00389784574508667,0.9545856714248657,False,False,completed,True
v_34025bb5b4d01c898f92,a motorcycle accelerating to gain speed,direct_zero,full,0.9564681053161621,0.9586743712425232,0.0,0.9416208267211914,0.9312145709991455,0.010406255722045898,0.002206265926361084,0.9564681053161621,False,False,completed,True
v_355010ce10f66a681b88,a truck turning a corner,direct_zero,full,0.9635376334190369,0.9471014142036438,0.0,0.9169105887413025,0.8767268061637878,0.04018378257751465,0.016436219215393066,0.9635376334190369,False,False,completed,True
v_35d320b87cf1354b75ab,a zebra running to join a herd of its kind,direct_zero,full,0.9588550925254822,0.9563136100769043,0.0,0.9490302205085754,0.9364952445030212,0.0125349760055542,0.002541482448577881,0.9588550925254822,False,False,completed,True
v_38ae4c230155beb1b259,a zebra taking a peaceful walk,direct_zero,full,0.9856873154640198,0.9825937151908875,0.0,0.98517906665802,0.9811515808105469,0.0040274858474731445,0.0030936002731323242,0.9856873154640198,False,False,completed,True
v_3b6ddfc07cc98fcf9fa0,an elephant running to join a herd of its kind,direct_zero,full,0.9880058169364929,0.9871799945831299,0.9781123399734497,0.9849029779434204,0.9831123948097229,0.0017905831336975098,0.0008258223533630371,0.009893476963043213,False,False,completed,True
v_427171327cff517973ed,a zebra bending down to drink water from a river,direct_zero,full,0.9852167367935181,0.9825498461723328,0.0,0.9767624139785767,0.9774017333984375,0.0006393194198608398,0.0026668906211853027,0.9852167367935181,False,False,completed,True
v_4719caef96c8df794757,an elephant running to join a herd of its kind,direct_zero,full,0.9782639741897583,0.9783834218978882,0.8485943078994751,0.969979465007782,0.95478755235672,0.015191912651062012,0.00011944770812988281,0.1296696662902832,False,False,completed,True
v_4d76a76426a219a5f1bb,a zebra bending down to drink water from a river,direct_zero,full,0.9782224893569946,0.971054196357727,0.0,0.9762669801712036,0.9626756906509399,0.013591289520263672,0.007168292999267578,0.9782224893569946,False,False,completed,True
v_4e7cf3a0868b1b118f55,a zebra running to join a herd of its kind,direct_zero,full,0.9522103071212769,0.9504322409629822,0.10203244537115097,0.9482232928276062,0.9372345805168152,0.010988712310791016,0.0017780661582946777,0.8501778617501259,False,False,completed,True
v_4f8abc7bb931501fb862,a truck slowing down to stop,direct_zero,full,0.9940704703330994,0.05049720034003258,0.671510636806488,0.9710509777069092,0.8021548986434937,0.16889607906341553,0.9435732699930668,0.32255983352661133,False,False,completed,False
v_4ff816e35ca1960d8058,an elephant running to join a herd of its kind,direct_zero,full,0.9646567702293396,0.9657081961631775,0.9501775503158569,0.9487122297286987,0.9171633720397949,0.03154885768890381,0.0010514259338378906,0.014479219913482666,False,False,completed,True
v_50b265d3f9ccf281a518,an elephant spraying itself with water using its trunk to cool down,direct_zero,full,0.9901018142700195,0.9821529984474182,0.008077963255345821,0.9922862648963928,0.9814439415931702,0.010842323303222656,0.007948815822601318,0.9820238510146737,False,False,completed,True
v_53b3d43654788945925c,a zebra running to join a herd of its kind,direct_zero,full,0.972172737121582,0.9646115899085999,0.0,0.9581042528152466,0.9465862512588501,0.011518001556396484,0.007561147212982178,0.972172737121582,False,False,completed,True
v_55a4f07d56cda7470760,an elephant running to join a herd of its kind,direct_zero,full,0.9789860844612122,0.9749211668968201,0.021751943975687027,0.9713909029960632,0.9524977803230286,0.018893122673034668,0.00406491756439209,0.9572341404855251,False,False,completed,True
v_6015d56a898aa0948639,a zebra bending down to drink water from a river,direct_zero,full,0.9817591905593872,0.8957253694534302,0.017717067152261734,0.9774531722068787,0.868056058883667,0.10939711332321167,0.08603382110595703,0.9640421234071255,False,False,completed,True
v_67c0894760111d0087b6,a motorcycle accelerating to gain speed,direct_zero,full,0.92059326171875,0.511381983757019,0.0,0.7869536280632019,0.687890887260437,0.09906274080276489,0.40921127796173096,0.92059326171875,False,False,completed,True
v_6bee77846ce628e11d94,an elephant spraying itself with water using its trunk to cool down,direct_zero,full,0.9835841059684753,0.9604412913322449,0.03266977518796921,0.9801599383354187,0.9311152100563049,0.04904472827911377,0.02314281463623047,0.9509143307805061,False,False,completed,True
v_6d2af08e0301e767c719,a cow running to join a herd of its kind,direct_zero,full,0.9381388425827026,0.710843563079834,0.8006440997123718,0.871242880821228,0.8299393057823181,0.04130357503890991,0.22729527950286865,0.1374947428703308,False,False,completed,True
v_6ee4476dec8615e1535f,a zebra bending down to drink water from a river,direct_zero,full,0.9657285213470459,0.9664310216903687,0.0,0.964434027671814,0.9498815536499023,0.014552474021911621,0.0007025003433227539,0.9657285213470459,False,False,completed,True
v_74d5bd9982ed49689599,a truck turning a corner,direct_zero,full,0.9701874256134033,0.966801643371582,0.0,0.9252806901931763,0.8994961380958557,0.025784552097320557,0.003385782241821289,0.9701874256134033,False,False,completed,True
v_795022cc03907dc7489e,an elephant spraying itself with water using its trunk to cool down,direct_zero,full,0.24734899401664734,0.14326122403144836,0.0,0.9006173610687256,0.8606120347976685,0.04000532627105713,0.10408776998519897,0.24734899401664734,False,False,completed,True
v_7959de66f76bf5fc41d9,a zebra bending down to drink water from a river,direct_zero,full,0.9828632473945618,0.9837024807929993,0.0,0.9712667465209961,0.9687389135360718,0.0025278329849243164,0.0008392333984375,0.9828632473945618,False,False,completed,True
v_82dc1689fd289adcc0d2,a zebra taking a peaceful walk,direct_zero,full,0.9778921008110046,0.9737805128097534,0.0,0.9754855632781982,0.9710027575492859,0.0044828057289123535,0.004111588001251221,0.9778921008110046,False,False,completed,True
v_88720509dffa7aea9e30,a zebra bending down to drink water from a river,direct_zero,full,0.9738063216209412,0.9764664173126221,0.0,0.9799759387969971,0.9769402146339417,0.00303572416305542,0.002660095691680908,0.9738063216209412,False,False,completed,True
v_8887acf562b32cc84023,a zebra bending down to drink water from a river,direct_zero,full,0.9334750771522522,0.7842090725898743,0.6001461148262024,0.9226030707359314,0.6891586780548096,0.23344439268112183,0.14926600456237793,0.3333289623260498,False,False,completed,True
v_8dca194984971f0a1124,a truck turning a corner,direct_zero,full,0.9337459802627563,0.8060628771781921,0.00789523683488369,0.8681207299232483,0.8216990828514099,0.04642164707183838,0.1276831030845642,0.9258507434278727,False,False,completed,True
v_8e6a21dfeb7a106dae22,a zebra taking a peaceful walk,direct_zero,full,0.9760703444480896,0.9520334005355835,0.3572499454021454,0.9702401757240295,0.92816561460495,0.04207456111907959,0.024036943912506104,0.6188203990459442,False,False,completed,True
v_a18cdea6bd26987ddbc4,a cow running to join a herd of its kind,direct_zero,full,0.8598477840423584,0.7433285713195801,0.0,0.9539317488670349,0.9433321952819824,0.01059955358505249,0.11651921272277832,0.8598477840423584,False,False,completed,True
v_a3b6d576bc5c5ef3517f,a zebra running to join a herd of its kind,direct_zero,full,0.9438295960426331,0.9417133927345276,0.06766680628061295,0.9383728504180908,0.9338036179542542,0.00456923246383667,0.0021162033081054688,0.8761627897620201,False,False,completed,True
v_a522928f33a3f29c463c,a truck slowing down to stop,direct_zero,full,0.9893493056297302,0.9867972135543823,0.0,0.9741533398628235,0.9624667167663574,0.011686623096466064,0.0025520920753479004,0.9893493056297302,False,False,completed,True
v_a5b4d7c4b2a095c9e6cc,an elephant running to join a herd of its kind,direct_zero,full,0.9817762970924377,0.7969970703125,0.12494417279958725,0.9782154560089111,0.9437472224235535,0.034468233585357666,0.18477922677993774,0.8568321242928505,False,False,completed,True
v_aa14318968934ce72fb1,a zebra bending down to drink water from a river,direct_zero,full,0.973966121673584,0.9731464385986328,0.0,0.9643047451972961,0.9493719935417175,0.014932751655578613,0.0008196830749511719,0.973966121673584,False,False,completed,True
v_ad2f0d6ec69f9ff90382,a zebra taking a peaceful walk,direct_zero,full,0.9869072437286377,0.983411967754364,0.0,0.9837861657142639,0.9787200093269348,0.0050661563873291016,0.0034952759742736816,0.9869072437286377,False,False,completed,True
v_b2657298416595015a2b,a zebra running to join a herd of its kind,direct_zero,full,0.9221466779708862,0.9204328656196594,0.0,0.8821325302124023,0.8674682974815369,0.014664232730865479,0.0017138123512268066,0.9221466779708862,False,False,completed,True
v_bc950a10e74a0a5447f1,a zebra bending down to drink water from a river,direct_zero,full,0.9756776690483093,0.98028564453125,0.0,0.9725489616394043,0.9462301135063171,0.026318848133087158,0.004607975482940674,0.9756776690483093,False,False,completed,True
v_bf4b3df29a9616bf26ae,a truck turning a corner,direct_zero,full,0.9515529870986938,0.9506728053092957,0.0,0.8850948214530945,0.8448199033737183,0.04027491807937622,0.0008801817893981934,0.9515529870986938,False,False,completed,True
v_c41543fe72d2e5493d15,a truck slowing down to stop,direct_zero,full,0.9834082722663879,0.971211314201355,0.018133025616407394,0.9530027508735657,0.9184328317642212,0.03456991910934448,0.012196958065032959,0.9652752466499805,False,False,completed,True
v_c424c7aceaf2046394ad,a cow running to join a herd of its kind,direct_zero,full,0.9763944745063782,0.9746676683425903,0.9721425175666809,0.9669449329376221,0.959201455116272,0.007743477821350098,0.0017268061637878418,0.004251956939697266,False,False,completed,True
v_c4de504a244d437ac3ad,a zebra bending down to drink water from a river,direct_zero,full,0.9940760135650635,0.9888899922370911,0.0,0.994841992855072,0.962252676486969,0.03258931636810303,0.005186021327972412,0.9940760135650635,False,False,completed,True
v_cdab6ebfbdf88aa1365e,an elephant running to join a herd of its kind,direct_zero,full,0.9607254266738892,0.9600853323936462,0.9605380296707153,0.9530994296073914,0.9037695527076721,0.04932987689971924,0.0006400942802429199,0.00018739700317382812,False,False,completed,True
v_d111e2d8975fa9b850b3,a zebra taking a peaceful walk,direct_zero,full,0.9483411908149719,0.8171374797821045,0.021650653332471848,0.9036860466003418,0.860892653465271,0.0427933931350708,0.13120371103286743,0.9266905374825001,False,False,completed,True
v_d51186bcfc23e2a780ab,a truck slowing down to stop,direct_zero,full,0.9643544554710388,0.9852426648139954,0.0,0.9112410545349121,0.91810142993927,0.00686037540435791,0.020888209342956543,0.9643544554710388,False,False,completed,True
v_d86a4852b9a610b4e2ac,a motorcycle accelerating to gain speed,direct_zero,full,0.9552143812179565,0.8380138278007507,0.0,0.8991079330444336,0.8470813035964966,0.05202662944793701,0.11720055341720581,0.9552143812179565,False,False,completed,True
v_e7e6381187b3421f31f4,a zebra taking a peaceful walk,direct_zero,full,0.9758050441741943,0.9672815799713135,0.0,0.9502309560775757,0.9394810199737549,0.0107499361038208,0.00852346420288086,0.9758050441741943,False,False,completed,True
v_e84cd21f77767e064452,an elephant running to join a herd of its kind,direct_zero,full,0.8868926167488098,0.692823588848114,0.0778549537062645,0.9618316292762756,0.9119257926940918,0.04990583658218384,0.1940690279006958,0.8090376630425453,False,False,completed,True
v_f762ed821ba1fba906af,a zebra bending down to drink water from a river,direct_zero,full,0.9867092370986938,0.9745410084724426,0.0,0.9777792096138,0.9542761445045471,0.02350306510925293,0.01216822862625122,0.9867092370986938,False,False,completed,True
v_f993f14cdb34fb8383ef,a zebra bending down to drink water from a river,direct_zero,full,0.9814218878746033,0.9836223125457764,0.0,0.9786093235015869,0.9746005535125732,0.004008769989013672,0.0022004246711730957,0.9814218878746033,False,False,completed,True
v_fb03b6a21df9c0a51627,a cow running to join a herd of its kind,direct_zero,full,0.9514460563659668,0.9409741163253784,0.8888809680938721,0.9386007189750671,0.8921583294868469,0.046442389488220215,0.010471940040588379,0.06256508827209473,False,False,completed,True
v_fc9b39a4b047b2db243c,an elephant spraying itself with water using its trunk to cool down,direct_zero,full,0.9950287342071533,0.9871493577957153,0.024174107238650322,0.9937685132026672,0.9855453372001648,0.008223176002502441,0.007879376411437988,0.970854626968503,False,False,completed,True
v_fef8070abcd8dcd3af47,a zebra taking a peaceful walk,direct_zero,full,0.9282910823822021,0.8707586526870728,0.0,0.8663416504859924,0.7882739305496216,0.07806771993637085,0.057532429695129395,0.9282910823822021,False,False,completed,True
v_075ccc862d1b2d4936f0,an elephant running to join a herd of its kind,direct_exclude,full,0.9630889296531677,0.9635209441184998,0.9222519397735596,0.9417819976806641,0.9250732660293579,0.016708731651306152,0.00043201446533203125,0.040836989879608154,False,False,completed,True
v_0925f4496cf55ade8e5d,an elephant spraying itself with water using its trunk to cool down,direct_exclude,full,0.98935467004776,0.9858912825584412,0.9959228038787842,0.9881947040557861,0.9828840494155884,0.005310654640197754,0.0034633874893188477,-0.00656813383102417,False,False,completed,True
v_0a1a6db568841167f9e8,a truck turning a corner,direct_exclude,full,0.8951151967048645,0.893090546131134,,0.8972001075744629,0.8625630140304565,0.03463709354400635,0.0020246505737304688,,False,False,completed,True
v_10d250e1b4b4a6ec0a82,a cow running to join a herd of its kind,direct_exclude,full,0.9591885805130005,0.9330654144287109,0.9364047646522522,0.9442958235740662,0.8954891562461853,0.04880666732788086,0.02612316608428955,0.02278381586074829,False,False,completed,True
v_125269dc5fc640751fa4,a zebra running to join a herd of its kind,direct_exclude,full,0.9697616100311279,0.9675594568252563,,0.9459475874900818,0.9380553364753723,0.007892251014709473,0.002202153205871582,,False,False,completed,True
v_13502c1b9c959957b46a,a zebra taking a peaceful walk,direct_exclude,full,0.9967139363288879,0.9941625595092773,,0.997106671333313,0.9948625564575195,0.002244114875793457,0.0025513768196105957,,False,False,completed,True
v_1814b4d5b25ffa156aa6,an elephant running to join a herd of its kind,direct_exclude,full,0.9690490961074829,0.9601041078567505,0.8550648093223572,0.9329218864440918,0.9016836881637573,0.031238198280334473,0.008944988250732422,0.11398428678512573,False,False,completed,True
v_22506cf5d5a1e6088fc8,a truck slowing down to stop,direct_exclude,full,0.8691954612731934,0.8642181158065796,0.8678766489028931,0.7584022879600525,0.701805591583252,0.05659669637680054,0.0049773454666137695,0.001318812370300293,False,False,completed,True
v_2ac6cf025d5e88563949,a zebra running to join a herd of its kind,direct_exclude,full,0.9500249624252319,0.9475387930870056,,0.9185127019882202,0.9093586206436157,0.009154081344604492,0.0024861693382263184,,False,False,completed,True
v_2fbefa11a17758f1cd8f,a zebra taking a peaceful walk,direct_exclude,full,0.9445307850837708,0.931852400302887,0.9045864343643188,0.9212554693222046,0.8462927937507629,0.07496267557144165,0.012678384780883789,0.039944350719451904,False,False,completed,True
v_304f65b790cd089803d4,a zebra bending down to drink water from a river,direct_exclude,full,0.9545856714248657,0.9584835171699524,,0.9624999761581421,0.9367153644561768,0.025784611701965332,0.00389784574508667,,False,False,completed,True
v_34025bb5b4d01c898f92,a motorcycle accelerating to gain speed,direct_exclude,full,0.9564681053161621,0.9586743712425232,,0.9416208267211914,0.9312145709991455,0.010406255722045898,0.002206265926361084,,False,False,completed,True
v_355010ce10f66a681b88,a truck turning a corner,direct_exclude,full,0.9635376334190369,0.9471014142036438,,0.9169105887413025,0.8767268061637878,0.04018378257751465,0.016436219215393066,,False,False,completed,True
v_35d320b87cf1354b75ab,a zebra running to join a herd of its kind,direct_exclude,full,0.9588550925254822,0.9563136100769043,,0.9490302205085754,0.9364952445030212,0.0125349760055542,0.002541482448577881,,False,False,completed,True
v_38ae4c230155beb1b259,a zebra taking a peaceful walk,direct_exclude,full,0.9856873154640198,0.9825937151908875,,0.98517906665802,0.9811515808105469,0.0040274858474731445,0.0030936002731323242,,False,False,completed,True
v_3b6ddfc07cc98fcf9fa0,an elephant running to join a herd of its kind,direct_exclude,full,0.9880058169364929,0.9871799945831299,0.9781123399734497,0.9849029779434204,0.9831123948097229,0.0017905831336975098,0.0008258223533630371,0.009893476963043213,False,False,completed,True
v_427171327cff517973ed,a zebra bending down to drink water from a river,direct_exclude,full,0.9852167367935181,0.9825498461723328,,0.9767624139785767,0.9774017333984375,0.0006393194198608398,0.0026668906211853027,,False,False,completed,True
v_4719caef96c8df794757,an elephant running to join a herd of its kind,direct_exclude,full,0.9782639741897583,0.9783834218978882,0.9698220491409302,0.969979465007782,0.95478755235672,0.015191912651062012,0.00011944770812988281,0.008441925048828125,False,False,completed,True
v_4d76a76426a219a5f1bb,a zebra bending down to drink water from a river,direct_exclude,full,0.9782224893569946,0.971054196357727,,0.9762669801712036,0.9626756906509399,0.013591289520263672,0.007168292999267578,,False,False,completed,True
v_4e7cf3a0868b1b118f55,a zebra running to join a herd of its kind,direct_exclude,full,0.9522103071212769,0.9504322409629822,0.816259503364563,0.9482232928276062,0.9372345805168152,0.010988712310791016,0.0017780661582946777,0.13595080375671387,False,False,completed,True
v_4f8abc7bb931501fb862,a truck slowing down to stop,direct_exclude,full,0.9940704703330994,0.9522329568862915,0.9379830956459045,0.9710509777069092,0.8021548986434937,0.16889607906341553,0.04183751344680786,0.056087374687194824,False,False,completed,False
v_4ff816e35ca1960d8058,an elephant running to join a herd of its kind,direct_exclude,full,0.9646567702293396,0.9657081961631775,0.9501775503158569,0.9487122297286987,0.9171633720397949,0.03154885768890381,0.0010514259338378906,0.014479219913482666,False,False,completed,True
v_50b265d3f9ccf281a518,an elephant spraying itself with water using its trunk to cool down,direct_exclude,full,0.9901018142700195,0.9821529984474182,0.9693555235862732,0.9922862648963928,0.9814439415931702,0.010842323303222656,0.007948815822601318,0.020746290683746338,False,False,completed,True
v_53b3d43654788945925c,a zebra running to join a herd of its kind,direct_exclude,full,0.972172737121582,0.9646115899085999,,0.9581042528152466,0.9465862512588501,0.011518001556396484,0.007561147212982178,,False,False,completed,True
v_55a4f07d56cda7470760,an elephant running to join a herd of its kind,direct_exclude,full,0.9789860844612122,0.9749211668968201,0.8700776100158691,0.9713909029960632,0.9524977803230286,0.018893122673034668,0.00406491756439209,0.10890847444534302,False,False,completed,True
v_6015d56a898aa0948639,a zebra bending down to drink water from a river,direct_exclude,full,0.9817591905593872,0.9535140991210938,0.9354610443115234,0.9774531722068787,0.868056058883667,0.10939711332321167,0.028245091438293457,0.04629814624786377,False,False,completed,True
v_67c0894760111d0087b6,a motorcycle accelerating to gain speed,direct_exclude,full,0.92059326171875,0.9297853708267212,,0.7869536280632019,0.687890887260437,0.09906274080276489,0.009192109107971191,,False,False,completed,True
v_6bee77846ce628e11d94,an elephant spraying itself with water using its trunk to cool down,direct_exclude,full,0.9835841059684753,0.9604412913322449,0.8214114904403687,0.9801599383354187,0.9311152100563049,0.04904472827911377,0.02314281463623047,0.1621726155281067,False,False,completed,True
v_6d2af08e0301e767c719,a cow running to join a herd of its kind,direct_exclude,full,0.9381388425827026,0.937376081943512,0.9150217175483704,0.871242880821228,0.8299393057823181,0.04130357503890991,0.0007627606391906738,0.023117125034332275,False,False,completed,True
v_6ee4476dec8615e1535f,a zebra bending down to drink water from a river,direct_exclude,full,0.9657285213470459,0.9664310216903687,,0.964434027671814,0.9498815536499023,0.014552474021911621,0.0007025003433227539,,False,False,completed,True
v_74d5bd9982ed49689599,a truck turning a corner,direct_exclude,full,0.9701874256134033,0.966801643371582,,0.9252806901931763,0.8994961380958557,0.025784552097320557,0.003385782241821289,,False,False,completed,True
v_795022cc03907dc7489e,an elephant spraying itself with water using its trunk to cool down,direct_exclude,full,0.960296094417572,0.9697681665420532,,0.9006173610687256,0.8606120347976685,0.04000532627105713,0.009472072124481201,,False,False,completed,True
v_7959de66f76bf5fc41d9,a zebra bending down to drink water from a river,direct_exclude,full,0.9828632473945618,0.9837024807929993,,0.9712667465209961,0.9687389135360718,0.0025278329849243164,0.0008392333984375,,False,False,completed,True
v_82dc1689fd289adcc0d2,a zebra taking a peaceful walk,direct_exclude,full,0.9778921008110046,0.9737805128097534,,0.9754855632781982,0.9710027575492859,0.0044828057289123535,0.004111588001251221,,False,False,completed,True
v_88720509dffa7aea9e30,a zebra bending down to drink water from a river,direct_exclude,full,0.9738063216209412,0.9764664173126221,,0.9799759387969971,0.9769402146339417,0.00303572416305542,0.002660095691680908,,False,False,completed,True
v_8887acf562b32cc84023,a zebra bending down to drink water from a river,direct_exclude,full,0.9334750771522522,0.8962389826774597,0.923301637172699,0.9226030707359314,0.6891586780548096,0.23344439268112183,0.03723609447479248,0.010173439979553223,False,False,completed,True
v_8dca194984971f0a1124,a truck turning a corner,direct_exclude,full,0.9337459802627563,0.9212146997451782,0.9474284052848816,0.8681207299232483,0.8216990828514099,0.04642164707183838,0.012531280517578125,-0.013682425022125244,False,False,completed,True
v_8e6a21dfeb7a106dae22,a zebra taking a peaceful walk,direct_exclude,full,0.9760703444480896,0.9520334005355835,0.8982284069061279,0.9702401757240295,0.92816561460495,0.04207456111907959,0.024036943912506104,0.07784193754196167,False,False,completed,True
v_a18cdea6bd26987ddbc4,a cow running to join a herd of its kind,direct_exclude,full,0.9763433337211609,0.9666932821273804,,0.9539317488670349,0.9433321952819824,0.01059955358505249,0.009650051593780518,,False,False,completed,True
v_a3b6d576bc5c5ef3517f,a zebra running to join a herd of its kind,direct_exclude,full,0.9438295960426331,0.9417133927345276,0.812001645565033,0.9383728504180908,0.9338036179542542,0.00456923246383667,0.0021162033081054688,0.1318279504776001,False,False,completed,True
v_a522928f33a3f29c463c,a truck slowing down to stop,direct_exclude,full,0.9893493056297302,0.9867972135543823,,0.9741533398628235,0.9624667167663574,0.011686623096466064,0.0025520920753479004,,False,False,completed,True
v_a5b4d7c4b2a095c9e6cc,an elephant running to join a herd of its kind,direct_exclude,full,0.9817762970924377,0.9673895239830017,0.8457760214805603,0.9782154560089111,0.9437472224235535,0.034468233585357666,0.014386773109436035,0.13600027561187744,False,False,completed,True
v_aa14318968934ce72fb1,a zebra bending down to drink water from a river,direct_exclude,full,0.973966121673584,0.9731464385986328,,0.9643047451972961,0.9493719935417175,0.014932751655578613,0.0008196830749511719,,False,False,completed,True
v_ad2f0d6ec69f9ff90382,a zebra taking a peaceful walk,direct_exclude,full,0.9869072437286377,0.983411967754364,,0.9837861657142639,0.9787200093269348,0.0050661563873291016,0.0034952759742736816,,False,False,completed,True
v_b2657298416595015a2b,a zebra running to join a herd of its kind,direct_exclude,full,0.9221466779708862,0.9204328656196594,,0.8821325302124023,0.8674682974815369,0.014664232730865479,0.0017138123512268066,,False,False,completed,True
v_bc950a10e74a0a5447f1,a zebra bending down to drink water from a river,direct_exclude,full,0.9756776690483093,0.98028564453125,,0.9725489616394043,0.9462301135063171,0.026318848133087158,0.004607975482940674,,False,False,completed,True
v_bf4b3df29a9616bf26ae,a truck turning a corner,direct_exclude,full,0.9515529870986938,0.9506728053092957,,0.8850948214530945,0.8448199033737183,0.04027491807937622,0.0008801817893981934,,False,False,completed,True
v_c41543fe72d2e5493d15,a truck slowing down to stop,direct_exclude,full,0.9834082722663879,0.971211314201355,0.9574236869812012,0.9530027508735657,0.9184328317642212,0.03456991910934448,0.012196958065032959,0.025984585285186768,False,False,completed,True
v_c424c7aceaf2046394ad,a cow running to join a herd of its kind,direct_exclude,full,0.9763944745063782,0.9746676683425903,0.9721425175666809,0.9669449329376221,0.959201455116272,0.007743477821350098,0.0017268061637878418,0.004251956939697266,False,False,completed,True
v_c4de504a244d437ac3ad,a zebra bending down to drink water from a river,direct_exclude,full,0.9940760135650635,0.9888899922370911,,0.994841992855072,0.962252676486969,0.03258931636810303,0.005186021327972412,,False,False,completed,True
v_cdab6ebfbdf88aa1365e,an elephant running to join a herd of its kind,direct_exclude,full,0.9607254266738892,0.9600853323936462,0.9605380296707153,0.9530994296073914,0.9037695527076721,0.04932987689971924,0.0006400942802429199,0.00018739700317382812,False,False,completed,True
v_d111e2d8975fa9b850b3,a zebra taking a peaceful walk,direct_exclude,full,0.9483411908149719,0.9338715076446533,0.8660261034965515,0.9036860466003418,0.860892653465271,0.0427933931350708,0.014469683170318604,0.08231508731842041,False,False,completed,True
v_d51186bcfc23e2a780ab,a truck slowing down to stop,direct_exclude,full,0.9643544554710388,0.9852426648139954,,0.9112410545349121,0.91810142993927,0.00686037540435791,0.020888209342956543,,False,False,completed,True
v_d86a4852b9a610b4e2ac,a motorcycle accelerating to gain speed,direct_exclude,full,0.9552143812179565,0.9577299952507019,,0.8991079330444336,0.8470813035964966,0.05202662944793701,0.0025156140327453613,,False,False,completed,True
v_e7e6381187b3421f31f4,a zebra taking a peaceful walk,direct_exclude,full,0.9758050441741943,0.9672815799713135,,0.9502309560775757,0.9394810199737549,0.0107499361038208,0.00852346420288086,,False,False,completed,True
v_e84cd21f77767e064452,an elephant running to join a herd of its kind,direct_exclude,full,0.8868926167488098,0.913613498210907,0.9342594146728516,0.9618316292762756,0.9119257926940918,0.04990583658218384,0.026720881462097168,-0.04736679792404175,False,False,completed,True
v_f762ed821ba1fba906af,a zebra bending down to drink water from a river,direct_exclude,full,0.9867092370986938,0.9745410084724426,,0.9777792096138,0.9542761445045471,0.02350306510925293,0.01216822862625122,,False,False,completed,True
v_f993f14cdb34fb8383ef,a zebra bending down to drink water from a river,direct_exclude,full,0.9814218878746033,0.9836223125457764,,0.9786093235015869,0.9746005535125732,0.004008769989013672,0.0022004246711730957,,False,False,completed,True
v_fb03b6a21df9c0a51627,a cow running to join a herd of its kind,direct_exclude,full,0.9514460563659668,0.9409741163253784,0.8888809680938721,0.9386007189750671,0.8921583294868469,0.046442389488220215,0.010471940040588379,0.06256508827209473,False,False,completed,True
v_fc9b39a4b047b2db243c,an elephant spraying itself with water using its trunk to cool down,direct_exclude,full,0.9950287342071533,0.9871493577957153,0.9669642448425293,0.9937685132026672,0.9855453372001648,0.008223176002502441,0.007879376411437988,0.028064489364624023,False,False,completed,True
v_fef8070abcd8dcd3af47,a zebra taking a peaceful walk,direct_exclude,full,0.9282910823822021,0.9269366264343262,,0.8663416504859924,0.7882739305496216,0.07806771993637085,0.0013544559478759766,,False,False,completed,True
v_075ccc862d1b2d4936f0,an elephant running to join a herd of its kind,hybrid_zero,full,0.9630889296531677,0.9635209441184998,0.9222519397735596,0.9417819976806641,0.9250732660293579,0.016708731651306152,0.00043201446533203125,0.040836989879608154,False,False,completed,True
v_0925f4496cf55ade8e5d,an elephant spraying itself with water using its trunk to cool down,hybrid_zero,full,0.98935467004776,0.9858912825584412,0.987285852432251,0.9881947040557861,0.9828840494155884,0.005310654640197754,0.0034633874893188477,0.002068817615509033,False,False,completed,True
v_0a1a6db568841167f9e8,a truck turning a corner,hybrid_zero,full,0.8892853260040283,0.8892737627029419,0.0,0.8972001075744629,0.8625630140304565,0.03463709354400635,1.1563301086425781e-05,0.8892853260040283,False,False,completed,True
v_10d250e1b4b4a6ec0a82,a cow running to join a herd of its kind,hybrid_zero,full,0.9591885805130005,0.9330654144287109,0.9364047646522522,0.9442958235740662,0.8954891562461853,0.04880666732788086,0.02612316608428955,0.02278381586074829,False,False,completed,True
v_125269dc5fc640751fa4,a zebra running to join a herd of its kind,hybrid_zero,full,0.9697616100311279,0.9675594568252563,0.0,0.9459475874900818,0.9380553364753723,0.007892251014709473,0.002202153205871582,0.9697616100311279,False,False,completed,True
v_13502c1b9c959957b46a,a zebra taking a peaceful walk,hybrid_zero,full,0.9967139363288879,0.9941625595092773,0.0,0.997106671333313,0.9948625564575195,0.002244114875793457,0.0025513768196105957,0.9967139363288879,False,False,completed,True
v_1814b4d5b25ffa156aa6,an elephant running to join a herd of its kind,hybrid_zero,full,0.9690490961074829,0.9601041078567505,0.8604077100753784,0.9329218864440918,0.9016836881637573,0.031238198280334473,0.008944988250732422,0.10864138603210449,False,False,completed,True
v_22506cf5d5a1e6088fc8,a truck slowing down to stop,hybrid_zero,full,0.8691954612731934,0.8058532476425171,0.7704780697822571,0.7584022879600525,0.701805591583252,0.05659669637680054,0.06334221363067627,0.09871739149093628,False,False,completed,True
v_2ac6cf025d5e88563949,a zebra running to join a herd of its kind,hybrid_zero,full,0.9500249624252319,0.9475387930870056,0.0,0.9185127019882202,0.9093586206436157,0.009154081344604492,0.0024861693382263184,0.9500249624252319,False,False,completed,True
v_2fbefa11a17758f1cd8f,a zebra taking a peaceful walk,hybrid_zero,full,0.9445307850837708,0.931852400302887,0.8227097988128662,0.9212554693222046,0.8462927937507629,0.07496267557144165,0.012678384780883789,0.12182098627090454,False,False,completed,True
v_304f65b790cd089803d4,a zebra bending down to drink water from a river,hybrid_zero,full,0.9545856714248657,0.9584835171699524,0.0,0.9624999761581421,0.9367153644561768,0.025784611701965332,0.00389784574508667,0.9545856714248657,False,False,completed,True
v_34025bb5b4d01c898f92,a motorcycle accelerating to gain speed,hybrid_zero,full,0.9564681053161621,0.9586743712425232,0.9502571821212769,0.9416208267211914,0.9312145709991455,0.010406255722045898,0.002206265926361084,0.006210923194885254,False,False,completed,True
v_355010ce10f66a681b88,a truck turning a corner,hybrid_zero,full,0.9635376334190369,0.9471014142036438,0.0,0.9169105887413025,0.8767268061637878,0.04018378257751465,0.016436219215393066,0.9635376334190369,False,False,completed,True
v_35d320b87cf1354b75ab,a zebra running to join a herd of its kind,hybrid_zero,full,0.9588550925254822,0.9563136100769043,0.0,0.9490302205085754,0.9364952445030212,0.0125349760055542,0.002541482448577881,0.9588550925254822,False,False,completed,True
v_38ae4c230155beb1b259,a zebra taking a peaceful walk,hybrid_zero,full,0.9856873154640198,0.9825937151908875,0.0,0.98517906665802,0.9811515808105469,0.0040274858474731445,0.0030936002731323242,0.9856873154640198,False,False,completed,True
v_3b6ddfc07cc98fcf9fa0,an elephant running to join a herd of its kind,hybrid_zero,full,0.9880058169364929,0.9871799945831299,0.9781123399734497,0.9849029779434204,0.9831123948097229,0.0017905831336975098,0.0008258223533630371,0.009893476963043213,False,False,completed,True
v_427171327cff517973ed,a zebra bending down to drink water from a river,hybrid_zero,full,0.9852167367935181,0.9825498461723328,0.0,0.9767624139785767,0.9774017333984375,0.0006393194198608398,0.0026668906211853027,0.9852167367935181,False,False,completed,True
v_4719caef96c8df794757,an elephant running to join a herd of its kind,hybrid_zero,full,0.9782639741897583,0.9783834218978882,0.9682222008705139,0.969979465007782,0.95478755235672,0.015191912651062012,0.00011944770812988281,0.010041773319244385,False,False,completed,True
v_4d76a76426a219a5f1bb,a zebra bending down to drink water from a river,hybrid_zero,full,0.9782224893569946,0.971054196357727,0.7566174268722534,0.9762669801712036,0.9626756906509399,0.013591289520263672,0.007168292999267578,0.2216050624847412,False,False,completed,True
v_4e7cf3a0868b1b118f55,a zebra running to join a herd of its kind,hybrid_zero,full,0.9522103071212769,0.9504322409629822,0.7753104567527771,0.9482232928276062,0.9372345805168152,0.010988712310791016,0.0017780661582946777,0.17689985036849976,False,False,completed,True
v_4f8abc7bb931501fb862,a truck slowing down to stop,hybrid_zero,full,0.9940704703330994,0.8125409483909607,0.9337686896324158,0.9710509777069092,0.8021548986434937,0.16889607906341553,0.18152952194213867,0.060301780700683594,False,False,completed,False
v_4ff816e35ca1960d8058,an elephant running to join a herd of its kind,hybrid_zero,full,0.9646567702293396,0.9657081961631775,0.9501775503158569,0.9487122297286987,0.9171633720397949,0.03154885768890381,0.0010514259338378906,0.014479219913482666,False,False,completed,True
v_50b265d3f9ccf281a518,an elephant spraying itself with water using its trunk to cool down,hybrid_zero,full,0.9901018142700195,0.9821529984474182,0.9772655367851257,0.9922862648963928,0.9814439415931702,0.010842323303222656,0.007948815822601318,0.012836277484893799,False,False,completed,True
v_53b3d43654788945925c,a zebra running to join a herd of its kind,hybrid_zero,full,0.972172737121582,0.9646115899085999,0.0,0.9581042528152466,0.9465862512588501,0.011518001556396484,0.007561147212982178,0.972172737121582,False,False,completed,True
v_55a4f07d56cda7470760,an elephant running to join a herd of its kind,hybrid_zero,full,0.9789860844612122,0.9749211668968201,0.9322619438171387,0.9713909029960632,0.9524977803230286,0.018893122673034668,0.00406491756439209,0.046724140644073486,False,False,completed,True
v_6015d56a898aa0948639,a zebra bending down to drink water from a river,hybrid_zero,full,0.9817591905593872,0.947404146194458,0.8743963837623596,0.9774531722068787,0.868056058883667,0.10939711332321167,0.0343550443649292,0.10736280679702759,False,False,completed,True
v_67c0894760111d0087b6,a motorcycle accelerating to gain speed,hybrid_zero,full,0.92059326171875,0.8603213429450989,0.7597061395645142,0.7869536280632019,0.687890887260437,0.09906274080276489,0.06027191877365112,0.16088712215423584,False,False,completed,True
v_6bee77846ce628e11d94,an elephant spraying itself with water using its trunk to cool down,hybrid_zero,full,0.9835841059684753,0.9604412913322449,0.9183762669563293,0.9801599383354187,0.9311152100563049,0.04904472827911377,0.02314281463623047,0.065207839012146,False,False,completed,True
v_6d2af08e0301e767c719,a cow running to join a herd of its kind,hybrid_zero,full,0.9381388425827026,0.930412769317627,0.9095316529273987,0.871242880821228,0.8299393057823181,0.04130357503890991,0.007726073265075684,0.028607189655303955,False,False,completed,True
v_6ee4476dec8615e1535f,a zebra bending down to drink water from a river,hybrid_zero,full,0.9657285213470459,0.9664310216903687,0.0,0.964434027671814,0.9498815536499023,0.014552474021911621,0.0007025003433227539,0.9657285213470459,False,False,completed,True
v_74d5bd9982ed49689599,a truck turning a corner,hybrid_zero,full,0.9701874256134033,0.966801643371582,0.0,0.9252806901931763,0.8994961380958557,0.025784552097320557,0.003385782241821289,0.9701874256134033,False,False,completed,True
v_795022cc03907dc7489e,an elephant spraying itself with water using its trunk to cool down,hybrid_zero,full,0.9523473978042603,0.9550139904022217,0.0,0.9006173610687256,0.8606120347976685,0.04000532627105713,0.0026665925979614258,0.9523473978042603,False,False,completed,True
v_7959de66f76bf5fc41d9,a zebra bending down to drink water from a river,hybrid_zero,full,0.9828632473945618,0.9837024807929993,0.0,0.9712667465209961,0.9687389135360718,0.0025278329849243164,0.0008392333984375,0.9828632473945618,False,False,completed,True
v_82dc1689fd289adcc0d2,a zebra taking a peaceful walk,hybrid_zero,full,0.9778921008110046,0.9737805128097534,0.0,0.9754855632781982,0.9710027575492859,0.0044828057289123535,0.004111588001251221,0.9778921008110046,False,False,completed,True
v_88720509dffa7aea9e30,a zebra bending down to drink water from a river,hybrid_zero,full,0.9738063216209412,0.9764664173126221,0.0,0.9799759387969971,0.9769402146339417,0.00303572416305542,0.002660095691680908,0.9738063216209412,False,False,completed,True
v_8887acf562b32cc84023,a zebra bending down to drink water from a river,hybrid_zero,full,0.9334750771522522,0.8857240080833435,0.877543568611145,0.9226030707359314,0.6891586780548096,0.23344439268112183,0.04775106906890869,0.05593150854110718,False,False,completed,True
v_8dca194984971f0a1124,a truck turning a corner,hybrid_zero,full,0.9337459802627563,0.8772704005241394,0.7426971197128296,0.8681207299232483,0.8216990828514099,0.04642164707183838,0.05647557973861694,0.19104886054992676,False,False,completed,True
v_8e6a21dfeb7a106dae22,a zebra taking a peaceful walk,hybrid_zero,full,0.9760703444480896,0.9520334005355835,0.8282732367515564,0.9702401757240295,0.92816561460495,0.04207456111907959,0.024036943912506104,0.1477971076965332,False,False,completed,True
v_a18cdea6bd26987ddbc4,a cow running to join a herd of its kind,hybrid_zero,full,0.9762948155403137,0.9668416380882263,0.0,0.9539317488670349,0.9433321952819824,0.01059955358505249,0.009453177452087402,0.9762948155403137,False,False,completed,True
v_a3b6d576bc5c5ef3517f,a zebra running to join a herd of its kind,hybrid_zero,full,0.9438295960426331,0.9417133927345276,0.6718370318412781,0.9383728504180908,0.9338036179542542,0.00456923246383667,0.0021162033081054688,0.271992564201355,False,False,completed,True
v_a522928f33a3f29c463c,a truck slowing down to stop,hybrid_zero,full,0.9893493056297302,0.9867972135543823,0.0,0.9741533398628235,0.9624667167663574,0.011686623096466064,0.0025520920753479004,0.9893493056297302,False,False,completed,True
v_a5b4d7c4b2a095c9e6cc,an elephant running to join a herd of its kind,hybrid_zero,full,0.9817762970924377,0.9669276475906372,0.8899230360984802,0.9782154560089111,0.9437472224235535,0.034468233585357666,0.014848649501800537,0.09185326099395752,False,False,completed,True
v_aa14318968934ce72fb1,a zebra bending down to drink water from a river,hybrid_zero,full,0.973966121673584,0.9731464385986328,0.0,0.9643047451972961,0.9493719935417175,0.014932751655578613,0.0008196830749511719,0.973966121673584,False,False,completed,True
v_ad2f0d6ec69f9ff90382,a zebra taking a peaceful walk,hybrid_zero,full,0.9869072437286377,0.983411967754364,0.0,0.9837861657142639,0.9787200093269348,0.0050661563873291016,0.0034952759742736816,0.9869072437286377,False,False,completed,True
v_b2657298416595015a2b,a zebra running to join a herd of its kind,hybrid_zero,full,0.9221466779708862,0.9204328656196594,0.0,0.8821325302124023,0.8674682974815369,0.014664232730865479,0.0017138123512268066,0.9221466779708862,False,False,completed,True
v_bc950a10e74a0a5447f1,a zebra bending down to drink water from a river,hybrid_zero,full,0.9756776690483093,0.98028564453125,0.0,0.9725489616394043,0.9462301135063171,0.026318848133087158,0.004607975482940674,0.9756776690483093,False,False,completed,True
v_bf4b3df29a9616bf26ae,a truck turning a corner,hybrid_zero,full,0.9515529870986938,0.9506728053092957,0.0,0.8850948214530945,0.8448199033737183,0.04027491807937622,0.0008801817893981934,0.9515529870986938,False,False,completed,True
v_c41543fe72d2e5493d15,a truck slowing down to stop,hybrid_zero,full,0.9834082722663879,0.971211314201355,0.9605889916419983,0.9530027508735657,0.9184328317642212,0.03456991910934448,0.012196958065032959,0.02281928062438965,False,False,completed,True
v_c424c7aceaf2046394ad,a cow running to join a herd of its kind,hybrid_zero,full,0.9763944745063782,0.9746676683425903,0.9721425175666809,0.9669449329376221,0.959201455116272,0.007743477821350098,0.0017268061637878418,0.004251956939697266,False,False,completed,True
v_c4de504a244d437ac3ad,a zebra bending down to drink water from a river,hybrid_zero,full,0.9940760135650635,0.9888899922370911,0.0,0.994841992855072,0.962252676486969,0.03258931636810303,0.005186021327972412,0.9940760135650635,False,False,completed,True
v_cdab6ebfbdf88aa1365e,an elephant running to join a herd of its kind,hybrid_zero,full,0.9607254266738892,0.9600853323936462,0.9605380296707153,0.9530994296073914,0.9037695527076721,0.04932987689971924,0.0006400942802429199,0.00018739700317382812,False,False,completed,True
v_d111e2d8975fa9b850b3,a zebra taking a peaceful walk,hybrid_zero,full,0.9483411908149719,0.9014571309089661,0.7769398093223572,0.9036860466003418,0.860892653465271,0.0427933931350708,0.04688405990600586,0.17140138149261475,False,False,completed,True
v_d51186bcfc23e2a780ab,a truck slowing down to stop,hybrid_zero,full,0.9643544554710388,0.9852426648139954,0.8676981925964355,0.9112410545349121,0.91810142993927,0.00686037540435791,0.020888209342956543,0.09665626287460327,False,False,completed,True
v_d86a4852b9a610b4e2ac,a motorcycle accelerating to gain speed,hybrid_zero,full,0.9552143812179565,0.952140212059021,0.0,0.8991079330444336,0.8470813035964966,0.05202662944793701,0.003074169158935547,0.9552143812179565,False,False,completed,True
v_e7e6381187b3421f31f4,a zebra taking a peaceful walk,hybrid_zero,full,0.9758050441741943,0.9672815799713135,0.0,0.9502309560775757,0.9394810199737549,0.0107499361038208,0.00852346420288086,0.9758050441741943,False,False,completed,True
v_e84cd21f77767e064452,an elephant running to join a herd of its kind,hybrid_zero,full,0.8868926167488098,0.9168387055397034,0.8096510171890259,0.9618316292762756,0.9119257926940918,0.04990583658218384,0.029946088790893555,0.07724159955978394,False,False,completed,True
v_f762ed821ba1fba906af,a zebra bending down to drink water from a river,hybrid_zero,full,0.9867092370986938,0.9745410084724426,0.0,0.9777792096138,0.9542761445045471,0.02350306510925293,0.01216822862625122,0.9867092370986938,False,False,completed,True
v_f993f14cdb34fb8383ef,a zebra bending down to drink water from a river,hybrid_zero,full,0.9814218878746033,0.9836223125457764,0.0,0.9786093235015869,0.9746005535125732,0.004008769989013672,0.0022004246711730957,0.9814218878746033,False,False,completed,True
v_fb03b6a21df9c0a51627,a cow running to join a herd of its kind,hybrid_zero,full,0.9514460563659668,0.9409741163253784,0.8888809680938721,0.9386007189750671,0.8921583294868469,0.046442389488220215,0.010471940040588379,0.06256508827209473,False,False,completed,True
v_fc9b39a4b047b2db243c,an elephant spraying itself with water using its trunk to cool down,hybrid_zero,full,0.9950287342071533,0.9871493577957153,0.9738678932189941,0.9937685132026672,0.9855453372001648,0.008223176002502441,0.007879376411437988,0.02116084098815918,False,False,completed,True
v_fef8070abcd8dcd3af47,a zebra taking a peaceful walk,hybrid_zero,full,0.9282910823822021,0.9130675792694092,0.738467276096344,0.8663416504859924,0.7882739305496216,0.07806771993637085,0.015223503112792969,0.18982380628585815,False,False,completed,True
v_075ccc862d1b2d4936f0,an elephant running to join a herd of its kind,hybrid_exclude,full,0.9630889296531677,0.9635209441184998,0.9222519397735596,0.9417819976806641,0.9250732660293579,0.016708731651306152,0.00043201446533203125,0.040836989879608154,False,False,completed,True
v_0925f4496cf55ade8e5d,an elephant spraying itself with water using its trunk to cool down,hybrid_exclude,full,0.98935467004776,0.9858912825584412,0.987285852432251,0.9881947040557861,0.9828840494155884,0.005310654640197754,0.0034633874893188477,0.002068817615509033,False,False,completed,True
v_0a1a6db568841167f9e8,a truck turning a corner,hybrid_exclude,full,0.8892853260040283,0.8892737627029419,,0.8972001075744629,0.8625630140304565,0.03463709354400635,1.1563301086425781e-05,,False,False,completed,True
v_10d250e1b4b4a6ec0a82,a cow running to join a herd of its kind,hybrid_exclude,full,0.9591885805130005,0.9330654144287109,0.9364047646522522,0.9442958235740662,0.8954891562461853,0.04880666732788086,0.02612316608428955,0.02278381586074829,False,False,completed,True
v_125269dc5fc640751fa4,a zebra running to join a herd of its kind,hybrid_exclude,full,0.9697616100311279,0.9675594568252563,,0.9459475874900818,0.9380553364753723,0.007892251014709473,0.002202153205871582,,False,False,completed,True
v_13502c1b9c959957b46a,a zebra taking a peaceful walk,hybrid_exclude,full,0.9967139363288879,0.9941625595092773,,0.997106671333313,0.9948625564575195,0.002244114875793457,0.0025513768196105957,,False,False,completed,True
v_1814b4d5b25ffa156aa6,an elephant running to join a herd of its kind,hybrid_exclude,full,0.9690490961074829,0.9601041078567505,0.8604077100753784,0.9329218864440918,0.9016836881637573,0.031238198280334473,0.008944988250732422,0.10864138603210449,False,False,completed,True
v_22506cf5d5a1e6088fc8,a truck slowing down to stop,hybrid_exclude,full,0.8691954612731934,0.8058532476425171,0.7704780697822571,0.7584022879600525,0.701805591583252,0.05659669637680054,0.06334221363067627,0.09871739149093628,False,False,completed,True
v_2ac6cf025d5e88563949,a zebra running to join a herd of its kind,hybrid_exclude,full,0.9500249624252319,0.9475387930870056,,0.9185127019882202,0.9093586206436157,0.009154081344604492,0.0024861693382263184,,False,False,completed,True
v_2fbefa11a17758f1cd8f,a zebra taking a peaceful walk,hybrid_exclude,full,0.9445307850837708,0.931852400302887,0.8227097988128662,0.9212554693222046,0.8462927937507629,0.07496267557144165,0.012678384780883789,0.12182098627090454,False,False,completed,True
v_304f65b790cd089803d4,a zebra bending down to drink water from a river,hybrid_exclude,full,0.9545856714248657,0.9584835171699524,,0.9624999761581421,0.9367153644561768,0.025784611701965332,0.00389784574508667,,False,False,completed,True
v_34025bb5b4d01c898f92,a motorcycle accelerating to gain speed,hybrid_exclude,full,0.9564681053161621,0.9586743712425232,0.9502571821212769,0.9416208267211914,0.9312145709991455,0.010406255722045898,0.002206265926361084,0.006210923194885254,False,False,completed,True
v_355010ce10f66a681b88,a truck turning a corner,hybrid_exclude,full,0.9635376334190369,0.9471014142036438,,0.9169105887413025,0.8767268061637878,0.04018378257751465,0.016436219215393066,,False,False,completed,True
v_35d320b87cf1354b75ab,a zebra running to join a herd of its kind,hybrid_exclude,full,0.9588550925254822,0.9563136100769043,,0.9490302205085754,0.9364952445030212,0.0125349760055542,0.002541482448577881,,False,False,completed,True
v_38ae4c230155beb1b259,a zebra taking a peaceful walk,hybrid_exclude,full,0.9856873154640198,0.9825937151908875,,0.98517906665802,0.9811515808105469,0.0040274858474731445,0.0030936002731323242,,False,False,completed,True
v_3b6ddfc07cc98fcf9fa0,an elephant running to join a herd of its kind,hybrid_exclude,full,0.9880058169364929,0.9871799945831299,0.9781123399734497,0.9849029779434204,0.9831123948097229,0.0017905831336975098,0.0008258223533630371,0.009893476963043213,False,False,completed,True
v_427171327cff517973ed,a zebra bending down to drink water from a river,hybrid_exclude,full,0.9852167367935181,0.9825498461723328,,0.9767624139785767,0.9774017333984375,0.0006393194198608398,0.0026668906211853027,,False,False,completed,True
v_4719caef96c8df794757,an elephant running to join a herd of its kind,hybrid_exclude,full,0.9782639741897583,0.9783834218978882,0.9682222008705139,0.969979465007782,0.95478755235672,0.015191912651062012,0.00011944770812988281,0.010041773319244385,False,False,completed,True
v_4d76a76426a219a5f1bb,a zebra bending down to drink water from a river,hybrid_exclude,full,0.9782224893569946,0.971054196357727,0.7566174268722534,0.9762669801712036,0.9626756906509399,0.013591289520263672,0.007168292999267578,0.2216050624847412,False,False,completed,True
v_4e7cf3a0868b1b118f55,a zebra running to join a herd of its kind,hybrid_exclude,full,0.9522103071212769,0.9504322409629822,0.7753104567527771,0.9482232928276062,0.9372345805168152,0.010988712310791016,0.0017780661582946777,0.17689985036849976,False,False,completed,True
v_4f8abc7bb931501fb862,a truck slowing down to stop,hybrid_exclude,full,0.9940704703330994,0.8125409483909607,0.9337686896324158,0.9710509777069092,0.8021548986434937,0.16889607906341553,0.18152952194213867,0.060301780700683594,False,False,completed,False
v_4ff816e35ca1960d8058,an elephant running to join a herd of its kind,hybrid_exclude,full,0.9646567702293396,0.9657081961631775,0.9501775503158569,0.9487122297286987,0.9171633720397949,0.03154885768890381,0.0010514259338378906,0.014479219913482666,False,False,completed,True
v_50b265d3f9ccf281a518,an elephant spraying itself with water using its trunk to cool down,hybrid_exclude,full,0.9901018142700195,0.9821529984474182,0.9772655367851257,0.9922862648963928,0.9814439415931702,0.010842323303222656,0.007948815822601318,0.012836277484893799,False,False,completed,True
v_53b3d43654788945925c,a zebra running to join a herd of its kind,hybrid_exclude,full,0.972172737121582,0.9646115899085999,,0.9581042528152466,0.9465862512588501,0.011518001556396484,0.007561147212982178,,False,False,completed,True
v_55a4f07d56cda7470760,an elephant running to join a herd of its kind,hybrid_exclude,full,0.9789860844612122,0.9749211668968201,0.9322619438171387,0.9713909029960632,0.9524977803230286,0.018893122673034668,0.00406491756439209,0.046724140644073486,False,False,completed,True
v_6015d56a898aa0948639,a zebra bending down to drink water from a river,hybrid_exclude,full,0.9817591905593872,0.947404146194458,0.8743963837623596,0.9774531722068787,0.868056058883667,0.10939711332321167,0.0343550443649292,0.10736280679702759,False,False,completed,True
v_67c0894760111d0087b6,a motorcycle accelerating to gain speed,hybrid_exclude,full,0.92059326171875,0.8603213429450989,0.7597061395645142,0.7869536280632019,0.687890887260437,0.09906274080276489,0.06027191877365112,0.16088712215423584,False,False,completed,True
v_6bee77846ce628e11d94,an elephant spraying itself with water using its trunk to cool down,hybrid_exclude,full,0.9835841059684753,0.9604412913322449,0.9183762669563293,0.9801599383354187,0.9311152100563049,0.04904472827911377,0.02314281463623047,0.065207839012146,False,False,completed,True
v_6d2af08e0301e767c719,a cow running to join a herd of its kind,hybrid_exclude,full,0.9381388425827026,0.930412769317627,0.9095316529273987,0.871242880821228,0.8299393057823181,0.04130357503890991,0.007726073265075684,0.028607189655303955,False,False,completed,True
v_6ee4476dec8615e1535f,a zebra bending down to drink water from a river,hybrid_exclude,full,0.9657285213470459,0.9664310216903687,,0.964434027671814,0.9498815536499023,0.014552474021911621,0.0007025003433227539,,False,False,completed,True
v_74d5bd9982ed49689599,a truck turning a corner,hybrid_exclude,full,0.9701874256134033,0.966801643371582,,0.9252806901931763,0.8994961380958557,0.025784552097320557,0.003385782241821289,,False,False,completed,True
v_795022cc03907dc7489e,an elephant spraying itself with water using its trunk to cool down,hybrid_exclude,full,0.9523473978042603,0.9550139904022217,,0.9006173610687256,0.8606120347976685,0.04000532627105713,0.0026665925979614258,,False,False,completed,True
v_7959de66f76bf5fc41d9,a zebra bending down to drink water from a river,hybrid_exclude,full,0.9828632473945618,0.9837024807929993,,0.9712667465209961,0.9687389135360718,0.0025278329849243164,0.0008392333984375,,False,False,completed,True
v_82dc1689fd289adcc0d2,a zebra taking a peaceful walk,hybrid_exclude,full,0.9778921008110046,0.9737805128097534,,0.9754855632781982,0.9710027575492859,0.0044828057289123535,0.004111588001251221,,False,False,completed,True
v_88720509dffa7aea9e30,a zebra bending down to drink water from a river,hybrid_exclude,full,0.9738063216209412,0.9764664173126221,,0.9799759387969971,0.9769402146339417,0.00303572416305542,0.002660095691680908,,False,False,completed,True
v_8887acf562b32cc84023,a zebra bending down to drink water from a river,hybrid_exclude,full,0.9334750771522522,0.8857240080833435,0.877543568611145,0.9226030707359314,0.6891586780548096,0.23344439268112183,0.04775106906890869,0.05593150854110718,False,False,completed,True
v_8dca194984971f0a1124,a truck turning a corner,hybrid_exclude,full,0.9337459802627563,0.8772704005241394,0.7426971197128296,0.8681207299232483,0.8216990828514099,0.04642164707183838,0.05647557973861694,0.19104886054992676,False,False,completed,True
v_8e6a21dfeb7a106dae22,a zebra taking a peaceful walk,hybrid_exclude,full,0.9760703444480896,0.9520334005355835,0.8282732367515564,0.9702401757240295,0.92816561460495,0.04207456111907959,0.024036943912506104,0.1477971076965332,False,False,completed,True
v_a18cdea6bd26987ddbc4,a cow running to join a herd of its kind,hybrid_exclude,full,0.9762948155403137,0.9668416380882263,,0.9539317488670349,0.9433321952819824,0.01059955358505249,0.009453177452087402,,False,False,completed,True
v_a3b6d576bc5c5ef3517f,a zebra running to join a herd of its kind,hybrid_exclude,full,0.9438295960426331,0.9417133927345276,0.6718370318412781,0.9383728504180908,0.9338036179542542,0.00456923246383667,0.0021162033081054688,0.271992564201355,False,False,completed,True
v_a522928f33a3f29c463c,a truck slowing down to stop,hybrid_exclude,full,0.9893493056297302,0.9867972135543823,,0.9741533398628235,0.9624667167663574,0.011686623096466064,0.0025520920753479004,,False,False,completed,True
v_a5b4d7c4b2a095c9e6cc,an elephant running to join a herd of its kind,hybrid_exclude,full,0.9817762970924377,0.9669276475906372,0.8899230360984802,0.9782154560089111,0.9437472224235535,0.034468233585357666,0.014848649501800537,0.09185326099395752,False,False,completed,True
v_aa14318968934ce72fb1,a zebra bending down to drink water from a river,hybrid_exclude,full,0.973966121673584,0.9731464385986328,,0.9643047451972961,0.9493719935417175,0.014932751655578613,0.0008196830749511719,,False,False,completed,True
v_ad2f0d6ec69f9ff90382,a zebra taking a peaceful walk,hybrid_exclude,full,0.9869072437286377,0.983411967754364,,0.9837861657142639,0.9787200093269348,0.0050661563873291016,0.0034952759742736816,,False,False,completed,True
v_b2657298416595015a2b,a zebra running to join a herd of its kind,hybrid_exclude,full,0.9221466779708862,0.9204328656196594,,0.8821325302124023,0.8674682974815369,0.014664232730865479,0.0017138123512268066,,False,False,completed,True
v_bc950a10e74a0a5447f1,a zebra bending down to drink water from a river,hybrid_exclude,full,0.9756776690483093,0.98028564453125,,0.9725489616394043,0.9462301135063171,0.026318848133087158,0.004607975482940674,,False,False,completed,True
v_bf4b3df29a9616bf26ae,a truck turning a corner,hybrid_exclude,full,0.9515529870986938,0.9506728053092957,,0.8850948214530945,0.8448199033737183,0.04027491807937622,0.0008801817893981934,,False,False,completed,True
v_c41543fe72d2e5493d15,a truck slowing down to stop,hybrid_exclude,full,0.9834082722663879,0.971211314201355,0.9605889916419983,0.9530027508735657,0.9184328317642212,0.03456991910934448,0.012196958065032959,0.02281928062438965,False,False,completed,True
v_c424c7aceaf2046394ad,a cow running to join a herd of its kind,hybrid_exclude,full,0.9763944745063782,0.9746676683425903,0.9721425175666809,0.9669449329376221,0.959201455116272,0.007743477821350098,0.0017268061637878418,0.004251956939697266,False,False,completed,True
v_c4de504a244d437ac3ad,a zebra bending down to drink water from a river,hybrid_exclude,full,0.9940760135650635,0.9888899922370911,,0.994841992855072,0.962252676486969,0.03258931636810303,0.005186021327972412,,False,False,completed,True
v_cdab6ebfbdf88aa1365e,an elephant running to join a herd of its kind,hybrid_exclude,full,0.9607254266738892,0.9600853323936462,0.9605380296707153,0.9530994296073914,0.9037695527076721,0.04932987689971924,0.0006400942802429199,0.00018739700317382812,False,False,completed,True
v_d111e2d8975fa9b850b3,a zebra taking a peaceful walk,hybrid_exclude,full,0.9483411908149719,0.9014571309089661,0.7769398093223572,0.9036860466003418,0.860892653465271,0.0427933931350708,0.04688405990600586,0.17140138149261475,False,False,completed,True
v_d51186bcfc23e2a780ab,a truck slowing down to stop,hybrid_exclude,full,0.9643544554710388,0.9852426648139954,0.8676981925964355,0.9112410545349121,0.91810142993927,0.00686037540435791,0.020888209342956543,0.09665626287460327,False,False,completed,True
v_d86a4852b9a610b4e2ac,a motorcycle accelerating to gain speed,hybrid_exclude,full,0.9552143812179565,0.952140212059021,,0.8991079330444336,0.8470813035964966,0.05202662944793701,0.003074169158935547,,False,False,completed,True
v_e7e6381187b3421f31f4,a zebra taking a peaceful walk,hybrid_exclude,full,0.9758050441741943,0.9672815799713135,,0.9502309560775757,0.9394810199737549,0.0107499361038208,0.00852346420288086,,False,False,completed,True
v_e84cd21f77767e064452,an elephant running to join a herd of its kind,hybrid_exclude,full,0.8868926167488098,0.9168387055397034,0.8096510171890259,0.9618316292762756,0.9119257926940918,0.04990583658218384,0.029946088790893555,0.07724159955978394,False,False,completed,True
v_f762ed821ba1fba906af,a zebra bending down to drink water from a river,hybrid_exclude,full,0.9867092370986938,0.9745410084724426,,0.9777792096138,0.9542761445045471,0.02350306510925293,0.01216822862625122,,False,False,completed,True
v_f993f14cdb34fb8383ef,a zebra bending down to drink water from a river,hybrid_exclude,full,0.9814218878746033,0.9836223125457764,,0.9786093235015869,0.9746005535125732,0.004008769989013672,0.0022004246711730957,,False,False,completed,True
v_fb03b6a21df9c0a51627,a cow running to join a herd of its kind,hybrid_exclude,full,0.9514460563659668,0.9409741163253784,0.8888809680938721,0.9386007189750671,0.8921583294868469,0.046442389488220215,0.010471940040588379,0.06256508827209473,False,False,completed,True
v_fc9b39a4b047b2db243c,an elephant spraying itself with water using its trunk to cool down,hybrid_exclude,full,0.9950287342071533,0.9871493577957153,0.9738678932189941,0.9937685132026672,0.9855453372001648,0.008223176002502441,0.007879376411437988,0.02116084098815918,False,False,completed,True
v_fef8070abcd8dcd3af47,a zebra taking a peaceful walk,hybrid_exclude,full,0.9282910823822021,0.9130675792694092,0.738467276096344,0.8663416504859924,0.7882739305496216,0.07806771993637085,0.015223503112792969,0.18982380628585815,False,False,completed,True
