video_uid,prompt_id,method,position,clean,background,subject,origin_clean,origin_background,origin_abs_change,repair_abs_change,subject_signed_drop,zero_to_zero,joint_success,runtime_status,review_eligible
v_075ccc862d1b2d4936f0,an elephant running to join a herd of its kind,direct_zero,start,0.9630889296531677,0.962873101234436,0.8886650800704956,0.9417819976806641,0.8933405876159668,0.048441410064697266,0.00021582841873168945,0.07442384958267212,False,False,completed,True
v_0925f4496cf55ade8e5d,an elephant spraying itself with water using its trunk to cool down,direct_zero,start,0.98935467004776,0.9890470504760742,0.5443400144577026,0.9881947040557861,0.9551296234130859,0.033065080642700195,0.000307619571685791,0.4450146555900574,False,False,completed,True
v_0a1a6db568841167f9e8,a truck turning a corner,direct_zero,start,0.7832257747650146,0.7782248854637146,0.4043329656124115,0.8972001075744629,0.7202261686325073,0.17697393894195557,0.005000889301300049,0.37889280915260315,False,True,completed,True
v_10d250e1b4b4a6ec0a82,a cow running to join a herd of its kind,direct_zero,start,0.9591885805130005,0.9429476857185364,0.9110563397407532,0.9442958235740662,0.8176701068878174,0.12662571668624878,0.01624089479446411,0.048132240772247314,False,False,completed,True
v_125269dc5fc640751fa4,a zebra running to join a herd of its kind,direct_zero,start,0.9697616100311279,0.968360185623169,0.5334725975990295,0.9459475874900818,0.8638582229614258,0.082089364528656,0.0014014244079589844,0.4362890124320984,False,False,completed,True
v_13502c1b9c959957b46a,a zebra taking a peaceful walk,direct_zero,start,0.9967139363288879,0.993230938911438,0.5483049154281616,0.997106671333313,0.9315849542617798,0.0655217170715332,0.003482997417449951,0.4484090209007263,False,False,completed,True
v_1814b4d5b25ffa156aa6,an elephant running to join a herd of its kind,direct_zero,start,0.9690490961074829,0.9667389392852783,0.9215870499610901,0.9329218864440918,0.8826193809509277,0.05030250549316406,0.00231015682220459,0.04746204614639282,False,False,completed,True
v_22506cf5d5a1e6088fc8,a truck slowing down to stop,direct_zero,start,0.8691954612731934,0.48433738946914673,0.5653795599937439,0.7584022879600525,0.6010288596153259,0.15737342834472656,0.38485807180404663,0.30381590127944946,False,False,completed,True
v_2ac6cf025d5e88563949,a zebra running to join a herd of its kind,direct_zero,start,0.9500249624252319,0.9492130875587463,0.5219694375991821,0.9185127019882202,0.8638663291931152,0.05464637279510498,0.0008118748664855957,0.4280555248260498,False,False,completed,True
v_2fbefa11a17758f1cd8f,a zebra taking a peaceful walk,direct_zero,start,0.9445307850837708,0.937860906124115,0.5253149271011353,0.9212554693222046,0.7855349779129028,0.13572049140930176,0.006669878959655762,0.4192158579826355,False,True,completed,True
v_304f65b790cd089803d4,a zebra bending down to drink water from a river,direct_zero,start,0.9545856714248657,0.9435664415359497,0.5254056453704834,0.9624999761581421,0.815983772277832,0.14651620388031006,0.011019229888916016,0.4291800260543823,False,False,completed,True
v_34025bb5b4d01c898f92,a motorcycle accelerating to gain speed,direct_zero,start,0.9564681053161621,0.955627977848053,0.6178457736968994,0.9416208267211914,0.8952445983886719,0.04637622833251953,0.0008401274681091309,0.3386223316192627,False,False,completed,True
v_355010ce10f66a681b88,a truck turning a corner,direct_zero,start,0.9635376334190369,0.9566296339035034,0.5333538055419922,0.9169105887413025,0.8333958983421326,0.08351469039916992,0.006907999515533447,0.4301838278770447,False,False,completed,True
v_35d320b87cf1354b75ab,a zebra running to join a herd of its kind,direct_zero,start,0.9588550925254822,0.9578466415405273,0.5276535749435425,0.9490302205085754,0.8583348393440247,0.09069538116455078,0.001008450984954834,0.4312015175819397,False,False,completed,True
v_38ae4c230155beb1b259,a zebra taking a peaceful walk,direct_zero,start,0.9856873154640198,0.9832952618598938,0.5428537130355835,0.98517906665802,0.9419373273849487,0.04324173927307129,0.0023920536041259766,0.4428336024284363,False,False,completed,True
v_3b6ddfc07cc98fcf9fa0,an elephant running to join a herd of its kind,direct_zero,start,0.9880058169364929,0.9875378012657166,0.908362090587616,0.9849029779434204,0.9544229507446289,0.030480027198791504,0.0004680156707763672,0.07964372634887695,False,False,completed,True
v_427171327cff517973ed,a zebra bending down to drink water from a river,direct_zero,start,0.9852167367935181,0.9839887619018555,0.542264461517334,0.9767624139785767,0.922544002532959,0.054218411445617676,0.0012279748916625977,0.4429522752761841,False,False,completed,True
v_4719caef96c8df794757,an elephant running to join a herd of its kind,direct_zero,start,0.9782639741897583,0.9772089123725891,0.9076767563819885,0.969979465007782,0.9236568212509155,0.046322643756866455,0.0010550618171691895,0.07058721780776978,False,False,completed,True
v_4d76a76426a219a5f1bb,a zebra bending down to drink water from a river,direct_zero,start,0.9782224893569946,0.9766978025436401,0.5553485155105591,0.9762669801712036,0.9321030378341675,0.04416394233703613,0.0015246868133544922,0.42287397384643555,False,False,completed,True
v_4e7cf3a0868b1b118f55,a zebra running to join a herd of its kind,direct_zero,start,0.9522103071212769,0.951361894607544,0.5984534621238708,0.9482232928276062,0.8875853419303894,0.0606379508972168,0.0008484125137329102,0.353756844997406,False,False,completed,True
v_4f8abc7bb931501fb862,a truck slowing down to stop,direct_zero,start,0.9940704703330994,0.695777416229248,0.8546708226203918,0.9710509777069092,0.7376925945281982,0.23335838317871094,0.2982930541038513,0.13939964771270752,False,False,completed,False
v_4ff816e35ca1960d8058,an elephant running to join a herd of its kind,direct_zero,start,0.9646567702293396,0.9648556709289551,0.8569715023040771,0.9487122297286987,0.8717853426933289,0.07692688703536987,0.00019890069961547852,0.10768526792526245,False,False,completed,True
v_50b265d3f9ccf281a518,an elephant spraying itself with water using its trunk to cool down,direct_zero,start,0.9901018142700195,0.9813717603683472,0.5450409650802612,0.9922862648963928,0.9584330916404724,0.03385317325592041,0.008730053901672363,0.4450608491897583,False,False,completed,True
v_53b3d43654788945925c,a zebra running to join a herd of its kind,direct_zero,start,0.972172737121582,0.9682431817054749,0.53606116771698,0.9581042528152466,0.8678322434425354,0.09027200937271118,0.003929555416107178,0.43611156940460205,False,False,completed,True
v_55a4f07d56cda7470760,an elephant running to join a herd of its kind,direct_zero,start,0.9789860844612122,0.9781426191329956,0.6206766963005066,0.9713909029960632,0.944004237651825,0.02738666534423828,0.0008434653282165527,0.35830938816070557,False,False,completed,True
v_6015d56a898aa0948639,a zebra bending down to drink water from a river,direct_zero,start,0.9817591905593872,0.9091442823410034,0.6936148405075073,0.9774531722068787,0.830493688583374,0.14695948362350464,0.07261490821838379,0.2881443500518799,False,False,completed,True
v_67c0894760111d0087b6,a motorcycle accelerating to gain speed,direct_zero,start,0.92059326171875,0.8060694932937622,0.6000519394874573,0.7869536280632019,0.6760831475257874,0.11087048053741455,0.11452376842498779,0.3205413222312927,False,False,completed,True
v_6bee77846ce628e11d94,an elephant spraying itself with water using its trunk to cool down,direct_zero,start,0.9835841059684753,0.9768950939178467,0.5597719550132751,0.9801599383354187,0.9434736967086792,0.0366862416267395,0.006689012050628662,0.4238121509552002,False,False,completed,True
v_6d2af08e0301e767c719,a cow running to join a herd of its kind,direct_zero,start,0.9381388425827026,0.5188788771629333,0.6761690974235535,0.871242880821228,0.7195966243743896,0.15164625644683838,0.4192599654197693,0.26196974515914917,False,False,completed,True
v_6ee4476dec8615e1535f,a zebra bending down to drink water from a river,direct_zero,start,0.9657285213470459,0.9658563137054443,0.5508677363395691,0.964434027671814,0.90301114320755,0.061422884464263916,0.0001277923583984375,0.4148607850074768,False,False,completed,True
v_74d5bd9982ed49689599,a truck turning a corner,direct_zero,start,0.9701874256134033,0.9706987738609314,0.5334962606430054,0.9252806901931763,0.8422074913978577,0.0830731987953186,0.0005113482475280762,0.43669116497039795,False,False,completed,True
v_795022cc03907dc7489e,an elephant spraying itself with water using its trunk to cool down,direct_zero,start,0.24734899401664734,0.21867966651916504,0.21867966651916504,0.9006173610687256,0.7908090353012085,0.10980832576751709,0.0286693274974823,0.0286693274974823,False,False,completed,True
v_7959de66f76bf5fc41d9,a zebra bending down to drink water from a river,direct_zero,start,0.9828632473945618,0.9830366373062134,0.5589017868041992,0.9712667465209961,0.939765453338623,0.03150129318237305,0.00017338991165161133,0.42396146059036255,False,False,completed,True
v_82dc1689fd289adcc0d2,a zebra taking a peaceful walk,direct_zero,start,0.9778921008110046,0.9773693680763245,0.5402250289916992,0.9754855632781982,0.9194024801254272,0.056083083152770996,0.0005227327346801758,0.4376670718193054,False,False,completed,True
v_88720509dffa7aea9e30,a zebra bending down to drink water from a river,direct_zero,start,0.9738063216209412,0.97359299659729,0.5352206230163574,0.9799759387969971,0.9179413318634033,0.06203460693359375,0.00021332502365112305,0.43858569860458374,False,False,completed,True
v_8887acf562b32cc84023,a zebra bending down to drink water from a river,direct_zero,start,0.9334750771522522,0.9004411697387695,0.9203071594238281,0.9226030707359314,0.6063145995140076,0.31628847122192383,0.033033907413482666,0.013167917728424072,False,False,completed,True
v_8dca194984971f0a1124,a truck turning a corner,direct_zero,start,0.9337459802627563,0.9361944198608398,0.5162278413772583,0.8681207299232483,0.7984133958816528,0.06970733404159546,0.002448439598083496,0.41751813888549805,False,False,completed,True
v_8e6a21dfeb7a106dae22,a zebra taking a peaceful walk,direct_zero,start,0.9760703444480896,0.9641773700714111,0.7744569778442383,0.9702401757240295,0.9141047596931458,0.05613541603088379,0.011892974376678467,0.20161336660385132,False,False,completed,True
v_a18cdea6bd26987ddbc4,a cow running to join a herd of its kind,direct_zero,start,0.8598477840423584,0.8581843972206116,0.4683087468147278,0.9539317488670349,0.890174150466919,0.06375759840011597,0.0016633868217468262,0.3915390372276306,False,False,completed,True
v_a3b6d576bc5c5ef3517f,a zebra running to join a herd of its kind,direct_zero,start,0.9438295960426331,0.9448243975639343,0.5987094044685364,0.9383728504180908,0.8952476978302002,0.043125152587890625,0.0009948015213012695,0.3451201915740967,False,False,completed,True
v_a522928f33a3f29c463c,a truck slowing down to stop,direct_zero,start,0.9893493056297302,0.986741304397583,0.544757068157196,0.9741533398628235,0.9055949449539185,0.06855839490890503,0.002608001232147217,0.4445922374725342,False,False,completed,True
v_a5b4d7c4b2a095c9e6cc,an elephant running to join a herd of its kind,direct_zero,start,0.9817762970924377,0.9758897423744202,0.7225890755653381,0.9782154560089111,0.9413540363311768,0.036861419677734375,0.005886554718017578,0.2591872215270996,False,False,completed,True
v_aa14318968934ce72fb1,a zebra bending down to drink water from a river,direct_zero,start,0.973966121673584,0.9724626541137695,0.5417301654815674,0.9643047451972961,0.8707438707351685,0.09356087446212769,0.0015034675598144531,0.4322359561920166,False,False,completed,True
v_ad2f0d6ec69f9ff90382,a zebra taking a peaceful walk,direct_zero,start,0.9869072437286377,0.9855596423149109,0.5430995225906372,0.9837861657142639,0.9184173941612244,0.06536877155303955,0.0013476014137268066,0.4438077211380005,False,False,completed,True
v_b2657298416595015a2b,a zebra running to join a herd of its kind,direct_zero,start,0.9221466779708862,0.9211239218711853,0.513124406337738,0.8821325302124023,0.8282648921012878,0.0538676381111145,0.0010227560997009277,0.4090222716331482,False,False,completed,True
v_bc950a10e74a0a5447f1,a zebra bending down to drink water from a river,direct_zero,start,0.9756776690483093,0.9760162234306335,0.538481593132019,0.9725489616394043,0.8827074766159058,0.08984148502349854,0.00033855438232421875,0.4371960759162903,False,False,completed,True
v_bf4b3df29a9616bf26ae,a truck turning a corner,direct_zero,start,0.9515529870986938,0.9509888291358948,0.5312649607658386,0.8850948214530945,0.769380509853363,0.11571431159973145,0.0005641579627990723,0.4202880263328552,False,True,completed,True
v_c41543fe72d2e5493d15,a truck slowing down to stop,direct_zero,start,0.9834082722663879,0.9823909401893616,0.5613530278205872,0.9530027508735657,0.9242465496063232,0.02875620126724243,0.0010173320770263672,0.4220552444458008,False,False,completed,True
v_c424c7aceaf2046394ad,a cow running to join a herd of its kind,direct_zero,start,0.9763944745063782,0.9751306772232056,0.8663173317909241,0.9669449329376221,0.7995636463165283,0.16738128662109375,0.0012637972831726074,0.1100771427154541,False,True,completed,True
v_c4de504a244d437ac3ad,a zebra bending down to drink water from a river,direct_zero,start,0.9940760135650635,0.9910213947296143,0.5469377040863037,0.994841992855072,0.9139048457145691,0.08093714714050293,0.0030546188354492188,0.44713830947875977,False,False,completed,True
v_cdab6ebfbdf88aa1365e,an elephant running to join a herd of its kind,direct_zero,start,0.9607254266738892,0.9607044458389282,0.6037982702255249,0.9530994296073914,0.8581246137619019,0.0949748158454895,2.09808349609375e-05,0.35692715644836426,False,False,completed,True
v_d111e2d8975fa9b850b3,a zebra taking a peaceful walk,direct_zero,start,0.9483411908149719,0.8268209099769592,0.6137505173683167,0.9036860466003418,0.8302704095840454,0.07341563701629639,0.1215202808380127,0.3345906734466553,False,False,completed,True
v_d51186bcfc23e2a780ab,a truck slowing down to stop,direct_zero,start,0.9643544554710388,0.9821505546569824,0.6177799701690674,0.9112410545349121,0.8860047459602356,0.025236308574676514,0.017796099185943604,0.34657448530197144,False,False,completed,True
v_d86a4852b9a610b4e2ac,a motorcycle accelerating to gain speed,direct_zero,start,0.9552143812179565,0.9544966816902161,0.5241967439651489,0.8991079330444336,0.808051347732544,0.09105658531188965,0.0007176995277404785,0.4310176372528076,False,False,completed,True
v_e7e6381187b3421f31f4,a zebra taking a peaceful walk,direct_zero,start,0.9758050441741943,0.973817765712738,0.5368770360946655,0.9502309560775757,0.9089617729187012,0.04126918315887451,0.001987278461456299,0.4389280080795288,False,False,completed,True
v_e84cd21f77767e064452,an elephant running to join a herd of its kind,direct_zero,start,0.8868926167488098,0.7757368683815002,0.5622764229774475,0.9618316292762756,0.7974300384521484,0.1644015908241272,0.11115574836730957,0.3246161937713623,False,False,completed,True
v_f762ed821ba1fba906af,a zebra bending down to drink water from a river,direct_zero,start,0.9867092370986938,0.9733476638793945,0.5420944094657898,0.9777792096138,0.9053906202316284,0.07238858938217163,0.013361573219299316,0.44461482763290405,False,False,completed,True
v_f993f14cdb34fb8383ef,a zebra bending down to drink water from a river,direct_zero,start,0.9814218878746033,0.9777750372886658,0.5409412384033203,0.9786093235015869,0.9100269079208374,0.06858241558074951,0.0036468505859375,0.44048064947128296,False,False,completed,True
v_fb03b6a21df9c0a51627,a cow running to join a herd of its kind,direct_zero,start,0.9514460563659668,0.9503986835479736,0.8427003026008606,0.9386007189750671,0.8675345778465271,0.07106614112854004,0.001047372817993164,0.1087457537651062,False,False,completed,True
v_fc9b39a4b047b2db243c,an elephant spraying itself with water using its trunk to cool down,direct_zero,start,0.9950287342071533,0.9890738129615784,0.5479341745376587,0.9937685132026672,0.9587997794151306,0.03496873378753662,0.005954921245574951,0.44709455966949463,False,False,completed,True
v_fef8070abcd8dcd3af47,a zebra taking a peaceful walk,direct_zero,start,0.9282910823822021,0.8722187876701355,0.5750807523727417,0.8663416504859924,0.763480544090271,0.10286110639572144,0.05607229471206665,0.35321033000946045,False,False,completed,True
v_075ccc862d1b2d4936f0,an elephant running to join a herd of its kind,direct_exclude,start,0.9630889296531677,0.962873101234436,0.8886650800704956,0.9417819976806641,0.8933405876159668,0.048441410064697266,0.00021582841873168945,0.07442384958267212,False,False,completed,True
v_0925f4496cf55ade8e5d,an elephant spraying itself with water using its trunk to cool down,direct_exclude,start,0.98935467004776,0.9890470504760742,0.9897092580795288,0.9881947040557861,0.9551296234130859,0.033065080642700195,0.000307619571685791,-0.00035458803176879883,False,False,completed,True
v_0a1a6db568841167f9e8,a truck turning a corner,direct_exclude,start,0.8951151967048645,0.8893998265266418,0.8821808695793152,0.8972001075744629,0.7202261686325073,0.17697393894195557,0.005715370178222656,0.012934327125549316,False,True,completed,True
v_10d250e1b4b4a6ec0a82,a cow running to join a herd of its kind,direct_exclude,start,0.9591885805130005,0.9429476857185364,0.9110563397407532,0.9442958235740662,0.8176701068878174,0.12662571668624878,0.01624089479446411,0.048132240772247314,False,False,completed,True
v_125269dc5fc640751fa4,a zebra running to join a herd of its kind,direct_exclude,start,0.9697616100311279,0.968360185623169,0.9699501395225525,0.9459475874900818,0.8638582229614258,0.082089364528656,0.0014014244079589844,-0.00018852949142456055,False,False,completed,True
v_13502c1b9c959957b46a,a zebra taking a peaceful walk,direct_exclude,start,0.9967139363288879,0.993230938911438,0.9969179630279541,0.997106671333313,0.9315849542617798,0.0655217170715332,0.003482997417449951,-0.0002040266990661621,False,False,completed,True
v_1814b4d5b25ffa156aa6,an elephant running to join a herd of its kind,direct_exclude,start,0.9690490961074829,0.9667389392852783,0.9215870499610901,0.9329218864440918,0.8826193809509277,0.05030250549316406,0.00231015682220459,0.04746204614639282,False,False,completed,True
v_22506cf5d5a1e6088fc8,a truck slowing down to stop,direct_exclude,start,0.8691954612731934,0.880613386631012,0.8698147535324097,0.7584022879600525,0.6010288596153259,0.15737342834472656,0.011417925357818604,-0.0006192922592163086,False,False,completed,True
v_2ac6cf025d5e88563949,a zebra running to join a herd of its kind,direct_exclude,start,0.9500249624252319,0.9492130875587463,0.9490353465080261,0.9185127019882202,0.8638663291931152,0.05464637279510498,0.0008118748664855957,0.0009896159172058105,False,False,completed,True
v_2fbefa11a17758f1cd8f,a zebra taking a peaceful walk,direct_exclude,start,0.9445307850837708,0.937860906124115,0.95511794090271,0.9212554693222046,0.7855349779129028,0.13572049140930176,0.006669878959655762,-0.010587155818939209,False,True,completed,True
v_304f65b790cd089803d4,a zebra bending down to drink water from a river,direct_exclude,start,0.9545856714248657,0.9435664415359497,0.9552830457687378,0.9624999761581421,0.815983772277832,0.14651620388031006,0.011019229888916016,-0.0006973743438720703,False,False,completed,True
v_34025bb5b4d01c898f92,a motorcycle accelerating to gain speed,direct_exclude,start,0.9564681053161621,0.955627977848053,0.9294089078903198,0.9416208267211914,0.8952445983886719,0.04637622833251953,0.0008401274681091309,0.027059197425842285,False,False,completed,True
v_355010ce10f66a681b88,a truck turning a corner,direct_exclude,start,0.9635376334190369,0.9566296339035034,0.9697341918945312,0.9169105887413025,0.8333958983421326,0.08351469039916992,0.006907999515533447,-0.006196558475494385,False,False,completed,True
v_35d320b87cf1354b75ab,a zebra running to join a herd of its kind,direct_exclude,start,0.9588550925254822,0.9578466415405273,0.9593701362609863,0.9490302205085754,0.8583348393440247,0.09069538116455078,0.001008450984954834,-0.0005150437355041504,False,False,completed,True
v_38ae4c230155beb1b259,a zebra taking a peaceful walk,direct_exclude,start,0.9856873154640198,0.9832952618598938,0.9870067238807678,0.98517906665802,0.9419373273849487,0.04324173927307129,0.0023920536041259766,-0.0013194084167480469,False,False,completed,True
v_3b6ddfc07cc98fcf9fa0,an elephant running to join a herd of its kind,direct_exclude,start,0.9880058169364929,0.9875378012657166,0.908362090587616,0.9849029779434204,0.9544229507446289,0.030480027198791504,0.0004680156707763672,0.07964372634887695,False,False,completed,True
v_427171327cff517973ed,a zebra bending down to drink water from a river,direct_exclude,start,0.9852167367935181,0.9839887619018555,0.9859352111816406,0.9767624139785767,0.922544002532959,0.054218411445617676,0.0012279748916625977,-0.0007184743881225586,False,False,completed,True
v_4719caef96c8df794757,an elephant running to join a herd of its kind,direct_exclude,start,0.9782639741897583,0.9772089123725891,0.9076767563819885,0.969979465007782,0.9236568212509155,0.046322643756866455,0.0010550618171691895,0.07058721780776978,False,False,completed,True
v_4d76a76426a219a5f1bb,a zebra bending down to drink water from a river,direct_exclude,start,0.9782224893569946,0.9766978025436401,0.9774133563041687,0.9762669801712036,0.9321030378341675,0.04416394233703613,0.0015246868133544922,0.0008091330528259277,False,False,completed,True
v_4e7cf3a0868b1b118f55,a zebra running to join a herd of its kind,direct_exclude,start,0.9522103071212769,0.951361894607544,0.9206976294517517,0.9482232928276062,0.8875853419303894,0.0606379508972168,0.0008484125137329102,0.031512677669525146,False,False,completed,True
v_4f8abc7bb931501fb862,a truck slowing down to stop,direct_exclude,start,0.9940704703330994,0.9718794226646423,0.9704648852348328,0.9710509777069092,0.7376925945281982,0.23335838317871094,0.02219104766845703,0.0236055850982666,False,False,completed,False
v_4ff816e35ca1960d8058,an elephant running to join a herd of its kind,direct_exclude,start,0.9646567702293396,0.9648556709289551,0.8569715023040771,0.9487122297286987,0.8717853426933289,0.07692688703536987,0.00019890069961547852,0.10768526792526245,False,False,completed,True
v_50b265d3f9ccf281a518,an elephant spraying itself with water using its trunk to cool down,direct_exclude,start,0.9901018142700195,0.9813717603683472,0.9909836053848267,0.9922862648963928,0.9584330916404724,0.03385317325592041,0.008730053901672363,-0.0008817911148071289,False,False,completed,True
v_53b3d43654788945925c,a zebra running to join a herd of its kind,direct_exclude,start,0.972172737121582,0.9682431817054749,0.9746567010879517,0.9581042528152466,0.8678322434425354,0.09027200937271118,0.003929555416107178,-0.002483963966369629,False,False,completed,True
v_55a4f07d56cda7470760,an elephant running to join a herd of its kind,direct_exclude,start,0.9789860844612122,0.9781426191329956,0.9548872113227844,0.9713909029960632,0.944004237651825,0.02738666534423828,0.0008434653282165527,0.024098873138427734,False,False,completed,True
v_6015d56a898aa0948639,a zebra bending down to drink water from a river,direct_exclude,start,0.9817591905593872,0.96779865026474,0.9688588976860046,0.9774531722068787,0.830493688583374,0.14695948362350464,0.013960540294647217,0.012900292873382568,False,False,completed,True
v_67c0894760111d0087b6,a motorcycle accelerating to gain speed,direct_exclude,start,0.92059326171875,0.9212222695350647,0.92315673828125,0.7869536280632019,0.6760831475257874,0.11087048053741455,0.0006290078163146973,-0.0025634765625,False,True,completed,True
v_6bee77846ce628e11d94,an elephant spraying itself with water using its trunk to cool down,direct_exclude,start,0.9835841059684753,0.9768950939178467,0.9851984977722168,0.9801599383354187,0.9434736967086792,0.0366862416267395,0.006689012050628662,-0.001614391803741455,False,False,completed,True
v_6d2af08e0301e767c719,a cow running to join a herd of its kind,direct_exclude,start,0.9381388425827026,0.9434161186218262,0.8916515707969666,0.871242880821228,0.7195966243743896,0.15164625644683838,0.005277276039123535,0.046487271785736084,False,True,completed,True
v_6ee4476dec8615e1535f,a zebra bending down to drink water from a river,direct_exclude,start,0.9657285213470459,0.9658563137054443,0.9695273041725159,0.964434027671814,0.90301114320755,0.061422884464263916,0.0001277923583984375,-0.0037987828254699707,False,False,completed,True
v_74d5bd9982ed49689599,a truck turning a corner,direct_exclude,start,0.9701874256134033,0.9706987738609314,0.9699931740760803,0.9252806901931763,0.8422074913978577,0.0830731987953186,0.0005113482475280762,0.00019425153732299805,False,False,completed,True
v_795022cc03907dc7489e,an elephant spraying itself with water using its trunk to cool down,direct_exclude,start,0.960296094417572,0.9621905088424683,0.9621905088424683,0.9006173610687256,0.7908090353012085,0.10980832576751709,0.0018944144248962402,-0.0018944144248962402,False,True,completed,True
v_7959de66f76bf5fc41d9,a zebra bending down to drink water from a river,direct_exclude,start,0.9828632473945618,0.9830366373062134,0.9836671352386475,0.9712667465209961,0.939765453338623,0.03150129318237305,0.00017338991165161133,-0.0008038878440856934,False,False,completed,True
v_82dc1689fd289adcc0d2,a zebra taking a peaceful walk,direct_exclude,start,0.9778921008110046,0.9773693680763245,0.9822272658348083,0.9754855632781982,0.9194024801254272,0.056083083152770996,0.0005227327346801758,-0.004335165023803711,False,False,completed,True
v_88720509dffa7aea9e30,a zebra bending down to drink water from a river,direct_exclude,start,0.9738063216209412,0.97359299659729,0.9731284976005554,0.9799759387969971,0.9179413318634033,0.06203460693359375,0.00021332502365112305,0.0006778240203857422,False,False,completed,True
v_8887acf562b32cc84023,a zebra bending down to drink water from a river,direct_exclude,start,0.9334750771522522,0.9004411697387695,0.9203071594238281,0.9226030707359314,0.6063145995140076,0.31628847122192383,0.033033907413482666,0.013167917728424072,False,False,completed,True
v_8dca194984971f0a1124,a truck turning a corner,direct_exclude,start,0.9337459802627563,0.9361944198608398,0.9385960102081299,0.8681207299232483,0.7984133958816528,0.06970733404159546,0.002448439598083496,-0.004850029945373535,False,False,completed,True
v_8e6a21dfeb7a106dae22,a zebra taking a peaceful walk,direct_exclude,start,0.9760703444480896,0.9641773700714111,0.9400305151939392,0.9702401757240295,0.9141047596931458,0.05613541603088379,0.011892974376678467,0.03603982925415039,False,False,completed,True
v_a18cdea6bd26987ddbc4,a cow running to join a herd of its kind,direct_exclude,start,0.9763433337211609,0.9744544625282288,0.9773399829864502,0.9539317488670349,0.890174150466919,0.06375759840011597,0.001888871192932129,-0.0009966492652893066,False,False,completed,True
v_a3b6d576bc5c5ef3517f,a zebra running to join a herd of its kind,direct_exclude,start,0.9438295960426331,0.9448243975639343,0.9210913181304932,0.9383728504180908,0.8952476978302002,0.043125152587890625,0.0009948015213012695,0.022738277912139893,False,False,completed,True
v_a522928f33a3f29c463c,a truck slowing down to stop,direct_exclude,start,0.9893493056297302,0.986741304397583,0.9904673099517822,0.9741533398628235,0.9055949449539185,0.06855839490890503,0.002608001232147217,-0.001118004322052002,False,False,completed,True
v_a5b4d7c4b2a095c9e6cc,an elephant running to join a herd of its kind,direct_exclude,start,0.9817762970924377,0.9758897423744202,0.9397217035293579,0.9782154560089111,0.9413540363311768,0.036861419677734375,0.005886554718017578,0.042054593563079834,False,False,completed,True
v_aa14318968934ce72fb1,a zebra bending down to drink water from a river,direct_exclude,start,0.973966121673584,0.9724626541137695,0.9849638938903809,0.9643047451972961,0.8707438707351685,0.09356087446212769,0.0015034675598144531,-0.010997772216796875,False,False,completed,True
v_ad2f0d6ec69f9ff90382,a zebra taking a peaceful walk,direct_exclude,start,0.9869072437286377,0.9855596423149109,0.9874535799026489,0.9837861657142639,0.9184173941612244,0.06536877155303955,0.0013476014137268066,-0.0005463361740112305,False,False,completed,True
v_b2657298416595015a2b,a zebra running to join a herd of its kind,direct_exclude,start,0.9221466779708862,0.9211239218711853,0.9329533576965332,0.8821325302124023,0.8282648921012878,0.0538676381111145,0.0010227560997009277,-0.010806679725646973,False,False,completed,True
v_bc950a10e74a0a5447f1,a zebra bending down to drink water from a river,direct_exclude,start,0.9756776690483093,0.9760162234306335,0.9790573120117188,0.9725489616394043,0.8827074766159058,0.08984148502349854,0.00033855438232421875,-0.003379642963409424,False,False,completed,True
v_bf4b3df29a9616bf26ae,a truck turning a corner,direct_exclude,start,0.9515529870986938,0.9509888291358948,0.9659363031387329,0.8850948214530945,0.769380509853363,0.11571431159973145,0.0005641579627990723,-0.014383316040039062,False,True,completed,True
v_c41543fe72d2e5493d15,a truck slowing down to stop,direct_exclude,start,0.9834082722663879,0.9823909401893616,0.9879812598228455,0.9530027508735657,0.9242465496063232,0.02875620126724243,0.0010173320770263672,-0.0045729875564575195,False,False,completed,True
v_c424c7aceaf2046394ad,a cow running to join a herd of its kind,direct_exclude,start,0.9763944745063782,0.9751306772232056,0.8663173317909241,0.9669449329376221,0.7995636463165283,0.16738128662109375,0.0012637972831726074,0.1100771427154541,False,True,completed,True
v_c4de504a244d437ac3ad,a zebra bending down to drink water from a river,direct_exclude,start,0.9940760135650635,0.9910213947296143,0.9944322109222412,0.994841992855072,0.9139048457145691,0.08093714714050293,0.0030546188354492188,-0.0003561973571777344,False,False,completed,True
v_cdab6ebfbdf88aa1365e,an elephant running to join a herd of its kind,direct_exclude,start,0.9607254266738892,0.9607044458389282,0.9289203882217407,0.9530994296073914,0.8581246137619019,0.0949748158454895,2.09808349609375e-05,0.03180503845214844,False,False,completed,True
v_d111e2d8975fa9b850b3,a zebra taking a peaceful walk,direct_exclude,start,0.9483411908149719,0.9449381232261658,0.9442315101623535,0.9036860466003418,0.8302704095840454,0.07341563701629639,0.0034030675888061523,0.004109680652618408,False,False,completed,True
v_d51186bcfc23e2a780ab,a truck slowing down to stop,direct_exclude,start,0.9643544554710388,0.9821505546569824,0.950430691242218,0.9112410545349121,0.8860047459602356,0.025236308574676514,0.017796099185943604,0.0139237642288208,False,False,completed,True
v_d86a4852b9a610b4e2ac,a motorcycle accelerating to gain speed,direct_exclude,start,0.9552143812179565,0.9544966816902161,0.9530850052833557,0.8991079330444336,0.808051347732544,0.09105658531188965,0.0007176995277404785,0.00212937593460083,False,False,completed,True
v_e7e6381187b3421f31f4,a zebra taking a peaceful walk,direct_exclude,start,0.9758050441741943,0.973817765712738,0.976140022277832,0.9502309560775757,0.9089617729187012,0.04126918315887451,0.001987278461456299,-0.0003349781036376953,False,False,completed,True
v_e84cd21f77767e064452,an elephant running to join a herd of its kind,direct_exclude,start,0.8868926167488098,0.8865563869476318,0.8650406002998352,0.9618316292762756,0.7974300384521484,0.1644015908241272,0.0003362298011779785,0.02185201644897461,False,True,completed,True
v_f762ed821ba1fba906af,a zebra bending down to drink water from a river,direct_exclude,start,0.9867092370986938,0.9733476638793945,0.9856260418891907,0.9777792096138,0.9053906202316284,0.07238858938217163,0.013361573219299316,0.0010831952095031738,False,False,completed,True
v_f993f14cdb34fb8383ef,a zebra bending down to drink water from a river,direct_exclude,start,0.9814218878746033,0.9777750372886658,0.9835294485092163,0.9786093235015869,0.9100269079208374,0.06858241558074951,0.0036468505859375,-0.002107560634613037,False,False,completed,True
v_fb03b6a21df9c0a51627,a cow running to join a herd of its kind,direct_exclude,start,0.9514460563659668,0.9503986835479736,0.8427003026008606,0.9386007189750671,0.8675345778465271,0.07106614112854004,0.001047372817993164,0.1087457537651062,False,False,completed,True
v_fc9b39a4b047b2db243c,an elephant spraying itself with water using its trunk to cool down,direct_exclude,start,0.9950287342071533,0.9890738129615784,0.9962440729141235,0.9937685132026672,0.9587997794151306,0.03496873378753662,0.005954921245574951,-0.0012153387069702148,False,False,completed,True
v_fef8070abcd8dcd3af47,a zebra taking a peaceful walk,direct_exclude,start,0.9282910823822021,0.9284908771514893,0.934285044670105,0.8663416504859924,0.763480544090271,0.10286110639572144,0.00019979476928710938,-0.005993962287902832,False,True,completed,True
v_075ccc862d1b2d4936f0,an elephant running to join a herd of its kind,hybrid_zero,start,0.9630889296531677,0.962873101234436,0.8886650800704956,0.9417819976806641,0.8933405876159668,0.048441410064697266,0.00021582841873168945,0.07442384958267212,False,False,completed,True
v_0925f4496cf55ade8e5d,an elephant spraying itself with water using its trunk to cool down,hybrid_zero,start,0.98935467004776,0.9890470504760742,0.8975580334663391,0.9881947040557861,0.9551296234130859,0.033065080642700195,0.000307619571685791,0.0917966365814209,False,False,completed,True
v_0a1a6db568841167f9e8,a truck turning a corner,hybrid_zero,start,0.8892853260040283,0.8849561810493469,0.7578706741333008,0.8972001075744629,0.7202261686325073,0.17697393894195557,0.0043291449546813965,0.13141465187072754,False,True,completed,True
v_10d250e1b4b4a6ec0a82,a cow running to join a herd of its kind,hybrid_zero,start,0.9591885805130005,0.9429476857185364,0.9110563397407532,0.9442958235740662,0.8176701068878174,0.12662571668624878,0.01624089479446411,0.048132240772247314,False,False,completed,True
v_125269dc5fc640751fa4,a zebra running to join a herd of its kind,hybrid_zero,start,0.9697616100311279,0.968360185623169,0.8618324995040894,0.9459475874900818,0.8638582229614258,0.082089364528656,0.0014014244079589844,0.10792911052703857,False,False,completed,True
v_13502c1b9c959957b46a,a zebra taking a peaceful walk,hybrid_zero,start,0.9967139363288879,0.993230938911438,0.8776440024375916,0.997106671333313,0.9315849542617798,0.0655217170715332,0.003482997417449951,0.11906993389129639,False,False,completed,True
v_1814b4d5b25ffa156aa6,an elephant running to join a herd of its kind,hybrid_zero,start,0.9690490961074829,0.9667389392852783,0.9215870499610901,0.9329218864440918,0.8826193809509277,0.05030250549316406,0.00231015682220459,0.04746204614639282,False,False,completed,True
v_22506cf5d5a1e6088fc8,a truck slowing down to stop,hybrid_zero,start,0.8691954612731934,0.8374350666999817,0.8441723585128784,0.7584022879600525,0.6010288596153259,0.15737342834472656,0.03176039457321167,0.02502310276031494,False,False,completed,True
v_2ac6cf025d5e88563949,a zebra running to join a herd of its kind,hybrid_zero,start,0.9500249624252319,0.9492130875587463,0.8294368982315063,0.9185127019882202,0.8638663291931152,0.05464637279510498,0.0008118748664855957,0.12058806419372559,False,False,completed,True
v_2fbefa11a17758f1cd8f,a zebra taking a peaceful walk,hybrid_zero,start,0.9445307850837708,0.937860906124115,0.8518130779266357,0.9212554693222046,0.7855349779129028,0.13572049140930176,0.006669878959655762,0.09271770715713501,False,True,completed,True
v_304f65b790cd089803d4,a zebra bending down to drink water from a river,hybrid_zero,start,0.9545856714248657,0.9435664415359497,0.847650945186615,0.9624999761581421,0.815983772277832,0.14651620388031006,0.011019229888916016,0.10693472623825073,False,False,completed,True
v_34025bb5b4d01c898f92,a motorcycle accelerating to gain speed,hybrid_zero,start,0.9564681053161621,0.955627977848053,0.8975671529769897,0.9416208267211914,0.8952445983886719,0.04637622833251953,0.0008401274681091309,0.05890095233917236,False,False,completed,True
v_355010ce10f66a681b88,a truck turning a corner,hybrid_zero,start,0.9635376334190369,0.9566296339035034,0.8470549583435059,0.9169105887413025,0.8333958983421326,0.08351469039916992,0.006907999515533447,0.116482675075531,False,False,completed,True
v_35d320b87cf1354b75ab,a zebra running to join a herd of its kind,hybrid_zero,start,0.9588550925254822,0.9578466415405273,0.8065478205680847,0.9490302205085754,0.8583348393440247,0.09069538116455078,0.001008450984954834,0.15230727195739746,False,False,completed,True
v_38ae4c230155beb1b259,a zebra taking a peaceful walk,hybrid_zero,start,0.9856873154640198,0.9832952618598938,0.831253170967102,0.98517906665802,0.9419373273849487,0.04324173927307129,0.0023920536041259766,0.15443414449691772,False,False,completed,True
v_3b6ddfc07cc98fcf9fa0,an elephant running to join a herd of its kind,hybrid_zero,start,0.9880058169364929,0.9875378012657166,0.908362090587616,0.9849029779434204,0.9544229507446289,0.030480027198791504,0.0004680156707763672,0.07964372634887695,False,False,completed,True
v_427171327cff517973ed,a zebra bending down to drink water from a river,hybrid_zero,start,0.9852167367935181,0.9839887619018555,0.8775365948677063,0.9767624139785767,0.922544002532959,0.054218411445617676,0.0012279748916625977,0.10768014192581177,False,False,completed,True
v_4719caef96c8df794757,an elephant running to join a herd of its kind,hybrid_zero,start,0.9782639741897583,0.9772089123725891,0.9076767563819885,0.969979465007782,0.9236568212509155,0.046322643756866455,0.0010550618171691895,0.07058721780776978,False,False,completed,True
v_4d76a76426a219a5f1bb,a zebra bending down to drink water from a river,hybrid_zero,start,0.9782224893569946,0.9766978025436401,0.8784217834472656,0.9762669801712036,0.9321030378341675,0.04416394233703613,0.0015246868133544922,0.099800705909729,False,False,completed,True
v_4e7cf3a0868b1b118f55,a zebra running to join a herd of its kind,hybrid_zero,start,0.9522103071212769,0.951361894607544,0.8658510446548462,0.9482232928276062,0.8875853419303894,0.0606379508972168,0.0008484125137329102,0.08635926246643066,False,False,completed,True
v_4f8abc7bb931501fb862,a truck slowing down to stop,hybrid_zero,start,0.9940704703330994,0.9077781438827515,0.9667108654975891,0.9710509777069092,0.7376925945281982,0.23335838317871094,0.0862923264503479,0.027359604835510254,False,False,completed,False
v_4ff816e35ca1960d8058,an elephant running to join a herd of its kind,hybrid_zero,start,0.9646567702293396,0.9648556709289551,0.8569715023040771,0.9487122297286987,0.8717853426933289,0.07692688703536987,0.00019890069961547852,0.10768526792526245,False,False,completed,True
v_50b265d3f9ccf281a518,an elephant spraying itself with water using its trunk to cool down,hybrid_zero,start,0.9901018142700195,0.9813717603683472,0.8926690816879272,0.9922862648963928,0.9584330916404724,0.03385317325592041,0.008730053901672363,0.09743273258209229,False,False,completed,True
v_53b3d43654788945925c,a zebra running to join a herd of its kind,hybrid_zero,start,0.972172737121582,0.9682431817054749,0.829663872718811,0.9581042528152466,0.8678322434425354,0.09027200937271118,0.003929555416107178,0.142508864402771,False,False,completed,True
v_55a4f07d56cda7470760,an elephant running to join a herd of its kind,hybrid_zero,start,0.9789860844612122,0.9781426191329956,0.9020923972129822,0.9713909029960632,0.944004237651825,0.02738666534423828,0.0008434653282165527,0.07689368724822998,False,False,completed,True
v_6015d56a898aa0948639,a zebra bending down to drink water from a river,hybrid_zero,start,0.9817591905593872,0.9507773518562317,0.9084714651107788,0.9774531722068787,0.830493688583374,0.14695948362350464,0.030981838703155518,0.0732877254486084,False,False,completed,True
v_67c0894760111d0087b6,a motorcycle accelerating to gain speed,hybrid_zero,start,0.92059326171875,0.8805425763130188,0.8679640889167786,0.7869536280632019,0.6760831475257874,0.11087048053741455,0.0400506854057312,0.052629172801971436,False,False,completed,True
v_6bee77846ce628e11d94,an elephant spraying itself with water using its trunk to cool down,hybrid_zero,start,0.9835841059684753,0.9768950939178467,0.920343816280365,0.9801599383354187,0.9434736967086792,0.0366862416267395,0.006689012050628662,0.06324028968811035,False,False,completed,True
v_6d2af08e0301e767c719,a cow running to join a herd of its kind,hybrid_zero,start,0.9381388425827026,0.9207003712654114,0.8462001085281372,0.871242880821228,0.7195966243743896,0.15164625644683838,0.01743847131729126,0.09193873405456543,False,False,completed,True
v_6ee4476dec8615e1535f,a zebra bending down to drink water from a river,hybrid_zero,start,0.9657285213470459,0.9658563137054443,0.8724055886268616,0.964434027671814,0.90301114320755,0.061422884464263916,0.0001277923583984375,0.09332293272018433,False,False,completed,True
v_74d5bd9982ed49689599,a truck turning a corner,hybrid_zero,start,0.9701874256134033,0.9706987738609314,0.8820386528968811,0.9252806901931763,0.8422074913978577,0.0830731987953186,0.0005113482475280762,0.08814877271652222,False,False,completed,True
v_795022cc03907dc7489e,an elephant spraying itself with water using its trunk to cool down,hybrid_zero,start,0.9523473978042603,0.9492523670196533,0.8833301663398743,0.9006173610687256,0.7908090353012085,0.10980832576751709,0.0030950307846069336,0.06901723146438599,False,True,completed,True
v_7959de66f76bf5fc41d9,a zebra bending down to drink water from a river,hybrid_zero,start,0.9828632473945618,0.9830366373062134,0.8940216898918152,0.9712667465209961,0.939765453338623,0.03150129318237305,0.00017338991165161133,0.08884155750274658,False,False,completed,True
v_82dc1689fd289adcc0d2,a zebra taking a peaceful walk,hybrid_zero,start,0.9778921008110046,0.9773693680763245,0.8630779981613159,0.9754855632781982,0.9194024801254272,0.056083083152770996,0.0005227327346801758,0.11481410264968872,False,False,completed,True
v_88720509dffa7aea9e30,a zebra bending down to drink water from a river,hybrid_zero,start,0.9738063216209412,0.97359299659729,0.8769887685775757,0.9799759387969971,0.9179413318634033,0.06203460693359375,0.00021332502365112305,0.09681755304336548,False,False,completed,True
v_8887acf562b32cc84023,a zebra bending down to drink water from a river,hybrid_zero,start,0.9334750771522522,0.9004411697387695,0.9203071594238281,0.9226030707359314,0.6063145995140076,0.31628847122192383,0.033033907413482666,0.013167917728424072,False,False,completed,True
v_8dca194984971f0a1124,a truck turning a corner,hybrid_zero,start,0.9337459802627563,0.9361944198608398,0.8585909605026245,0.8681207299232483,0.7984133958816528,0.06970733404159546,0.002448439598083496,0.07515501976013184,False,False,completed,True
v_8e6a21dfeb7a106dae22,a zebra taking a peaceful walk,hybrid_zero,start,0.9760703444480896,0.9641773700714111,0.9151905179023743,0.9702401757240295,0.9141047596931458,0.05613541603088379,0.011892974376678467,0.06087982654571533,False,False,completed,True
v_a18cdea6bd26987ddbc4,a cow running to join a herd of its kind,hybrid_zero,start,0.9762948155403137,0.9745861887931824,0.8940754532814026,0.9539317488670349,0.890174150466919,0.06375759840011597,0.0017086267471313477,0.08221936225891113,False,False,completed,True
v_a3b6d576bc5c5ef3517f,a zebra running to join a herd of its kind,hybrid_zero,start,0.9438295960426331,0.9448243975639343,0.8450834155082703,0.9383728504180908,0.8952476978302002,0.043125152587890625,0.0009948015213012695,0.09874618053436279,False,False,completed,True
v_a522928f33a3f29c463c,a truck slowing down to stop,hybrid_zero,start,0.9893493056297302,0.986741304397583,0.8714794516563416,0.9741533398628235,0.9055949449539185,0.06855839490890503,0.002608001232147217,0.11786985397338867,False,False,completed,True
v_a5b4d7c4b2a095c9e6cc,an elephant running to join a herd of its kind,hybrid_zero,start,0.9817762970924377,0.9758897423744202,0.913530170917511,0.9782154560089111,0.9413540363311768,0.036861419677734375,0.005886554718017578,0.06824612617492676,False,False,completed,True
v_aa14318968934ce72fb1,a zebra bending down to drink water from a river,hybrid_zero,start,0.973966121673584,0.9724626541137695,0.8743521571159363,0.9643047451972961,0.8707438707351685,0.09356087446212769,0.0015034675598144531,0.0996139645576477,False,False,completed,True
v_ad2f0d6ec69f9ff90382,a zebra taking a peaceful walk,hybrid_zero,start,0.9869072437286377,0.9855596423149109,0.883910059928894,0.9837861657142639,0.9184173941612244,0.06536877155303955,0.0013476014137268066,0.10299718379974365,False,False,completed,True
v_b2657298416595015a2b,a zebra running to join a herd of its kind,hybrid_zero,start,0.9221466779708862,0.9211239218711853,0.8264697194099426,0.8821325302124023,0.8282648921012878,0.0538676381111145,0.0010227560997009277,0.0956769585609436,False,False,completed,True
v_bc950a10e74a0a5447f1,a zebra bending down to drink water from a river,hybrid_zero,start,0.9756776690483093,0.9760162234306335,0.8840469121932983,0.9725489616394043,0.8827074766159058,0.08984148502349854,0.00033855438232421875,0.09163075685501099,False,False,completed,True
v_bf4b3df29a9616bf26ae,a truck turning a corner,hybrid_zero,start,0.9515529870986938,0.9509888291358948,0.8537812829017639,0.8850948214530945,0.769380509853363,0.11571431159973145,0.0005641579627990723,0.09777170419692993,False,True,completed,True
v_c41543fe72d2e5493d15,a truck slowing down to stop,hybrid_zero,start,0.9834082722663879,0.9823909401893616,0.933057427406311,0.9530027508735657,0.9242465496063232,0.02875620126724243,0.0010173320770263672,0.050350844860076904,False,False,completed,True
v_c424c7aceaf2046394ad,a cow running to join a herd of its kind,hybrid_zero,start,0.9763944745063782,0.9751306772232056,0.8663173317909241,0.9669449329376221,0.7995636463165283,0.16738128662109375,0.0012637972831726074,0.1100771427154541,False,True,completed,True
v_c4de504a244d437ac3ad,a zebra bending down to drink water from a river,hybrid_zero,start,0.9940760135650635,0.9910213947296143,0.864124596118927,0.994841992855072,0.9139048457145691,0.08093714714050293,0.0030546188354492188,0.12995141744613647,False,False,completed,True
v_cdab6ebfbdf88aa1365e,an elephant running to join a herd of its kind,hybrid_zero,start,0.9607254266738892,0.9607044458389282,0.858573317527771,0.9530994296073914,0.8581246137619019,0.0949748158454895,2.09808349609375e-05,0.10215210914611816,False,False,completed,True
v_d111e2d8975fa9b850b3,a zebra taking a peaceful walk,hybrid_zero,start,0.9483411908149719,0.9170650839805603,0.8750495314598083,0.9036860466003418,0.8302704095840454,0.07341563701629639,0.03127610683441162,0.07329165935516357,False,False,completed,True
v_d51186bcfc23e2a780ab,a truck slowing down to stop,hybrid_zero,start,0.9643544554710388,0.9821505546569824,0.860824465751648,0.9112410545349121,0.8860047459602356,0.025236308574676514,0.017796099185943604,0.10352998971939087,False,False,completed,True
v_d86a4852b9a610b4e2ac,a motorcycle accelerating to gain speed,hybrid_zero,start,0.9552143812179565,0.9544966816902161,0.8868536353111267,0.8991079330444336,0.808051347732544,0.09105658531188965,0.0007176995277404785,0.06836074590682983,False,False,completed,True
v_e7e6381187b3421f31f4,a zebra taking a peaceful walk,hybrid_zero,start,0.9758050441741943,0.973817765712738,0.8664126396179199,0.9502309560775757,0.9089617729187012,0.04126918315887451,0.001987278461456299,0.10939240455627441,False,False,completed,True
v_e84cd21f77767e064452,an elephant running to join a herd of its kind,hybrid_zero,start,0.8868926167488098,0.8767889142036438,0.8406535387039185,0.9618316292762756,0.7974300384521484,0.1644015908241272,0.010103702545166016,0.04623907804489136,False,False,completed,True
v_f762ed821ba1fba906af,a zebra bending down to drink water from a river,hybrid_zero,start,0.9867092370986938,0.9733476638793945,0.8660421967506409,0.9777792096138,0.9053906202316284,0.07238858938217163,0.013361573219299316,0.12066704034805298,False,False,completed,True
v_f993f14cdb34fb8383ef,a zebra bending down to drink water from a river,hybrid_zero,start,0.9814218878746033,0.9777750372886658,0.8886079788208008,0.9786093235015869,0.9100269079208374,0.06858241558074951,0.0036468505859375,0.09281390905380249,False,False,completed,True
v_fb03b6a21df9c0a51627,a cow running to join a herd of its kind,hybrid_zero,start,0.9514460563659668,0.9503986835479736,0.8427003026008606,0.9386007189750671,0.8675345778465271,0.07106614112854004,0.001047372817993164,0.1087457537651062,False,False,completed,True
v_fc9b39a4b047b2db243c,an elephant spraying itself with water using its trunk to cool down,hybrid_zero,start,0.9950287342071533,0.9890738129615784,0.8930692672729492,0.9937685132026672,0.9587997794151306,0.03496873378753662,0.005954921245574951,0.1019594669342041,False,False,completed,True
v_fef8070abcd8dcd3af47,a zebra taking a peaceful walk,hybrid_zero,start,0.9282910823822021,0.9100446701049805,0.8450171947479248,0.8663416504859924,0.763480544090271,0.10286110639572144,0.01824641227722168,0.08327388763427734,False,False,completed,True
v_075ccc862d1b2d4936f0,an elephant running to join a herd of its kind,hybrid_exclude,start,0.9630889296531677,0.962873101234436,0.8886650800704956,0.9417819976806641,0.8933405876159668,0.048441410064697266,0.00021582841873168945,0.07442384958267212,False,False,completed,True
v_0925f4496cf55ade8e5d,an elephant spraying itself with water using its trunk to cool down,hybrid_exclude,start,0.98935467004776,0.9890470504760742,0.8975580334663391,0.9881947040557861,0.9551296234130859,0.033065080642700195,0.000307619571685791,0.0917966365814209,False,False,completed,True
v_0a1a6db568841167f9e8,a truck turning a corner,hybrid_exclude,start,0.8892853260040283,0.8849561810493469,0.7578706741333008,0.8972001075744629,0.7202261686325073,0.17697393894195557,0.0043291449546813965,0.13141465187072754,False,True,completed,True
v_10d250e1b4b4a6ec0a82,a cow running to join a herd of its kind,hybrid_exclude,start,0.9591885805130005,0.9429476857185364,0.9110563397407532,0.9442958235740662,0.8176701068878174,0.12662571668624878,0.01624089479446411,0.048132240772247314,False,False,completed,True
v_125269dc5fc640751fa4,a zebra running to join a herd of its kind,hybrid_exclude,start,0.9697616100311279,0.968360185623169,0.8618324995040894,0.9459475874900818,0.8638582229614258,0.082089364528656,0.0014014244079589844,0.10792911052703857,False,False,completed,True
v_13502c1b9c959957b46a,a zebra taking a peaceful walk,hybrid_exclude,start,0.9967139363288879,0.993230938911438,0.8776440024375916,0.997106671333313,0.9315849542617798,0.0655217170715332,0.003482997417449951,0.11906993389129639,False,False,completed,True
v_1814b4d5b25ffa156aa6,an elephant running to join a herd of its kind,hybrid_exclude,start,0.9690490961074829,0.9667389392852783,0.9215870499610901,0.9329218864440918,0.8826193809509277,0.05030250549316406,0.00231015682220459,0.04746204614639282,False,False,completed,True
v_22506cf5d5a1e6088fc8,a truck slowing down to stop,hybrid_exclude,start,0.8691954612731934,0.8374350666999817,0.8441723585128784,0.7584022879600525,0.6010288596153259,0.15737342834472656,0.03176039457321167,0.02502310276031494,False,False,completed,True
v_2ac6cf025d5e88563949,a zebra running to join a herd of its kind,hybrid_exclude,start,0.9500249624252319,0.9492130875587463,0.8294368982315063,0.9185127019882202,0.8638663291931152,0.05464637279510498,0.0008118748664855957,0.12058806419372559,False,False,completed,True
v_2fbefa11a17758f1cd8f,a zebra taking a peaceful walk,hybrid_exclude,start,0.9445307850837708,0.937860906124115,0.8518130779266357,0.9212554693222046,0.7855349779129028,0.13572049140930176,0.006669878959655762,0.09271770715713501,False,True,completed,True
v_304f65b790cd089803d4,a zebra bending down to drink water from a river,hybrid_exclude,start,0.9545856714248657,0.9435664415359497,0.847650945186615,0.9624999761581421,0.815983772277832,0.14651620388031006,0.011019229888916016,0.10693472623825073,False,False,completed,True
v_34025bb5b4d01c898f92,a motorcycle accelerating to gain speed,hybrid_exclude,start,0.9564681053161621,0.955627977848053,0.8975671529769897,0.9416208267211914,0.8952445983886719,0.04637622833251953,0.0008401274681091309,0.05890095233917236,False,False,completed,True
v_355010ce10f66a681b88,a truck turning a corner,hybrid_exclude,start,0.9635376334190369,0.9566296339035034,0.8470549583435059,0.9169105887413025,0.8333958983421326,0.08351469039916992,0.006907999515533447,0.116482675075531,False,False,completed,True
v_35d320b87cf1354b75ab,a zebra running to join a herd of its kind,hybrid_exclude,start,0.9588550925254822,0.9578466415405273,0.8065478205680847,0.9490302205085754,0.8583348393440247,0.09069538116455078,0.001008450984954834,0.15230727195739746,False,False,completed,True
v_38ae4c230155beb1b259,a zebra taking a peaceful walk,hybrid_exclude,start,0.9856873154640198,0.9832952618598938,0.831253170967102,0.98517906665802,0.9419373273849487,0.04324173927307129,0.0023920536041259766,0.15443414449691772,False,False,completed,True
v_3b6ddfc07cc98fcf9fa0,an elephant running to join a herd of its kind,hybrid_exclude,start,0.9880058169364929,0.9875378012657166,0.908362090587616,0.9849029779434204,0.9544229507446289,0.030480027198791504,0.0004680156707763672,0.07964372634887695,False,False,completed,True
v_427171327cff517973ed,a zebra bending down to drink water from a river,hybrid_exclude,start,0.9852167367935181,0.9839887619018555,0.8775365948677063,0.9767624139785767,0.922544002532959,0.054218411445617676,0.0012279748916625977,0.10768014192581177,False,False,completed,True
v_4719caef96c8df794757,an elephant running to join a herd of its kind,hybrid_exclude,start,0.9782639741897583,0.9772089123725891,0.9076767563819885,0.969979465007782,0.9236568212509155,0.046322643756866455,0.0010550618171691895,0.07058721780776978,False,False,completed,True
v_4d76a76426a219a5f1bb,a zebra bending down to drink water from a river,hybrid_exclude,start,0.9782224893569946,0.9766978025436401,0.8784217834472656,0.9762669801712036,0.9321030378341675,0.04416394233703613,0.0015246868133544922,0.099800705909729,False,False,completed,True
v_4e7cf3a0868b1b118f55,a zebra running to join a herd of its kind,hybrid_exclude,start,0.9522103071212769,0.951361894607544,0.8658510446548462,0.9482232928276062,0.8875853419303894,0.0606379508972168,0.0008484125137329102,0.08635926246643066,False,False,completed,True
v_4f8abc7bb931501fb862,a truck slowing down to stop,hybrid_exclude,start,0.9940704703330994,0.9077781438827515,0.9667108654975891,0.9710509777069092,0.7376925945281982,0.23335838317871094,0.0862923264503479,0.027359604835510254,False,False,completed,False
v_4ff816e35ca1960d8058,an elephant running to join a herd of its kind,hybrid_exclude,start,0.9646567702293396,0.9648556709289551,0.8569715023040771,0.9487122297286987,0.8717853426933289,0.07692688703536987,0.00019890069961547852,0.10768526792526245,False,False,completed,True
v_50b265d3f9ccf281a518,an elephant spraying itself with water using its trunk to cool down,hybrid_exclude,start,0.9901018142700195,0.9813717603683472,0.8926690816879272,0.9922862648963928,0.9584330916404724,0.03385317325592041,0.008730053901672363,0.09743273258209229,False,False,completed,True
v_53b3d43654788945925c,a zebra running to join a herd of its kind,hybrid_exclude,start,0.972172737121582,0.9682431817054749,0.829663872718811,0.9581042528152466,0.8678322434425354,0.09027200937271118,0.003929555416107178,0.142508864402771,False,False,completed,True
v_55a4f07d56cda7470760,an elephant running to join a herd of its kind,hybrid_exclude,start,0.9789860844612122,0.9781426191329956,0.9020923972129822,0.9713909029960632,0.944004237651825,0.02738666534423828,0.0008434653282165527,0.07689368724822998,False,False,completed,True
v_6015d56a898aa0948639,a zebra bending down to drink water from a river,hybrid_exclude,start,0.9817591905593872,0.9507773518562317,0.9084714651107788,0.9774531722068787,0.830493688583374,0.14695948362350464,0.030981838703155518,0.0732877254486084,False,False,completed,True
v_67c0894760111d0087b6,a motorcycle accelerating to gain speed,hybrid_exclude,start,0.92059326171875,0.8805425763130188,0.8679640889167786,0.7869536280632019,0.6760831475257874,0.11087048053741455,0.0400506854057312,0.052629172801971436,False,False,completed,True
v_6bee77846ce628e11d94,an elephant spraying itself with water using its trunk to cool down,hybrid_exclude,start,0.9835841059684753,0.9768950939178467,0.920343816280365,0.9801599383354187,0.9434736967086792,0.0366862416267395,0.006689012050628662,0.06324028968811035,False,False,completed,True
v_6d2af08e0301e767c719,a cow running to join a herd of its kind,hybrid_exclude,start,0.9381388425827026,0.9207003712654114,0.8462001085281372,0.871242880821228,0.7195966243743896,0.15164625644683838,0.01743847131729126,0.09193873405456543,False,False,completed,True
v_6ee4476dec8615e1535f,a zebra bending down to drink water from a river,hybrid_exclude,start,0.9657285213470459,0.9658563137054443,0.8724055886268616,0.964434027671814,0.90301114320755,0.061422884464263916,0.0001277923583984375,0.09332293272018433,False,False,completed,True
v_74d5bd9982ed49689599,a truck turning a corner,hybrid_exclude,start,0.9701874256134033,0.9706987738609314,0.8820386528968811,0.9252806901931763,0.8422074913978577,0.0830731987953186,0.0005113482475280762,0.08814877271652222,False,False,completed,True
v_795022cc03907dc7489e,an elephant spraying itself with water using its trunk to cool down,hybrid_exclude,start,0.9523473978042603,0.9492523670196533,0.8833301663398743,0.9006173610687256,0.7908090353012085,0.10980832576751709,0.0030950307846069336,0.06901723146438599,False,True,completed,True
v_7959de66f76bf5fc41d9,a zebra bending down to drink water from a river,hybrid_exclude,start,0.9828632473945618,0.9830366373062134,0.8940216898918152,0.9712667465209961,0.939765453338623,0.03150129318237305,0.00017338991165161133,0.08884155750274658,False,False,completed,True
v_82dc1689fd289adcc0d2,a zebra taking a peaceful walk,hybrid_exclude,start,0.9778921008110046,0.9773693680763245,0.8630779981613159,0.9754855632781982,0.9194024801254272,0.056083083152770996,0.0005227327346801758,0.11481410264968872,False,False,completed,True
v_88720509dffa7aea9e30,a zebra bending down to drink water from a river,hybrid_exclude,start,0.9738063216209412,0.97359299659729,0.8769887685775757,0.9799759387969971,0.9179413318634033,0.06203460693359375,0.00021332502365112305,0.09681755304336548,False,False,completed,True
v_8887acf562b32cc84023,a zebra bending down to drink water from a river,hybrid_exclude,start,0.9334750771522522,0.9004411697387695,0.9203071594238281,0.9226030707359314,0.6063145995140076,0.31628847122192383,0.033033907413482666,0.013167917728424072,False,False,completed,True
v_8dca194984971f0a1124,a truck turning a corner,hybrid_exclude,start,0.9337459802627563,0.9361944198608398,0.8585909605026245,0.8681207299232483,0.7984133958816528,0.06970733404159546,0.002448439598083496,0.07515501976013184,False,False,completed,True
v_8e6a21dfeb7a106dae22,a zebra taking a peaceful walk,hybrid_exclude,start,0.9760703444480896,0.9641773700714111,0.9151905179023743,0.9702401757240295,0.9141047596931458,0.05613541603088379,0.011892974376678467,0.06087982654571533,False,False,completed,True
v_a18cdea6bd26987ddbc4,a cow running to join a herd of its kind,hybrid_exclude,start,0.9762948155403137,0.9745861887931824,0.8940754532814026,0.9539317488670349,0.890174150466919,0.06375759840011597,0.0017086267471313477,0.08221936225891113,False,False,completed,True
v_a3b6d576bc5c5ef3517f,a zebra running to join a herd of its kind,hybrid_exclude,start,0.9438295960426331,0.9448243975639343,0.8450834155082703,0.9383728504180908,0.8952476978302002,0.043125152587890625,0.0009948015213012695,0.09874618053436279,False,False,completed,True
v_a522928f33a3f29c463c,a truck slowing down to stop,hybrid_exclude,start,0.9893493056297302,0.986741304397583,0.8714794516563416,0.9741533398628235,0.9055949449539185,0.06855839490890503,0.002608001232147217,0.11786985397338867,False,False,completed,True
v_a5b4d7c4b2a095c9e6cc,an elephant running to join a herd of its kind,hybrid_exclude,start,0.9817762970924377,0.9758897423744202,0.913530170917511,0.9782154560089111,0.9413540363311768,0.036861419677734375,0.005886554718017578,0.06824612617492676,False,False,completed,True
v_aa14318968934ce72fb1,a zebra bending down to drink water from a river,hybrid_exclude,start,0.973966121673584,0.9724626541137695,0.8743521571159363,0.9643047451972961,0.8707438707351685,0.09356087446212769,0.0015034675598144531,0.0996139645576477,False,False,completed,True
v_ad2f0d6ec69f9ff90382,a zebra taking a peaceful walk,hybrid_exclude,start,0.9869072437286377,0.9855596423149109,0.883910059928894,0.9837861657142639,0.9184173941612244,0.06536877155303955,0.0013476014137268066,0.10299718379974365,False,False,completed,True
v_b2657298416595015a2b,a zebra running to join a herd of its kind,hybrid_exclude,start,0.9221466779708862,0.9211239218711853,0.8264697194099426,0.8821325302124023,0.8282648921012878,0.0538676381111145,0.0010227560997009277,0.0956769585609436,False,False,completed,True
v_bc950a10e74a0a5447f1,a zebra bending down to drink water from a river,hybrid_exclude,start,0.9756776690483093,0.9760162234306335,0.8840469121932983,0.9725489616394043,0.8827074766159058,0.08984148502349854,0.00033855438232421875,0.09163075685501099,False,False,completed,True
v_bf4b3df29a9616bf26ae,a truck turning a corner,hybrid_exclude,start,0.9515529870986938,0.9509888291358948,0.8537812829017639,0.8850948214530945,0.769380509853363,0.11571431159973145,0.0005641579627990723,0.09777170419692993,False,True,completed,True
v_c41543fe72d2e5493d15,a truck slowing down to stop,hybrid_exclude,start,0.9834082722663879,0.9823909401893616,0.933057427406311,0.9530027508735657,0.9242465496063232,0.02875620126724243,0.0010173320770263672,0.050350844860076904,False,False,completed,True
v_c424c7aceaf2046394ad,a cow running to join a herd of its kind,hybrid_exclude,start,0.9763944745063782,0.9751306772232056,0.8663173317909241,0.9669449329376221,0.7995636463165283,0.16738128662109375,0.0012637972831726074,0.1100771427154541,False,True,completed,True
v_c4de504a244d437ac3ad,a zebra bending down to drink water from a river,hybrid_exclude,start,0.9940760135650635,0.9910213947296143,0.864124596118927,0.994841992855072,0.9139048457145691,0.08093714714050293,0.0030546188354492188,0.12995141744613647,False,False,completed,True
v_cdab6ebfbdf88aa1365e,an elephant running to join a herd of its kind,hybrid_exclude,start,0.9607254266738892,0.9607044458389282,0.858573317527771,0.9530994296073914,0.8581246137619019,0.0949748158454895,2.09808349609375e-05,0.10215210914611816,False,False,completed,True
v_d111e2d8975fa9b850b3,a zebra taking a peaceful walk,hybrid_exclude,start,0.9483411908149719,0.9170650839805603,0.8750495314598083,0.9036860466003418,0.8302704095840454,0.07341563701629639,0.03127610683441162,0.07329165935516357,False,False,completed,True
v_d51186bcfc23e2a780ab,a truck slowing down to stop,hybrid_exclude,start,0.9643544554710388,0.9821505546569824,0.860824465751648,0.9112410545349121,0.8860047459602356,0.025236308574676514,0.017796099185943604,0.10352998971939087,False,False,completed,True
v_d86a4852b9a610b4e2ac,a motorcycle accelerating to gain speed,hybrid_exclude,start,0.9552143812179565,0.9544966816902161,0.8868536353111267,0.8991079330444336,0.808051347732544,0.09105658531188965,0.0007176995277404785,0.06836074590682983,False,False,completed,True
v_e7e6381187b3421f31f4,a zebra taking a peaceful walk,hybrid_exclude,start,0.9758050441741943,0.973817765712738,0.8664126396179199,0.9502309560775757,0.9089617729187012,0.04126918315887451,0.001987278461456299,0.10939240455627441,False,False,completed,True
v_e84cd21f77767e064452,an elephant running to join a herd of its kind,hybrid_exclude,start,0.8868926167488098,0.8767889142036438,0.8406535387039185,0.9618316292762756,0.7974300384521484,0.1644015908241272,0.010103702545166016,0.04623907804489136,False,False,completed,True
v_f762ed821ba1fba906af,a zebra bending down to drink water from a river,hybrid_exclude,start,0.9867092370986938,0.9733476638793945,0.8660421967506409,0.9777792096138,0.9053906202316284,0.07238858938217163,0.013361573219299316,0.12066704034805298,False,False,completed,True
v_f993f14cdb34fb8383ef,a zebra bending down to drink water from a river,hybrid_exclude,start,0.9814218878746033,0.9777750372886658,0.8886079788208008,0.9786093235015869,0.9100269079208374,0.06858241558074951,0.0036468505859375,0.09281390905380249,False,False,completed,True
v_fb03b6a21df9c0a51627,a cow running to join a herd of its kind,hybrid_exclude,start,0.9514460563659668,0.9503986835479736,0.8427003026008606,0.9386007189750671,0.8675345778465271,0.07106614112854004,0.001047372817993164,0.1087457537651062,False,False,completed,True
v_fc9b39a4b047b2db243c,an elephant spraying itself with water using its trunk to cool down,hybrid_exclude,start,0.9950287342071533,0.9890738129615784,0.8930692672729492,0.9937685132026672,0.9587997794151306,0.03496873378753662,0.005954921245574951,0.1019594669342041,False,False,completed,True
v_fef8070abcd8dcd3af47,a zebra taking a peaceful walk,hybrid_exclude,start,0.9282910823822021,0.9100446701049805,0.8450171947479248,0.8663416504859924,0.763480544090271,0.10286110639572144,0.01824641227722168,0.08327388763427734,False,False,completed,True
v_075ccc862d1b2d4936f0,an elephant running to join a herd of its kind,direct_zero,middle,0.9630889296531677,0.9631701111793518,0.892609715461731,0.9417819976806641,0.9145239591598511,0.02725803852081299,8.118152618408203e-05,0.07047921419143677,False,False,completed,True
v_0925f4496cf55ade8e5d,an elephant spraying itself with water using its trunk to cool down,direct_zero,middle,0.98935467004776,0.9866487979888916,0.5438609719276428,0.9881947040557861,0.970970869064331,0.017223834991455078,0.002705872058868408,0.4454936981201172,False,False,completed,True
v_0a1a6db568841167f9e8,a truck turning a corner,direct_zero,middle,0.7832257747650146,0.7803704738616943,0.4168933033943176,0.8972001075744629,0.8025199174880981,0.09468019008636475,0.0028553009033203125,0.366332471370697,False,False,completed,True
v_10d250e1b4b4a6ec0a82,a cow running to join a herd of its kind,direct_zero,middle,0.9591885805130005,0.9385172724723816,0.926546037197113,0.9442958235740662,0.8619323372840881,0.08236348628997803,0.020671308040618896,0.03264254331588745,False,False,completed,True
v_125269dc5fc640751fa4,a zebra running to join a herd of its kind,direct_zero,middle,0.9697616100311279,0.9687692523002625,0.5322958827018738,0.9459475874900818,0.9135428667068481,0.03240472078323364,0.0009923577308654785,0.43746572732925415,False,False,completed,True
v_13502c1b9c959957b46a,a zebra taking a peaceful walk,direct_zero,middle,0.9967139363288879,0.9925575852394104,0.548169732093811,0.997106671333313,0.9651216864585876,0.03198498487472534,0.004156351089477539,0.4485442042350769,False,False,completed,True
v_1814b4d5b25ffa156aa6,an elephant running to join a herd of its kind,direct_zero,middle,0.9690490961074829,0.9668064713478088,0.9097908735275269,0.9329218864440918,0.9192886352539062,0.013633251190185547,0.0022426247596740723,0.059258222579956055,False,False,completed,True
v_22506cf5d5a1e6088fc8,a truck slowing down to stop,direct_zero,middle,0.8691954612731934,0.47494930028915405,0.5589859485626221,0.7584022879600525,0.668470025062561,0.08993226289749146,0.3942461609840393,0.3102095127105713,False,False,completed,True
v_2ac6cf025d5e88563949,a zebra running to join a herd of its kind,direct_zero,middle,0.9500249624252319,0.9490030407905579,0.5239045023918152,0.9185127019882202,0.8871079087257385,0.03140479326248169,0.0010219216346740723,0.42612046003341675,False,False,completed,True
v_2fbefa11a17758f1cd8f,a zebra taking a peaceful walk,direct_zero,middle,0.9445307850837708,0.9412535429000854,0.5972462296485901,0.9212554693222046,0.8655597567558289,0.05569571256637573,0.0032772421836853027,0.34728455543518066,False,False,completed,True
v_304f65b790cd089803d4,a zebra bending down to drink water from a river,direct_zero,middle,0.9545856714248657,0.943804144859314,0.5231435298919678,0.9624999761581421,0.900147557258606,0.06235241889953613,0.010781526565551758,0.43144214153289795,False,False,completed,True
v_34025bb5b4d01c898f92,a motorcycle accelerating to gain speed,direct_zero,middle,0.9564681053161621,0.9537619948387146,0.5425961017608643,0.9416208267211914,0.9250614047050476,0.0165594220161438,0.0027061104774475098,0.41387200355529785,False,False,completed,True
v_355010ce10f66a681b88,a truck turning a corner,direct_zero,middle,0.9635376334190369,0.9631066918373108,0.5286144018173218,0.9169105887413025,0.8921113610267639,0.024799227714538574,0.0004309415817260742,0.4349232316017151,False,False,completed,True
v_35d320b87cf1354b75ab,a zebra running to join a herd of its kind,direct_zero,middle,0.9588550925254822,0.9589837789535522,0.5310264825820923,0.9490302205085754,0.9079155921936035,0.041114628314971924,0.00012868642807006836,0.4278286099433899,False,False,completed,True
v_38ae4c230155beb1b259,a zebra taking a peaceful walk,direct_zero,middle,0.9856873154640198,0.9850930571556091,0.5420722365379333,0.98517906665802,0.9648074507713318,0.020371615886688232,0.0005942583084106445,0.4436150789260864,False,False,completed,True
v_3b6ddfc07cc98fcf9fa0,an elephant running to join a herd of its kind,direct_zero,middle,0.9880058169364929,0.9878407120704651,0.8938332200050354,0.9849029779434204,0.9709144830703735,0.013988494873046875,0.00016510486602783203,0.09417259693145752,False,False,completed,True
v_427171327cff517973ed,a zebra bending down to drink water from a river,direct_zero,middle,0.9852167367935181,0.9839914441108704,0.5410616993904114,0.9767624139785767,0.9490443468093872,0.027718067169189453,0.001225292682647705,0.4441550374031067,False,False,completed,True
v_4719caef96c8df794757,an elephant running to join a herd of its kind,direct_zero,middle,0.9782639741897583,0.977700412273407,0.9089270234107971,0.969979465007782,0.9487515091896057,0.02122795581817627,0.0005635619163513184,0.06933695077896118,False,False,completed,True
v_4d76a76426a219a5f1bb,a zebra bending down to drink water from a river,direct_zero,middle,0.9782224893569946,0.978108286857605,0.5563910603523254,0.9762669801712036,0.9564640522003174,0.01980292797088623,0.00011420249938964844,0.4218314290046692,False,False,completed,True
v_4e7cf3a0868b1b118f55,a zebra running to join a herd of its kind,direct_zero,middle,0.9522103071212769,0.9507229328155518,0.5978635549545288,0.9482232928276062,0.9217807054519653,0.02644258737564087,0.0014873743057250977,0.35434675216674805,False,False,completed,True
v_4f8abc7bb931501fb862,a truck slowing down to stop,direct_zero,middle,0.9940704703330994,0.7493841052055359,0.9180141091346741,0.9710509777069092,0.9053254127502441,0.06572556495666504,0.24468636512756348,0.07605636119842529,False,False,completed,False
v_4ff816e35ca1960d8058,an elephant running to join a herd of its kind,direct_zero,middle,0.9646567702293396,0.96507728099823,0.8853633999824524,0.9487122297286987,0.914707362651825,0.03400486707687378,0.00042051076889038086,0.07929337024688721,False,False,completed,True
v_50b265d3f9ccf281a518,an elephant spraying itself with water using its trunk to cool down,direct_zero,middle,0.9901018142700195,0.9826161861419678,0.5439262390136719,0.9922862648963928,0.9766773581504822,0.015608906745910645,0.007485628128051758,0.44617557525634766,False,False,completed,True
v_53b3d43654788945925c,a zebra running to join a herd of its kind,direct_zero,middle,0.972172737121582,0.964692234992981,0.5341596603393555,0.9581042528152466,0.9178879261016846,0.04021632671356201,0.007480502128601074,0.43801307678222656,False,False,completed,True
v_55a4f07d56cda7470760,an elephant running to join a herd of its kind,direct_zero,middle,0.9789860844612122,0.9778333902359009,0.7983712553977966,0.9713909029960632,0.9532231092453003,0.01816779375076294,0.0011526942253112793,0.18061482906341553,False,False,completed,True
v_6015d56a898aa0948639,a zebra bending down to drink water from a river,direct_zero,middle,0.9817591905593872,0.917422890663147,0.647186815738678,0.9774531722068787,0.940285325050354,0.03716784715652466,0.06433629989624023,0.33457237482070923,False,False,completed,True
v_67c0894760111d0087b6,a motorcycle accelerating to gain speed,direct_zero,middle,0.92059326171875,0.9226334691047668,0.5040352940559387,0.7869536280632019,0.7579578757286072,0.028995752334594727,0.0020402073860168457,0.4165579676628113,False,False,completed,True
v_6bee77846ce628e11d94,an elephant spraying itself with water using its trunk to cool down,direct_zero,middle,0.9835841059684753,0.9699171185493469,0.7300771474838257,0.9801599383354187,0.9571975469589233,0.02296239137649536,0.013666987419128418,0.25350695848464966,False,False,completed,True
v_6d2af08e0301e767c719,a cow running to join a herd of its kind,direct_zero,middle,0.9381388425827026,0.9375091195106506,0.8610106706619263,0.871242880821228,0.8015288710594177,0.0697140097618103,0.000629723072052002,0.07712817192077637,False,False,completed,True
v_6ee4476dec8615e1535f,a zebra bending down to drink water from a river,direct_zero,middle,0.9657285213470459,0.9655446410179138,0.5478355288505554,0.964434027671814,0.9420629739761353,0.02237105369567871,0.00018388032913208008,0.4178929924964905,False,False,completed,True
v_74d5bd9982ed49689599,a truck turning a corner,direct_zero,middle,0.9701874256134033,0.9700080156326294,0.5328681468963623,0.9252806901931763,0.8765361905097961,0.04874449968338013,0.00017940998077392578,0.437319278717041,False,False,completed,True
v_795022cc03907dc7489e,an elephant spraying itself with water using its trunk to cool down,direct_zero,middle,0.24734899401664734,0.21914394199848175,0.12070617079734802,0.9006173610687256,0.8656635284423828,0.03495383262634277,0.02820505201816559,0.12664282321929932,False,False,completed,True
v_7959de66f76bf5fc41d9,a zebra bending down to drink water from a river,direct_zero,middle,0.9828632473945618,0.982938826084137,0.5588856935501099,0.9712667465209961,0.9606218338012695,0.010644912719726562,7.557868957519531e-05,0.4239775538444519,False,False,completed,True
v_82dc1689fd289adcc0d2,a zebra taking a peaceful walk,direct_zero,middle,0.9778921008110046,0.9776722192764282,0.5371137261390686,0.9754855632781982,0.9513534903526306,0.024132072925567627,0.00021988153457641602,0.44077837467193604,False,False,completed,True
v_88720509dffa7aea9e30,a zebra bending down to drink water from a river,direct_zero,middle,0.9738063216209412,0.9729475378990173,0.5350083708763123,0.9799759387969971,0.9494901299476624,0.030485808849334717,0.0008587837219238281,0.4387979507446289,False,False,completed,True
v_8887acf562b32cc84023,a zebra bending down to drink water from a river,direct_zero,middle,0.9334750771522522,0.8085218071937561,0.8088204860687256,0.9226030707359314,0.8359535932540894,0.08664947748184204,0.1249532699584961,0.12465459108352661,False,False,completed,True
v_8dca194984971f0a1124,a truck turning a corner,direct_zero,middle,0.9337459802627563,0.9247899055480957,0.5093067288398743,0.8681207299232483,0.8405010104179382,0.02761971950531006,0.008956074714660645,0.4244392514228821,False,False,completed,True
v_8e6a21dfeb7a106dae22,a zebra taking a peaceful walk,direct_zero,middle,0.9760703444480896,0.9621973633766174,0.876859724521637,0.9702401757240295,0.9491668939590454,0.02107328176498413,0.013872981071472168,0.09921061992645264,False,False,completed,True
v_a18cdea6bd26987ddbc4,a cow running to join a herd of its kind,direct_zero,middle,0.8598477840423584,0.8578038215637207,0.46766138076782227,0.9539317488670349,0.9308314323425293,0.023100316524505615,0.0020439624786376953,0.39218640327453613,False,False,completed,True
v_a3b6d576bc5c5ef3517f,a zebra running to join a herd of its kind,direct_zero,middle,0.9438295960426331,0.94207364320755,0.5167807340621948,0.9383728504180908,0.9194208383560181,0.018952012062072754,0.0017559528350830078,0.42704886198043823,False,False,completed,True
v_a522928f33a3f29c463c,a truck slowing down to stop,direct_zero,middle,0.9893493056297302,0.9860685467720032,0.543546199798584,0.9741533398628235,0.9449790120124817,0.029174327850341797,0.0032807588577270508,0.44580310583114624,False,False,completed,True
v_a5b4d7c4b2a095c9e6cc,an elephant running to join a herd of its kind,direct_zero,middle,0.9817762970924377,0.9750308990478516,0.7135156989097595,0.9782154560089111,0.964846670627594,0.013368785381317139,0.006745398044586182,0.2682605981826782,False,False,completed,True
v_aa14318968934ce72fb1,a zebra bending down to drink water from a river,direct_zero,middle,0.973966121673584,0.9688258171081543,0.533784031867981,0.9643047451972961,0.923083484172821,0.0412212610244751,0.0051403045654296875,0.440182089805603,False,False,completed,True
v_ad2f0d6ec69f9ff90382,a zebra taking a peaceful walk,direct_zero,middle,0.9869072437286377,0.9843863248825073,0.5426084995269775,0.9837861657142639,0.9513883590698242,0.0323978066444397,0.002520918846130371,0.44429874420166016,False,False,completed,True
v_b2657298416595015a2b,a zebra running to join a herd of its kind,direct_zero,middle,0.9221466779708862,0.9201022386550903,0.5119274854660034,0.8821325302124023,0.8392193913459778,0.04291313886642456,0.0020444393157958984,0.4102191925048828,False,False,completed,True
v_bc950a10e74a0a5447f1,a zebra bending down to drink water from a river,direct_zero,middle,0.9756776690483093,0.9734811782836914,0.536416232585907,0.9725489616394043,0.9254246354103088,0.04712432622909546,0.00219649076461792,0.43926143646240234,False,False,completed,True
v_bf4b3df29a9616bf26ae,a truck turning a corner,direct_zero,middle,0.9515529870986938,0.9505674242973328,0.5194674730300903,0.8850948214530945,0.8189024329185486,0.0661923885345459,0.000985562801361084,0.4320855140686035,False,False,completed,True
v_c41543fe72d2e5493d15,a truck slowing down to stop,direct_zero,middle,0.9834082722663879,0.9815653562545776,0.6417069435119629,0.9530027508735657,0.9329639673233032,0.02003878355026245,0.0018429160118103027,0.34170132875442505,False,False,completed,True
v_c424c7aceaf2046394ad,a cow running to join a herd of its kind,direct_zero,middle,0.9763944745063782,0.9750493764877319,0.8673953413963318,0.9669449329376221,0.894415020942688,0.07252991199493408,0.0013450980186462402,0.10899913311004639,False,False,completed,True
v_c4de504a244d437ac3ad,a zebra bending down to drink water from a river,direct_zero,middle,0.9940760135650635,0.9913808703422546,0.5466642379760742,0.994841992855072,0.9489215016365051,0.045920491218566895,0.002695143222808838,0.44741177558898926,False,False,completed,True
v_cdab6ebfbdf88aa1365e,an elephant running to join a herd of its kind,direct_zero,middle,0.9607254266738892,0.9603394865989685,0.8690969347953796,0.9530994296073914,0.8992792367935181,0.05382019281387329,0.0003859400749206543,0.09162849187850952,False,False,completed,True
v_d111e2d8975fa9b850b3,a zebra taking a peaceful walk,direct_zero,middle,0.9483411908149719,0.9431988000869751,0.6037039160728455,0.9036860466003418,0.8645763993263245,0.039109647274017334,0.005142390727996826,0.34463727474212646,False,False,completed,True
v_d51186bcfc23e2a780ab,a truck slowing down to stop,direct_zero,middle,0.9643544554710388,0.9643211364746094,0.5272865295410156,0.9112410545349121,0.8786465525627136,0.032594501972198486,3.331899642944336e-05,0.4370679259300232,False,False,completed,True
v_d86a4852b9a610b4e2ac,a motorcycle accelerating to gain speed,direct_zero,middle,0.9552143812179565,0.9546073079109192,0.5227262377738953,0.8991079330444336,0.8648793697357178,0.03422856330871582,0.0006070733070373535,0.4324881434440613,False,False,completed,True
v_e7e6381187b3421f31f4,a zebra taking a peaceful walk,direct_zero,middle,0.9758050441741943,0.9739565849304199,0.5364276170730591,0.9502309560775757,0.9284106492996216,0.0218203067779541,0.001848459243774414,0.43937742710113525,False,False,completed,True
v_e84cd21f77767e064452,an elephant running to join a herd of its kind,direct_zero,middle,0.8868926167488098,0.668667197227478,0.7125891447067261,0.9618316292762756,0.8742640018463135,0.08756762742996216,0.2182254195213318,0.17430347204208374,False,False,completed,True
v_f762ed821ba1fba906af,a zebra bending down to drink water from a river,direct_zero,middle,0.9867092370986938,0.9752829670906067,0.5427852272987366,0.9777792096138,0.9434809684753418,0.03429824113845825,0.011426270008087158,0.4439240097999573,False,False,completed,True
v_f993f14cdb34fb8383ef,a zebra bending down to drink water from a river,direct_zero,middle,0.9814218878746033,0.977886438369751,0.5400670170783997,0.9786093235015869,0.9413148760795593,0.03729444742202759,0.003535449504852295,0.4413548707962036,False,False,completed,True
v_fb03b6a21df9c0a51627,a cow running to join a herd of its kind,direct_zero,middle,0.9514460563659668,0.9388874769210815,0.8743888139724731,0.9386007189750671,0.8692249655723572,0.06937575340270996,0.012558579444885254,0.07705724239349365,False,False,completed,True
v_fc9b39a4b047b2db243c,an elephant spraying itself with water using its trunk to cool down,direct_zero,middle,0.9950287342071533,0.9895942211151123,0.6229345202445984,0.9937685132026672,0.977678120136261,0.01609039306640625,0.005434513092041016,0.37209421396255493,False,False,completed,True
v_fef8070abcd8dcd3af47,a zebra taking a peaceful walk,direct_zero,middle,0.9282910823822021,0.9263290166854858,0.5262413024902344,0.8663416504859924,0.846805214881897,0.01953643560409546,0.0019620656967163086,0.4020497798919678,False,False,completed,True
v_075ccc862d1b2d4936f0,an elephant running to join a herd of its kind,direct_exclude,middle,0.9630889296531677,0.9631701111793518,0.892609715461731,0.9417819976806641,0.9145239591598511,0.02725803852081299,8.118152618408203e-05,0.07047921419143677,False,False,completed,True
v_0925f4496cf55ade8e5d,an elephant spraying itself with water using its trunk to cool down,direct_exclude,middle,0.98935467004776,0.9866487979888916,0.9888381361961365,0.9881947040557861,0.970970869064331,0.017223834991455078,0.002705872058868408,0.0005165338516235352,False,False,completed,True
v_0a1a6db568841167f9e8,a truck turning a corner,direct_exclude,middle,0.8951151967048645,0.891852080821991,0.9095854163169861,0.8972001075744629,0.8025199174880981,0.09468019008636475,0.003263115882873535,-0.014470219612121582,False,False,completed,True
v_10d250e1b4b4a6ec0a82,a cow running to join a herd of its kind,direct_exclude,middle,0.9591885805130005,0.9385172724723816,0.926546037197113,0.9442958235740662,0.8619323372840881,0.08236348628997803,0.020671308040618896,0.03264254331588745,False,False,completed,True
v_125269dc5fc640751fa4,a zebra running to join a herd of its kind,direct_exclude,middle,0.9697616100311279,0.9687692523002625,0.9678106904029846,0.9459475874900818,0.9135428667068481,0.03240472078323364,0.0009923577308654785,0.0019509196281433105,False,False,completed,True
v_13502c1b9c959957b46a,a zebra taking a peaceful walk,direct_exclude,middle,0.9967139363288879,0.9925575852394104,0.9966722130775452,0.997106671333313,0.9651216864585876,0.03198498487472534,0.004156351089477539,4.172325134277344e-05,False,False,completed,True
v_1814b4d5b25ffa156aa6,an elephant running to join a herd of its kind,direct_exclude,middle,0.9690490961074829,0.9668064713478088,0.9097908735275269,0.9329218864440918,0.9192886352539062,0.013633251190185547,0.0022426247596740723,0.059258222579956055,False,False,completed,True
v_22506cf5d5a1e6088fc8,a truck slowing down to stop,direct_exclude,middle,0.8691954612731934,0.8635441660881042,0.859978437423706,0.7584022879600525,0.668470025062561,0.08993226289749146,0.005651295185089111,0.009217023849487305,False,False,completed,True
v_2ac6cf025d5e88563949,a zebra running to join a herd of its kind,direct_exclude,middle,0.9500249624252319,0.9490030407905579,0.9525535702705383,0.9185127019882202,0.8871079087257385,0.03140479326248169,0.0010219216346740723,-0.0025286078453063965,False,False,completed,True
v_2fbefa11a17758f1cd8f,a zebra taking a peaceful walk,direct_exclude,middle,0.9445307850837708,0.9412535429000854,0.9188402891159058,0.9212554693222046,0.8655597567558289,0.05569571256637573,0.0032772421836853027,0.02569049596786499,False,False,completed,True
v_304f65b790cd089803d4,a zebra bending down to drink water from a river,direct_exclude,middle,0.9545856714248657,0.943804144859314,0.951170027256012,0.9624999761581421,0.900147557258606,0.06235241889953613,0.010781526565551758,0.0034156441688537598,False,False,completed,True
v_34025bb5b4d01c898f92,a motorcycle accelerating to gain speed,direct_exclude,middle,0.9564681053161621,0.9537619948387146,0.9549691081047058,0.9416208267211914,0.9250614047050476,0.0165594220161438,0.0027061104774475098,0.0014989972114562988,False,False,completed,True
v_355010ce10f66a681b88,a truck turning a corner,direct_exclude,middle,0.9635376334190369,0.9631066918373108,0.9611170291900635,0.9169105887413025,0.8921113610267639,0.024799227714538574,0.0004309415817260742,0.0024206042289733887,False,False,completed,True
v_35d320b87cf1354b75ab,a zebra running to join a herd of its kind,direct_exclude,middle,0.9588550925254822,0.9589837789535522,0.9655026793479919,0.9490302205085754,0.9079155921936035,0.041114628314971924,0.00012868642807006836,-0.006647586822509766,False,False,completed,True
v_38ae4c230155beb1b259,a zebra taking a peaceful walk,direct_exclude,middle,0.9856873154640198,0.9850930571556091,0.9855859279632568,0.98517906665802,0.9648074507713318,0.020371615886688232,0.0005942583084106445,0.00010138750076293945,False,False,completed,True
v_3b6ddfc07cc98fcf9fa0,an elephant running to join a herd of its kind,direct_exclude,middle,0.9880058169364929,0.9878407120704651,0.8938332200050354,0.9849029779434204,0.9709144830703735,0.013988494873046875,0.00016510486602783203,0.09417259693145752,False,False,completed,True
v_427171327cff517973ed,a zebra bending down to drink water from a river,direct_exclude,middle,0.9852167367935181,0.9839914441108704,0.9837484955787659,0.9767624139785767,0.9490443468093872,0.027718067169189453,0.001225292682647705,0.0014682412147521973,False,False,completed,True
v_4719caef96c8df794757,an elephant running to join a herd of its kind,direct_exclude,middle,0.9782639741897583,0.977700412273407,0.9089270234107971,0.969979465007782,0.9487515091896057,0.02122795581817627,0.0005635619163513184,0.06933695077896118,False,False,completed,True
v_4d76a76426a219a5f1bb,a zebra bending down to drink water from a river,direct_exclude,middle,0.9782224893569946,0.978108286857605,0.9792484045028687,0.9762669801712036,0.9564640522003174,0.01980292797088623,0.00011420249938964844,-0.0010259151458740234,False,False,completed,True
v_4e7cf3a0868b1b118f55,a zebra running to join a herd of its kind,direct_exclude,middle,0.9522103071212769,0.9507229328155518,0.9197900295257568,0.9482232928276062,0.9217807054519653,0.02644258737564087,0.0014873743057250977,0.03242027759552002,False,False,completed,True
v_4f8abc7bb931501fb862,a truck slowing down to stop,direct_exclude,middle,0.9940704703330994,0.9745684862136841,0.977240800857544,0.9710509777069092,0.9053254127502441,0.06572556495666504,0.019501984119415283,0.01682966947555542,False,False,completed,False
v_4ff816e35ca1960d8058,an elephant running to join a herd of its kind,direct_exclude,middle,0.9646567702293396,0.96507728099823,0.8853633999824524,0.9487122297286987,0.914707362651825,0.03400486707687378,0.00042051076889038086,0.07929337024688721,False,False,completed,True
v_50b265d3f9ccf281a518,an elephant spraying itself with water using its trunk to cool down,direct_exclude,middle,0.9901018142700195,0.9826161861419678,0.9889566898345947,0.9922862648963928,0.9766773581504822,0.015608906745910645,0.007485628128051758,0.0011451244354248047,False,False,completed,True
v_53b3d43654788945925c,a zebra running to join a herd of its kind,direct_exclude,middle,0.972172737121582,0.964692234992981,0.9711992740631104,0.9581042528152466,0.9178879261016846,0.04021632671356201,0.007480502128601074,0.0009734630584716797,False,False,completed,True
v_55a4f07d56cda7470760,an elephant running to join a herd of its kind,direct_exclude,middle,0.9789860844612122,0.9778333902359009,0.9124241471290588,0.9713909029960632,0.9532231092453003,0.01816779375076294,0.0011526942253112793,0.06656193733215332,False,False,completed,True
v_6015d56a898aa0948639,a zebra bending down to drink water from a river,direct_exclude,middle,0.9817591905593872,0.976611316204071,0.9735458493232727,0.9774531722068787,0.940285325050354,0.03716784715652466,0.005147874355316162,0.008213341236114502,False,False,completed,True
v_67c0894760111d0087b6,a motorcycle accelerating to gain speed,direct_exclude,middle,0.92059326171875,0.9226334691047668,0.916427731513977,0.7869536280632019,0.7579578757286072,0.028995752334594727,0.0020402073860168457,0.004165530204772949,False,False,completed,True
v_6bee77846ce628e11d94,an elephant spraying itself with water using its trunk to cool down,direct_exclude,middle,0.9835841059684753,0.9699171185493469,0.949459969997406,0.9801599383354187,0.9571975469589233,0.02296239137649536,0.013666987419128418,0.034124135971069336,False,False,completed,True
v_6d2af08e0301e767c719,a cow running to join a herd of its kind,direct_exclude,middle,0.9381388425827026,0.9375091195106506,0.8610106706619263,0.871242880821228,0.8015288710594177,0.0697140097618103,0.000629723072052002,0.07712817192077637,False,False,completed,True
v_6ee4476dec8615e1535f,a zebra bending down to drink water from a river,direct_exclude,middle,0.9657285213470459,0.9655446410179138,0.9641906023025513,0.964434027671814,0.9420629739761353,0.02237105369567871,0.00018388032913208008,0.001537919044494629,False,False,completed,True
v_74d5bd9982ed49689599,a truck turning a corner,direct_exclude,middle,0.9701874256134033,0.9700080156326294,0.9688511490821838,0.9252806901931763,0.8765361905097961,0.04874449968338013,0.00017940998077392578,0.0013362765312194824,False,False,completed,True
v_795022cc03907dc7489e,an elephant spraying itself with water using its trunk to cool down,direct_exclude,middle,0.960296094417572,0.9642333984375,0.965649425983429,0.9006173610687256,0.8656635284423828,0.03495383262634277,0.0039373040199279785,-0.005353331565856934,False,False,completed,True
v_7959de66f76bf5fc41d9,a zebra bending down to drink water from a river,direct_exclude,middle,0.9828632473945618,0.982938826084137,0.9836388230323792,0.9712667465209961,0.9606218338012695,0.010644912719726562,7.557868957519531e-05,-0.0007755756378173828,False,False,completed,True
v_82dc1689fd289adcc0d2,a zebra taking a peaceful walk,direct_exclude,middle,0.9778921008110046,0.9776722192764282,0.9765704870223999,0.9754855632781982,0.9513534903526306,0.024132072925567627,0.00021988153457641602,0.0013216137886047363,False,False,completed,True
v_88720509dffa7aea9e30,a zebra bending down to drink water from a river,direct_exclude,middle,0.9738063216209412,0.9729475378990173,0.97274249792099,0.9799759387969971,0.9494901299476624,0.030485808849334717,0.0008587837219238281,0.0010638236999511719,False,False,completed,True
v_8887acf562b32cc84023,a zebra bending down to drink water from a river,direct_exclude,middle,0.9334750771522522,0.9240249395370483,0.924366295337677,0.9226030707359314,0.8359535932540894,0.08664947748184204,0.009450137615203857,0.009108781814575195,False,False,completed,True
v_8dca194984971f0a1124,a truck turning a corner,direct_exclude,middle,0.9337459802627563,0.9247899055480957,0.9260120987892151,0.8681207299232483,0.8405010104179382,0.02761971950531006,0.008956074714660645,0.00773388147354126,False,False,completed,True
v_8e6a21dfeb7a106dae22,a zebra taking a peaceful walk,direct_exclude,middle,0.9760703444480896,0.9621973633766174,0.9334312081336975,0.9702401757240295,0.9491668939590454,0.02107328176498413,0.013872981071472168,0.04263913631439209,False,False,completed,True
v_a18cdea6bd26987ddbc4,a cow running to join a herd of its kind,direct_exclude,middle,0.9763433337211609,0.974022388458252,0.9759889841079712,0.9539317488670349,0.9308314323425293,0.023100316524505615,0.0023209452629089355,0.00035434961318969727,False,False,completed,True
v_a3b6d576bc5c5ef3517f,a zebra running to join a herd of its kind,direct_exclude,middle,0.9438295960426331,0.94207364320755,0.9396012425422668,0.9383728504180908,0.9194208383560181,0.018952012062072754,0.0017559528350830078,0.004228353500366211,False,False,completed,True
v_a522928f33a3f29c463c,a truck slowing down to stop,direct_exclude,middle,0.9893493056297302,0.9860685467720032,0.9882658123970032,0.9741533398628235,0.9449790120124817,0.029174327850341797,0.0032807588577270508,0.0010834932327270508,False,False,completed,True
v_a5b4d7c4b2a095c9e6cc,an elephant running to join a herd of its kind,direct_exclude,middle,0.9817762970924377,0.9750308990478516,0.9279218316078186,0.9782154560089111,0.964846670627594,0.013368785381317139,0.006745398044586182,0.05385446548461914,False,False,completed,True
v_aa14318968934ce72fb1,a zebra bending down to drink water from a river,direct_exclude,middle,0.973966121673584,0.9688258171081543,0.9705163240432739,0.9643047451972961,0.923083484172821,0.0412212610244751,0.0051403045654296875,0.0034497976303100586,False,False,completed,True
v_ad2f0d6ec69f9ff90382,a zebra taking a peaceful walk,direct_exclude,middle,0.9869072437286377,0.9843863248825073,0.9865608215332031,0.9837861657142639,0.9513883590698242,0.0323978066444397,0.002520918846130371,0.0003464221954345703,False,False,completed,True
v_b2657298416595015a2b,a zebra running to join a herd of its kind,direct_exclude,middle,0.9221466779708862,0.9201022386550903,0.9307772517204285,0.8821325302124023,0.8392193913459778,0.04291313886642456,0.0020444393157958984,-0.008630573749542236,False,False,completed,True
v_bc950a10e74a0a5447f1,a zebra bending down to drink water from a river,direct_exclude,middle,0.9756776690483093,0.9734811782836914,0.9753021597862244,0.9725489616394043,0.9254246354103088,0.04712432622909546,0.00219649076461792,0.00037550926208496094,False,False,completed,True
v_bf4b3df29a9616bf26ae,a truck turning a corner,direct_exclude,middle,0.9515529870986938,0.9505674242973328,0.9444863796234131,0.8850948214530945,0.8189024329185486,0.0661923885345459,0.000985562801361084,0.007066607475280762,False,False,completed,True
v_c41543fe72d2e5493d15,a truck slowing down to stop,direct_exclude,middle,0.9834082722663879,0.9815653562545776,0.9653026461601257,0.9530027508735657,0.9329639673233032,0.02003878355026245,0.0018429160118103027,0.018105626106262207,False,False,completed,True
v_c424c7aceaf2046394ad,a cow running to join a herd of its kind,direct_exclude,middle,0.9763944745063782,0.9750493764877319,0.8673953413963318,0.9669449329376221,0.894415020942688,0.07252991199493408,0.0013450980186462402,0.10899913311004639,False,False,completed,True
v_c4de504a244d437ac3ad,a zebra bending down to drink water from a river,direct_exclude,middle,0.9940760135650635,0.9913808703422546,0.9939348697662354,0.994841992855072,0.9489215016365051,0.045920491218566895,0.002695143222808838,0.000141143798828125,False,False,completed,True
v_cdab6ebfbdf88aa1365e,an elephant running to join a herd of its kind,direct_exclude,middle,0.9607254266738892,0.9603394865989685,0.8690969347953796,0.9530994296073914,0.8992792367935181,0.05382019281387329,0.0003859400749206543,0.09162849187850952,False,False,completed,True
v_d111e2d8975fa9b850b3,a zebra taking a peaceful walk,direct_exclude,middle,0.9483411908149719,0.9431988000869751,0.9287751913070679,0.9036860466003418,0.8645763993263245,0.039109647274017334,0.005142390727996826,0.019565999507904053,False,False,completed,True
v_d51186bcfc23e2a780ab,a truck slowing down to stop,direct_exclude,middle,0.9643544554710388,0.9643211364746094,0.958702802658081,0.9112410545349121,0.8786465525627136,0.032594501972198486,3.331899642944336e-05,0.005651652812957764,False,False,completed,True
v_d86a4852b9a610b4e2ac,a motorcycle accelerating to gain speed,direct_exclude,middle,0.9552143812179565,0.9546073079109192,0.9504112601280212,0.8991079330444336,0.8648793697357178,0.03422856330871582,0.0006070733070373535,0.004803121089935303,False,False,completed,True
v_e7e6381187b3421f31f4,a zebra taking a peaceful walk,direct_exclude,middle,0.9758050441741943,0.9739565849304199,0.9753228425979614,0.9502309560775757,0.9284106492996216,0.0218203067779541,0.001848459243774414,0.00048220157623291016,False,False,completed,True
v_e84cd21f77767e064452,an elephant running to join a herd of its kind,direct_exclude,middle,0.8868926167488098,0.881758987903595,0.8143876194953918,0.9618316292762756,0.8742640018463135,0.08756762742996216,0.005133628845214844,0.07250499725341797,False,False,completed,True
v_f762ed821ba1fba906af,a zebra bending down to drink water from a river,direct_exclude,middle,0.9867092370986938,0.9752829670906067,0.9868820905685425,0.9777792096138,0.9434809684753418,0.03429824113845825,0.011426270008087158,-0.0001728534698486328,False,False,completed,True
v_f993f14cdb34fb8383ef,a zebra bending down to drink water from a river,direct_exclude,middle,0.9814218878746033,0.977886438369751,0.9819398522377014,0.9786093235015869,0.9413148760795593,0.03729444742202759,0.003535449504852295,-0.0005179643630981445,False,False,completed,True
v_fb03b6a21df9c0a51627,a cow running to join a herd of its kind,direct_exclude,middle,0.9514460563659668,0.9388874769210815,0.8743888139724731,0.9386007189750671,0.8692249655723572,0.06937575340270996,0.012558579444885254,0.07705724239349365,False,False,completed,True
v_fc9b39a4b047b2db243c,an elephant spraying itself with water using its trunk to cool down,direct_exclude,middle,0.9950287342071533,0.9895942211151123,0.9583607316017151,0.9937685132026672,0.977678120136261,0.01609039306640625,0.005434513092041016,0.03666800260543823,False,False,completed,True
v_fef8070abcd8dcd3af47,a zebra taking a peaceful walk,direct_exclude,middle,0.9282910823822021,0.9263290166854858,0.9261847138404846,0.8663416504859924,0.846805214881897,0.01953643560409546,0.0019620656967163086,0.0021063685417175293,False,False,completed,True
v_075ccc862d1b2d4936f0,an elephant running to join a herd of its kind,hybrid_zero,middle,0.9630889296531677,0.9631701111793518,0.892609715461731,0.9417819976806641,0.9145239591598511,0.02725803852081299,8.118152618408203e-05,0.07047921419143677,False,False,completed,True
v_0925f4496cf55ade8e5d,an elephant spraying itself with water using its trunk to cool down,hybrid_zero,middle,0.98935467004776,0.9866487979888916,0.8938859701156616,0.9881947040557861,0.970970869064331,0.017223834991455078,0.002705872058868408,0.09546869993209839,False,False,completed,True
v_0a1a6db568841167f9e8,a truck turning a corner,hybrid_zero,middle,0.8892853260040283,0.8720212578773499,0.7760655879974365,0.8972001075744629,0.8025199174880981,0.09468019008636475,0.017264068126678467,0.1132197380065918,False,False,completed,True
v_10d250e1b4b4a6ec0a82,a cow running to join a herd of its kind,hybrid_zero,middle,0.9591885805130005,0.9385172724723816,0.926546037197113,0.9442958235740662,0.8619323372840881,0.08236348628997803,0.020671308040618896,0.03264254331588745,False,False,completed,True
v_125269dc5fc640751fa4,a zebra running to join a herd of its kind,hybrid_zero,middle,0.9697616100311279,0.9687692523002625,0.8284516930580139,0.9459475874900818,0.9135428667068481,0.03240472078323364,0.0009923577308654785,0.141309916973114,False,False,completed,True
v_13502c1b9c959957b46a,a zebra taking a peaceful walk,hybrid_zero,middle,0.9967139363288879,0.9925575852394104,0.8771891593933105,0.997106671333313,0.9651216864585876,0.03198498487472534,0.004156351089477539,0.11952477693557739,False,False,completed,True
v_1814b4d5b25ffa156aa6,an elephant running to join a herd of its kind,hybrid_zero,middle,0.9690490961074829,0.9668064713478088,0.9097908735275269,0.9329218864440918,0.9192886352539062,0.013633251190185547,0.0022426247596740723,0.059258222579956055,False,False,completed,True
v_22506cf5d5a1e6088fc8,a truck slowing down to stop,hybrid_zero,middle,0.8691954612731934,0.7950347065925598,0.8587905764579773,0.7584022879600525,0.668470025062561,0.08993226289749146,0.07416075468063354,0.010404884815216064,False,False,completed,True
v_2ac6cf025d5e88563949,a zebra running to join a herd of its kind,hybrid_zero,middle,0.9500249624252319,0.9490030407905579,0.8642055988311768,0.9185127019882202,0.8871079087257385,0.03140479326248169,0.0010219216346740723,0.08581936359405518,False,False,completed,True
v_2fbefa11a17758f1cd8f,a zebra taking a peaceful walk,hybrid_zero,middle,0.9445307850837708,0.9412535429000854,0.8797945976257324,0.9212554693222046,0.8655597567558289,0.05569571256637573,0.0032772421836853027,0.06473618745803833,False,False,completed,True
v_304f65b790cd089803d4,a zebra bending down to drink water from a river,hybrid_zero,middle,0.9545856714248657,0.943804144859314,0.8489080667495728,0.9624999761581421,0.900147557258606,0.06235241889953613,0.010781526565551758,0.10567760467529297,False,False,completed,True
v_34025bb5b4d01c898f92,a motorcycle accelerating to gain speed,hybrid_zero,middle,0.9564681053161621,0.9537619948387146,0.8961173892021179,0.9416208267211914,0.9250614047050476,0.0165594220161438,0.0027061104774475098,0.06035071611404419,False,False,completed,True
v_355010ce10f66a681b88,a truck turning a corner,hybrid_zero,middle,0.9635376334190369,0.9631066918373108,0.8573673963546753,0.9169105887413025,0.8921113610267639,0.024799227714538574,0.0004309415817260742,0.10617023706436157,False,False,completed,True
v_35d320b87cf1354b75ab,a zebra running to join a herd of its kind,hybrid_zero,middle,0.9588550925254822,0.9589837789535522,0.8262321949005127,0.9490302205085754,0.9079155921936035,0.041114628314971924,0.00012868642807006836,0.13262289762496948,False,False,completed,True
v_38ae4c230155beb1b259,a zebra taking a peaceful walk,hybrid_zero,middle,0.9856873154640198,0.9850930571556091,0.8525021076202393,0.98517906665802,0.9648074507713318,0.020371615886688232,0.0005942583084106445,0.13318520784378052,False,False,completed,True
v_3b6ddfc07cc98fcf9fa0,an elephant running to join a herd of its kind,hybrid_zero,middle,0.9880058169364929,0.9878407120704651,0.8938332200050354,0.9849029779434204,0.9709144830703735,0.013988494873046875,0.00016510486602783203,0.09417259693145752,False,False,completed,True
v_427171327cff517973ed,a zebra bending down to drink water from a river,hybrid_zero,middle,0.9852167367935181,0.9839914441108704,0.878032386302948,0.9767624139785767,0.9490443468093872,0.027718067169189453,0.001225292682647705,0.10718435049057007,False,False,completed,True
v_4719caef96c8df794757,an elephant running to join a herd of its kind,hybrid_zero,middle,0.9782639741897583,0.977700412273407,0.9089270234107971,0.969979465007782,0.9487515091896057,0.02122795581817627,0.0005635619163513184,0.06933695077896118,False,False,completed,True
v_4d76a76426a219a5f1bb,a zebra bending down to drink water from a river,hybrid_zero,middle,0.9782224893569946,0.978108286857605,0.8777983784675598,0.9762669801712036,0.9564640522003174,0.01980292797088623,0.00011420249938964844,0.10042411088943481,False,False,completed,True
v_4e7cf3a0868b1b118f55,a zebra running to join a herd of its kind,hybrid_zero,middle,0.9522103071212769,0.9507229328155518,0.8663063645362854,0.9482232928276062,0.9217807054519653,0.02644258737564087,0.0014873743057250977,0.08590394258499146,False,False,completed,True
v_4f8abc7bb931501fb862,a truck slowing down to stop,hybrid_zero,middle,0.9940704703330994,0.9327185750007629,0.9745180606842041,0.9710509777069092,0.9053254127502441,0.06572556495666504,0.061351895332336426,0.019552409648895264,False,False,completed,False
v_4ff816e35ca1960d8058,an elephant running to join a herd of its kind,hybrid_zero,middle,0.9646567702293396,0.96507728099823,0.8853633999824524,0.9487122297286987,0.914707362651825,0.03400486707687378,0.00042051076889038086,0.07929337024688721,False,False,completed,True
v_50b265d3f9ccf281a518,an elephant spraying itself with water using its trunk to cool down,hybrid_zero,middle,0.9901018142700195,0.9826161861419678,0.8855708837509155,0.9922862648963928,0.9766773581504822,0.015608906745910645,0.007485628128051758,0.104530930519104,False,False,completed,True
v_53b3d43654788945925c,a zebra running to join a herd of its kind,hybrid_zero,middle,0.972172737121582,0.964692234992981,0.8175899982452393,0.9581042528152466,0.9178879261016846,0.04021632671356201,0.007480502128601074,0.15458273887634277,False,False,completed,True
v_55a4f07d56cda7470760,an elephant running to join a herd of its kind,hybrid_zero,middle,0.9789860844612122,0.9778333902359009,0.9016790986061096,0.9713909029960632,0.9532231092453003,0.01816779375076294,0.0011526942253112793,0.07730698585510254,False,False,completed,True
v_6015d56a898aa0948639,a zebra bending down to drink water from a river,hybrid_zero,middle,0.9817591905593872,0.9685567617416382,0.9040221571922302,0.9774531722068787,0.940285325050354,0.03716784715652466,0.013202428817749023,0.07773703336715698,False,False,completed,True
v_67c0894760111d0087b6,a motorcycle accelerating to gain speed,hybrid_zero,middle,0.92059326171875,0.9226334691047668,0.8430600762367249,0.7869536280632019,0.7579578757286072,0.028995752334594727,0.0020402073860168457,0.07753318548202515,False,False,completed,True
v_6bee77846ce628e11d94,an elephant spraying itself with water using its trunk to cool down,hybrid_zero,middle,0.9835841059684753,0.9699171185493469,0.9234262108802795,0.9801599383354187,0.9571975469589233,0.02296239137649536,0.013666987419128418,0.0601578950881958,False,False,completed,True
v_6d2af08e0301e767c719,a cow running to join a herd of its kind,hybrid_zero,middle,0.9381388425827026,0.9375091195106506,0.8610106706619263,0.871242880821228,0.8015288710594177,0.0697140097618103,0.000629723072052002,0.07712817192077637,False,False,completed,True
v_6ee4476dec8615e1535f,a zebra bending down to drink water from a river,hybrid_zero,middle,0.9657285213470459,0.9655446410179138,0.878934919834137,0.964434027671814,0.9420629739761353,0.02237105369567871,0.00018388032913208008,0.08679360151290894,False,False,completed,True
v_74d5bd9982ed49689599,a truck turning a corner,hybrid_zero,middle,0.9701874256134033,0.9700080156326294,0.8882207274436951,0.9252806901931763,0.8765361905097961,0.04874449968338013,0.00017940998077392578,0.08196669816970825,False,False,completed,True
v_795022cc03907dc7489e,an elephant spraying itself with water using its trunk to cool down,hybrid_zero,middle,0.9523473978042603,0.952976405620575,0.8802860379219055,0.9006173610687256,0.8656635284423828,0.03495383262634277,0.0006290078163146973,0.07206135988235474,False,False,completed,True
v_7959de66f76bf5fc41d9,a zebra bending down to drink water from a river,hybrid_zero,middle,0.9828632473945618,0.982938826084137,0.898191511631012,0.9712667465209961,0.9606218338012695,0.010644912719726562,7.557868957519531e-05,0.0846717357635498,False,False,completed,True
v_82dc1689fd289adcc0d2,a zebra taking a peaceful walk,hybrid_zero,middle,0.9778921008110046,0.9776722192764282,0.8626981973648071,0.9754855632781982,0.9513534903526306,0.024132072925567627,0.00021988153457641602,0.11519390344619751,False,False,completed,True
v_88720509dffa7aea9e30,a zebra bending down to drink water from a river,hybrid_zero,middle,0.9738063216209412,0.9729475378990173,0.87451171875,0.9799759387969971,0.9494901299476624,0.030485808849334717,0.0008587837219238281,0.09929460287094116,False,False,completed,True
v_8887acf562b32cc84023,a zebra bending down to drink water from a river,hybrid_zero,middle,0.9334750771522522,0.9014444351196289,0.9031338095664978,0.9226030707359314,0.8359535932540894,0.08664947748184204,0.03203064203262329,0.030341267585754395,False,False,completed,True
v_8dca194984971f0a1124,a truck turning a corner,hybrid_zero,middle,0.9337459802627563,0.9247899055480957,0.8589021563529968,0.8681207299232483,0.8405010104179382,0.02761971950531006,0.008956074714660645,0.07484382390975952,False,False,completed,True
v_8e6a21dfeb7a106dae22,a zebra taking a peaceful walk,hybrid_zero,middle,0.9760703444480896,0.9621973633766174,0.9248934984207153,0.9702401757240295,0.9491668939590454,0.02107328176498413,0.013872981071472168,0.05117684602737427,False,False,completed,True
v_a18cdea6bd26987ddbc4,a cow running to join a herd of its kind,hybrid_zero,middle,0.9762948155403137,0.974083423614502,0.8811593055725098,0.9539317488670349,0.9308314323425293,0.023100316524505615,0.0022113919258117676,0.09513550996780396,False,False,completed,True
v_a3b6d576bc5c5ef3517f,a zebra running to join a herd of its kind,hybrid_zero,middle,0.9438295960426331,0.94207364320755,0.855000913143158,0.9383728504180908,0.9194208383560181,0.018952012062072754,0.0017559528350830078,0.0888286828994751,False,False,completed,True
v_a522928f33a3f29c463c,a truck slowing down to stop,hybrid_zero,middle,0.9893493056297302,0.9860685467720032,0.8691778182983398,0.9741533398628235,0.9449790120124817,0.029174327850341797,0.0032807588577270508,0.12017148733139038,False,False,completed,True
v_a5b4d7c4b2a095c9e6cc,an elephant running to join a herd of its kind,hybrid_zero,middle,0.9817762970924377,0.9750308990478516,0.8957223892211914,0.9782154560089111,0.964846670627594,0.013368785381317139,0.006745398044586182,0.08605390787124634,False,False,completed,True
v_aa14318968934ce72fb1,a zebra bending down to drink water from a river,hybrid_zero,middle,0.973966121673584,0.9688258171081543,0.8670840263366699,0.9643047451972961,0.923083484172821,0.0412212610244751,0.0051403045654296875,0.10688209533691406,False,False,completed,True
v_ad2f0d6ec69f9ff90382,a zebra taking a peaceful walk,hybrid_zero,middle,0.9869072437286377,0.9843863248825073,0.8790202140808105,0.9837861657142639,0.9513883590698242,0.0323978066444397,0.002520918846130371,0.10788702964782715,False,False,completed,True
v_b2657298416595015a2b,a zebra running to join a herd of its kind,hybrid_zero,middle,0.9221466779708862,0.9201022386550903,0.8161863088607788,0.8821325302124023,0.8392193913459778,0.04291313886642456,0.0020444393157958984,0.10596036911010742,False,False,completed,True
v_bc950a10e74a0a5447f1,a zebra bending down to drink water from a river,hybrid_zero,middle,0.9756776690483093,0.9734811782836914,0.8798349499702454,0.9725489616394043,0.9254246354103088,0.04712432622909546,0.00219649076461792,0.09584271907806396,False,False,completed,True
v_bf4b3df29a9616bf26ae,a truck turning a corner,hybrid_zero,middle,0.9515529870986938,0.9505674242973328,0.805422306060791,0.8850948214530945,0.8189024329185486,0.0661923885345459,0.000985562801361084,0.14613068103790283,False,False,completed,True
v_c41543fe72d2e5493d15,a truck slowing down to stop,hybrid_zero,middle,0.9834082722663879,0.9815653562545776,0.9353726506233215,0.9530027508735657,0.9329639673233032,0.02003878355026245,0.0018429160118103027,0.048035621643066406,False,False,completed,True
v_c424c7aceaf2046394ad,a cow running to join a herd of its kind,hybrid_zero,middle,0.9763944745063782,0.9750493764877319,0.8673953413963318,0.9669449329376221,0.894415020942688,0.07252991199493408,0.0013450980186462402,0.10899913311004639,False,False,completed,True
v_c4de504a244d437ac3ad,a zebra bending down to drink water from a river,hybrid_zero,middle,0.9940760135650635,0.9913808703422546,0.8673797249794006,0.994841992855072,0.9489215016365051,0.045920491218566895,0.002695143222808838,0.12669628858566284,False,False,completed,True
v_cdab6ebfbdf88aa1365e,an elephant running to join a herd of its kind,hybrid_zero,middle,0.9607254266738892,0.9603394865989685,0.8690969347953796,0.9530994296073914,0.8992792367935181,0.05382019281387329,0.0003859400749206543,0.09162849187850952,False,False,completed,True
v_d111e2d8975fa9b850b3,a zebra taking a peaceful walk,hybrid_zero,middle,0.9483411908149719,0.9431988000869751,0.8789448738098145,0.9036860466003418,0.8645763993263245,0.039109647274017334,0.005142390727996826,0.06939631700515747,False,False,completed,True
v_d51186bcfc23e2a780ab,a truck slowing down to stop,hybrid_zero,middle,0.9643544554710388,0.9643211364746094,0.8511847257614136,0.9112410545349121,0.8786465525627136,0.032594501972198486,3.331899642944336e-05,0.11316972970962524,False,False,completed,True
v_d86a4852b9a610b4e2ac,a motorcycle accelerating to gain speed,hybrid_zero,middle,0.9552143812179565,0.9546073079109192,0.8786501884460449,0.8991079330444336,0.8648793697357178,0.03422856330871582,0.0006070733070373535,0.07656419277191162,False,False,completed,True
v_e7e6381187b3421f31f4,a zebra taking a peaceful walk,hybrid_zero,middle,0.9758050441741943,0.9739565849304199,0.8664082288742065,0.9502309560775757,0.9284106492996216,0.0218203067779541,0.001848459243774414,0.10939681529998779,False,False,completed,True
v_e84cd21f77767e064452,an elephant running to join a herd of its kind,hybrid_zero,middle,0.8868926167488098,0.8809910416603088,0.8081191778182983,0.9618316292762756,0.8742640018463135,0.08756762742996216,0.0059015750885009766,0.07877343893051147,False,False,completed,True
v_f762ed821ba1fba906af,a zebra bending down to drink water from a river,hybrid_zero,middle,0.9867092370986938,0.9752829670906067,0.8692774176597595,0.9777792096138,0.9434809684753418,0.03429824113845825,0.011426270008087158,0.11743181943893433,False,False,completed,True
v_f993f14cdb34fb8383ef,a zebra bending down to drink water from a river,hybrid_zero,middle,0.9814218878746033,0.977886438369751,0.8871198296546936,0.9786093235015869,0.9413148760795593,0.03729444742202759,0.003535449504852295,0.09430205821990967,False,False,completed,True
v_fb03b6a21df9c0a51627,a cow running to join a herd of its kind,hybrid_zero,middle,0.9514460563659668,0.9388874769210815,0.8743888139724731,0.9386007189750671,0.8692249655723572,0.06937575340270996,0.012558579444885254,0.07705724239349365,False,False,completed,True
v_fc9b39a4b047b2db243c,an elephant spraying itself with water using its trunk to cool down,hybrid_zero,middle,0.9950287342071533,0.9895942211151123,0.898439347743988,0.9937685132026672,0.977678120136261,0.01609039306640625,0.005434513092041016,0.09658938646316528,False,False,completed,True
v_fef8070abcd8dcd3af47,a zebra taking a peaceful walk,hybrid_zero,middle,0.9282910823822021,0.9263290166854858,0.8255430459976196,0.8663416504859924,0.846805214881897,0.01953643560409546,0.0019620656967163086,0.10274803638458252,False,False,completed,True
v_075ccc862d1b2d4936f0,an elephant running to join a herd of its kind,hybrid_exclude,middle,0.9630889296531677,0.9631701111793518,0.892609715461731,0.9417819976806641,0.9145239591598511,0.02725803852081299,8.118152618408203e-05,0.07047921419143677,False,False,completed,True
v_0925f4496cf55ade8e5d,an elephant spraying itself with water using its trunk to cool down,hybrid_exclude,middle,0.98935467004776,0.9866487979888916,0.8938859701156616,0.9881947040557861,0.970970869064331,0.017223834991455078,0.002705872058868408,0.09546869993209839,False,False,completed,True
v_0a1a6db568841167f9e8,a truck turning a corner,hybrid_exclude,middle,0.8892853260040283,0.8720212578773499,0.7760655879974365,0.8972001075744629,0.8025199174880981,0.09468019008636475,0.017264068126678467,0.1132197380065918,False,False,completed,True
v_10d250e1b4b4a6ec0a82,a cow running to join a herd of its kind,hybrid_exclude,middle,0.9591885805130005,0.9385172724723816,0.926546037197113,0.9442958235740662,0.8619323372840881,0.08236348628997803,0.020671308040618896,0.03264254331588745,False,False,completed,True
v_125269dc5fc640751fa4,a zebra running to join a herd of its kind,hybrid_exclude,middle,0.9697616100311279,0.9687692523002625,0.8284516930580139,0.9459475874900818,0.9135428667068481,0.03240472078323364,0.0009923577308654785,0.141309916973114,False,False,completed,True
v_13502c1b9c959957b46a,a zebra taking a peaceful walk,hybrid_exclude,middle,0.9967139363288879,0.9925575852394104,0.8771891593933105,0.997106671333313,0.9651216864585876,0.03198498487472534,0.004156351089477539,0.11952477693557739,False,False,completed,True
v_1814b4d5b25ffa156aa6,an elephant running to join a herd of its kind,hybrid_exclude,middle,0.9690490961074829,0.9668064713478088,0.9097908735275269,0.9329218864440918,0.9192886352539062,0.013633251190185547,0.0022426247596740723,0.059258222579956055,False,False,completed,True
v_22506cf5d5a1e6088fc8,a truck slowing down to stop,hybrid_exclude,middle,0.8691954612731934,0.7950347065925598,0.8587905764579773,0.7584022879600525,0.668470025062561,0.08993226289749146,0.07416075468063354,0.010404884815216064,False,False,completed,True
v_2ac6cf025d5e88563949,a zebra running to join a herd of its kind,hybrid_exclude,middle,0.9500249624252319,0.9490030407905579,0.8642055988311768,0.9185127019882202,0.8871079087257385,0.03140479326248169,0.0010219216346740723,0.08581936359405518,False,False,completed,True
v_2fbefa11a17758f1cd8f,a zebra taking a peaceful walk,hybrid_exclude,middle,0.9445307850837708,0.9412535429000854,0.8797945976257324,0.9212554693222046,0.8655597567558289,0.05569571256637573,0.0032772421836853027,0.06473618745803833,False,False,completed,True
v_304f65b790cd089803d4,a zebra bending down to drink water from a river,hybrid_exclude,middle,0.9545856714248657,0.943804144859314,0.8489080667495728,0.9624999761581421,0.900147557258606,0.06235241889953613,0.010781526565551758,0.10567760467529297,False,False,completed,True
v_34025bb5b4d01c898f92,a motorcycle accelerating to gain speed,hybrid_exclude,middle,0.9564681053161621,0.9537619948387146,0.8961173892021179,0.9416208267211914,0.9250614047050476,0.0165594220161438,0.0027061104774475098,0.06035071611404419,False,False,completed,True
v_355010ce10f66a681b88,a truck turning a corner,hybrid_exclude,middle,0.9635376334190369,0.9631066918373108,0.8573673963546753,0.9169105887413025,0.8921113610267639,0.024799227714538574,0.0004309415817260742,0.10617023706436157,False,False,completed,True
v_35d320b87cf1354b75ab,a zebra running to join a herd of its kind,hybrid_exclude,middle,0.9588550925254822,0.9589837789535522,0.8262321949005127,0.9490302205085754,0.9079155921936035,0.041114628314971924,0.00012868642807006836,0.13262289762496948,False,False,completed,True
v_38ae4c230155beb1b259,a zebra taking a peaceful walk,hybrid_exclude,middle,0.9856873154640198,0.9850930571556091,0.8525021076202393,0.98517906665802,0.9648074507713318,0.020371615886688232,0.0005942583084106445,0.13318520784378052,False,False,completed,True
v_3b6ddfc07cc98fcf9fa0,an elephant running to join a herd of its kind,hybrid_exclude,middle,0.9880058169364929,0.9878407120704651,0.8938332200050354,0.9849029779434204,0.9709144830703735,0.013988494873046875,0.00016510486602783203,0.09417259693145752,False,False,completed,True
v_427171327cff517973ed,a zebra bending down to drink water from a river,hybrid_exclude,middle,0.9852167367935181,0.9839914441108704,0.878032386302948,0.9767624139785767,0.9490443468093872,0.027718067169189453,0.001225292682647705,0.10718435049057007,False,False,completed,True
v_4719caef96c8df794757,an elephant running to join a herd of its kind,hybrid_exclude,middle,0.9782639741897583,0.977700412273407,0.9089270234107971,0.969979465007782,0.9487515091896057,0.02122795581817627,0.0005635619163513184,0.06933695077896118,False,False,completed,True
v_4d76a76426a219a5f1bb,a zebra bending down to drink water from a river,hybrid_exclude,middle,0.9782224893569946,0.978108286857605,0.8777983784675598,0.9762669801712036,0.9564640522003174,0.01980292797088623,0.00011420249938964844,0.10042411088943481,False,False,completed,True
v_4e7cf3a0868b1b118f55,a zebra running to join a herd of its kind,hybrid_exclude,middle,0.9522103071212769,0.9507229328155518,0.8663063645362854,0.9482232928276062,0.9217807054519653,0.02644258737564087,0.0014873743057250977,0.08590394258499146,False,False,completed,True
v_4f8abc7bb931501fb862,a truck slowing down to stop,hybrid_exclude,middle,0.9940704703330994,0.9327185750007629,0.9745180606842041,0.9710509777069092,0.9053254127502441,0.06572556495666504,0.061351895332336426,0.019552409648895264,False,False,completed,False
v_4ff816e35ca1960d8058,an elephant running to join a herd of its kind,hybrid_exclude,middle,0.9646567702293396,0.96507728099823,0.8853633999824524,0.9487122297286987,0.914707362651825,0.03400486707687378,0.00042051076889038086,0.07929337024688721,False,False,completed,True
v_50b265d3f9ccf281a518,an elephant spraying itself with water using its trunk to cool down,hybrid_exclude,middle,0.9901018142700195,0.9826161861419678,0.8855708837509155,0.9922862648963928,0.9766773581504822,0.015608906745910645,0.007485628128051758,0.104530930519104,False,False,completed,True
v_53b3d43654788945925c,a zebra running to join a herd of its kind,hybrid_exclude,middle,0.972172737121582,0.964692234992981,0.8175899982452393,0.9581042528152466,0.9178879261016846,0.04021632671356201,0.007480502128601074,0.15458273887634277,False,False,completed,True
v_55a4f07d56cda7470760,an elephant running to join a herd of its kind,hybrid_exclude,middle,0.9789860844612122,0.9778333902359009,0.9016790986061096,0.9713909029960632,0.9532231092453003,0.01816779375076294,0.0011526942253112793,0.07730698585510254,False,False,completed,True
v_6015d56a898aa0948639,a zebra bending down to drink water from a river,hybrid_exclude,middle,0.9817591905593872,0.9685567617416382,0.9040221571922302,0.9774531722068787,0.940285325050354,0.03716784715652466,0.013202428817749023,0.07773703336715698,False,False,completed,True
v_67c0894760111d0087b6,a motorcycle accelerating to gain speed,hybrid_exclude,middle,0.92059326171875,0.9226334691047668,0.8430600762367249,0.7869536280632019,0.7579578757286072,0.028995752334594727,0.0020402073860168457,0.07753318548202515,False,False,completed,True
v_6bee77846ce628e11d94,an elephant spraying itself with water using its trunk to cool down,hybrid_exclude,middle,0.9835841059684753,0.9699171185493469,0.9234262108802795,0.9801599383354187,0.9571975469589233,0.02296239137649536,0.013666987419128418,0.0601578950881958,False,False,completed,True
v_6d2af08e0301e767c719,a cow running to join a herd of its kind,hybrid_exclude,middle,0.9381388425827026,0.9375091195106506,0.8610106706619263,0.871242880821228,0.8015288710594177,0.0697140097618103,0.000629723072052002,0.07712817192077637,False,False,completed,True
v_6ee4476dec8615e1535f,a zebra bending down to drink water from a river,hybrid_exclude,middle,0.9657285213470459,0.9655446410179138,0.878934919834137,0.964434027671814,0.9420629739761353,0.02237105369567871,0.00018388032913208008,0.08679360151290894,False,False,completed,True
v_74d5bd9982ed49689599,a truck turning a corner,hybrid_exclude,middle,0.9701874256134033,0.9700080156326294,0.8882207274436951,0.9252806901931763,0.8765361905097961,0.04874449968338013,0.00017940998077392578,0.08196669816970825,False,False,completed,True
v_795022cc03907dc7489e,an elephant spraying itself with water using its trunk to cool down,hybrid_exclude,middle,0.9523473978042603,0.952976405620575,0.8802860379219055,0.9006173610687256,0.8656635284423828,0.03495383262634277,0.0006290078163146973,0.07206135988235474,False,False,completed,True
v_7959de66f76bf5fc41d9,a zebra bending down to drink water from a river,hybrid_exclude,middle,0.9828632473945618,0.982938826084137,0.898191511631012,0.9712667465209961,0.9606218338012695,0.010644912719726562,7.557868957519531e-05,0.0846717357635498,False,False,completed,True
v_82dc1689fd289adcc0d2,a zebra taking a peaceful walk,hybrid_exclude,middle,0.9778921008110046,0.9776722192764282,0.8626981973648071,0.9754855632781982,0.9513534903526306,0.024132072925567627,0.00021988153457641602,0.11519390344619751,False,False,completed,True
v_88720509dffa7aea9e30,a zebra bending down to drink water from a river,hybrid_exclude,middle,0.9738063216209412,0.9729475378990173,0.87451171875,0.9799759387969971,0.9494901299476624,0.030485808849334717,0.0008587837219238281,0.09929460287094116,False,False,completed,True
v_8887acf562b32cc84023,a zebra bending down to drink water from a river,hybrid_exclude,middle,0.9334750771522522,0.9014444351196289,0.9031338095664978,0.9226030707359314,0.8359535932540894,0.08664947748184204,0.03203064203262329,0.030341267585754395,False,False,completed,True
v_8dca194984971f0a1124,a truck turning a corner,hybrid_exclude,middle,0.9337459802627563,0.9247899055480957,0.8589021563529968,0.8681207299232483,0.8405010104179382,0.02761971950531006,0.008956074714660645,0.07484382390975952,False,False,completed,True
v_8e6a21dfeb7a106dae22,a zebra taking a peaceful walk,hybrid_exclude,middle,0.9760703444480896,0.9621973633766174,0.9248934984207153,0.9702401757240295,0.9491668939590454,0.02107328176498413,0.013872981071472168,0.05117684602737427,False,False,completed,True
v_a18cdea6bd26987ddbc4,a cow running to join a herd of its kind,hybrid_exclude,middle,0.9762948155403137,0.974083423614502,0.8811593055725098,0.9539317488670349,0.9308314323425293,0.023100316524505615,0.0022113919258117676,0.09513550996780396,False,False,completed,True
v_a3b6d576bc5c5ef3517f,a zebra running to join a herd of its kind,hybrid_exclude,middle,0.9438295960426331,0.94207364320755,0.855000913143158,0.9383728504180908,0.9194208383560181,0.018952012062072754,0.0017559528350830078,0.0888286828994751,False,False,completed,True
v_a522928f33a3f29c463c,a truck slowing down to stop,hybrid_exclude,middle,0.9893493056297302,0.9860685467720032,0.8691778182983398,0.9741533398628235,0.9449790120124817,0.029174327850341797,0.0032807588577270508,0.12017148733139038,False,False,completed,True
v_a5b4d7c4b2a095c9e6cc,an elephant running to join a herd of its kind,hybrid_exclude,middle,0.9817762970924377,0.9750308990478516,0.8957223892211914,0.9782154560089111,0.964846670627594,0.013368785381317139,0.006745398044586182,0.08605390787124634,False,False,completed,True
v_aa14318968934ce72fb1,a zebra bending down to drink water from a river,hybrid_exclude,middle,0.973966121673584,0.9688258171081543,0.8670840263366699,0.9643047451972961,0.923083484172821,0.0412212610244751,0.0051403045654296875,0.10688209533691406,False,False,completed,True
v_ad2f0d6ec69f9ff90382,a zebra taking a peaceful walk,hybrid_exclude,middle,0.9869072437286377,0.9843863248825073,0.8790202140808105,0.9837861657142639,0.9513883590698242,0.0323978066444397,0.002520918846130371,0.10788702964782715,False,False,completed,True
v_b2657298416595015a2b,a zebra running to join a herd of its kind,hybrid_exclude,middle,0.9221466779708862,0.9201022386550903,0.8161863088607788,0.8821325302124023,0.8392193913459778,0.04291313886642456,0.0020444393157958984,0.10596036911010742,False,False,completed,True
v_bc950a10e74a0a5447f1,a zebra bending down to drink water from a river,hybrid_exclude,middle,0.9756776690483093,0.9734811782836914,0.8798349499702454,0.9725489616394043,0.9254246354103088,0.04712432622909546,0.00219649076461792,0.09584271907806396,False,False,completed,True
v_bf4b3df29a9616bf26ae,a truck turning a corner,hybrid_exclude,middle,0.9515529870986938,0.9505674242973328,0.805422306060791,0.8850948214530945,0.8189024329185486,0.0661923885345459,0.000985562801361084,0.14613068103790283,False,False,completed,True
v_c41543fe72d2e5493d15,a truck slowing down to stop,hybrid_exclude,middle,0.9834082722663879,0.9815653562545776,0.9353726506233215,0.9530027508735657,0.9329639673233032,0.02003878355026245,0.0018429160118103027,0.048035621643066406,False,False,completed,True
v_c424c7aceaf2046394ad,a cow running to join a herd of its kind,hybrid_exclude,middle,0.9763944745063782,0.9750493764877319,0.8673953413963318,0.9669449329376221,0.894415020942688,0.07252991199493408,0.0013450980186462402,0.10899913311004639,False,False,completed,True
v_c4de504a244d437ac3ad,a zebra bending down to drink water from a river,hybrid_exclude,middle,0.9940760135650635,0.9913808703422546,0.8673797249794006,0.994841992855072,0.9489215016365051,0.045920491218566895,0.002695143222808838,0.12669628858566284,False,False,completed,True
v_cdab6ebfbdf88aa1365e,an elephant running to join a herd of its kind,hybrid_exclude,middle,0.9607254266738892,0.9603394865989685,0.8690969347953796,0.9530994296073914,0.8992792367935181,0.05382019281387329,0.0003859400749206543,0.09162849187850952,False,False,completed,True
v_d111e2d8975fa9b850b3,a zebra taking a peaceful walk,hybrid_exclude,middle,0.9483411908149719,0.9431988000869751,0.8789448738098145,0.9036860466003418,0.8645763993263245,0.039109647274017334,0.005142390727996826,0.06939631700515747,False,False,completed,True
v_d51186bcfc23e2a780ab,a truck slowing down to stop,hybrid_exclude,middle,0.9643544554710388,0.9643211364746094,0.8511847257614136,0.9112410545349121,0.8786465525627136,0.032594501972198486,3.331899642944336e-05,0.11316972970962524,False,False,completed,True
v_d86a4852b9a610b4e2ac,a motorcycle accelerating to gain speed,hybrid_exclude,middle,0.9552143812179565,0.9546073079109192,0.8786501884460449,0.8991079330444336,0.8648793697357178,0.03422856330871582,0.0006070733070373535,0.07656419277191162,False,False,completed,True
v_e7e6381187b3421f31f4,a zebra taking a peaceful walk,hybrid_exclude,middle,0.9758050441741943,0.9739565849304199,0.8664082288742065,0.9502309560775757,0.9284106492996216,0.0218203067779541,0.001848459243774414,0.10939681529998779,False,False,completed,True
v_e84cd21f77767e064452,an elephant running to join a herd of its kind,hybrid_exclude,middle,0.8868926167488098,0.8809910416603088,0.8081191778182983,0.9618316292762756,0.8742640018463135,0.08756762742996216,0.0059015750885009766,0.07877343893051147,False,False,completed,True
v_f762ed821ba1fba906af,a zebra bending down to drink water from a river,hybrid_exclude,middle,0.9867092370986938,0.9752829670906067,0.8692774176597595,0.9777792096138,0.9434809684753418,0.03429824113845825,0.011426270008087158,0.11743181943893433,False,False,completed,True
v_f993f14cdb34fb8383ef,a zebra bending down to drink water from a river,hybrid_exclude,middle,0.9814218878746033,0.977886438369751,0.8871198296546936,0.9786093235015869,0.9413148760795593,0.03729444742202759,0.003535449504852295,0.09430205821990967,False,False,completed,True
v_fb03b6a21df9c0a51627,a cow running to join a herd of its kind,hybrid_exclude,middle,0.9514460563659668,0.9388874769210815,0.8743888139724731,0.9386007189750671,0.8692249655723572,0.06937575340270996,0.012558579444885254,0.07705724239349365,False,False,completed,True
v_fc9b39a4b047b2db243c,an elephant spraying itself with water using its trunk to cool down,hybrid_exclude,middle,0.9950287342071533,0.9895942211151123,0.898439347743988,0.9937685132026672,0.977678120136261,0.01609039306640625,0.005434513092041016,0.09658938646316528,False,False,completed,True
v_fef8070abcd8dcd3af47,a zebra taking a peaceful walk,hybrid_exclude,middle,0.9282910823822021,0.9263290166854858,0.8255430459976196,0.8663416504859924,0.846805214881897,0.01953643560409546,0.0019620656967163086,0.10274803638458252,False,False,completed,True
v_075ccc862d1b2d4936f0,an elephant running to join a herd of its kind,direct_zero,end,0.9630889296531677,0.9626673460006714,0.7917484641075134,0.9417819976806641,0.9125940799713135,0.029187917709350586,0.0004215836524963379,0.1713404655456543,False,False,completed,True
v_0925f4496cf55ade8e5d,an elephant spraying itself with water using its trunk to cool down,direct_zero,end,0.98935467004776,0.9893707633018494,0.5445933938026428,0.9881947040557861,0.9761687517166138,0.012025952339172363,1.609325408935547e-05,0.4447612762451172,False,False,completed,True
v_0a1a6db568841167f9e8,a truck turning a corner,direct_zero,end,0.7832257747650146,0.7836318016052246,0.4975113272666931,0.8972001075744629,0.8594269752502441,0.03777313232421875,0.00040602684020996094,0.28571444749832153,False,False,completed,True
v_10d250e1b4b4a6ec0a82,a cow running to join a herd of its kind,direct_zero,end,0.9591885805130005,0.9504749178886414,0.9236222505569458,0.9442958235740662,0.8866966962814331,0.05759912729263306,0.00871366262435913,0.03556632995605469,False,False,completed,True
v_125269dc5fc640751fa4,a zebra running to join a herd of its kind,direct_zero,end,0.9697616100311279,0.9695433378219604,0.5353197455406189,0.9459475874900818,0.9209982752799988,0.024949312210083008,0.00021827220916748047,0.43444186449050903,False,False,completed,True
v_13502c1b9c959957b46a,a zebra taking a peaceful walk,direct_zero,end,0.9967139363288879,0.9923980236053467,0.5482940077781677,0.997106671333313,0.9701316952705383,0.026974976062774658,0.00431591272354126,0.4484199285507202,False,False,completed,True
v_1814b4d5b25ffa156aa6,an elephant running to join a herd of its kind,direct_zero,end,0.9690490961074829,0.9671028852462769,0.9121795892715454,0.9329218864440918,0.9184552431106567,0.014466643333435059,0.0019462108612060547,0.0568695068359375,False,False,completed,True
v_22506cf5d5a1e6088fc8,a truck slowing down to stop,direct_zero,end,0.8691954612731934,0.6595979332923889,0.48244708776474,0.7584022879600525,0.7216018438339233,0.03680044412612915,0.20959752798080444,0.38674837350845337,False,False,completed,True
v_2ac6cf025d5e88563949,a zebra running to join a herd of its kind,direct_zero,end,0.9500249624252319,0.9489102959632874,0.5237540602684021,0.9185127019882202,0.8926328420639038,0.025879859924316406,0.00111466646194458,0.42627090215682983,False,False,completed,True
v_2fbefa11a17758f1cd8f,a zebra taking a peaceful walk,direct_zero,end,0.9445307850837708,0.9363166689872742,0.6927313208580017,0.9212554693222046,0.865848958492279,0.05540651082992554,0.008214116096496582,0.25179946422576904,False,False,completed,True
v_304f65b790cd089803d4,a zebra bending down to drink water from a river,direct_zero,end,0.9545856714248657,0.9544408917427063,0.5315200090408325,0.9624999761581421,0.9155685901641846,0.04693138599395752,0.00014477968215942383,0.4230656623840332,False,False,completed,True
v_34025bb5b4d01c898f92,a motorcycle accelerating to gain speed,direct_zero,end,0.9564681053161621,0.9534339904785156,0.6183446645736694,0.9416208267211914,0.9245672225952148,0.017053604125976562,0.0030341148376464844,0.3381234407424927,False,False,completed,True
v_355010ce10f66a681b88,a truck turning a corner,direct_zero,end,0.9635376334190369,0.9633699059486389,0.5297309756278992,0.9169105887413025,0.8987459540367126,0.018164634704589844,0.00016772747039794922,0.4338066577911377,False,False,completed,True
v_35d320b87cf1354b75ab,a zebra running to join a herd of its kind,direct_zero,end,0.9588550925254822,0.9567580819129944,0.5273218154907227,0.9490302205085754,0.9194382429122925,0.02959197759628296,0.002097010612487793,0.4315332770347595,False,False,completed,True
v_38ae4c230155beb1b259,a zebra taking a peaceful walk,direct_zero,end,0.9856873154640198,0.9845624566078186,0.5433310866355896,0.98517906665802,0.9694452881813049,0.015733778476715088,0.0011248588562011719,0.4423562288284302,False,False,completed,True
v_3b6ddfc07cc98fcf9fa0,an elephant running to join a herd of its kind,direct_zero,end,0.9880058169364929,0.9875017404556274,0.8966148495674133,0.9849029779434204,0.973126232624054,0.011776745319366455,0.0005040764808654785,0.09139096736907959,False,False,completed,True
v_427171327cff517973ed,a zebra bending down to drink water from a river,direct_zero,end,0.9852167367935181,0.9824205636978149,0.5439338684082031,0.9767624139785767,0.9532622694969177,0.023500144481658936,0.002796173095703125,0.44128286838531494,False,False,completed,True
v_4719caef96c8df794757,an elephant running to join a herd of its kind,direct_zero,end,0.9782639741897583,0.9781497120857239,0.9050304293632507,0.969979465007782,0.951078474521637,0.01890099048614502,0.00011426210403442383,0.07323354482650757,False,False,completed,True
v_4d76a76426a219a5f1bb,a zebra bending down to drink water from a river,direct_zero,end,0.9782224893569946,0.9725940823554993,0.5562604665756226,0.9762669801712036,0.9565730094909668,0.019693970680236816,0.005628407001495361,0.42196202278137207,False,False,completed,True
v_4e7cf3a0868b1b118f55,a zebra running to join a herd of its kind,direct_zero,end,0.9522103071212769,0.9490439295768738,0.5253932476043701,0.9482232928276062,0.9272955060005188,0.020927786827087402,0.003166377544403076,0.42681705951690674,False,False,completed,True
v_4f8abc7bb931501fb862,a truck slowing down to stop,direct_zero,end,0.9940704703330994,0.652421772480011,0.9872376918792725,0.9710509777069092,0.8902120590209961,0.08083891868591309,0.3416486978530884,0.006832778453826904,False,False,completed,False
v_4ff816e35ca1960d8058,an elephant running to join a herd of its kind,direct_zero,end,0.9646567702293396,0.9639571309089661,0.873253345489502,0.9487122297286987,0.9080891013145447,0.04062312841415405,0.0006996393203735352,0.09140342473983765,False,False,completed,True
v_50b265d3f9ccf281a518,an elephant spraying itself with water using its trunk to cool down,direct_zero,end,0.9901018142700195,0.9867482781410217,0.7927733659744263,0.9922862648963928,0.9785178899765015,0.013768374919891357,0.0033535361289978027,0.19732844829559326,False,False,completed,True
v_53b3d43654788945925c,a zebra running to join a herd of its kind,direct_zero,end,0.972172737121582,0.966837465763092,0.5358194708824158,0.9581042528152466,0.9268553853034973,0.031248867511749268,0.00533527135848999,0.43635326623916626,False,False,completed,True
v_55a4f07d56cda7470760,an elephant running to join a herd of its kind,direct_zero,end,0.9789860844612122,0.9765464663505554,0.6961601376533508,0.9713909029960632,0.956760823726654,0.01463007926940918,0.0024396181106567383,0.28282594680786133,False,False,completed,True
v_6015d56a898aa0948639,a zebra bending down to drink water from a river,direct_zero,end,0.9817591905593872,0.9808995127677917,0.5577080249786377,0.9774531722068787,0.960985004901886,0.016468167304992676,0.000859677791595459,0.4240511655807495,False,False,completed,True
v_67c0894760111d0087b6,a motorcycle accelerating to gain speed,direct_zero,end,0.92059326171875,0.7016058564186096,0.510689914226532,0.7869536280632019,0.7222900986671448,0.06466352939605713,0.21898740530014038,0.409903347492218,False,False,completed,True
v_6bee77846ce628e11d94,an elephant spraying itself with water using its trunk to cool down,direct_zero,end,0.9835841059684753,0.9725855588912964,0.6386279463768005,0.9801599383354187,0.9561365842819214,0.024023354053497314,0.010998547077178955,0.3449561595916748,False,False,completed,True
v_6d2af08e0301e767c719,a cow running to join a herd of its kind,direct_zero,end,0.9381388425827026,0.9370498061180115,0.8566553592681885,0.871242880821228,0.8244655132293701,0.04677736759185791,0.0010890364646911621,0.08148348331451416,False,False,completed,True
v_6ee4476dec8615e1535f,a zebra bending down to drink water from a river,direct_zero,end,0.9657285213470459,0.9652350544929504,0.5479131937026978,0.964434027671814,0.945604145526886,0.01882988214492798,0.000493466854095459,0.41781532764434814,False,False,completed,True
v_74d5bd9982ed49689599,a truck turning a corner,direct_zero,end,0.9701874256134033,0.9666604995727539,0.5371468663215637,0.9252806901931763,0.8873496651649475,0.03793102502822876,0.003526926040649414,0.4330405592918396,False,False,completed,True
v_795022cc03907dc7489e,an elephant spraying itself with water using its trunk to cool down,direct_zero,end,0.24734899401664734,0.2477196305990219,0.06516627967357635,0.9006173610687256,0.8737503290176392,0.026867032051086426,0.00037063658237457275,0.18218271434307098,False,False,completed,True
v_7959de66f76bf5fc41d9,a zebra bending down to drink water from a river,direct_zero,end,0.9828632473945618,0.9825477600097656,0.5582776069641113,0.9712667465209961,0.9615597724914551,0.009706974029541016,0.0003154873847961426,0.42458564043045044,False,False,completed,True
v_82dc1689fd289adcc0d2,a zebra taking a peaceful walk,direct_zero,end,0.9778921008110046,0.9779738783836365,0.5376293063163757,0.9754855632781982,0.9541710615158081,0.021314501762390137,8.177757263183594e-05,0.4402627944946289,False,False,completed,True
v_88720509dffa7aea9e30,a zebra bending down to drink water from a river,direct_zero,end,0.9738063216209412,0.9746159315109253,0.5380228757858276,0.9799759387969971,0.9562161564826965,0.023759782314300537,0.0008096098899841309,0.4357834458351135,False,False,completed,True
v_8887acf562b32cc84023,a zebra bending down to drink water from a river,direct_zero,end,0.9334750771522522,0.9291933178901672,0.9284638166427612,0.9226030707359314,0.8901192545890808,0.032483816146850586,0.004281759262084961,0.005011260509490967,False,False,completed,True
v_8dca194984971f0a1124,a truck turning a corner,direct_zero,end,0.9337459802627563,0.8196694850921631,0.6883543729782104,0.8681207299232483,0.8163687586784363,0.05175197124481201,0.11407649517059326,0.2453916072845459,False,False,completed,True
v_8e6a21dfeb7a106dae22,a zebra taking a peaceful walk,direct_zero,end,0.9760703444480896,0.9665769338607788,0.6394550204277039,0.9702401757240295,0.9479666352272034,0.022273540496826172,0.009493410587310791,0.33661532402038574,False,False,completed,True
v_a18cdea6bd26987ddbc4,a cow running to join a herd of its kind,direct_zero,end,0.8598477840423584,0.8032822608947754,0.4683510661125183,0.9539317488670349,0.9332334995269775,0.020698249340057373,0.05656552314758301,0.3914967179298401,False,False,completed,True
v_a3b6d576bc5c5ef3517f,a zebra running to join a herd of its kind,direct_zero,end,0.9438295960426331,0.9409621953964233,0.5919220447540283,0.9383728504180908,0.9237409234046936,0.014631927013397217,0.002867400646209717,0.35190755128860474,False,False,completed,True
v_a522928f33a3f29c463c,a truck slowing down to stop,direct_zero,end,0.9893493056297302,0.9849706292152405,0.5452040433883667,0.9741533398628235,0.94614177942276,0.028011560440063477,0.004378676414489746,0.4441452622413635,False,False,completed,True
v_a5b4d7c4b2a095c9e6cc,an elephant running to join a herd of its kind,direct_zero,end,0.9817762970924377,0.973539412021637,0.7633844614028931,0.9782154560089111,0.9616365432739258,0.01657891273498535,0.008236885070800781,0.21839183568954468,False,False,completed,True
v_aa14318968934ce72fb1,a zebra bending down to drink water from a river,direct_zero,end,0.973966121673584,0.9685501456260681,0.5346936583518982,0.9643047451972961,0.9347631931304932,0.02954155206680298,0.005415976047515869,0.4392724633216858,False,False,completed,True
v_ad2f0d6ec69f9ff90382,a zebra taking a peaceful walk,direct_zero,end,0.9869072437286377,0.9850053787231445,0.5432075262069702,0.9837861657142639,0.9600710272789001,0.02371513843536377,0.001901865005493164,0.4436997175216675,False,False,completed,True
v_b2657298416595015a2b,a zebra running to join a herd of its kind,direct_zero,end,0.9221466779708862,0.9220600724220276,0.503022313117981,0.8821325302124023,0.8630574345588684,0.019075095653533936,8.660554885864258e-05,0.4191243648529053,False,False,completed,True
v_bc950a10e74a0a5447f1,a zebra bending down to drink water from a river,direct_zero,end,0.9756776690483093,0.9756262898445129,0.5366916656494141,0.9725489616394043,0.9412601590156555,0.03128880262374878,5.137920379638672e-05,0.43898600339889526,False,False,completed,True
v_bf4b3df29a9616bf26ae,a truck turning a corner,direct_zero,end,0.9515529870986938,0.9515625238418579,0.5269891619682312,0.8850948214530945,0.8421051502227783,0.04298967123031616,9.5367431640625e-06,0.42456382513046265,False,False,completed,True
v_c41543fe72d2e5493d15,a truck slowing down to stop,direct_zero,end,0.9834082722663879,0.977828323841095,0.6019651293754578,0.9530027508735657,0.9304072260856628,0.022595524787902832,0.005579948425292969,0.3814431428909302,False,False,completed,True
v_c424c7aceaf2046394ad,a cow running to join a herd of its kind,direct_zero,end,0.9763944745063782,0.9747762680053711,0.858280599117279,0.9669449329376221,0.9141339063644409,0.05281102657318115,0.00161820650100708,0.11811387538909912,False,False,completed,True
v_c4de504a244d437ac3ad,a zebra bending down to drink water from a river,direct_zero,end,0.9940760135650635,0.9929094910621643,0.5467960834503174,0.994841992855072,0.9568302035331726,0.038011789321899414,0.00116652250289917,0.4472799301147461,False,False,completed,True
v_cdab6ebfbdf88aa1365e,an elephant running to join a herd of its kind,direct_zero,end,0.9607254266738892,0.9603951573371887,0.6755352020263672,0.9530994296073914,0.9000720381736755,0.05302739143371582,0.00033026933670043945,0.285190224647522,False,False,completed,True
v_d111e2d8975fa9b850b3,a zebra taking a peaceful walk,direct_zero,end,0.9483411908149719,0.9456170797348022,0.5277775526046753,0.9036860466003418,0.8825570344924927,0.02112901210784912,0.0027241110801696777,0.42056363821029663,False,False,completed,True
v_d51186bcfc23e2a780ab,a truck slowing down to stop,direct_zero,end,0.9643544554710388,0.9642385244369507,0.5272501707077026,0.9112410545349121,0.8839411735534668,0.027299880981445312,0.00011593103408813477,0.4371042847633362,False,False,completed,True
v_d86a4852b9a610b4e2ac,a motorcycle accelerating to gain speed,direct_zero,end,0.9552143812179565,0.842077910900116,0.5321645140647888,0.8991079330444336,0.8637837171554565,0.03532421588897705,0.11313647031784058,0.4230498671531677,False,False,completed,True
v_e7e6381187b3421f31f4,a zebra taking a peaceful walk,direct_zero,end,0.9758050441741943,0.9746530055999756,0.5383746027946472,0.9502309560775757,0.9302955865859985,0.01993536949157715,0.00115203857421875,0.4374304413795471,False,False,completed,True
v_e84cd21f77767e064452,an elephant running to join a herd of its kind,direct_zero,end,0.8868926167488098,0.7767587900161743,0.8368258476257324,0.9618316292762756,0.8885460495948792,0.07328557968139648,0.1101338267326355,0.05006676912307739,False,False,completed,True
v_f762ed821ba1fba906af,a zebra bending down to drink water from a river,direct_zero,end,0.9867092370986938,0.9840869903564453,0.5434139370918274,0.9777792096138,0.9480886459350586,0.029690563678741455,0.002622246742248535,0.44329530000686646,False,False,completed,True
v_f993f14cdb34fb8383ef,a zebra bending down to drink water from a river,direct_zero,end,0.9814218878746033,0.9779977798461914,0.5396797060966492,0.9786093235015869,0.949225664138794,0.02938365936279297,0.0034241080284118652,0.4417421817779541,False,False,completed,True
v_fb03b6a21df9c0a51627,a cow running to join a herd of its kind,direct_zero,end,0.9514460563659668,0.9475567936897278,0.8565947413444519,0.9386007189750671,0.8990365862846375,0.03956413269042969,0.0038892626762390137,0.09485131502151489,False,False,completed,True
v_fc9b39a4b047b2db243c,an elephant spraying itself with water using its trunk to cool down,direct_zero,end,0.9950287342071533,0.9928710460662842,0.5475605130195618,0.9937685132026672,0.9836510419845581,0.01011747121810913,0.0021576881408691406,0.44746822118759155,False,False,completed,True
v_fef8070abcd8dcd3af47,a zebra taking a peaceful walk,direct_zero,end,0.9282910823822021,0.9271188378334045,0.5294126272201538,0.8663416504859924,0.8492788076400757,0.017062842845916748,0.0011722445487976074,0.39887845516204834,False,False,completed,True
v_075ccc862d1b2d4936f0,an elephant running to join a herd of its kind,direct_exclude,end,0.9630889296531677,0.9626673460006714,0.9048553705215454,0.9417819976806641,0.9125940799713135,0.029187917709350586,0.0004215836524963379,0.058233559131622314,False,False,completed,True
v_0925f4496cf55ade8e5d,an elephant spraying itself with water using its trunk to cool down,direct_exclude,end,0.98935467004776,0.9893707633018494,0.9901697635650635,0.9881947040557861,0.9761687517166138,0.012025952339172363,1.609325408935547e-05,-0.0008150935173034668,False,False,completed,True
v_0a1a6db568841167f9e8,a truck turning a corner,direct_exclude,end,0.8951151967048645,0.8955792188644409,0.9045659899711609,0.8972001075744629,0.8594269752502441,0.03777313232421875,0.000464022159576416,-0.009450793266296387,False,False,completed,True
v_10d250e1b4b4a6ec0a82,a cow running to join a herd of its kind,direct_exclude,end,0.9591885805130005,0.9504749178886414,0.9236222505569458,0.9442958235740662,0.8866966962814331,0.05759912729263306,0.00871366262435913,0.03556632995605469,False,False,completed,True
v_125269dc5fc640751fa4,a zebra running to join a herd of its kind,direct_exclude,end,0.9697616100311279,0.9695433378219604,0.9733085632324219,0.9459475874900818,0.9209982752799988,0.024949312210083008,0.00021827220916748047,-0.0035469532012939453,False,False,completed,True
v_13502c1b9c959957b46a,a zebra taking a peaceful walk,direct_exclude,end,0.9967139363288879,0.9923980236053467,0.9968982338905334,0.997106671333313,0.9701316952705383,0.026974976062774658,0.00431591272354126,-0.0001842975616455078,False,False,completed,True
v_1814b4d5b25ffa156aa6,an elephant running to join a herd of its kind,direct_exclude,end,0.9690490961074829,0.9671028852462769,0.9121795892715454,0.9329218864440918,0.9184552431106567,0.014466643333435059,0.0019462108612060547,0.0568695068359375,False,False,completed,True
v_22506cf5d5a1e6088fc8,a truck slowing down to stop,direct_exclude,end,0.8691954612731934,0.8697994351387024,0.8771764636039734,0.7584022879600525,0.7216018438339233,0.03680044412612915,0.0006039738655090332,-0.00798100233078003,False,False,completed,True
v_2ac6cf025d5e88563949,a zebra running to join a herd of its kind,direct_exclude,end,0.9500249624252319,0.9489102959632874,0.9522801041603088,0.9185127019882202,0.8926328420639038,0.025879859924316406,0.00111466646194458,-0.0022551417350769043,False,False,completed,True
v_2fbefa11a17758f1cd8f,a zebra taking a peaceful walk,direct_exclude,end,0.9445307850837708,0.9363166689872742,0.9134919047355652,0.9212554693222046,0.865848958492279,0.05540651082992554,0.008214116096496582,0.031038880348205566,False,False,completed,True
v_304f65b790cd089803d4,a zebra bending down to drink water from a river,direct_exclude,end,0.9545856714248657,0.9544408917427063,0.9663999676704407,0.9624999761581421,0.9155685901641846,0.04693138599395752,0.00014477968215942383,-0.011814296245574951,False,False,completed,True
v_34025bb5b4d01c898f92,a motorcycle accelerating to gain speed,direct_exclude,end,0.9564681053161621,0.9534339904785156,0.9301594495773315,0.9416208267211914,0.9245672225952148,0.017053604125976562,0.0030341148376464844,0.026308655738830566,False,False,completed,True
v_355010ce10f66a681b88,a truck turning a corner,direct_exclude,end,0.9635376334190369,0.9633699059486389,0.9631471633911133,0.9169105887413025,0.8987459540367126,0.018164634704589844,0.00016772747039794922,0.000390470027923584,False,False,completed,True
v_35d320b87cf1354b75ab,a zebra running to join a herd of its kind,direct_exclude,end,0.9588550925254822,0.9567580819129944,0.9587668776512146,0.9490302205085754,0.9194382429122925,0.02959197759628296,0.002097010612487793,8.821487426757812e-05,False,False,completed,True
v_38ae4c230155beb1b259,a zebra taking a peaceful walk,direct_exclude,end,0.9856873154640198,0.9845624566078186,0.9878747463226318,0.98517906665802,0.9694452881813049,0.015733778476715088,0.0011248588562011719,-0.0021874308586120605,False,False,completed,True
v_3b6ddfc07cc98fcf9fa0,an elephant running to join a herd of its kind,direct_exclude,end,0.9880058169364929,0.9875017404556274,0.8966148495674133,0.9849029779434204,0.973126232624054,0.011776745319366455,0.0005040764808654785,0.09139096736907959,False,False,completed,True
v_427171327cff517973ed,a zebra bending down to drink water from a river,direct_exclude,end,0.9852167367935181,0.9824205636978149,0.9889706969261169,0.9767624139785767,0.9532622694969177,0.023500144481658936,0.002796173095703125,-0.003753960132598877,False,False,completed,True
v_4719caef96c8df794757,an elephant running to join a herd of its kind,direct_exclude,end,0.9782639741897583,0.9781497120857239,0.9050304293632507,0.969979465007782,0.951078474521637,0.01890099048614502,0.00011426210403442383,0.07323354482650757,False,False,completed,True
v_4d76a76426a219a5f1bb,a zebra bending down to drink water from a river,direct_exclude,end,0.9782224893569946,0.9725940823554993,0.9790183901786804,0.9762669801712036,0.9565730094909668,0.019693970680236816,0.005628407001495361,-0.000795900821685791,False,False,completed,True
v_4e7cf3a0868b1b118f55,a zebra running to join a herd of its kind,direct_exclude,end,0.9522103071212769,0.9490439295768738,0.9552604556083679,0.9482232928276062,0.9272955060005188,0.020927786827087402,0.003166377544403076,-0.0030501484870910645,False,False,completed,True
v_4f8abc7bb931501fb862,a truck slowing down to stop,direct_exclude,end,0.9940704703330994,0.9814208149909973,0.9872376918792725,0.9710509777069092,0.8902120590209961,0.08083891868591309,0.01264965534210205,0.006832778453826904,False,False,completed,False
v_4ff816e35ca1960d8058,an elephant running to join a herd of its kind,direct_exclude,end,0.9646567702293396,0.9639571309089661,0.873253345489502,0.9487122297286987,0.9080891013145447,0.04062312841415405,0.0006996393203735352,0.09140342473983765,False,False,completed,True
v_50b265d3f9ccf281a518,an elephant spraying itself with water using its trunk to cool down,direct_exclude,end,0.9901018142700195,0.9867482781410217,0.9060266613960266,0.9922862648963928,0.9785178899765015,0.013768374919891357,0.0033535361289978027,0.08407515287399292,False,False,completed,True
v_53b3d43654788945925c,a zebra running to join a herd of its kind,direct_exclude,end,0.972172737121582,0.966837465763092,0.9742172956466675,0.9581042528152466,0.9268553853034973,0.031248867511749268,0.00533527135848999,-0.0020445585250854492,False,False,completed,True
v_55a4f07d56cda7470760,an elephant running to join a herd of its kind,direct_exclude,end,0.9789860844612122,0.9765464663505554,0.9180133938789368,0.9713909029960632,0.956760823726654,0.01463007926940918,0.0024396181106567383,0.06097269058227539,False,False,completed,True
v_6015d56a898aa0948639,a zebra bending down to drink water from a river,direct_exclude,end,0.9817591905593872,0.9808995127677917,0.9815660119056702,0.9774531722068787,0.960985004901886,0.016468167304992676,0.000859677791595459,0.00019317865371704102,False,False,completed,True
v_67c0894760111d0087b6,a motorcycle accelerating to gain speed,direct_exclude,end,0.92059326171875,0.9251945614814758,0.9285270571708679,0.7869536280632019,0.7222900986671448,0.06466352939605713,0.00460129976272583,-0.00793379545211792,False,False,completed,True
v_6bee77846ce628e11d94,an elephant spraying itself with water using its trunk to cool down,direct_exclude,end,0.9835841059684753,0.9725855588912964,0.960671067237854,0.9801599383354187,0.9561365842819214,0.024023354053497314,0.010998547077178955,0.022913038730621338,False,False,completed,True
v_6d2af08e0301e767c719,a cow running to join a herd of its kind,direct_exclude,end,0.9381388425827026,0.9370498061180115,0.8566553592681885,0.871242880821228,0.8244655132293701,0.04677736759185791,0.0010890364646911621,0.08148348331451416,False,False,completed,True
v_6ee4476dec8615e1535f,a zebra bending down to drink water from a river,direct_exclude,end,0.9657285213470459,0.9652350544929504,0.9643272161483765,0.964434027671814,0.945604145526886,0.01882988214492798,0.000493466854095459,0.0014013051986694336,False,False,completed,True
v_74d5bd9982ed49689599,a truck turning a corner,direct_exclude,end,0.9701874256134033,0.9666604995727539,0.9766306281089783,0.9252806901931763,0.8873496651649475,0.03793102502822876,0.003526926040649414,-0.006443202495574951,False,False,completed,True
v_795022cc03907dc7489e,an elephant spraying itself with water using its trunk to cool down,direct_exclude,end,0.960296094417572,0.9617350101470947,0.9557721018791199,0.9006173610687256,0.8737503290176392,0.026867032051086426,0.001438915729522705,0.0045239925384521484,False,False,completed,True
v_7959de66f76bf5fc41d9,a zebra bending down to drink water from a river,direct_exclude,end,0.9828632473945618,0.9825477600097656,0.9825685620307922,0.9712667465209961,0.9615597724914551,0.009706974029541016,0.0003154873847961426,0.00029468536376953125,False,False,completed,True
v_82dc1689fd289adcc0d2,a zebra taking a peaceful walk,direct_exclude,end,0.9778921008110046,0.9779738783836365,0.9775077700614929,0.9754855632781982,0.9541710615158081,0.021314501762390137,8.177757263183594e-05,0.00038433074951171875,False,False,completed,True
v_88720509dffa7aea9e30,a zebra bending down to drink water from a river,direct_exclude,end,0.9738063216209412,0.9746159315109253,0.978223443031311,0.9799759387969971,0.9562161564826965,0.023759782314300537,0.0008096098899841309,-0.004417121410369873,False,False,completed,True
v_8887acf562b32cc84023,a zebra bending down to drink water from a river,direct_exclude,end,0.9334750771522522,0.9291933178901672,0.9284638166427612,0.9226030707359314,0.8901192545890808,0.032483816146850586,0.004281759262084961,0.005011260509490967,False,False,completed,True
v_8dca194984971f0a1124,a truck turning a corner,direct_exclude,end,0.9337459802627563,0.9367651343345642,0.9077200889587402,0.8681207299232483,0.8163687586784363,0.05175197124481201,0.0030191540718078613,0.026025891304016113,False,False,completed,True
v_8e6a21dfeb7a106dae22,a zebra taking a peaceful walk,direct_exclude,end,0.9760703444480896,0.9665769338607788,0.9619151949882507,0.9702401757240295,0.9479666352272034,0.022273540496826172,0.009493410587310791,0.014155149459838867,False,False,completed,True
v_a18cdea6bd26987ddbc4,a cow running to join a herd of its kind,direct_exclude,end,0.9763433337211609,0.9750185012817383,0.9774283766746521,0.9539317488670349,0.9332334995269775,0.020698249340057373,0.0013248324394226074,-0.001085042953491211,False,False,completed,True
v_a3b6d576bc5c5ef3517f,a zebra running to join a herd of its kind,direct_exclude,end,0.9438295960426331,0.9409621953964233,0.9106492400169373,0.9383728504180908,0.9237409234046936,0.014631927013397217,0.002867400646209717,0.0331803560256958,False,False,completed,True
v_a522928f33a3f29c463c,a truck slowing down to stop,direct_exclude,end,0.9893493056297302,0.9849706292152405,0.9912800788879395,0.9741533398628235,0.94614177942276,0.028011560440063477,0.004378676414489746,-0.0019307732582092285,False,False,completed,True
v_a5b4d7c4b2a095c9e6cc,an elephant running to join a herd of its kind,direct_exclude,end,0.9817762970924377,0.973539412021637,0.9265906810760498,0.9782154560089111,0.9616365432739258,0.01657891273498535,0.008236885070800781,0.05518561601638794,False,False,completed,True
v_aa14318968934ce72fb1,a zebra bending down to drink water from a river,direct_exclude,end,0.973966121673584,0.9685501456260681,0.9721702933311462,0.9643047451972961,0.9347631931304932,0.02954155206680298,0.005415976047515869,0.0017958283424377441,False,False,completed,True
v_ad2f0d6ec69f9ff90382,a zebra taking a peaceful walk,direct_exclude,end,0.9869072437286377,0.9850053787231445,0.9876499772071838,0.9837861657142639,0.9600710272789001,0.02371513843536377,0.001901865005493164,-0.0007427334785461426,False,False,completed,True
v_b2657298416595015a2b,a zebra running to join a herd of its kind,direct_exclude,end,0.9221466779708862,0.9220600724220276,0.9145859479904175,0.8821325302124023,0.8630574345588684,0.019075095653533936,8.660554885864258e-05,0.00756072998046875,False,False,completed,True
v_bc950a10e74a0a5447f1,a zebra bending down to drink water from a river,direct_exclude,end,0.9756776690483093,0.9756262898445129,0.9758030772209167,0.9725489616394043,0.9412601590156555,0.03128880262374878,5.137920379638672e-05,-0.00012540817260742188,False,False,completed,True
v_bf4b3df29a9616bf26ae,a truck turning a corner,direct_exclude,end,0.9515529870986938,0.9515625238418579,0.9581620693206787,0.8850948214530945,0.8421051502227783,0.04298967123031616,9.5367431640625e-06,-0.006609082221984863,False,False,completed,True
v_c41543fe72d2e5493d15,a truck slowing down to stop,direct_exclude,end,0.9834082722663879,0.977828323841095,0.9779617786407471,0.9530027508735657,0.9304072260856628,0.022595524787902832,0.005579948425292969,0.005446493625640869,False,False,completed,True
v_c424c7aceaf2046394ad,a cow running to join a herd of its kind,direct_exclude,end,0.9763944745063782,0.9747762680053711,0.858280599117279,0.9669449329376221,0.9141339063644409,0.05281102657318115,0.00161820650100708,0.11811387538909912,False,False,completed,True
v_c4de504a244d437ac3ad,a zebra bending down to drink water from a river,direct_exclude,end,0.9940760135650635,0.9929094910621643,0.9941746592521667,0.994841992855072,0.9568302035331726,0.038011789321899414,0.00116652250289917,-9.864568710327148e-05,False,False,completed,True
v_cdab6ebfbdf88aa1365e,an elephant running to join a herd of its kind,direct_exclude,end,0.9607254266738892,0.9603951573371887,0.8908156752586365,0.9530994296073914,0.9000720381736755,0.05302739143371582,0.00033026933670043945,0.06990975141525269,False,False,completed,True
v_d111e2d8975fa9b850b3,a zebra taking a peaceful walk,direct_exclude,end,0.9483411908149719,0.9456170797348022,0.9595955610275269,0.9036860466003418,0.8825570344924927,0.02112901210784912,0.0027241110801696777,-0.011254370212554932,False,False,completed,True
v_d51186bcfc23e2a780ab,a truck slowing down to stop,direct_exclude,end,0.9643544554710388,0.9642385244369507,0.9586366415023804,0.9112410545349121,0.8839411735534668,0.027299880981445312,0.00011593103408813477,0.005717813968658447,False,False,completed,True
v_d86a4852b9a610b4e2ac,a motorcycle accelerating to gain speed,direct_exclude,end,0.9552143812179565,0.962374746799469,0.9675717353820801,0.8991079330444336,0.8637837171554565,0.03532421588897705,0.007160365581512451,-0.012357354164123535,False,False,completed,True
v_e7e6381187b3421f31f4,a zebra taking a peaceful walk,direct_exclude,end,0.9758050441741943,0.9746530055999756,0.978863000869751,0.9502309560775757,0.9302955865859985,0.01993536949157715,0.00115203857421875,-0.0030579566955566406,False,False,completed,True
v_e84cd21f77767e064452,an elephant running to join a herd of its kind,direct_exclude,end,0.8868926167488098,0.8877243399620056,0.8368258476257324,0.9618316292762756,0.8885460495948792,0.07328557968139648,0.0008317232131958008,0.05006676912307739,False,False,completed,True
v_f762ed821ba1fba906af,a zebra bending down to drink water from a river,direct_exclude,end,0.9867092370986938,0.9840869903564453,0.9880254864692688,0.9777792096138,0.9480886459350586,0.029690563678741455,0.002622246742248535,-0.0013162493705749512,False,False,completed,True
v_f993f14cdb34fb8383ef,a zebra bending down to drink water from a river,direct_exclude,end,0.9814218878746033,0.9779977798461914,0.9812358617782593,0.9786093235015869,0.949225664138794,0.02938365936279297,0.0034241080284118652,0.00018602609634399414,False,False,completed,True
v_fb03b6a21df9c0a51627,a cow running to join a herd of its kind,direct_exclude,end,0.9514460563659668,0.9475567936897278,0.8565947413444519,0.9386007189750671,0.8990365862846375,0.03956413269042969,0.0038892626762390137,0.09485131502151489,False,False,completed,True
v_fc9b39a4b047b2db243c,an elephant spraying itself with water using its trunk to cool down,direct_exclude,end,0.9950287342071533,0.9928710460662842,0.9955645799636841,0.9937685132026672,0.9836510419845581,0.01011747121810913,0.0021576881408691406,-0.0005358457565307617,False,False,completed,True
v_fef8070abcd8dcd3af47,a zebra taking a peaceful walk,direct_exclude,end,0.9282910823822021,0.9271188378334045,0.931766152381897,0.8663416504859924,0.8492788076400757,0.017062842845916748,0.0011722445487976074,-0.0034750699996948242,False,False,completed,True
v_075ccc862d1b2d4936f0,an elephant running to join a herd of its kind,hybrid_zero,end,0.9630889296531677,0.9626673460006714,0.894788384437561,0.9417819976806641,0.9125940799713135,0.029187917709350586,0.0004215836524963379,0.06830054521560669,False,False,completed,True
v_0925f4496cf55ade8e5d,an elephant spraying itself with water using its trunk to cool down,hybrid_zero,end,0.98935467004776,0.9893707633018494,0.8955968618392944,0.9881947040557861,0.9761687517166138,0.012025952339172363,1.609325408935547e-05,0.09375780820846558,False,False,completed,True
v_0a1a6db568841167f9e8,a truck turning a corner,hybrid_zero,end,0.8892853260040283,0.8900756239891052,0.7812804579734802,0.8972001075744629,0.8594269752502441,0.03777313232421875,0.0007902979850769043,0.1080048680305481,False,False,completed,True
v_10d250e1b4b4a6ec0a82,a cow running to join a herd of its kind,hybrid_zero,end,0.9591885805130005,0.9504749178886414,0.9236222505569458,0.9442958235740662,0.8866966962814331,0.05759912729263306,0.00871366262435913,0.03556632995605469,False,False,completed,True
v_125269dc5fc640751fa4,a zebra running to join a herd of its kind,hybrid_zero,end,0.9697616100311279,0.9695433378219604,0.8282681703567505,0.9459475874900818,0.9209982752799988,0.024949312210083008,0.00021827220916748047,0.14149343967437744,False,False,completed,True
v_13502c1b9c959957b46a,a zebra taking a peaceful walk,hybrid_zero,end,0.9967139363288879,0.9923980236053467,0.8768337965011597,0.997106671333313,0.9701316952705383,0.026974976062774658,0.00431591272354126,0.11988013982772827,False,False,completed,True
v_1814b4d5b25ffa156aa6,an elephant running to join a herd of its kind,hybrid_zero,end,0.9690490961074829,0.9671028852462769,0.9121795892715454,0.9329218864440918,0.9184552431106567,0.014466643333435059,0.0019462108612060547,0.0568695068359375,False,False,completed,True
v_22506cf5d5a1e6088fc8,a truck slowing down to stop,hybrid_zero,end,0.8691954612731934,0.8726717233657837,0.8061376214027405,0.7584022879600525,0.7216018438339233,0.03680044412612915,0.003476262092590332,0.06305783987045288,False,False,completed,True
v_2ac6cf025d5e88563949,a zebra running to join a herd of its kind,hybrid_zero,end,0.9500249624252319,0.9489102959632874,0.8465942740440369,0.9185127019882202,0.8926328420639038,0.025879859924316406,0.00111466646194458,0.10343068838119507,False,False,completed,True
v_2fbefa11a17758f1cd8f,a zebra taking a peaceful walk,hybrid_zero,end,0.9445307850837708,0.9363166689872742,0.884256899356842,0.9212554693222046,0.865848958492279,0.05540651082992554,0.008214116096496582,0.06027388572692871,False,False,completed,True
v_304f65b790cd089803d4,a zebra bending down to drink water from a river,hybrid_zero,end,0.9545856714248657,0.9544408917427063,0.8552672266960144,0.9624999761581421,0.9155685901641846,0.04693138599395752,0.00014477968215942383,0.09931844472885132,False,False,completed,True
v_34025bb5b4d01c898f92,a motorcycle accelerating to gain speed,hybrid_zero,end,0.9564681053161621,0.9534339904785156,0.883955717086792,0.9416208267211914,0.9245672225952148,0.017053604125976562,0.0030341148376464844,0.07251238822937012,False,False,completed,True
v_355010ce10f66a681b88,a truck turning a corner,hybrid_zero,end,0.9635376334190369,0.9633699059486389,0.8707231283187866,0.9169105887413025,0.8987459540367126,0.018164634704589844,0.00016772747039794922,0.09281450510025024,False,False,completed,True
v_35d320b87cf1354b75ab,a zebra running to join a herd of its kind,hybrid_zero,end,0.9588550925254822,0.9567580819129944,0.8188185691833496,0.9490302205085754,0.9194382429122925,0.02959197759628296,0.002097010612487793,0.14003652334213257,False,False,completed,True
v_38ae4c230155beb1b259,a zebra taking a peaceful walk,hybrid_zero,end,0.9856873154640198,0.9845624566078186,0.8388893604278564,0.98517906665802,0.9694452881813049,0.015733778476715088,0.0011248588562011719,0.14679795503616333,False,False,completed,True
v_3b6ddfc07cc98fcf9fa0,an elephant running to join a herd of its kind,hybrid_zero,end,0.9880058169364929,0.9875017404556274,0.8966148495674133,0.9849029779434204,0.973126232624054,0.011776745319366455,0.0005040764808654785,0.09139096736907959,False,False,completed,True
v_427171327cff517973ed,a zebra bending down to drink water from a river,hybrid_zero,end,0.9852167367935181,0.9824205636978149,0.8740968108177185,0.9767624139785767,0.9532622694969177,0.023500144481658936,0.002796173095703125,0.11111992597579956,False,False,completed,True
v_4719caef96c8df794757,an elephant running to join a herd of its kind,hybrid_zero,end,0.9782639741897583,0.9781497120857239,0.9050304293632507,0.969979465007782,0.951078474521637,0.01890099048614502,0.00011426210403442383,0.07323354482650757,False,False,completed,True
v_4d76a76426a219a5f1bb,a zebra bending down to drink water from a river,hybrid_zero,end,0.9782224893569946,0.9725940823554993,0.8771933317184448,0.9762669801712036,0.9565730094909668,0.019693970680236816,0.005628407001495361,0.1010291576385498,False,False,completed,True
v_4e7cf3a0868b1b118f55,a zebra running to join a herd of its kind,hybrid_zero,end,0.9522103071212769,0.9490439295768738,0.8510646224021912,0.9482232928276062,0.9272955060005188,0.020927786827087402,0.003166377544403076,0.1011456847190857,False,False,completed,True
v_4f8abc7bb931501fb862,a truck slowing down to stop,hybrid_zero,end,0.9940704703330994,0.9174073338508606,0.9872376918792725,0.9710509777069092,0.8902120590209961,0.08083891868591309,0.07666313648223877,0.006832778453826904,False,False,completed,False
v_4ff816e35ca1960d8058,an elephant running to join a herd of its kind,hybrid_zero,end,0.9646567702293396,0.9639571309089661,0.873253345489502,0.9487122297286987,0.9080891013145447,0.04062312841415405,0.0006996393203735352,0.09140342473983765,False,False,completed,True
v_50b265d3f9ccf281a518,an elephant spraying itself with water using its trunk to cool down,hybrid_zero,end,0.9901018142700195,0.9867482781410217,0.8899114727973938,0.9922862648963928,0.9785178899765015,0.013768374919891357,0.0033535361289978027,0.10019034147262573,False,False,completed,True
v_53b3d43654788945925c,a zebra running to join a herd of its kind,hybrid_zero,end,0.972172737121582,0.966837465763092,0.8503832817077637,0.9581042528152466,0.9268553853034973,0.031248867511749268,0.00533527135848999,0.12178945541381836,False,False,completed,True
v_55a4f07d56cda7470760,an elephant running to join a herd of its kind,hybrid_zero,end,0.9789860844612122,0.9765464663505554,0.8906877636909485,0.9713909029960632,0.956760823726654,0.01463007926940918,0.0024396181106567383,0.08829832077026367,False,False,completed,True
v_6015d56a898aa0948639,a zebra bending down to drink water from a river,hybrid_zero,end,0.9817591905593872,0.9808995127677917,0.8903136849403381,0.9774531722068787,0.960985004901886,0.016468167304992676,0.000859677791595459,0.09144550561904907,False,False,completed,True
v_67c0894760111d0087b6,a motorcycle accelerating to gain speed,hybrid_zero,end,0.92059326171875,0.8995251059532166,0.8641311526298523,0.7869536280632019,0.7222900986671448,0.06466352939605713,0.021068155765533447,0.056462109088897705,False,False,completed,True
v_6bee77846ce628e11d94,an elephant spraying itself with water using its trunk to cool down,hybrid_zero,end,0.9835841059684753,0.9725855588912964,0.9124661087989807,0.9801599383354187,0.9561365842819214,0.024023354053497314,0.010998547077178955,0.07111799716949463,False,False,completed,True
v_6d2af08e0301e767c719,a cow running to join a herd of its kind,hybrid_zero,end,0.9381388425827026,0.9370498061180115,0.8566553592681885,0.871242880821228,0.8244655132293701,0.04677736759185791,0.0010890364646911621,0.08148348331451416,False,False,completed,True
v_6ee4476dec8615e1535f,a zebra bending down to drink water from a river,hybrid_zero,end,0.9657285213470459,0.9652350544929504,0.8752553462982178,0.964434027671814,0.945604145526886,0.01882988214492798,0.000493466854095459,0.09047317504882812,False,False,completed,True
v_74d5bd9982ed49689599,a truck turning a corner,hybrid_zero,end,0.9701874256134033,0.9666604995727539,0.885837733745575,0.9252806901931763,0.8873496651649475,0.03793102502822876,0.003526926040649414,0.08434969186782837,False,False,completed,True
v_795022cc03907dc7489e,an elephant spraying itself with water using its trunk to cool down,hybrid_zero,end,0.9523473978042603,0.9556096196174622,0.8726125955581665,0.9006173610687256,0.8737503290176392,0.026867032051086426,0.0032622218132019043,0.07973480224609375,False,False,completed,True
v_7959de66f76bf5fc41d9,a zebra bending down to drink water from a river,hybrid_zero,end,0.9828632473945618,0.9825477600097656,0.8975850939750671,0.9712667465209961,0.9615597724914551,0.009706974029541016,0.0003154873847961426,0.08527815341949463,False,False,completed,True
v_82dc1689fd289adcc0d2,a zebra taking a peaceful walk,hybrid_zero,end,0.9778921008110046,0.9779738783836365,0.8726552128791809,0.9754855632781982,0.9541710615158081,0.021314501762390137,8.177757263183594e-05,0.10523688793182373,False,False,completed,True
v_88720509dffa7aea9e30,a zebra bending down to drink water from a river,hybrid_zero,end,0.9738063216209412,0.9746159315109253,0.8722180128097534,0.9799759387969971,0.9562161564826965,0.023759782314300537,0.0008096098899841309,0.10158830881118774,False,False,completed,True
v_8887acf562b32cc84023,a zebra bending down to drink water from a river,hybrid_zero,end,0.9334750771522522,0.9291933178901672,0.9284638166427612,0.9226030707359314,0.8901192545890808,0.032483816146850586,0.004281759262084961,0.005011260509490967,False,False,completed,True
v_8dca194984971f0a1124,a truck turning a corner,hybrid_zero,end,0.9337459802627563,0.910952091217041,0.8866170048713684,0.8681207299232483,0.8163687586784363,0.05175197124481201,0.022793889045715332,0.04712897539138794,False,False,completed,True
v_8e6a21dfeb7a106dae22,a zebra taking a peaceful walk,hybrid_zero,end,0.9760703444480896,0.9665769338607788,0.8995466232299805,0.9702401757240295,0.9479666352272034,0.022273540496826172,0.009493410587310791,0.07652372121810913,False,False,completed,True
v_a18cdea6bd26987ddbc4,a cow running to join a herd of its kind,hybrid_zero,end,0.9762948155403137,0.9735273122787476,0.8676193952560425,0.9539317488670349,0.9332334995269775,0.020698249340057373,0.002767503261566162,0.10867542028427124,False,False,completed,True
v_a3b6d576bc5c5ef3517f,a zebra running to join a herd of its kind,hybrid_zero,end,0.9438295960426331,0.9409621953964233,0.8534680008888245,0.9383728504180908,0.9237409234046936,0.014631927013397217,0.002867400646209717,0.0903615951538086,False,False,completed,True
v_a522928f33a3f29c463c,a truck slowing down to stop,hybrid_zero,end,0.9893493056297302,0.9849706292152405,0.8840886354446411,0.9741533398628235,0.94614177942276,0.028011560440063477,0.004378676414489746,0.10526067018508911,False,False,completed,True
v_a5b4d7c4b2a095c9e6cc,an elephant running to join a herd of its kind,hybrid_zero,end,0.9817762970924377,0.973539412021637,0.904701828956604,0.9782154560089111,0.9616365432739258,0.01657891273498535,0.008236885070800781,0.07707446813583374,False,False,completed,True
v_aa14318968934ce72fb1,a zebra bending down to drink water from a river,hybrid_zero,end,0.973966121673584,0.9685501456260681,0.8758504390716553,0.9643047451972961,0.9347631931304932,0.02954155206680298,0.005415976047515869,0.09811568260192871,False,False,completed,True
v_ad2f0d6ec69f9ff90382,a zebra taking a peaceful walk,hybrid_zero,end,0.9869072437286377,0.9850053787231445,0.8824648261070251,0.9837861657142639,0.9600710272789001,0.02371513843536377,0.001901865005493164,0.10444241762161255,False,False,completed,True
v_b2657298416595015a2b,a zebra running to join a herd of its kind,hybrid_zero,end,0.9221466779708862,0.9220600724220276,0.8271874189376831,0.8821325302124023,0.8630574345588684,0.019075095653533936,8.660554885864258e-05,0.09495925903320312,False,False,completed,True
v_bc950a10e74a0a5447f1,a zebra bending down to drink water from a river,hybrid_zero,end,0.9756776690483093,0.9756262898445129,0.8762702941894531,0.9725489616394043,0.9412601590156555,0.03128880262374878,5.137920379638672e-05,0.0994073748588562,False,False,completed,True
v_bf4b3df29a9616bf26ae,a truck turning a corner,hybrid_zero,end,0.9515529870986938,0.9515625238418579,0.812262773513794,0.8850948214530945,0.8421051502227783,0.04298967123031616,9.5367431640625e-06,0.1392902135848999,False,False,completed,True
v_c41543fe72d2e5493d15,a truck slowing down to stop,hybrid_zero,end,0.9834082722663879,0.977828323841095,0.929112434387207,0.9530027508735657,0.9304072260856628,0.022595524787902832,0.005579948425292969,0.05429583787918091,False,False,completed,True
v_c424c7aceaf2046394ad,a cow running to join a herd of its kind,hybrid_zero,end,0.9763944745063782,0.9747762680053711,0.858280599117279,0.9669449329376221,0.9141339063644409,0.05281102657318115,0.00161820650100708,0.11811387538909912,False,False,completed,True
v_c4de504a244d437ac3ad,a zebra bending down to drink water from a river,hybrid_zero,end,0.9940760135650635,0.9929094910621643,0.8640923500061035,0.994841992855072,0.9568302035331726,0.038011789321899414,0.00116652250289917,0.12998366355895996,False,False,completed,True
v_cdab6ebfbdf88aa1365e,an elephant running to join a herd of its kind,hybrid_zero,end,0.9607254266738892,0.9603951573371887,0.8626618385314941,0.9530994296073914,0.9000720381736755,0.05302739143371582,0.00033026933670043945,0.09806358814239502,False,False,completed,True
v_d111e2d8975fa9b850b3,a zebra taking a peaceful walk,hybrid_zero,end,0.9483411908149719,0.9456170797348022,0.8644166588783264,0.9036860466003418,0.8825570344924927,0.02112901210784912,0.0027241110801696777,0.08392453193664551,False,False,completed,True
v_d51186bcfc23e2a780ab,a truck slowing down to stop,hybrid_zero,end,0.9643544554710388,0.9642385244369507,0.8531615734100342,0.9112410545349121,0.8839411735534668,0.027299880981445312,0.00011593103408813477,0.11119288206100464,False,False,completed,True
v_d86a4852b9a610b4e2ac,a motorcycle accelerating to gain speed,hybrid_zero,end,0.9552143812179565,0.9564398527145386,0.85988849401474,0.8991079330444336,0.8637837171554565,0.03532421588897705,0.0012254714965820312,0.09532588720321655,False,False,completed,True
v_e7e6381187b3421f31f4,a zebra taking a peaceful walk,hybrid_zero,end,0.9758050441741943,0.9746530055999756,0.8569183945655823,0.9502309560775757,0.9302955865859985,0.01993536949157715,0.00115203857421875,0.11888664960861206,False,False,completed,True
v_e84cd21f77767e064452,an elephant running to join a herd of its kind,hybrid_zero,end,0.8868926167488098,0.8883922696113586,0.8368258476257324,0.9618316292762756,0.8885460495948792,0.07328557968139648,0.0014996528625488281,0.05006676912307739,False,False,completed,True
v_f762ed821ba1fba906af,a zebra bending down to drink water from a river,hybrid_zero,end,0.9867092370986938,0.9840869903564453,0.8738681077957153,0.9777792096138,0.9480886459350586,0.029690563678741455,0.002622246742248535,0.11284112930297852,False,False,completed,True
v_f993f14cdb34fb8383ef,a zebra bending down to drink water from a river,hybrid_zero,end,0.9814218878746033,0.9779977798461914,0.8898832201957703,0.9786093235015869,0.949225664138794,0.02938365936279297,0.0034241080284118652,0.09153866767883301,False,False,completed,True
v_fb03b6a21df9c0a51627,a cow running to join a herd of its kind,hybrid_zero,end,0.9514460563659668,0.9475567936897278,0.8565947413444519,0.9386007189750671,0.8990365862846375,0.03956413269042969,0.0038892626762390137,0.09485131502151489,False,False,completed,True
v_fc9b39a4b047b2db243c,an elephant spraying itself with water using its trunk to cool down,hybrid_zero,end,0.9950287342071533,0.9928710460662842,0.9032028913497925,0.9937685132026672,0.9836510419845581,0.01011747121810913,0.0021576881408691406,0.09182584285736084,False,False,completed,True
v_fef8070abcd8dcd3af47,a zebra taking a peaceful walk,hybrid_zero,end,0.9282910823822021,0.9271188378334045,0.8012127876281738,0.8663416504859924,0.8492788076400757,0.017062842845916748,0.0011722445487976074,0.12707829475402832,False,False,completed,True
v_075ccc862d1b2d4936f0,an elephant running to join a herd of its kind,hybrid_exclude,end,0.9630889296531677,0.9626673460006714,0.894788384437561,0.9417819976806641,0.9125940799713135,0.029187917709350586,0.0004215836524963379,0.06830054521560669,False,False,completed,True
v_0925f4496cf55ade8e5d,an elephant spraying itself with water using its trunk to cool down,hybrid_exclude,end,0.98935467004776,0.9893707633018494,0.8955968618392944,0.9881947040557861,0.9761687517166138,0.012025952339172363,1.609325408935547e-05,0.09375780820846558,False,False,completed,True
v_0a1a6db568841167f9e8,a truck turning a corner,hybrid_exclude,end,0.8892853260040283,0.8900756239891052,0.7812804579734802,0.8972001075744629,0.8594269752502441,0.03777313232421875,0.0007902979850769043,0.1080048680305481,False,False,completed,True
v_10d250e1b4b4a6ec0a82,a cow running to join a herd of its kind,hybrid_exclude,end,0.9591885805130005,0.9504749178886414,0.9236222505569458,0.9442958235740662,0.8866966962814331,0.05759912729263306,0.00871366262435913,0.03556632995605469,False,False,completed,True
v_125269dc5fc640751fa4,a zebra running to join a herd of its kind,hybrid_exclude,end,0.9697616100311279,0.9695433378219604,0.8282681703567505,0.9459475874900818,0.9209982752799988,0.024949312210083008,0.00021827220916748047,0.14149343967437744,False,False,completed,True
v_13502c1b9c959957b46a,a zebra taking a peaceful walk,hybrid_exclude,end,0.9967139363288879,0.9923980236053467,0.8768337965011597,0.997106671333313,0.9701316952705383,0.026974976062774658,0.00431591272354126,0.11988013982772827,False,False,completed,True
v_1814b4d5b25ffa156aa6,an elephant running to join a herd of its kind,hybrid_exclude,end,0.9690490961074829,0.9671028852462769,0.9121795892715454,0.9329218864440918,0.9184552431106567,0.014466643333435059,0.0019462108612060547,0.0568695068359375,False,False,completed,True
v_22506cf5d5a1e6088fc8,a truck slowing down to stop,hybrid_exclude,end,0.8691954612731934,0.8726717233657837,0.8061376214027405,0.7584022879600525,0.7216018438339233,0.03680044412612915,0.003476262092590332,0.06305783987045288,False,False,completed,True
v_2ac6cf025d5e88563949,a zebra running to join a herd of its kind,hybrid_exclude,end,0.9500249624252319,0.9489102959632874,0.8465942740440369,0.9185127019882202,0.8926328420639038,0.025879859924316406,0.00111466646194458,0.10343068838119507,False,False,completed,True
v_2fbefa11a17758f1cd8f,a zebra taking a peaceful walk,hybrid_exclude,end,0.9445307850837708,0.9363166689872742,0.884256899356842,0.9212554693222046,0.865848958492279,0.05540651082992554,0.008214116096496582,0.06027388572692871,False,False,completed,True
v_304f65b790cd089803d4,a zebra bending down to drink water from a river,hybrid_exclude,end,0.9545856714248657,0.9544408917427063,0.8552672266960144,0.9624999761581421,0.9155685901641846,0.04693138599395752,0.00014477968215942383,0.09931844472885132,False,False,completed,True
v_34025bb5b4d01c898f92,a motorcycle accelerating to gain speed,hybrid_exclude,end,0.9564681053161621,0.9534339904785156,0.883955717086792,0.9416208267211914,0.9245672225952148,0.017053604125976562,0.0030341148376464844,0.07251238822937012,False,False,completed,True
v_355010ce10f66a681b88,a truck turning a corner,hybrid_exclude,end,0.9635376334190369,0.9633699059486389,0.8707231283187866,0.9169105887413025,0.8987459540367126,0.018164634704589844,0.00016772747039794922,0.09281450510025024,False,False,completed,True
v_35d320b87cf1354b75ab,a zebra running to join a herd of its kind,hybrid_exclude,end,0.9588550925254822,0.9567580819129944,0.8188185691833496,0.9490302205085754,0.9194382429122925,0.02959197759628296,0.002097010612487793,0.14003652334213257,False,False,completed,True
v_38ae4c230155beb1b259,a zebra taking a peaceful walk,hybrid_exclude,end,0.9856873154640198,0.9845624566078186,0.8388893604278564,0.98517906665802,0.9694452881813049,0.015733778476715088,0.0011248588562011719,0.14679795503616333,False,False,completed,True
v_3b6ddfc07cc98fcf9fa0,an elephant running to join a herd of its kind,hybrid_exclude,end,0.9880058169364929,0.9875017404556274,0.8966148495674133,0.9849029779434204,0.973126232624054,0.011776745319366455,0.0005040764808654785,0.09139096736907959,False,False,completed,True
v_427171327cff517973ed,a zebra bending down to drink water from a river,hybrid_exclude,end,0.9852167367935181,0.9824205636978149,0.8740968108177185,0.9767624139785767,0.9532622694969177,0.023500144481658936,0.002796173095703125,0.11111992597579956,False,False,completed,True
v_4719caef96c8df794757,an elephant running to join a herd of its kind,hybrid_exclude,end,0.9782639741897583,0.9781497120857239,0.9050304293632507,0.969979465007782,0.951078474521637,0.01890099048614502,0.00011426210403442383,0.07323354482650757,False,False,completed,True
v_4d76a76426a219a5f1bb,a zebra bending down to drink water from a river,hybrid_exclude,end,0.9782224893569946,0.9725940823554993,0.8771933317184448,0.9762669801712036,0.9565730094909668,0.019693970680236816,0.005628407001495361,0.1010291576385498,False,False,completed,True
v_4e7cf3a0868b1b118f55,a zebra running to join a herd of its kind,hybrid_exclude,end,0.9522103071212769,0.9490439295768738,0.8510646224021912,0.9482232928276062,0.9272955060005188,0.020927786827087402,0.003166377544403076,0.1011456847190857,False,False,completed,True
v_4f8abc7bb931501fb862,a truck slowing down to stop,hybrid_exclude,end,0.9940704703330994,0.9174073338508606,0.9872376918792725,0.9710509777069092,0.8902120590209961,0.08083891868591309,0.07666313648223877,0.006832778453826904,False,False,completed,False
v_4ff816e35ca1960d8058,an elephant running to join a herd of its kind,hybrid_exclude,end,0.9646567702293396,0.9639571309089661,0.873253345489502,0.9487122297286987,0.9080891013145447,0.04062312841415405,0.0006996393203735352,0.09140342473983765,False,False,completed,True
v_50b265d3f9ccf281a518,an elephant spraying itself with water using its trunk to cool down,hybrid_exclude,end,0.9901018142700195,0.9867482781410217,0.8899114727973938,0.9922862648963928,0.9785178899765015,0.013768374919891357,0.0033535361289978027,0.10019034147262573,False,False,completed,True
v_53b3d43654788945925c,a zebra running to join a herd of its kind,hybrid_exclude,end,0.972172737121582,0.966837465763092,0.8503832817077637,0.9581042528152466,0.9268553853034973,0.031248867511749268,0.00533527135848999,0.12178945541381836,False,False,completed,True
v_55a4f07d56cda7470760,an elephant running to join a herd of its kind,hybrid_exclude,end,0.9789860844612122,0.9765464663505554,0.8906877636909485,0.9713909029960632,0.956760823726654,0.01463007926940918,0.0024396181106567383,0.08829832077026367,False,False,completed,True
v_6015d56a898aa0948639,a zebra bending down to drink water from a river,hybrid_exclude,end,0.9817591905593872,0.9808995127677917,0.8903136849403381,0.9774531722068787,0.960985004901886,0.016468167304992676,0.000859677791595459,0.09144550561904907,False,False,completed,True
v_67c0894760111d0087b6,a motorcycle accelerating to gain speed,hybrid_exclude,end,0.92059326171875,0.8995251059532166,0.8641311526298523,0.7869536280632019,0.7222900986671448,0.06466352939605713,0.021068155765533447,0.056462109088897705,False,False,completed,True
v_6bee77846ce628e11d94,an elephant spraying itself with water using its trunk to cool down,hybrid_exclude,end,0.9835841059684753,0.9725855588912964,0.9124661087989807,0.9801599383354187,0.9561365842819214,0.024023354053497314,0.010998547077178955,0.07111799716949463,False,False,completed,True
v_6d2af08e0301e767c719,a cow running to join a herd of its kind,hybrid_exclude,end,0.9381388425827026,0.9370498061180115,0.8566553592681885,0.871242880821228,0.8244655132293701,0.04677736759185791,0.0010890364646911621,0.08148348331451416,False,False,completed,True
v_6ee4476dec8615e1535f,a zebra bending down to drink water from a river,hybrid_exclude,end,0.9657285213470459,0.9652350544929504,0.8752553462982178,0.964434027671814,0.945604145526886,0.01882988214492798,0.000493466854095459,0.09047317504882812,False,False,completed,True
v_74d5bd9982ed49689599,a truck turning a corner,hybrid_exclude,end,0.9701874256134033,0.9666604995727539,0.885837733745575,0.9252806901931763,0.8873496651649475,0.03793102502822876,0.003526926040649414,0.08434969186782837,False,False,completed,True
v_795022cc03907dc7489e,an elephant spraying itself with water using its trunk to cool down,hybrid_exclude,end,0.9523473978042603,0.9556096196174622,0.8726125955581665,0.9006173610687256,0.8737503290176392,0.026867032051086426,0.0032622218132019043,0.07973480224609375,False,False,completed,True
v_7959de66f76bf5fc41d9,a zebra bending down to drink water from a river,hybrid_exclude,end,0.9828632473945618,0.9825477600097656,0.8975850939750671,0.9712667465209961,0.9615597724914551,0.009706974029541016,0.0003154873847961426,0.08527815341949463,False,False,completed,True
v_82dc1689fd289adcc0d2,a zebra taking a peaceful walk,hybrid_exclude,end,0.9778921008110046,0.9779738783836365,0.8726552128791809,0.9754855632781982,0.9541710615158081,0.021314501762390137,8.177757263183594e-05,0.10523688793182373,False,False,completed,True
v_88720509dffa7aea9e30,a zebra bending down to drink water from a river,hybrid_exclude,end,0.9738063216209412,0.9746159315109253,0.8722180128097534,0.9799759387969971,0.9562161564826965,0.023759782314300537,0.0008096098899841309,0.10158830881118774,False,False,completed,True
v_8887acf562b32cc84023,a zebra bending down to drink water from a river,hybrid_exclude,end,0.9334750771522522,0.9291933178901672,0.9284638166427612,0.9226030707359314,0.8901192545890808,0.032483816146850586,0.004281759262084961,0.005011260509490967,False,False,completed,True
v_8dca194984971f0a1124,a truck turning a corner,hybrid_exclude,end,0.9337459802627563,0.910952091217041,0.8866170048713684,0.8681207299232483,0.8163687586784363,0.05175197124481201,0.022793889045715332,0.04712897539138794,False,False,completed,True
v_8e6a21dfeb7a106dae22,a zebra taking a peaceful walk,hybrid_exclude,end,0.9760703444480896,0.9665769338607788,0.8995466232299805,0.9702401757240295,0.9479666352272034,0.022273540496826172,0.009493410587310791,0.07652372121810913,False,False,completed,True
v_a18cdea6bd26987ddbc4,a cow running to join a herd of its kind,hybrid_exclude,end,0.9762948155403137,0.9735273122787476,0.8676193952560425,0.9539317488670349,0.9332334995269775,0.020698249340057373,0.002767503261566162,0.10867542028427124,False,False,completed,True
v_a3b6d576bc5c5ef3517f,a zebra running to join a herd of its kind,hybrid_exclude,end,0.9438295960426331,0.9409621953964233,0.8534680008888245,0.9383728504180908,0.9237409234046936,0.014631927013397217,0.002867400646209717,0.0903615951538086,False,False,completed,True
v_a522928f33a3f29c463c,a truck slowing down to stop,hybrid_exclude,end,0.9893493056297302,0.9849706292152405,0.8840886354446411,0.9741533398628235,0.94614177942276,0.028011560440063477,0.004378676414489746,0.10526067018508911,False,False,completed,True
v_a5b4d7c4b2a095c9e6cc,an elephant running to join a herd of its kind,hybrid_exclude,end,0.9817762970924377,0.973539412021637,0.904701828956604,0.9782154560089111,0.9616365432739258,0.01657891273498535,0.008236885070800781,0.07707446813583374,False,False,completed,True
v_aa14318968934ce72fb1,a zebra bending down to drink water from a river,hybrid_exclude,end,0.973966121673584,0.9685501456260681,0.8758504390716553,0.9643047451972961,0.9347631931304932,0.02954155206680298,0.005415976047515869,0.09811568260192871,False,False,completed,True
v_ad2f0d6ec69f9ff90382,a zebra taking a peaceful walk,hybrid_exclude,end,0.9869072437286377,0.9850053787231445,0.8824648261070251,0.9837861657142639,0.9600710272789001,0.02371513843536377,0.001901865005493164,0.10444241762161255,False,False,completed,True
v_b2657298416595015a2b,a zebra running to join a herd of its kind,hybrid_exclude,end,0.9221466779708862,0.9220600724220276,0.8271874189376831,0.8821325302124023,0.8630574345588684,0.019075095653533936,8.660554885864258e-05,0.09495925903320312,False,False,completed,True
v_bc950a10e74a0a5447f1,a zebra bending down to drink water from a river,hybrid_exclude,end,0.9756776690483093,0.9756262898445129,0.8762702941894531,0.9725489616394043,0.9412601590156555,0.03128880262374878,5.137920379638672e-05,0.0994073748588562,False,False,completed,True
v_bf4b3df29a9616bf26ae,a truck turning a corner,hybrid_exclude,end,0.9515529870986938,0.9515625238418579,0.812262773513794,0.8850948214530945,0.8421051502227783,0.04298967123031616,9.5367431640625e-06,0.1392902135848999,False,False,completed,True
v_c41543fe72d2e5493d15,a truck slowing down to stop,hybrid_exclude,end,0.9834082722663879,0.977828323841095,0.929112434387207,0.9530027508735657,0.9304072260856628,0.022595524787902832,0.005579948425292969,0.05429583787918091,False,False,completed,True
v_c424c7aceaf2046394ad,a cow running to join a herd of its kind,hybrid_exclude,end,0.9763944745063782,0.9747762680053711,0.858280599117279,0.9669449329376221,0.9141339063644409,0.05281102657318115,0.00161820650100708,0.11811387538909912,False,False,completed,True
v_c4de504a244d437ac3ad,a zebra bending down to drink water from a river,hybrid_exclude,end,0.9940760135650635,0.9929094910621643,0.8640923500061035,0.994841992855072,0.9568302035331726,0.038011789321899414,0.00116652250289917,0.12998366355895996,False,False,completed,True
v_cdab6ebfbdf88aa1365e,an elephant running to join a herd of its kind,hybrid_exclude,end,0.9607254266738892,0.9603951573371887,0.8626618385314941,0.9530994296073914,0.9000720381736755,0.05302739143371582,0.00033026933670043945,0.09806358814239502,False,False,completed,True
v_d111e2d8975fa9b850b3,a zebra taking a peaceful walk,hybrid_exclude,end,0.9483411908149719,0.9456170797348022,0.8644166588783264,0.9036860466003418,0.8825570344924927,0.02112901210784912,0.0027241110801696777,0.08392453193664551,False,False,completed,True
v_d51186bcfc23e2a780ab,a truck slowing down to stop,hybrid_exclude,end,0.9643544554710388,0.9642385244369507,0.8531615734100342,0.9112410545349121,0.8839411735534668,0.027299880981445312,0.00011593103408813477,0.11119288206100464,False,False,completed,True
v_d86a4852b9a610b4e2ac,a motorcycle accelerating to gain speed,hybrid_exclude,end,0.9552143812179565,0.9564398527145386,0.85988849401474,0.8991079330444336,0.8637837171554565,0.03532421588897705,0.0012254714965820312,0.09532588720321655,False,False,completed,True
v_e7e6381187b3421f31f4,a zebra taking a peaceful walk,hybrid_exclude,end,0.9758050441741943,0.9746530055999756,0.8569183945655823,0.9502309560775757,0.9302955865859985,0.01993536949157715,0.00115203857421875,0.11888664960861206,False,False,completed,True
v_e84cd21f77767e064452,an elephant running to join a herd of its kind,hybrid_exclude,end,0.8868926167488098,0.8883922696113586,0.8368258476257324,0.9618316292762756,0.8885460495948792,0.07328557968139648,0.0014996528625488281,0.05006676912307739,False,False,completed,True
v_f762ed821ba1fba906af,a zebra bending down to drink water from a river,hybrid_exclude,end,0.9867092370986938,0.9840869903564453,0.8738681077957153,0.9777792096138,0.9480886459350586,0.029690563678741455,0.002622246742248535,0.11284112930297852,False,False,completed,True
v_f993f14cdb34fb8383ef,a zebra bending down to drink water from a river,hybrid_exclude,end,0.9814218878746033,0.9779977798461914,0.8898832201957703,0.9786093235015869,0.949225664138794,0.02938365936279297,0.0034241080284118652,0.09153866767883301,False,False,completed,True
v_fb03b6a21df9c0a51627,a cow running to join a herd of its kind,hybrid_exclude,end,0.9514460563659668,0.9475567936897278,0.8565947413444519,0.9386007189750671,0.8990365862846375,0.03956413269042969,0.0038892626762390137,0.09485131502151489,False,False,completed,True
v_fc9b39a4b047b2db243c,an elephant spraying itself with water using its trunk to cool down,hybrid_exclude,end,0.9950287342071533,0.9928710460662842,0.9032028913497925,0.9937685132026672,0.9836510419845581,0.01011747121810913,0.0021576881408691406,0.09182584285736084,False,False,completed,True
v_fef8070abcd8dcd3af47,a zebra taking a peaceful walk,hybrid_exclude,end,0.9282910823822021,0.9271188378334045,0.8012127876281738,0.8663416504859924,0.8492788076400757,0.017062842845916748,0.0011722445487976074,0.12707829475402832,False,False,completed,True
v_075ccc862d1b2d4936f0,an elephant running to join a herd of its kind,direct_zero,full,0.9630889296531677,0.9637928009033203,0.7118555903434753,0.9417819976806641,0.9233042597770691,0.01847773790359497,0.0007038712501525879,0.2512333393096924,False,False,completed,True
v_0925f4496cf55ade8e5d,an elephant spraying itself with water using its trunk to cool down,direct_zero,full,0.98935467004776,0.9859561324119568,0.0,0.9881947040557861,0.9836013317108154,0.004593372344970703,0.0033985376358032227,0.98935467004776,False,False,completed,True
v_0a1a6db568841167f9e8,a truck turning a corner,direct_zero,full,0.7832257747650146,0.7816762924194336,0.0,0.8972001075744629,0.8692931532859802,0.027906954288482666,0.0015494823455810547,0.7832257747650146,False,False,completed,True
v_10d250e1b4b4a6ec0a82,a cow running to join a herd of its kind,direct_zero,full,0.9591885805130005,0.950831949710846,0.946668267250061,0.9442958235740662,0.8874951601028442,0.056800663471221924,0.008356630802154541,0.012520313262939453,False,False,completed,True
v_125269dc5fc640751fa4,a zebra running to join a herd of its kind,direct_zero,full,0.9697616100311279,0.967099666595459,0.0,0.9459475874900818,0.9362865686416626,0.00966101884841919,0.0026619434356689453,0.9697616100311279,False,False,completed,True
v_13502c1b9c959957b46a,a zebra taking a peaceful walk,direct_zero,full,0.9967139363288879,0.9937735199928284,0.0,0.997106671333313,0.9953308701515198,0.0017758011817932129,0.0029404163360595703,0.9967139363288879,False,False,completed,True
v_1814b4d5b25ffa156aa6,an elephant running to join a herd of its kind,direct_zero,full,0.9690490961074829,0.9616236090660095,0.9115368723869324,0.9329218864440918,0.9039114713668823,0.029010415077209473,0.007425487041473389,0.05751222372055054,False,False,completed,True
v_22506cf5d5a1e6088fc8,a truck slowing down to stop,direct_zero,full,0.8691954612731934,0.10808487981557846,0.006284437607973814,0.7584022879600525,0.7037761807441711,0.05462610721588135,0.7611105814576149,0.8629110236652195,False,False,completed,True
v_2ac6cf025d5e88563949,a zebra running to join a herd of its kind,direct_zero,full,0.9500249624252319,0.9479466676712036,0.0,0.9185127019882202,0.908402144908905,0.010110557079315186,0.0020782947540283203,0.9500249624252319,False,False,completed,True
v_2fbefa11a17758f1cd8f,a zebra taking a peaceful walk,direct_zero,full,0.9445307850837708,0.932489275932312,0.07710560411214828,0.9212554693222046,0.8593088984489441,0.0619465708732605,0.01204150915145874,0.8674251809716225,False,False,completed,True
v_304f65b790cd089803d4,a zebra bending down to drink water from a river,direct_zero,full,0.9545856714248657,0.957909345626831,0.0,0.9624999761581421,0.9374666213989258,0.02503335475921631,0.003323674201965332,0.9545856714248657,False,False,completed,True
v_34025bb5b4d01c898f92,a motorcycle accelerating to gain speed,direct_zero,full,0.9564681053161621,0.9573060274124146,0.025330424308776855,0.9416208267211914,0.9331719875335693,0.00844883918762207,0.0008379220962524414,0.9311376810073853,False,False,completed,True
v_355010ce10f66a681b88,a truck turning a corner,direct_zero,full,0.9635376334190369,0.9557371139526367,0.0,0.9169105887413025,0.8804896473884583,0.03642094135284424,0.0078005194664001465,0.9635376334190369,False,False,completed,True
v_35d320b87cf1354b75ab,a zebra running to join a herd of its kind,direct_zero,full,0.9588550925254822,0.9559038281440735,0.0,0.9490302205085754,0.9358428716659546,0.01318734884262085,0.0029512643814086914,0.9588550925254822,False,False,completed,True
v_38ae4c230155beb1b259,a zebra taking a peaceful walk,direct_zero,full,0.9856873154640198,0.9825600385665894,0.0,0.98517906665802,0.9824274778366089,0.002751588821411133,0.00312727689743042,0.9856873154640198,False,False,completed,True
v_3b6ddfc07cc98fcf9fa0,an elephant running to join a herd of its kind,direct_zero,full,0.9880058169364929,0.98699551820755,0.9688981175422668,0.9849029779434204,0.9830094575881958,0.0018935203552246094,0.001010298728942871,0.019107699394226074,False,False,completed,True
v_427171327cff517973ed,a zebra bending down to drink water from a river,direct_zero,full,0.9852167367935181,0.982820451259613,0.0,0.9767624139785767,0.977234423160553,0.00047200918197631836,0.0023962855339050293,0.9852167367935181,False,False,completed,True
v_4719caef96c8df794757,an elephant running to join a herd of its kind,direct_zero,full,0.9782639741897583,0.9780817627906799,0.9723594188690186,0.969979465007782,0.9565557241439819,0.013423740863800049,0.00018221139907836914,0.005904555320739746,False,False,completed,True
v_4d76a76426a219a5f1bb,a zebra bending down to drink water from a river,direct_zero,full,0.9782224893569946,0.9724812507629395,0.0,0.9762669801712036,0.9634717106819153,0.01279526948928833,0.005741238594055176,0.9782224893569946,False,False,completed,True
v_4e7cf3a0868b1b118f55,a zebra running to join a herd of its kind,direct_zero,full,0.9522103071212769,0.9513775110244751,0.006689202040433884,0.9482232928276062,0.9397503137588501,0.008472979068756104,0.0008327960968017578,0.945521105080843,False,False,completed,True
v_4f8abc7bb931501fb862,a truck slowing down to stop,direct_zero,full,0.9940704703330994,0.09622322767972946,0.7210494875907898,0.9710509777069092,0.8031775951385498,0.16787338256835938,0.8978472426533699,0.27302098274230957,False,False,completed,False
v_4ff816e35ca1960d8058,an elephant running to join a herd of its kind,direct_zero,full,0.9646567702293396,0.9657918810844421,0.9558073282241821,0.9487122297286987,0.9138226509094238,0.0348895788192749,0.001135110855102539,0.00884944200515747,False,False,completed,True
v_50b265d3f9ccf281a518,an elephant spraying itself with water using its trunk to cool down,direct_zero,full,0.9901018142700195,0.9821205139160156,0.024088256061077118,0.9922862648963928,0.9816789031028748,0.010607361793518066,0.007981300354003906,0.9660135582089424,False,False,completed,True
v_53b3d43654788945925c,a zebra running to join a herd of its kind,direct_zero,full,0.972172737121582,0.9659293293952942,0.0,0.9581042528152466,0.9479726552963257,0.010131597518920898,0.006243407726287842,0.972172737121582,False,False,completed,True
v_55a4f07d56cda7470760,an elephant running to join a herd of its kind,direct_zero,full,0.9789860844612122,0.9744212627410889,0.11372437328100204,0.9713909029960632,0.9526375532150269,0.018753349781036377,0.004564821720123291,0.8652617111802101,False,False,completed,True
v_6015d56a898aa0948639,a zebra bending down to drink water from a river,direct_zero,full,0.9817591905593872,0.8490908145904541,0.01775573380291462,0.9774531722068787,0.8736631870269775,0.10378998517990112,0.1326683759689331,0.9640034567564726,False,False,completed,True
v_67c0894760111d0087b6,a motorcycle accelerating to gain speed,direct_zero,full,0.92059326171875,0.6057820320129395,0.0,0.7869536280632019,0.689889132976532,0.09706449508666992,0.31481122970581055,0.92059326171875,False,False,completed,True
v_6bee77846ce628e11d94,an elephant spraying itself with water using its trunk to cool down,direct_zero,full,0.9835841059684753,0.9619455933570862,0.025657447054982185,0.9801599383354187,0.9388158917427063,0.0413440465927124,0.02163851261138916,0.9579266589134932,False,False,completed,True
v_6d2af08e0301e767c719,a cow running to join a herd of its kind,direct_zero,full,0.9381388425827026,0.4315803647041321,0.7098916172981262,0.871242880821228,0.838407576084137,0.032835304737091064,0.5065584778785706,0.22824722528457642,False,False,completed,True
v_6ee4476dec8615e1535f,a zebra bending down to drink water from a river,direct_zero,full,0.9657285213470459,0.9664966464042664,0.0,0.964434027671814,0.9547008275985718,0.009733200073242188,0.000768125057220459,0.9657285213470459,False,False,completed,True
v_74d5bd9982ed49689599,a truck turning a corner,direct_zero,full,0.9701874256134033,0.9664615988731384,0.0,0.9252806901931763,0.9020600914955139,0.023220598697662354,0.0037258267402648926,0.9701874256134033,False,False,completed,True
v_795022cc03907dc7489e,an elephant spraying itself with water using its trunk to cool down,direct_zero,full,0.24734899401664734,0.19295546412467957,0.0,0.9006173610687256,0.8631811738014221,0.03743618726730347,0.05439352989196777,0.24734899401664734,False,False,completed,True
v_7959de66f76bf5fc41d9,a zebra bending down to drink water from a river,direct_zero,full,0.9828632473945618,0.9835904836654663,0.0,0.9712667465209961,0.9709627032279968,0.0003040432929992676,0.000727236270904541,0.9828632473945618,False,False,completed,True
v_82dc1689fd289adcc0d2,a zebra taking a peaceful walk,direct_zero,full,0.9778921008110046,0.9762724041938782,0.0,0.9754855632781982,0.9703700542449951,0.005115509033203125,0.0016196966171264648,0.9778921008110046,False,False,completed,True
v_88720509dffa7aea9e30,a zebra bending down to drink water from a river,direct_zero,full,0.9738063216209412,0.975801944732666,0.0,0.9799759387969971,0.9782142639160156,0.0017616748809814453,0.0019956231117248535,0.9738063216209412,False,False,completed,True
v_8887acf562b32cc84023,a zebra bending down to drink water from a river,direct_zero,full,0.9334750771522522,0.784343421459198,0.6982315182685852,0.9226030707359314,0.6945277452468872,0.2280753254890442,0.1491316556930542,0.235243558883667,False,False,completed,True
v_8dca194984971f0a1124,a truck turning a corner,direct_zero,full,0.9337459802627563,0.8145501613616943,0.0077390666119754314,0.8681207299232483,0.8238972425460815,0.04422348737716675,0.11919581890106201,0.9260069136507809,False,False,completed,True
v_8e6a21dfeb7a106dae22,a zebra taking a peaceful walk,direct_zero,full,0.9760703444480896,0.9525863528251648,0.3919130265712738,0.9702401757240295,0.9304856061935425,0.03975456953048706,0.023483991622924805,0.5841573178768158,False,False,completed,True
v_a18cdea6bd26987ddbc4,a cow running to join a herd of its kind,direct_zero,full,0.8598477840423584,0.6450327038764954,0.0,0.9539317488670349,0.9428060054779053,0.011125743389129639,0.21481508016586304,0.8598477840423584,False,False,completed,True
v_a3b6d576bc5c5ef3517f,a zebra running to join a herd of its kind,direct_zero,full,0.9438295960426331,0.9417574405670166,0.007153941784054041,0.9383728504180908,0.9361687302589417,0.00220412015914917,0.002072155475616455,0.936675654258579,False,False,completed,True
v_a522928f33a3f29c463c,a truck slowing down to stop,direct_zero,full,0.9893493056297302,0.9868515729904175,0.0,0.9741533398628235,0.9649631381034851,0.009190201759338379,0.002497732639312744,0.9893493056297302,False,False,completed,True
v_a5b4d7c4b2a095c9e6cc,an elephant running to join a herd of its kind,direct_zero,full,0.9817762970924377,0.9109083414077759,0.1674436777830124,0.9782154560089111,0.9476838707923889,0.030531585216522217,0.07086795568466187,0.8143326193094254,False,False,completed,True
v_aa14318968934ce72fb1,a zebra bending down to drink water from a river,direct_zero,full,0.973966121673584,0.9714815020561218,0.0,0.9643047451972961,0.950544536113739,0.013760209083557129,0.002484619617462158,0.973966121673584,False,False,completed,True
v_ad2f0d6ec69f9ff90382,a zebra taking a peaceful walk,direct_zero,full,0.9869072437286377,0.9831065535545349,0.0,0.9837861657142639,0.9782508015632629,0.0055353641510009766,0.003800690174102783,0.9869072437286377,False,False,completed,True
v_b2657298416595015a2b,a zebra running to join a herd of its kind,direct_zero,full,0.9221466779708862,0.9198029041290283,0.0,0.8821325302124023,0.8621799945831299,0.01995253562927246,0.00234377384185791,0.9221466779708862,False,False,completed,True
v_bc950a10e74a0a5447f1,a zebra bending down to drink water from a river,direct_zero,full,0.9756776690483093,0.9794477820396423,0.0,0.9725489616394043,0.9469428062438965,0.025606155395507812,0.003770112991333008,0.9756776690483093,False,False,completed,True
v_bf4b3df29a9616bf26ae,a truck turning a corner,direct_zero,full,0.9515529870986938,0.9501442313194275,0.0,0.8850948214530945,0.8501486778259277,0.03494614362716675,0.0014087557792663574,0.9515529870986938,False,False,completed,True
v_c41543fe72d2e5493d15,a truck slowing down to stop,direct_zero,full,0.9834082722663879,0.9748174548149109,0.027362864464521408,0.9530027508735657,0.9237692952156067,0.029233455657958984,0.00859081745147705,0.9560454078018665,False,False,completed,True
v_c424c7aceaf2046394ad,a cow running to join a herd of its kind,direct_zero,full,0.9763944745063782,0.9737188816070557,0.9749438762664795,0.9669449329376221,0.9551412463188171,0.011803686618804932,0.0026755928993225098,0.0014505982398986816,False,False,completed,True
v_c4de504a244d437ac3ad,a zebra bending down to drink water from a river,direct_zero,full,0.9940760135650635,0.9885706901550293,0.0,0.994841992855072,0.9643702507019043,0.030471742153167725,0.00550532341003418,0.9940760135650635,False,False,completed,True
v_cdab6ebfbdf88aa1365e,an elephant running to join a herd of its kind,direct_zero,full,0.9607254266738892,0.959537923336029,0.3585118055343628,0.9530994296073914,0.9017230272293091,0.051376402378082275,0.0011875033378601074,0.6022136211395264,False,False,completed,True
v_d111e2d8975fa9b850b3,a zebra taking a peaceful walk,direct_zero,full,0.9483411908149719,0.8208001852035522,0.021477025002241135,0.9036860466003418,0.8675845265388489,0.03610152006149292,0.12754100561141968,0.9268641658127308,False,False,completed,True
v_d51186bcfc23e2a780ab,a truck slowing down to stop,direct_zero,full,0.9643544554710388,0.9853122234344482,0.0,0.9112410545349121,0.9163993000984192,0.00515824556350708,0.020957767963409424,0.9643544554710388,False,False,completed,True
v_d86a4852b9a610b4e2ac,a motorcycle accelerating to gain speed,direct_zero,full,0.9552143812179565,0.8383951187133789,0.0,0.8991079330444336,0.8500323295593262,0.04907560348510742,0.11681926250457764,0.9552143812179565,False,False,completed,True
v_e7e6381187b3421f31f4,a zebra taking a peaceful walk,direct_zero,full,0.9758050441741943,0.9677420258522034,0.0,0.9502309560775757,0.93987637758255,0.010354578495025635,0.008063018321990967,0.9758050441741943,False,False,completed,True
v_e84cd21f77767e064452,an elephant running to join a herd of its kind,direct_zero,full,0.8868926167488098,0.3436408042907715,0.4208254814147949,0.9618316292762756,0.9133031964302063,0.048528432846069336,0.5432518124580383,0.4660671353340149,False,False,completed,True
v_f762ed821ba1fba906af,a zebra bending down to drink water from a river,direct_zero,full,0.9867092370986938,0.9752819538116455,0.0,0.9777792096138,0.9546422958374023,0.023136913776397705,0.01142728328704834,0.9867092370986938,False,False,completed,True
v_f993f14cdb34fb8383ef,a zebra bending down to drink water from a river,direct_zero,full,0.9814218878746033,0.9831737875938416,0.0,0.9786093235015869,0.9750251770019531,0.003584146499633789,0.0017518997192382812,0.9814218878746033,False,False,completed,True
v_fb03b6a21df9c0a51627,a cow running to join a herd of its kind,direct_zero,full,0.9514460563659668,0.9373438358306885,0.9198408722877502,0.9386007189750671,0.8907336592674255,0.0478670597076416,0.01410222053527832,0.03160518407821655,False,False,completed,True
v_fc9b39a4b047b2db243c,an elephant spraying itself with water using its trunk to cool down,direct_zero,full,0.9950287342071533,0.9885954856872559,0.00824547465890646,0.9937685132026672,0.986674427986145,0.007094085216522217,0.006433248519897461,0.9867832595482469,False,False,completed,True
v_fef8070abcd8dcd3af47,a zebra taking a peaceful walk,direct_zero,full,0.9282910823822021,0.8705177903175354,0.0,0.8663416504859924,0.7958204746246338,0.07052117586135864,0.05777329206466675,0.9282910823822021,False,False,completed,True
v_075ccc862d1b2d4936f0,an elephant running to join a herd of its kind,direct_exclude,full,0.9630889296531677,0.9637928009033203,0.9387106895446777,0.9417819976806641,0.9233042597770691,0.01847773790359497,0.0007038712501525879,0.02437824010848999,False,False,completed,True
v_0925f4496cf55ade8e5d,an elephant spraying itself with water using its trunk to cool down,direct_exclude,full,0.98935467004776,0.9859561324119568,,0.9881947040557861,0.9836013317108154,0.004593372344970703,0.0033985376358032227,,False,False,completed,True
v_0a1a6db568841167f9e8,a truck turning a corner,direct_exclude,full,0.8951151967048645,0.8933442831039429,,0.8972001075744629,0.8692931532859802,0.027906954288482666,0.0017709136009216309,,False,False,completed,True
v_10d250e1b4b4a6ec0a82,a cow running to join a herd of its kind,direct_exclude,full,0.9591885805130005,0.950831949710846,0.946668267250061,0.9442958235740662,0.8874951601028442,0.056800663471221924,0.008356630802154541,0.012520313262939453,False,False,completed,True
v_125269dc5fc640751fa4,a zebra running to join a herd of its kind,direct_exclude,full,0.9697616100311279,0.967099666595459,,0.9459475874900818,0.9362865686416626,0.00966101884841919,0.0026619434356689453,,False,False,completed,True
v_13502c1b9c959957b46a,a zebra taking a peaceful walk,direct_exclude,full,0.9967139363288879,0.9937735199928284,,0.997106671333313,0.9953308701515198,0.0017758011817932129,0.0029404163360595703,,False,False,completed,True
v_1814b4d5b25ffa156aa6,an elephant running to join a herd of its kind,direct_exclude,full,0.9690490961074829,0.9616236090660095,0.9115368723869324,0.9329218864440918,0.9039114713668823,0.029010415077209473,0.007425487041473389,0.05751222372055054,False,False,completed,True
v_22506cf5d5a1e6088fc8,a truck slowing down to stop,direct_exclude,full,0.8691954612731934,0.8646790385246277,0.7541324496269226,0.7584022879600525,0.7037761807441711,0.05462610721588135,0.004516422748565674,0.11506301164627075,False,False,completed,True
v_2ac6cf025d5e88563949,a zebra running to join a herd of its kind,direct_exclude,full,0.9500249624252319,0.9479466676712036,,0.9185127019882202,0.908402144908905,0.010110557079315186,0.0020782947540283203,,False,False,completed,True
v_2fbefa11a17758f1cd8f,a zebra taking a peaceful walk,direct_exclude,full,0.9445307850837708,0.932489275932312,0.925267219543457,0.9212554693222046,0.8593088984489441,0.0619465708732605,0.01204150915145874,0.01926356554031372,False,False,completed,True
v_304f65b790cd089803d4,a zebra bending down to drink water from a river,direct_exclude,full,0.9545856714248657,0.957909345626831,,0.9624999761581421,0.9374666213989258,0.02503335475921631,0.003323674201965332,,False,False,completed,True
v_34025bb5b4d01c898f92,a motorcycle accelerating to gain speed,direct_exclude,full,0.9564681053161621,0.9573060274124146,0.8916309475898743,0.9416208267211914,0.9331719875335693,0.00844883918762207,0.0008379220962524414,0.06483715772628784,False,False,completed,True
v_355010ce10f66a681b88,a truck turning a corner,direct_exclude,full,0.9635376334190369,0.9557371139526367,,0.9169105887413025,0.8804896473884583,0.03642094135284424,0.0078005194664001465,,False,False,completed,True
v_35d320b87cf1354b75ab,a zebra running to join a herd of its kind,direct_exclude,full,0.9588550925254822,0.9559038281440735,,0.9490302205085754,0.9358428716659546,0.01318734884262085,0.0029512643814086914,,False,False,completed,True
v_38ae4c230155beb1b259,a zebra taking a peaceful walk,direct_exclude,full,0.9856873154640198,0.9825600385665894,,0.98517906665802,0.9824274778366089,0.002751588821411133,0.00312727689743042,,False,False,completed,True
v_3b6ddfc07cc98fcf9fa0,an elephant running to join a herd of its kind,direct_exclude,full,0.9880058169364929,0.98699551820755,0.9688981175422668,0.9849029779434204,0.9830094575881958,0.0018935203552246094,0.001010298728942871,0.019107699394226074,False,False,completed,True
v_427171327cff517973ed,a zebra bending down to drink water from a river,direct_exclude,full,0.9852167367935181,0.982820451259613,,0.9767624139785767,0.977234423160553,0.00047200918197631836,0.0023962855339050293,,False,False,completed,True
v_4719caef96c8df794757,an elephant running to join a herd of its kind,direct_exclude,full,0.9782639741897583,0.9780817627906799,0.9723594188690186,0.969979465007782,0.9565557241439819,0.013423740863800049,0.00018221139907836914,0.005904555320739746,False,False,completed,True
v_4d76a76426a219a5f1bb,a zebra bending down to drink water from a river,direct_exclude,full,0.9782224893569946,0.9724812507629395,,0.9762669801712036,0.9634717106819153,0.01279526948928833,0.005741238594055176,,False,False,completed,True
v_4e7cf3a0868b1b118f55,a zebra running to join a herd of its kind,direct_exclude,full,0.9522103071212769,0.9513775110244751,0.8027042150497437,0.9482232928276062,0.9397503137588501,0.008472979068756104,0.0008327960968017578,0.1495060920715332,False,False,completed,True
v_4f8abc7bb931501fb862,a truck slowing down to stop,direct_exclude,full,0.9940704703330994,0.923742949962616,0.937719464302063,0.9710509777069092,0.8031775951385498,0.16787338256835938,0.0703275203704834,0.05635100603103638,False,False,completed,False
v_4ff816e35ca1960d8058,an elephant running to join a herd of its kind,direct_exclude,full,0.9646567702293396,0.9657918810844421,0.9558073282241821,0.9487122297286987,0.9138226509094238,0.0348895788192749,0.001135110855102539,0.00884944200515747,False,False,completed,True
v_50b265d3f9ccf281a518,an elephant spraying itself with water using its trunk to cool down,direct_exclude,full,0.9901018142700195,0.9821205139160156,0.9635302424430847,0.9922862648963928,0.9816789031028748,0.010607361793518066,0.007981300354003906,0.026571571826934814,False,False,completed,True
v_53b3d43654788945925c,a zebra running to join a herd of its kind,direct_exclude,full,0.972172737121582,0.9659293293952942,,0.9581042528152466,0.9479726552963257,0.010131597518920898,0.006243407726287842,,False,False,completed,True
v_55a4f07d56cda7470760,an elephant running to join a herd of its kind,direct_exclude,full,0.9789860844612122,0.9744212627410889,0.9097949862480164,0.9713909029960632,0.9526375532150269,0.018753349781036377,0.004564821720123291,0.0691910982131958,False,False,completed,True
v_6015d56a898aa0948639,a zebra bending down to drink water from a river,direct_exclude,full,0.9817591905593872,0.9641289114952087,0.9375026822090149,0.9774531722068787,0.8736631870269775,0.10378998517990112,0.017630279064178467,0.044256508350372314,False,False,completed,True
v_67c0894760111d0087b6,a motorcycle accelerating to gain speed,direct_exclude,full,0.92059326171875,0.9319722056388855,,0.7869536280632019,0.689889132976532,0.09706449508666992,0.011378943920135498,,False,False,completed,True
v_6bee77846ce628e11d94,an elephant spraying itself with water using its trunk to cool down,direct_exclude,full,0.9835841059684753,0.9619455933570862,0.9031421542167664,0.9801599383354187,0.9388158917427063,0.0413440465927124,0.02163851261138916,0.08044195175170898,False,False,completed,True
v_6d2af08e0301e767c719,a cow running to join a herd of its kind,direct_exclude,full,0.9381388425827026,0.9416298270225525,0.9361206889152527,0.871242880821228,0.838407576084137,0.032835304737091064,0.0034909844398498535,0.002018153667449951,False,False,completed,True
v_6ee4476dec8615e1535f,a zebra bending down to drink water from a river,direct_exclude,full,0.9657285213470459,0.9664966464042664,,0.964434027671814,0.9547008275985718,0.009733200073242188,0.000768125057220459,,False,False,completed,True
v_74d5bd9982ed49689599,a truck turning a corner,direct_exclude,full,0.9701874256134033,0.9664615988731384,,0.9252806901931763,0.9020600914955139,0.023220598697662354,0.0037258267402648926,,False,False,completed,True
v_795022cc03907dc7489e,an elephant spraying itself with water using its trunk to cool down,direct_exclude,full,0.960296094417572,0.9702904224395752,,0.9006173610687256,0.8631811738014221,0.03743618726730347,0.009994328022003174,,False,False,completed,True
v_7959de66f76bf5fc41d9,a zebra bending down to drink water from a river,direct_exclude,full,0.9828632473945618,0.9835904836654663,,0.9712667465209961,0.9709627032279968,0.0003040432929992676,0.000727236270904541,,False,False,completed,True
v_82dc1689fd289adcc0d2,a zebra taking a peaceful walk,direct_exclude,full,0.9778921008110046,0.9762724041938782,,0.9754855632781982,0.9703700542449951,0.005115509033203125,0.0016196966171264648,,False,False,completed,True
v_88720509dffa7aea9e30,a zebra bending down to drink water from a river,direct_exclude,full,0.9738063216209412,0.975801944732666,,0.9799759387969971,0.9782142639160156,0.0017616748809814453,0.0019956231117248535,,False,False,completed,True
v_8887acf562b32cc84023,a zebra bending down to drink water from a river,direct_exclude,full,0.9334750771522522,0.8963924646377563,0.9207448959350586,0.9226030707359314,0.6945277452468872,0.2280753254890442,0.03708261251449585,0.012730181217193604,False,False,completed,True
v_8dca194984971f0a1124,a truck turning a corner,direct_exclude,full,0.9337459802627563,0.9309144616127014,0.9286879301071167,0.8681207299232483,0.8238972425460815,0.04422348737716675,0.0028315186500549316,0.0050580501556396484,False,False,completed,True
v_8e6a21dfeb7a106dae22,a zebra taking a peaceful walk,direct_exclude,full,0.9760703444480896,0.9525863528251648,0.8958011865615845,0.9702401757240295,0.9304856061935425,0.03975456953048706,0.023483991622924805,0.08026915788650513,False,False,completed,True
v_a18cdea6bd26987ddbc4,a cow running to join a herd of its kind,direct_exclude,full,0.9763433337211609,0.9703056216239929,,0.9539317488670349,0.9428060054779053,0.011125743389129639,0.006037712097167969,,False,False,completed,True
v_a3b6d576bc5c5ef3517f,a zebra running to join a herd of its kind,direct_exclude,full,0.9438295960426331,0.9417574405670166,0.8584729433059692,0.9383728504180908,0.9361687302589417,0.00220412015914917,0.002072155475616455,0.08535665273666382,False,False,completed,True
v_a522928f33a3f29c463c,a truck slowing down to stop,direct_exclude,full,0.9893493056297302,0.9868515729904175,,0.9741533398628235,0.9649631381034851,0.009190201759338379,0.002497732639312744,,False,False,completed,True
v_a5b4d7c4b2a095c9e6cc,an elephant running to join a herd of its kind,direct_exclude,full,0.9817762970924377,0.9696765542030334,0.8420024514198303,0.9782154560089111,0.9476838707923889,0.030531585216522217,0.012099742889404297,0.13977384567260742,False,False,completed,True
v_aa14318968934ce72fb1,a zebra bending down to drink water from a river,direct_exclude,full,0.973966121673584,0.9714815020561218,,0.9643047451972961,0.950544536113739,0.013760209083557129,0.002484619617462158,,False,False,completed,True
v_ad2f0d6ec69f9ff90382,a zebra taking a peaceful walk,direct_exclude,full,0.9869072437286377,0.9831065535545349,,0.9837861657142639,0.9782508015632629,0.0055353641510009766,0.003800690174102783,,False,False,completed,True
v_b2657298416595015a2b,a zebra running to join a herd of its kind,direct_exclude,full,0.9221466779708862,0.9198029041290283,,0.8821325302124023,0.8621799945831299,0.01995253562927246,0.00234377384185791,,False,False,completed,True
v_bc950a10e74a0a5447f1,a zebra bending down to drink water from a river,direct_exclude,full,0.9756776690483093,0.9794477820396423,,0.9725489616394043,0.9469428062438965,0.025606155395507812,0.003770112991333008,,False,False,completed,True
v_bf4b3df29a9616bf26ae,a truck turning a corner,direct_exclude,full,0.9515529870986938,0.9501442313194275,,0.8850948214530945,0.8501486778259277,0.03494614362716675,0.0014087557792663574,,False,False,completed,True
v_c41543fe72d2e5493d15,a truck slowing down to stop,direct_exclude,full,0.9834082722663879,0.9748174548149109,0.9631728529930115,0.9530027508735657,0.9237692952156067,0.029233455657958984,0.00859081745147705,0.020235419273376465,False,False,completed,True
v_c424c7aceaf2046394ad,a cow running to join a herd of its kind,direct_exclude,full,0.9763944745063782,0.9737188816070557,0.9749438762664795,0.9669449329376221,0.9551412463188171,0.011803686618804932,0.0026755928993225098,0.0014505982398986816,False,False,completed,True
v_c4de504a244d437ac3ad,a zebra bending down to drink water from a river,direct_exclude,full,0.9940760135650635,0.9885706901550293,,0.994841992855072,0.9643702507019043,0.030471742153167725,0.00550532341003418,,False,False,completed,True
v_cdab6ebfbdf88aa1365e,an elephant running to join a herd of its kind,direct_exclude,full,0.9607254266738892,0.959537923336029,0.9560315608978271,0.9530994296073914,0.9017230272293091,0.051376402378082275,0.0011875033378601074,0.004693865776062012,False,False,completed,True
v_d111e2d8975fa9b850b3,a zebra taking a peaceful walk,direct_exclude,full,0.9483411908149719,0.9380573630332947,0.859080970287323,0.9036860466003418,0.8675845265388489,0.03610152006149292,0.010283827781677246,0.08926022052764893,False,False,completed,True
v_d51186bcfc23e2a780ab,a truck slowing down to stop,direct_exclude,full,0.9643544554710388,0.9853122234344482,,0.9112410545349121,0.9163993000984192,0.00515824556350708,0.020957767963409424,,False,False,completed,True
v_d86a4852b9a610b4e2ac,a motorcycle accelerating to gain speed,direct_exclude,full,0.9552143812179565,0.9581658244132996,,0.8991079330444336,0.8500323295593262,0.04907560348510742,0.0029514431953430176,,False,False,completed,True
v_e7e6381187b3421f31f4,a zebra taking a peaceful walk,direct_exclude,full,0.9758050441741943,0.9677420258522034,,0.9502309560775757,0.93987637758255,0.010354578495025635,0.008063018321990967,,False,False,completed,True
v_e84cd21f77767e064452,an elephant running to join a herd of its kind,direct_exclude,full,0.8868926167488098,0.9163753986358643,0.9181646704673767,0.9618316292762756,0.9133031964302063,0.048528432846069336,0.029482781887054443,-0.031272053718566895,False,False,completed,True
v_f762ed821ba1fba906af,a zebra bending down to drink water from a river,direct_exclude,full,0.9867092370986938,0.9752819538116455,,0.9777792096138,0.9546422958374023,0.023136913776397705,0.01142728328704834,,False,False,completed,True
v_f993f14cdb34fb8383ef,a zebra bending down to drink water from a river,direct_exclude,full,0.9814218878746033,0.9831737875938416,,0.9786093235015869,0.9750251770019531,0.003584146499633789,0.0017518997192382812,,False,False,completed,True
v_fb03b6a21df9c0a51627,a cow running to join a herd of its kind,direct_exclude,full,0.9514460563659668,0.9373438358306885,0.9198408722877502,0.9386007189750671,0.8907336592674255,0.0478670597076416,0.01410222053527832,0.03160518407821655,False,False,completed,True
v_fc9b39a4b047b2db243c,an elephant spraying itself with water using its trunk to cool down,direct_exclude,full,0.9950287342071533,0.9885954856872559,0.9894568920135498,0.9937685132026672,0.986674427986145,0.007094085216522217,0.006433248519897461,0.005571842193603516,False,False,completed,True
v_fef8070abcd8dcd3af47,a zebra taking a peaceful walk,direct_exclude,full,0.9282910823822021,0.9266802072525024,,0.8663416504859924,0.7958204746246338,0.07052117586135864,0.001610875129699707,,False,False,completed,True
v_075ccc862d1b2d4936f0,an elephant running to join a herd of its kind,hybrid_zero,full,0.9630889296531677,0.9637928009033203,0.9341803789138794,0.9417819976806641,0.9233042597770691,0.01847773790359497,0.0007038712501525879,0.02890855073928833,False,False,completed,True
v_0925f4496cf55ade8e5d,an elephant spraying itself with water using its trunk to cool down,hybrid_zero,full,0.98935467004776,0.9859561324119568,0.0,0.9881947040557861,0.9836013317108154,0.004593372344970703,0.0033985376358032227,0.98935467004776,False,False,completed,True
v_0a1a6db568841167f9e8,a truck turning a corner,hybrid_zero,full,0.8892853260040283,0.8895561099052429,0.0,0.8972001075744629,0.8692931532859802,0.027906954288482666,0.0002707839012145996,0.8892853260040283,False,False,completed,True
v_10d250e1b4b4a6ec0a82,a cow running to join a herd of its kind,hybrid_zero,full,0.9591885805130005,0.950831949710846,0.946668267250061,0.9442958235740662,0.8874951601028442,0.056800663471221924,0.008356630802154541,0.012520313262939453,False,False,completed,True
v_125269dc5fc640751fa4,a zebra running to join a herd of its kind,hybrid_zero,full,0.9697616100311279,0.967099666595459,0.0,0.9459475874900818,0.9362865686416626,0.00966101884841919,0.0026619434356689453,0.9697616100311279,False,False,completed,True
v_13502c1b9c959957b46a,a zebra taking a peaceful walk,hybrid_zero,full,0.9967139363288879,0.9937735199928284,0.0,0.997106671333313,0.9953308701515198,0.0017758011817932129,0.0029404163360595703,0.9967139363288879,False,False,completed,True
v_1814b4d5b25ffa156aa6,an elephant running to join a herd of its kind,hybrid_zero,full,0.9690490961074829,0.9616236090660095,0.9115368723869324,0.9329218864440918,0.9039114713668823,0.029010415077209473,0.007425487041473389,0.05751222372055054,False,False,completed,True
v_22506cf5d5a1e6088fc8,a truck slowing down to stop,hybrid_zero,full,0.8691954612731934,0.8120987415313721,0.8251031637191772,0.7584022879600525,0.7037761807441711,0.05462610721588135,0.05709671974182129,0.04409229755401611,False,False,completed,True
v_2ac6cf025d5e88563949,a zebra running to join a herd of its kind,hybrid_zero,full,0.9500249624252319,0.9479466676712036,0.0,0.9185127019882202,0.908402144908905,0.010110557079315186,0.0020782947540283203,0.9500249624252319,False,False,completed,True
v_2fbefa11a17758f1cd8f,a zebra taking a peaceful walk,hybrid_zero,full,0.9445307850837708,0.932489275932312,0.840241551399231,0.9212554693222046,0.8593088984489441,0.0619465708732605,0.01204150915145874,0.1042892336845398,False,False,completed,True
v_304f65b790cd089803d4,a zebra bending down to drink water from a river,hybrid_zero,full,0.9545856714248657,0.957909345626831,0.0,0.9624999761581421,0.9374666213989258,0.02503335475921631,0.003323674201965332,0.9545856714248657,False,False,completed,True
v_34025bb5b4d01c898f92,a motorcycle accelerating to gain speed,hybrid_zero,full,0.9564681053161621,0.9573060274124146,0.9400704503059387,0.9416208267211914,0.9331719875335693,0.00844883918762207,0.0008379220962524414,0.01639765501022339,False,False,completed,True
v_355010ce10f66a681b88,a truck turning a corner,hybrid_zero,full,0.9635376334190369,0.9557371139526367,0.0,0.9169105887413025,0.8804896473884583,0.03642094135284424,0.0078005194664001465,0.9635376334190369,False,False,completed,True
v_35d320b87cf1354b75ab,a zebra running to join a herd of its kind,hybrid_zero,full,0.9588550925254822,0.9559038281440735,0.0,0.9490302205085754,0.9358428716659546,0.01318734884262085,0.0029512643814086914,0.9588550925254822,False,False,completed,True
v_38ae4c230155beb1b259,a zebra taking a peaceful walk,hybrid_zero,full,0.9856873154640198,0.9825600385665894,0.0,0.98517906665802,0.9824274778366089,0.002751588821411133,0.00312727689743042,0.9856873154640198,False,False,completed,True
v_3b6ddfc07cc98fcf9fa0,an elephant running to join a herd of its kind,hybrid_zero,full,0.9880058169364929,0.98699551820755,0.9688981175422668,0.9849029779434204,0.9830094575881958,0.0018935203552246094,0.001010298728942871,0.019107699394226074,False,False,completed,True
v_427171327cff517973ed,a zebra bending down to drink water from a river,hybrid_zero,full,0.9852167367935181,0.982820451259613,0.0,0.9767624139785767,0.977234423160553,0.00047200918197631836,0.0023962855339050293,0.9852167367935181,False,False,completed,True
v_4719caef96c8df794757,an elephant running to join a herd of its kind,hybrid_zero,full,0.9782639741897583,0.9780817627906799,0.9723594188690186,0.969979465007782,0.9565557241439819,0.013423740863800049,0.00018221139907836914,0.005904555320739746,False,False,completed,True
v_4d76a76426a219a5f1bb,a zebra bending down to drink water from a river,hybrid_zero,full,0.9782224893569946,0.9724812507629395,0.0,0.9762669801712036,0.9634717106819153,0.01279526948928833,0.005741238594055176,0.9782224893569946,False,False,completed,True
v_4e7cf3a0868b1b118f55,a zebra running to join a herd of its kind,hybrid_zero,full,0.9522103071212769,0.9513775110244751,0.7908125519752502,0.9482232928276062,0.9397503137588501,0.008472979068756104,0.0008327960968017578,0.1613977551460266,False,False,completed,True
v_4f8abc7bb931501fb862,a truck slowing down to stop,hybrid_zero,full,0.9940704703330994,0.8386722207069397,0.936494767665863,0.9710509777069092,0.8031775951385498,0.16787338256835938,0.15539824962615967,0.05757570266723633,False,False,completed,False
v_4ff816e35ca1960d8058,an elephant running to join a herd of its kind,hybrid_zero,full,0.9646567702293396,0.9657918810844421,0.9558073282241821,0.9487122297286987,0.9138226509094238,0.0348895788192749,0.001135110855102539,0.00884944200515747,False,False,completed,True
v_50b265d3f9ccf281a518,an elephant spraying itself with water using its trunk to cool down,hybrid_zero,full,0.9901018142700195,0.9821205139160156,0.9570270776748657,0.9922862648963928,0.9816789031028748,0.010607361793518066,0.007981300354003906,0.03307473659515381,False,False,completed,True
v_53b3d43654788945925c,a zebra running to join a herd of its kind,hybrid_zero,full,0.972172737121582,0.9659293293952942,0.0,0.9581042528152466,0.9479726552963257,0.010131597518920898,0.006243407726287842,0.972172737121582,False,False,completed,True
v_55a4f07d56cda7470760,an elephant running to join a herd of its kind,hybrid_zero,full,0.9789860844612122,0.9744212627410889,0.9340406060218811,0.9713909029960632,0.9526375532150269,0.018753349781036377,0.004564821720123291,0.044945478439331055,False,False,completed,True
v_6015d56a898aa0948639,a zebra bending down to drink water from a river,hybrid_zero,full,0.9817591905593872,0.9320734143257141,0.9030917882919312,0.9774531722068787,0.8736631870269775,0.10378998517990112,0.049685776233673096,0.07866740226745605,False,False,completed,True
v_67c0894760111d0087b6,a motorcycle accelerating to gain speed,hybrid_zero,full,0.92059326171875,0.8708193898200989,0.8075004816055298,0.7869536280632019,0.689889132976532,0.09706449508666992,0.04977387189865112,0.11309278011322021,False,False,completed,True
v_6bee77846ce628e11d94,an elephant spraying itself with water using its trunk to cool down,hybrid_zero,full,0.9835841059684753,0.9619455933570862,0.9367436170578003,0.9801599383354187,0.9388158917427063,0.0413440465927124,0.02163851261138916,0.04684048891067505,False,False,completed,True
v_6d2af08e0301e767c719,a cow running to join a herd of its kind,hybrid_zero,full,0.9381388425827026,0.9235877394676208,0.895754337310791,0.871242880821228,0.838407576084137,0.032835304737091064,0.014551103115081787,0.04238450527191162,False,False,completed,True
v_6ee4476dec8615e1535f,a zebra bending down to drink water from a river,hybrid_zero,full,0.9657285213470459,0.9664966464042664,0.0,0.964434027671814,0.9547008275985718,0.009733200073242188,0.000768125057220459,0.9657285213470459,False,False,completed,True
v_74d5bd9982ed49689599,a truck turning a corner,hybrid_zero,full,0.9701874256134033,0.9664615988731384,0.0,0.9252806901931763,0.9020600914955139,0.023220598697662354,0.0037258267402648926,0.9701874256134033,False,False,completed,True
v_795022cc03907dc7489e,an elephant spraying itself with water using its trunk to cool down,hybrid_zero,full,0.9523473978042603,0.9549708962440491,0.0,0.9006173610687256,0.8631811738014221,0.03743618726730347,0.0026234984397888184,0.9523473978042603,False,False,completed,True
v_7959de66f76bf5fc41d9,a zebra bending down to drink water from a river,hybrid_zero,full,0.9828632473945618,0.9835904836654663,0.0,0.9712667465209961,0.9709627032279968,0.0003040432929992676,0.000727236270904541,0.9828632473945618,False,False,completed,True
v_82dc1689fd289adcc0d2,a zebra taking a peaceful walk,hybrid_zero,full,0.9778921008110046,0.9762724041938782,0.0,0.9754855632781982,0.9703700542449951,0.005115509033203125,0.0016196966171264648,0.9778921008110046,False,False,completed,True
v_88720509dffa7aea9e30,a zebra bending down to drink water from a river,hybrid_zero,full,0.9738063216209412,0.975801944732666,0.0,0.9799759387969971,0.9782142639160156,0.0017616748809814453,0.0019956231117248535,0.9738063216209412,False,False,completed,True
v_8887acf562b32cc84023,a zebra bending down to drink water from a river,hybrid_zero,full,0.9334750771522522,0.8849603533744812,0.8826104998588562,0.9226030707359314,0.6945277452468872,0.2280753254890442,0.048514723777770996,0.050864577293395996,False,False,completed,True
v_8dca194984971f0a1124,a truck turning a corner,hybrid_zero,full,0.9337459802627563,0.9071764349937439,0.7891877293586731,0.8681207299232483,0.8238972425460815,0.04422348737716675,0.02656954526901245,0.14455825090408325,False,False,completed,True
v_8e6a21dfeb7a106dae22,a zebra taking a peaceful walk,hybrid_zero,full,0.9760703444480896,0.9525863528251648,0.8557877540588379,0.9702401757240295,0.9304856061935425,0.03975456953048706,0.023483991622924805,0.12028259038925171,False,False,completed,True
v_a18cdea6bd26987ddbc4,a cow running to join a herd of its kind,hybrid_zero,full,0.9762948155403137,0.9703521728515625,0.0,0.9539317488670349,0.9428060054779053,0.011125743389129639,0.005942642688751221,0.9762948155403137,False,False,completed,True
v_a3b6d576bc5c5ef3517f,a zebra running to join a herd of its kind,hybrid_zero,full,0.9438295960426331,0.9417574405670166,0.661942720413208,0.9383728504180908,0.9361687302589417,0.00220412015914917,0.002072155475616455,0.28188687562942505,False,False,completed,True
v_a522928f33a3f29c463c,a truck slowing down to stop,hybrid_zero,full,0.9893493056297302,0.9868515729904175,0.0,0.9741533398628235,0.9649631381034851,0.009190201759338379,0.002497732639312744,0.9893493056297302,False,False,completed,True
v_a5b4d7c4b2a095c9e6cc,an elephant running to join a herd of its kind,hybrid_zero,full,0.9817762970924377,0.9698933959007263,0.8907252550125122,0.9782154560089111,0.9476838707923889,0.030531585216522217,0.011882901191711426,0.09105104207992554,False,False,completed,True
v_aa14318968934ce72fb1,a zebra bending down to drink water from a river,hybrid_zero,full,0.973966121673584,0.9714815020561218,0.0,0.9643047451972961,0.950544536113739,0.013760209083557129,0.002484619617462158,0.973966121673584,False,False,completed,True
v_ad2f0d6ec69f9ff90382,a zebra taking a peaceful walk,hybrid_zero,full,0.9869072437286377,0.9831065535545349,0.0,0.9837861657142639,0.9782508015632629,0.0055353641510009766,0.003800690174102783,0.9869072437286377,False,False,completed,True
v_b2657298416595015a2b,a zebra running to join a herd of its kind,hybrid_zero,full,0.9221466779708862,0.9198029041290283,0.0,0.8821325302124023,0.8621799945831299,0.01995253562927246,0.00234377384185791,0.9221466779708862,False,False,completed,True
v_bc950a10e74a0a5447f1,a zebra bending down to drink water from a river,hybrid_zero,full,0.9756776690483093,0.9794477820396423,0.0,0.9725489616394043,0.9469428062438965,0.025606155395507812,0.003770112991333008,0.9756776690483093,False,False,completed,True
v_bf4b3df29a9616bf26ae,a truck turning a corner,hybrid_zero,full,0.9515529870986938,0.9501442313194275,0.0,0.8850948214530945,0.8501486778259277,0.03494614362716675,0.0014087557792663574,0.9515529870986938,False,False,completed,True
v_c41543fe72d2e5493d15,a truck slowing down to stop,hybrid_zero,full,0.9834082722663879,0.9748174548149109,0.9610150456428528,0.9530027508735657,0.9237692952156067,0.029233455657958984,0.00859081745147705,0.022393226623535156,False,False,completed,True
v_c424c7aceaf2046394ad,a cow running to join a herd of its kind,hybrid_zero,full,0.9763944745063782,0.9737188816070557,0.9749438762664795,0.9669449329376221,0.9551412463188171,0.011803686618804932,0.0026755928993225098,0.0014505982398986816,False,False,completed,True
v_c4de504a244d437ac3ad,a zebra bending down to drink water from a river,hybrid_zero,full,0.9940760135650635,0.9885706901550293,0.0,0.994841992855072,0.9643702507019043,0.030471742153167725,0.00550532341003418,0.9940760135650635,False,False,completed,True
v_cdab6ebfbdf88aa1365e,an elephant running to join a herd of its kind,hybrid_zero,full,0.9607254266738892,0.959537923336029,0.9531014561653137,0.9530994296073914,0.9017230272293091,0.051376402378082275,0.0011875033378601074,0.0076239705085754395,False,False,completed,True
v_d111e2d8975fa9b850b3,a zebra taking a peaceful walk,hybrid_zero,full,0.9483411908149719,0.9140529036521912,0.7889702320098877,0.9036860466003418,0.8675845265388489,0.03610152006149292,0.03428828716278076,0.15937095880508423,False,False,completed,True
v_d51186bcfc23e2a780ab,a truck slowing down to stop,hybrid_zero,full,0.9643544554710388,0.9853122234344482,0.8611374497413635,0.9112410545349121,0.9163993000984192,0.00515824556350708,0.020957767963409424,0.10321700572967529,False,False,completed,True
v_d86a4852b9a610b4e2ac,a motorcycle accelerating to gain speed,hybrid_zero,full,0.9552143812179565,0.953667402267456,0.0,0.8991079330444336,0.8500323295593262,0.04907560348510742,0.0015469789505004883,0.9552143812179565,False,False,completed,True
v_e7e6381187b3421f31f4,a zebra taking a peaceful walk,hybrid_zero,full,0.9758050441741943,0.9677420258522034,0.0,0.9502309560775757,0.93987637758255,0.010354578495025635,0.008063018321990967,0.9758050441741943,False,False,completed,True
v_e84cd21f77767e064452,an elephant running to join a herd of its kind,hybrid_zero,full,0.8868926167488098,0.9143351912498474,0.9165925979614258,0.9618316292762756,0.9133031964302063,0.048528432846069336,0.027442574501037598,-0.029699981212615967,False,False,completed,True
v_f762ed821ba1fba906af,a zebra bending down to drink water from a river,hybrid_zero,full,0.9867092370986938,0.9752819538116455,0.0,0.9777792096138,0.9546422958374023,0.023136913776397705,0.01142728328704834,0.9867092370986938,False,False,completed,True
v_f993f14cdb34fb8383ef,a zebra bending down to drink water from a river,hybrid_zero,full,0.9814218878746033,0.9831737875938416,0.0,0.9786093235015869,0.9750251770019531,0.003584146499633789,0.0017518997192382812,0.9814218878746033,False,False,completed,True
v_fb03b6a21df9c0a51627,a cow running to join a herd of its kind,hybrid_zero,full,0.9514460563659668,0.9373438358306885,0.9198408722877502,0.9386007189750671,0.8907336592674255,0.0478670597076416,0.01410222053527832,0.03160518407821655,False,False,completed,True
v_fc9b39a4b047b2db243c,an elephant spraying itself with water using its trunk to cool down,hybrid_zero,full,0.9950287342071533,0.9885954856872559,0.9690797924995422,0.9937685132026672,0.986674427986145,0.007094085216522217,0.006433248519897461,0.025948941707611084,False,False,completed,True
v_fef8070abcd8dcd3af47,a zebra taking a peaceful walk,hybrid_zero,full,0.9282910823822021,0.9078884720802307,0.7104880809783936,0.8663416504859924,0.7958204746246338,0.07052117586135864,0.020402610301971436,0.2178030014038086,False,False,completed,True
v_075ccc862d1b2d4936f0,an elephant running to join a herd of its kind,hybrid_exclude,full,0.9630889296531677,0.9637928009033203,0.9341803789138794,0.9417819976806641,0.9233042597770691,0.01847773790359497,0.0007038712501525879,0.02890855073928833,False,False,completed,True
v_0925f4496cf55ade8e5d,an elephant spraying itself with water using its trunk to cool down,hybrid_exclude,full,0.98935467004776,0.9859561324119568,,0.9881947040557861,0.9836013317108154,0.004593372344970703,0.0033985376358032227,,False,False,completed,True
v_0a1a6db568841167f9e8,a truck turning a corner,hybrid_exclude,full,0.8892853260040283,0.8895561099052429,,0.8972001075744629,0.8692931532859802,0.027906954288482666,0.0002707839012145996,,False,False,completed,True
v_10d250e1b4b4a6ec0a82,a cow running to join a herd of its kind,hybrid_exclude,full,0.9591885805130005,0.950831949710846,0.946668267250061,0.9442958235740662,0.8874951601028442,0.056800663471221924,0.008356630802154541,0.012520313262939453,False,False,completed,True
v_125269dc5fc640751fa4,a zebra running to join a herd of its kind,hybrid_exclude,full,0.9697616100311279,0.967099666595459,,0.9459475874900818,0.9362865686416626,0.00966101884841919,0.0026619434356689453,,False,False,completed,True
v_13502c1b9c959957b46a,a zebra taking a peaceful walk,hybrid_exclude,full,0.9967139363288879,0.9937735199928284,,0.997106671333313,0.9953308701515198,0.0017758011817932129,0.0029404163360595703,,False,False,completed,True
v_1814b4d5b25ffa156aa6,an elephant running to join a herd of its kind,hybrid_exclude,full,0.9690490961074829,0.9616236090660095,0.9115368723869324,0.9329218864440918,0.9039114713668823,0.029010415077209473,0.007425487041473389,0.05751222372055054,False,False,completed,True
v_22506cf5d5a1e6088fc8,a truck slowing down to stop,hybrid_exclude,full,0.8691954612731934,0.8120987415313721,0.8251031637191772,0.7584022879600525,0.7037761807441711,0.05462610721588135,0.05709671974182129,0.04409229755401611,False,False,completed,True
v_2ac6cf025d5e88563949,a zebra running to join a herd of its kind,hybrid_exclude,full,0.9500249624252319,0.9479466676712036,,0.9185127019882202,0.908402144908905,0.010110557079315186,0.0020782947540283203,,False,False,completed,True
v_2fbefa11a17758f1cd8f,a zebra taking a peaceful walk,hybrid_exclude,full,0.9445307850837708,0.932489275932312,0.840241551399231,0.9212554693222046,0.8593088984489441,0.0619465708732605,0.01204150915145874,0.1042892336845398,False,False,completed,True
v_304f65b790cd089803d4,a zebra bending down to drink water from a river,hybrid_exclude,full,0.9545856714248657,0.957909345626831,,0.9624999761581421,0.9374666213989258,0.02503335475921631,0.003323674201965332,,False,False,completed,True
v_34025bb5b4d01c898f92,a motorcycle accelerating to gain speed,hybrid_exclude,full,0.9564681053161621,0.9573060274124146,0.9400704503059387,0.9416208267211914,0.9331719875335693,0.00844883918762207,0.0008379220962524414,0.01639765501022339,False,False,completed,True
v_355010ce10f66a681b88,a truck turning a corner,hybrid_exclude,full,0.9635376334190369,0.9557371139526367,,0.9169105887413025,0.8804896473884583,0.03642094135284424,0.0078005194664001465,,False,False,completed,True
v_35d320b87cf1354b75ab,a zebra running to join a herd of its kind,hybrid_exclude,full,0.9588550925254822,0.9559038281440735,,0.9490302205085754,0.9358428716659546,0.01318734884262085,0.0029512643814086914,,False,False,completed,True
v_38ae4c230155beb1b259,a zebra taking a peaceful walk,hybrid_exclude,full,0.9856873154640198,0.9825600385665894,,0.98517906665802,0.9824274778366089,0.002751588821411133,0.00312727689743042,,False,False,completed,True
v_3b6ddfc07cc98fcf9fa0,an elephant running to join a herd of its kind,hybrid_exclude,full,0.9880058169364929,0.98699551820755,0.9688981175422668,0.9849029779434204,0.9830094575881958,0.0018935203552246094,0.001010298728942871,0.019107699394226074,False,False,completed,True
v_427171327cff517973ed,a zebra bending down to drink water from a river,hybrid_exclude,full,0.9852167367935181,0.982820451259613,,0.9767624139785767,0.977234423160553,0.00047200918197631836,0.0023962855339050293,,False,False,completed,True
v_4719caef96c8df794757,an elephant running to join a herd of its kind,hybrid_exclude,full,0.9782639741897583,0.9780817627906799,0.9723594188690186,0.969979465007782,0.9565557241439819,0.013423740863800049,0.00018221139907836914,0.005904555320739746,False,False,completed,True
v_4d76a76426a219a5f1bb,a zebra bending down to drink water from a river,hybrid_exclude,full,0.9782224893569946,0.9724812507629395,,0.9762669801712036,0.9634717106819153,0.01279526948928833,0.005741238594055176,,False,False,completed,True
v_4e7cf3a0868b1b118f55,a zebra running to join a herd of its kind,hybrid_exclude,full,0.9522103071212769,0.9513775110244751,0.7908125519752502,0.9482232928276062,0.9397503137588501,0.008472979068756104,0.0008327960968017578,0.1613977551460266,False,False,completed,True
v_4f8abc7bb931501fb862,a truck slowing down to stop,hybrid_exclude,full,0.9940704703330994,0.8386722207069397,0.936494767665863,0.9710509777069092,0.8031775951385498,0.16787338256835938,0.15539824962615967,0.05757570266723633,False,False,completed,False
v_4ff816e35ca1960d8058,an elephant running to join a herd of its kind,hybrid_exclude,full,0.9646567702293396,0.9657918810844421,0.9558073282241821,0.9487122297286987,0.9138226509094238,0.0348895788192749,0.001135110855102539,0.00884944200515747,False,False,completed,True
v_50b265d3f9ccf281a518,an elephant spraying itself with water using its trunk to cool down,hybrid_exclude,full,0.9901018142700195,0.9821205139160156,0.9570270776748657,0.9922862648963928,0.9816789031028748,0.010607361793518066,0.007981300354003906,0.03307473659515381,False,False,completed,True
v_53b3d43654788945925c,a zebra running to join a herd of its kind,hybrid_exclude,full,0.972172737121582,0.9659293293952942,,0.9581042528152466,0.9479726552963257,0.010131597518920898,0.006243407726287842,,False,False,completed,True
v_55a4f07d56cda7470760,an elephant running to join a herd of its kind,hybrid_exclude,full,0.9789860844612122,0.9744212627410889,0.9340406060218811,0.9713909029960632,0.9526375532150269,0.018753349781036377,0.004564821720123291,0.044945478439331055,False,False,completed,True
v_6015d56a898aa0948639,a zebra bending down to drink water from a river,hybrid_exclude,full,0.9817591905593872,0.9320734143257141,0.9030917882919312,0.9774531722068787,0.8736631870269775,0.10378998517990112,0.049685776233673096,0.07866740226745605,False,False,completed,True
v_67c0894760111d0087b6,a motorcycle accelerating to gain speed,hybrid_exclude,full,0.92059326171875,0.8708193898200989,0.8075004816055298,0.7869536280632019,0.689889132976532,0.09706449508666992,0.04977387189865112,0.11309278011322021,False,False,completed,True
v_6bee77846ce628e11d94,an elephant spraying itself with water using its trunk to cool down,hybrid_exclude,full,0.9835841059684753,0.9619455933570862,0.9367436170578003,0.9801599383354187,0.9388158917427063,0.0413440465927124,0.02163851261138916,0.04684048891067505,False,False,completed,True
v_6d2af08e0301e767c719,a cow running to join a herd of its kind,hybrid_exclude,full,0.9381388425827026,0.9235877394676208,0.895754337310791,0.871242880821228,0.838407576084137,0.032835304737091064,0.014551103115081787,0.04238450527191162,False,False,completed,True
v_6ee4476dec8615e1535f,a zebra bending down to drink water from a river,hybrid_exclude,full,0.9657285213470459,0.9664966464042664,,0.964434027671814,0.9547008275985718,0.009733200073242188,0.000768125057220459,,False,False,completed,True
v_74d5bd9982ed49689599,a truck turning a corner,hybrid_exclude,full,0.9701874256134033,0.9664615988731384,,0.9252806901931763,0.9020600914955139,0.023220598697662354,0.0037258267402648926,,False,False,completed,True
v_795022cc03907dc7489e,an elephant spraying itself with water using its trunk to cool down,hybrid_exclude,full,0.9523473978042603,0.9549708962440491,,0.9006173610687256,0.8631811738014221,0.03743618726730347,0.0026234984397888184,,False,False,completed,True
v_7959de66f76bf5fc41d9,a zebra bending down to drink water from a river,hybrid_exclude,full,0.9828632473945618,0.9835904836654663,,0.9712667465209961,0.9709627032279968,0.0003040432929992676,0.000727236270904541,,False,False,completed,True
v_82dc1689fd289adcc0d2,a zebra taking a peaceful walk,hybrid_exclude,full,0.9778921008110046,0.9762724041938782,,0.9754855632781982,0.9703700542449951,0.005115509033203125,0.0016196966171264648,,False,False,completed,True
v_88720509dffa7aea9e30,a zebra bending down to drink water from a river,hybrid_exclude,full,0.9738063216209412,0.975801944732666,,0.9799759387969971,0.9782142639160156,0.0017616748809814453,0.0019956231117248535,,False,False,completed,True
v_8887acf562b32cc84023,a zebra bending down to drink water from a river,hybrid_exclude,full,0.9334750771522522,0.8849603533744812,0.8826104998588562,0.9226030707359314,0.6945277452468872,0.2280753254890442,0.048514723777770996,0.050864577293395996,False,False,completed,True
v_8dca194984971f0a1124,a truck turning a corner,hybrid_exclude,full,0.9337459802627563,0.9071764349937439,0.7891877293586731,0.8681207299232483,0.8238972425460815,0.04422348737716675,0.02656954526901245,0.14455825090408325,False,False,completed,True
v_8e6a21dfeb7a106dae22,a zebra taking a peaceful walk,hybrid_exclude,full,0.9760703444480896,0.9525863528251648,0.8557877540588379,0.9702401757240295,0.9304856061935425,0.03975456953048706,0.023483991622924805,0.12028259038925171,False,False,completed,True
v_a18cdea6bd26987ddbc4,a cow running to join a herd of its kind,hybrid_exclude,full,0.9762948155403137,0.9703521728515625,,0.9539317488670349,0.9428060054779053,0.011125743389129639,0.005942642688751221,,False,False,completed,True
v_a3b6d576bc5c5ef3517f,a zebra running to join a herd of its kind,hybrid_exclude,full,0.9438295960426331,0.9417574405670166,0.661942720413208,0.9383728504180908,0.9361687302589417,0.00220412015914917,0.002072155475616455,0.28188687562942505,False,False,completed,True
v_a522928f33a3f29c463c,a truck slowing down to stop,hybrid_exclude,full,0.9893493056297302,0.9868515729904175,,0.9741533398628235,0.9649631381034851,0.009190201759338379,0.002497732639312744,,False,False,completed,True
v_a5b4d7c4b2a095c9e6cc,an elephant running to join a herd of its kind,hybrid_exclude,full,0.9817762970924377,0.9698933959007263,0.8907252550125122,0.9782154560089111,0.9476838707923889,0.030531585216522217,0.011882901191711426,0.09105104207992554,False,False,completed,True
v_aa14318968934ce72fb1,a zebra bending down to drink water from a river,hybrid_exclude,full,0.973966121673584,0.9714815020561218,,0.9643047451972961,0.950544536113739,0.013760209083557129,0.002484619617462158,,False,False,completed,True
v_ad2f0d6ec69f9ff90382,a zebra taking a peaceful walk,hybrid_exclude,full,0.9869072437286377,0.9831065535545349,,0.9837861657142639,0.9782508015632629,0.0055353641510009766,0.003800690174102783,,False,False,completed,True
v_b2657298416595015a2b,a zebra running to join a herd of its kind,hybrid_exclude,full,0.9221466779708862,0.9198029041290283,,0.8821325302124023,0.8621799945831299,0.01995253562927246,0.00234377384185791,,False,False,completed,True
v_bc950a10e74a0a5447f1,a zebra bending down to drink water from a river,hybrid_exclude,full,0.9756776690483093,0.9794477820396423,,0.9725489616394043,0.9469428062438965,0.025606155395507812,0.003770112991333008,,False,False,completed,True
v_bf4b3df29a9616bf26ae,a truck turning a corner,hybrid_exclude,full,0.9515529870986938,0.9501442313194275,,0.8850948214530945,0.8501486778259277,0.03494614362716675,0.0014087557792663574,,False,False,completed,True
v_c41543fe72d2e5493d15,a truck slowing down to stop,hybrid_exclude,full,0.9834082722663879,0.9748174548149109,0.9610150456428528,0.9530027508735657,0.9237692952156067,0.029233455657958984,0.00859081745147705,0.022393226623535156,False,False,completed,True
v_c424c7aceaf2046394ad,a cow running to join a herd of its kind,hybrid_exclude,full,0.9763944745063782,0.9737188816070557,0.9749438762664795,0.9669449329376221,0.9551412463188171,0.011803686618804932,0.0026755928993225098,0.0014505982398986816,False,False,completed,True
v_c4de504a244d437ac3ad,a zebra bending down to drink water from a river,hybrid_exclude,full,0.9940760135650635,0.9885706901550293,,0.994841992855072,0.9643702507019043,0.030471742153167725,0.00550532341003418,,False,False,completed,True
v_cdab6ebfbdf88aa1365e,an elephant running to join a herd of its kind,hybrid_exclude,full,0.9607254266738892,0.959537923336029,0.9531014561653137,0.9530994296073914,0.9017230272293091,0.051376402378082275,0.0011875033378601074,0.0076239705085754395,False,False,completed,True
v_d111e2d8975fa9b850b3,a zebra taking a peaceful walk,hybrid_exclude,full,0.9483411908149719,0.9140529036521912,0.7889702320098877,0.9036860466003418,0.8675845265388489,0.03610152006149292,0.03428828716278076,0.15937095880508423,False,False,completed,True
v_d51186bcfc23e2a780ab,a truck slowing down to stop,hybrid_exclude,full,0.9643544554710388,0.9853122234344482,0.8611374497413635,0.9112410545349121,0.9163993000984192,0.00515824556350708,0.020957767963409424,0.10321700572967529,False,False,completed,True
v_d86a4852b9a610b4e2ac,a motorcycle accelerating to gain speed,hybrid_exclude,full,0.9552143812179565,0.953667402267456,,0.8991079330444336,0.8500323295593262,0.04907560348510742,0.0015469789505004883,,False,False,completed,True
v_e7e6381187b3421f31f4,a zebra taking a peaceful walk,hybrid_exclude,full,0.9758050441741943,0.9677420258522034,,0.9502309560775757,0.93987637758255,0.010354578495025635,0.008063018321990967,,False,False,completed,True
v_e84cd21f77767e064452,an elephant running to join a herd of its kind,hybrid_exclude,full,0.8868926167488098,0.9143351912498474,0.9165925979614258,0.9618316292762756,0.9133031964302063,0.048528432846069336,0.027442574501037598,-0.029699981212615967,False,False,completed,True
v_f762ed821ba1fba906af,a zebra bending down to drink water from a river,hybrid_exclude,full,0.9867092370986938,0.9752819538116455,,0.9777792096138,0.9546422958374023,0.023136913776397705,0.01142728328704834,,False,False,completed,True
v_f993f14cdb34fb8383ef,a zebra bending down to drink water from a river,hybrid_exclude,full,0.9814218878746033,0.9831737875938416,,0.9786093235015869,0.9750251770019531,0.003584146499633789,0.0017518997192382812,,False,False,completed,True
v_fb03b6a21df9c0a51627,a cow running to join a herd of its kind,hybrid_exclude,full,0.9514460563659668,0.9373438358306885,0.9198408722877502,0.9386007189750671,0.8907336592674255,0.0478670597076416,0.01410222053527832,0.03160518407821655,False,False,completed,True
v_fc9b39a4b047b2db243c,an elephant spraying itself with water using its trunk to cool down,hybrid_exclude,full,0.9950287342071533,0.9885954856872559,0.9690797924995422,0.9937685132026672,0.986674427986145,0.007094085216522217,0.006433248519897461,0.025948941707611084,False,False,completed,True
v_fef8070abcd8dcd3af47,a zebra taking a peaceful walk,hybrid_exclude,full,0.9282910823822021,0.9078884720802307,0.7104880809783936,0.8663416504859924,0.7958204746246338,0.07052117586135864,0.020402610301971436,0.2178030014038086,False,False,completed,True
