video_uid,prompt_id,method,position,clean,background,subject,origin_clean,origin_background,origin_abs_change,repair_abs_change,subject_signed_drop,zero_to_zero,joint_success,runtime_status
v_015a48a198ce0a7a6684,a car stuck in traffic during rush hour,direct_zero,start,0.9859246015548706,0.9778770804405212,0.6874365210533142,0.9686998128890991,0.8428475856781006,0.12585222721099854,0.008047521114349365,0.2984880805015564,False,True,completed
v_038af9e85946208b9d08,a boat accelerating to gain speed,direct_zero,start,0.9453511238098145,0.7037125825881958,0.9323701858520508,0.9640581011772156,0.7799015045166016,0.184156596660614,0.24163854122161865,0.012980937957763672,False,False,completed
v_0b88becab5cd91669727,a car slowing down to stop,direct_zero,start,0.9607264995574951,0.9567203521728516,0.6859889030456543,0.9076695442199707,0.7922441363334656,0.11542540788650513,0.004006147384643555,0.2747375965118408,False,True,completed
v_14499454e08d4adb6d22,a boat accelerating to gain speed,direct_zero,start,0.9209604263305664,0.9217528700828552,0.5143195986747742,0.7963992953300476,0.6970458030700684,0.09935349225997925,0.0007924437522888184,0.40664082765579224,False,False,completed
v_2211afa97c13b0d7479c,a bicycle gliding through a snowy field,direct_zero,start,0.9496497511863708,0.9551323056221008,0.5332925319671631,0.9195920825004578,0.7477359175682068,0.17185616493225098,0.0054825544357299805,0.41635721921920776,False,True,completed
v_22198fc0eb29ccf872ca,a bicycle accelerating to gain speed,direct_zero,start,0.8857461810112,0.7748042345046997,0.4851597547531128,0.8188527822494507,0.7503919005393982,0.06846088171005249,0.11094194650650024,0.40058642625808716,False,False,completed
v_223dffdfd43f07ff254e,a boat slowing down to stop,direct_zero,start,0.0,0.007667462807148695,0.0,0.8887082934379578,0.7395381331443787,0.1491701602935791,0.007667462807148695,0.0,False,True,completed
v_2390b54e0d7162ecc8e1,an airplane accelerating to gain speed,direct_zero,start,0.9660283923149109,0.9661445021629333,0.91582190990448,0.9747323989868164,0.941473126411438,0.03325927257537842,0.00011610984802246094,0.05020648241043091,False,False,completed
v_24aff3375dfcba813f6e,a car turning a corner,direct_zero,start,0.969754695892334,0.9719552397727966,0.5366415977478027,0.9699603319168091,0.8713924288749695,0.0985679030418396,0.0022005438804626465,0.43311309814453125,False,False,completed
v_2541a276b12785e4ded5,a person walking in the snowstorm,direct_zero,start,0.9439834356307983,0.9384021759033203,0.8682276010513306,0.9550679922103882,0.8219045400619507,0.1331634521484375,0.005581259727478027,0.07575583457946777,False,True,completed
v_2567bc088498a76bf296,a truck stuck in traffic during rush hour,direct_zero,start,0.959398090839386,0.9600430130958557,0.5316159725189209,0.9763797521591187,0.9311164617538452,0.04526329040527344,0.0006449222564697266,0.4277821183204651,False,False,completed
v_271c63952df0de2e6cdf,a person washing the dishes,direct_zero,start,0.9126432538032532,0.878089189529419,0.8554450273513794,0.9229888319969177,0.6998134255409241,0.22317540645599365,0.03455406427383423,0.05719822645187378,False,False,completed
v_2be9a6688c35336f245c,an airplane landing smoothly on a runway,direct_zero,start,0.9762710928916931,0.9405067563056946,0.5352843403816223,0.9683166742324829,0.8943334221839905,0.07398325204849243,0.035764336585998535,0.4409867525100708,False,False,completed
v_34ae89f5afbb4409d146,a person eating a burger,direct_zero,start,0.8157393336296082,0.8339899778366089,0.5258320569992065,0.9471113085746765,0.5880897641181946,0.35902154445648193,0.018250644207000732,0.2899072766304016,False,False,completed
v_3e0e478175044cb2ea97,a person eating a burger,direct_zero,start,0.9717735648155212,0.9730363488197327,0.9064662456512451,0.9099657535552979,0.8890914916992188,0.0208742618560791,0.0012627840042114258,0.06530731916427612,False,False,completed
v_425065ae2beb7ec16285,an airplane landing smoothly on a runway,direct_zero,start,0.9556477069854736,0.9527208805084229,0.8896093964576721,0.9661704301834106,0.9274957180023193,0.03867471218109131,0.0029268264770507812,0.06603831052780151,False,False,completed
v_4e6e34f0f85ace192464,a person eating a burger,direct_zero,start,0.9043691754341125,0.677927553653717,0.8862476348876953,0.9877499341964722,0.6293788552284241,0.3583710789680481,0.2264416217803955,0.018121540546417236,False,False,completed
v_4f2d8b98e55b77fec7e4,a person drinking coffee in a cafe,direct_zero,start,0.9236610531806946,0.9295058250427246,0.8458937406539917,0.8729005455970764,0.7514213919639587,0.12147915363311768,0.005844771862030029,0.07776731252670288,False,True,completed
v_4f6246de363a4189bf81,a bus turning a corner,direct_zero,start,0.9141050577163696,0.8578383922576904,0.5221079587936401,0.864708662033081,0.7912268042564392,0.07348185777664185,0.0562666654586792,0.3919970989227295,False,False,completed
v_5054c5414a363dab8171,a car slowing down to stop,direct_zero,start,0.9593479633331299,0.9580629467964172,0.9143576622009277,0.9419843554496765,0.8617010116577148,0.08028334379196167,0.0012850165367126465,0.04499030113220215,False,False,completed
v_74c3a91e1cd5ac167338,a bicycle gliding through a snowy field,direct_zero,start,0.946782112121582,0.9370393753051758,0.5379652976989746,0.9683824777603149,0.878568708896637,0.08981376886367798,0.00974273681640625,0.4088168144226074,False,False,completed
v_7a15ece21d814f0fce0f,a bicycle leaning against a tree,direct_zero,start,0.9531082510948181,0.5856313109397888,0.5415768623352051,0.9489574432373047,0.7740727663040161,0.17488467693328857,0.3674769401550293,0.41153138875961304,False,False,completed
v_8e99ea486ff07419b6c1,a person giving a presentation to a room full of colleagues,direct_zero,start,0.9792287349700928,0.9787595868110657,0.5383967161178589,0.9944238662719727,0.9107299447059631,0.08369392156600952,0.0004691481590270996,0.4408320188522339,False,False,completed
v_9cec858297ae985418ba,a boat slowing down to stop,direct_zero,start,0.9472293257713318,0.9454520344734192,0.745572566986084,0.9065403342247009,0.7776674032211304,0.12887293100357056,0.0017772912979125977,0.2016567587852478,False,True,completed
v_b5ee130b761930dd2521,a person eating a burger,direct_zero,start,0.939649224281311,0.9345084428787231,0.8334263563156128,0.9795001149177551,0.7636283040046692,0.21587181091308594,0.005140781402587891,0.10622286796569824,False,True,completed
v_bc0ac2c371a024e73050,a car accelerating to gain speed,direct_zero,start,0.3970118463039398,0.32625165581703186,0.20129548013210297,0.8402800559997559,0.6863670945167542,0.1539129614830017,0.07076019048690796,0.19571636617183685,False,False,completed
v_c0930358df5ed15fef8d,a car accelerating to gain speed,direct_zero,start,0.22154010832309723,0.12008330225944519,0.15882833302021027,0.9591421484947205,0.6597983241081238,0.2993438243865967,0.10145680606365204,0.06271177530288696,False,False,completed
v_c819cb86a8e25dfb3e97,a bicycle gliding through a snowy field,direct_zero,start,0.9156494736671448,0.6887653470039368,0.49849411845207214,0.9381076097488403,0.7309461236000061,0.20716148614883423,0.226884126663208,0.41715535521507263,False,False,completed
v_d38b247e9db157715244,a bicycle leaning against a tree,direct_zero,start,0.9860948324203491,0.9589539766311646,0.5448092222213745,0.9740362763404846,0.8444722890853882,0.12956398725509644,0.02714085578918457,0.4412856101989746,False,False,completed
v_e3ac9d38cb8ebbad7180,an airplane taking off,direct_zero,start,0.9761667251586914,0.9769723415374756,0.9130039811134338,0.9733335375785828,0.925356924533844,0.04797661304473877,0.0008056163787841797,0.06316274404525757,False,False,completed
v_e710114a4f938d3d6562,a person giving a presentation to a room full of colleagues,direct_zero,start,0.9772360920906067,0.9767206311225891,0.7864584922790527,0.962494969367981,0.8649222254753113,0.09757274389266968,0.0005154609680175781,0.19077759981155396,False,False,completed
v_e9cc23e6e032e0839ecb,a person giving a presentation to a room full of colleagues,direct_zero,start,0.9752988219261169,0.9733177423477173,0.5927460789680481,0.9672319889068604,0.9119970798492432,0.05523490905761719,0.001981079578399658,0.38255274295806885,False,False,completed
v_f3ccc1d9909eb2eafed7,a person playing guitar,direct_zero,start,0.9523401260375977,0.9512807726860046,0.8704062104225159,0.975599467754364,0.9304923415184021,0.045107126235961914,0.0010593533515930176,0.08193391561508179,False,False,completed
v_f88a0a406794823274a6,a person giving a presentation to a room full of colleagues,direct_zero,start,0.9841278791427612,0.9661074876785278,0.9614309072494507,0.9959854483604431,0.8325016498565674,0.16348379850387573,0.0180203914642334,0.022696971893310547,False,False,completed
v_015a48a198ce0a7a6684,a car stuck in traffic during rush hour,direct_exclude,start,0.9859246015548706,0.9778770804405212,0.9065096974372864,0.9686998128890991,0.8428475856781006,0.12585222721099854,0.008047521114349365,0.07941490411758423,False,True,completed
v_038af9e85946208b9d08,a boat accelerating to gain speed,direct_exclude,start,0.9453511238098145,0.9151729941368103,0.9323701858520508,0.9640581011772156,0.7799015045166016,0.184156596660614,0.03017812967300415,0.012980937957763672,False,False,completed
v_0b88becab5cd91669727,a car slowing down to stop,direct_exclude,start,0.9607264995574951,0.9567203521728516,0.9046007394790649,0.9076695442199707,0.7922441363334656,0.11542540788650513,0.004006147384643555,0.056125760078430176,False,True,completed
v_14499454e08d4adb6d22,a boat accelerating to gain speed,direct_exclude,start,0.9209604263305664,0.9217528700828552,0.9351264834403992,0.7963992953300476,0.6970458030700684,0.09935349225997925,0.0007924437522888184,-0.014166057109832764,False,False,completed
v_2211afa97c13b0d7479c,a bicycle gliding through a snowy field,direct_exclude,start,0.9496497511863708,0.9551323056221008,0.969622790813446,0.9195920825004578,0.7477359175682068,0.17185616493225098,0.0054825544357299805,-0.019973039627075195,False,True,completed
v_22198fc0eb29ccf872ca,a bicycle accelerating to gain speed,direct_exclude,start,0.8857461810112,0.8854905366897583,0.8821085691452026,0.8188527822494507,0.7503919005393982,0.06846088171005249,0.0002556443214416504,0.0036376118659973145,False,False,completed
v_223dffdfd43f07ff254e,a boat slowing down to stop,direct_exclude,start,,0.9200955033302307,,0.8887082934379578,0.7395381331443787,0.1491701602935791,,,False,False,completed
v_2390b54e0d7162ecc8e1,an airplane accelerating to gain speed,direct_exclude,start,0.9660283923149109,0.9661445021629333,0.91582190990448,0.9747323989868164,0.941473126411438,0.03325927257537842,0.00011610984802246094,0.05020648241043091,False,False,completed
v_24aff3375dfcba813f6e,a car turning a corner,direct_exclude,start,0.969754695892334,0.9719552397727966,0.9757119417190552,0.9699603319168091,0.8713924288749695,0.0985679030418396,0.0022005438804626465,-0.005957245826721191,False,False,completed
v_2541a276b12785e4ded5,a person walking in the snowstorm,direct_exclude,start,0.9439834356307983,0.9384021759033203,0.8682276010513306,0.9550679922103882,0.8219045400619507,0.1331634521484375,0.005581259727478027,0.07575583457946777,False,True,completed
v_2567bc088498a76bf296,a truck stuck in traffic during rush hour,direct_exclude,start,0.959398090839386,0.9600430130958557,0.9665744304656982,0.9763797521591187,0.9311164617538452,0.04526329040527344,0.0006449222564697266,-0.007176339626312256,False,False,completed
v_271c63952df0de2e6cdf,a person washing the dishes,direct_exclude,start,0.9126432538032532,0.878089189529419,0.8554450273513794,0.9229888319969177,0.6998134255409241,0.22317540645599365,0.03455406427383423,0.05719822645187378,False,False,completed
v_2be9a6688c35336f245c,an airplane landing smoothly on a runway,direct_exclude,start,0.9762710928916931,0.9405067563056946,0.9732441902160645,0.9683166742324829,0.8943334221839905,0.07398325204849243,0.035764336585998535,0.003026902675628662,False,False,completed
v_34ae89f5afbb4409d146,a person eating a burger,direct_exclude,start,0.8157393336296082,0.8339899778366089,0.8089724183082581,0.9471113085746765,0.5880897641181946,0.35902154445648193,0.018250644207000732,0.006766915321350098,False,False,completed
v_3e0e478175044cb2ea97,a person eating a burger,direct_exclude,start,0.9717735648155212,0.9730363488197327,0.9064662456512451,0.9099657535552979,0.8890914916992188,0.0208742618560791,0.0012627840042114258,0.06530731916427612,False,False,completed
v_425065ae2beb7ec16285,an airplane landing smoothly on a runway,direct_exclude,start,0.9556477069854736,0.9527208805084229,0.8896093964576721,0.9661704301834106,0.9274957180023193,0.03867471218109131,0.0029268264770507812,0.06603831052780151,False,False,completed
v_4e6e34f0f85ace192464,a person eating a burger,direct_exclude,start,0.9043691754341125,0.8939703702926636,0.8862476348876953,0.9877499341964722,0.6293788552284241,0.3583710789680481,0.010398805141448975,0.018121540546417236,False,False,completed
v_4f2d8b98e55b77fec7e4,a person drinking coffee in a cafe,direct_exclude,start,0.9236610531806946,0.9295058250427246,0.8458937406539917,0.8729005455970764,0.7514213919639587,0.12147915363311768,0.005844771862030029,0.07776731252670288,False,True,completed
v_4f6246de363a4189bf81,a bus turning a corner,direct_exclude,start,0.9141050577163696,0.9131826758384705,0.9189101457595825,0.864708662033081,0.7912268042564392,0.07348185777664185,0.0009223818778991699,-0.004805088043212891,False,False,completed
v_5054c5414a363dab8171,a car slowing down to stop,direct_exclude,start,0.9593479633331299,0.9580629467964172,0.9143576622009277,0.9419843554496765,0.8617010116577148,0.08028334379196167,0.0012850165367126465,0.04499030113220215,False,False,completed
v_74c3a91e1cd5ac167338,a bicycle gliding through a snowy field,direct_exclude,start,0.946782112121582,0.9370393753051758,0.9468188881874084,0.9683824777603149,0.878568708896637,0.08981376886367798,0.00974273681640625,-3.6776065826416016e-05,False,False,completed
v_7a15ece21d814f0fce0f,a bicycle leaning against a tree,direct_exclude,start,0.9531082510948181,0.9514256119728088,0.9531752467155457,0.9489574432373047,0.7740727663040161,0.17488467693328857,0.0016826391220092773,-6.699562072753906e-05,False,True,completed
v_8e99ea486ff07419b6c1,a person giving a presentation to a room full of colleagues,direct_exclude,start,0.9792287349700928,0.9787595868110657,0.9789032340049744,0.9944238662719727,0.9107299447059631,0.08369392156600952,0.0004691481590270996,0.0003255009651184082,False,False,completed
v_9cec858297ae985418ba,a boat slowing down to stop,direct_exclude,start,0.9472293257713318,0.9454520344734192,0.8520829081535339,0.9065403342247009,0.7776674032211304,0.12887293100357056,0.0017772912979125977,0.09514641761779785,False,True,completed
v_b5ee130b761930dd2521,a person eating a burger,direct_exclude,start,0.939649224281311,0.9345084428787231,0.8334263563156128,0.9795001149177551,0.7636283040046692,0.21587181091308594,0.005140781402587891,0.10622286796569824,False,True,completed
v_bc0ac2c371a024e73050,a car accelerating to gain speed,direct_exclude,start,0.8662075996398926,0.8700043559074402,0.8626949787139893,0.8402800559997559,0.6863670945167542,0.1539129614830017,0.0037967562675476074,0.0035126209259033203,False,True,completed
v_c0930358df5ed15fef8d,a car accelerating to gain speed,direct_exclude,start,0.9494576454162598,0.9606664180755615,0.9075904488563538,0.9591421484947205,0.6597983241081238,0.2993438243865967,0.011208772659301758,0.041867196559906006,False,False,completed
v_c819cb86a8e25dfb3e97,a bicycle gliding through a snowy field,direct_exclude,start,0.9156494736671448,0.9082620143890381,0.9063528776168823,0.9381076097488403,0.7309461236000061,0.20716148614883423,0.0073874592781066895,0.009296596050262451,False,True,completed
v_d38b247e9db157715244,a bicycle leaning against a tree,direct_exclude,start,0.9860948324203491,0.9589539766311646,0.9905622601509094,0.9740362763404846,0.8444722890853882,0.12956398725509644,0.02714085578918457,-0.004467427730560303,False,False,completed
v_e3ac9d38cb8ebbad7180,an airplane taking off,direct_exclude,start,0.9761667251586914,0.9769723415374756,0.9130039811134338,0.9733335375785828,0.925356924533844,0.04797661304473877,0.0008056163787841797,0.06316274404525757,False,False,completed
v_e710114a4f938d3d6562,a person giving a presentation to a room full of colleagues,direct_exclude,start,0.9772360920906067,0.9767206311225891,0.8988097310066223,0.962494969367981,0.8649222254753113,0.09757274389266968,0.0005154609680175781,0.07842636108398438,False,False,completed
v_e9cc23e6e032e0839ecb,a person giving a presentation to a room full of colleagues,direct_exclude,start,0.9752988219261169,0.9733177423477173,0.9629843235015869,0.9672319889068604,0.9119970798492432,0.05523490905761719,0.001981079578399658,0.01231449842453003,False,False,completed
v_f3ccc1d9909eb2eafed7,a person playing guitar,direct_exclude,start,0.9523401260375977,0.9512807726860046,0.8704062104225159,0.975599467754364,0.9304923415184021,0.045107126235961914,0.0010593533515930176,0.08193391561508179,False,False,completed
v_f88a0a406794823274a6,a person giving a presentation to a room full of colleagues,direct_exclude,start,0.9841278791427612,0.9661074876785278,0.9614309072494507,0.9959854483604431,0.8325016498565674,0.16348379850387573,0.0180203914642334,0.022696971893310547,False,False,completed
v_015a48a198ce0a7a6684,a car stuck in traffic during rush hour,tracked_zero,start,0.9817558526992798,0.9740638136863708,0.7708122730255127,0.9686998128890991,0.8428475856781006,0.12585222721099854,0.0076920390129089355,0.2109435796737671,False,True,completed
v_038af9e85946208b9d08,a boat accelerating to gain speed,tracked_zero,start,0.9479549527168274,0.749480664730072,0.9349917769432068,0.9640581011772156,0.7799015045166016,0.184156596660614,0.19847428798675537,0.012963175773620605,False,False,completed
v_0b88becab5cd91669727,a car slowing down to stop,tracked_zero,start,0.9616140127182007,0.957593560218811,0.7733413577079773,0.9076695442199707,0.7922441363334656,0.11542540788650513,0.0040204524993896484,0.1882726550102234,False,True,completed
v_14499454e08d4adb6d22,a boat accelerating to gain speed,tracked_zero,start,0.921908438205719,0.9207258224487305,0.5152437686920166,0.7963992953300476,0.6970458030700684,0.09935349225997925,0.0011826157569885254,0.4066646695137024,False,False,completed
v_2211afa97c13b0d7479c,a bicycle gliding through a snowy field,tracked_zero,start,0.9494144320487976,0.9546282291412354,0.533009946346283,0.9195920825004578,0.7477359175682068,0.17185616493225098,0.005213797092437744,0.41640448570251465,False,True,completed
v_22198fc0eb29ccf872ca,a bicycle accelerating to gain speed,tracked_zero,start,0.8863354921340942,0.8897591829299927,0.4870668649673462,0.8188527822494507,0.7503919005393982,0.06846088171005249,0.0034236907958984375,0.39926862716674805,False,False,completed
v_223dffdfd43f07ff254e,a boat slowing down to stop,tracked_zero,start,0.0,0.007667462807148695,0.0,0.8887082934379578,0.7395381331443787,0.1491701602935791,0.007667462807148695,0.0,False,True,completed
v_2390b54e0d7162ecc8e1,an airplane accelerating to gain speed,tracked_zero,start,0.9660849571228027,0.9662961363792419,0.9162692427635193,0.9747323989868164,0.941473126411438,0.03325927257537842,0.00021117925643920898,0.04981571435928345,False,False,completed
v_24aff3375dfcba813f6e,a car turning a corner,tracked_zero,start,0.9697054028511047,0.9718577861785889,0.5365940928459167,0.9699603319168091,0.8713924288749695,0.0985679030418396,0.002152383327484131,0.433111310005188,False,False,completed
v_2541a276b12785e4ded5,a person walking in the snowstorm,tracked_zero,start,0.9440031051635742,0.9384297132492065,0.8681811690330505,0.9550679922103882,0.8219045400619507,0.1331634521484375,0.005573391914367676,0.07582193613052368,False,True,completed
v_2567bc088498a76bf296,a truck stuck in traffic during rush hour,tracked_zero,start,0.9660530686378479,0.9655557870864868,0.5349060297012329,0.9763797521591187,0.9311164617538452,0.04526329040527344,0.000497281551361084,0.431147038936615,False,False,completed
v_271c63952df0de2e6cdf,a person washing the dishes,tracked_zero,start,0.9128022193908691,0.8711036443710327,0.8555453419685364,0.9229888319969177,0.6998134255409241,0.22317540645599365,0.041698575019836426,0.057256877422332764,False,False,completed
v_2be9a6688c35336f245c,an airplane landing smoothly on a runway,tracked_zero,start,0.9759570360183716,0.9404242634773254,0.5351079702377319,0.9683166742324829,0.8943334221839905,0.07398325204849243,0.03553277254104614,0.44084906578063965,False,False,completed
v_34ae89f5afbb4409d146,a person eating a burger,tracked_zero,start,0.8267457485198975,0.8371413350105286,0.6760494112968445,0.9471113085746765,0.5880897641181946,0.35902154445648193,0.010395586490631104,0.15069633722305298,False,False,completed
v_3e0e478175044cb2ea97,a person eating a burger,tracked_zero,start,0.9724780321121216,0.9733583927154541,0.9072793126106262,0.9099657535552979,0.8890914916992188,0.0208742618560791,0.0008803606033325195,0.06519871950149536,False,False,completed
v_425065ae2beb7ec16285,an airplane landing smoothly on a runway,tracked_zero,start,0.9559702277183533,0.9523947834968567,0.9057968258857727,0.9661704301834106,0.9274957180023193,0.03867471218109131,0.003575444221496582,0.050173401832580566,False,False,completed
v_4e6e34f0f85ace192464,a person eating a burger,tracked_zero,start,0.911637544631958,0.7751275897026062,0.8940956592559814,0.9877499341964722,0.6293788552284241,0.3583710789680481,0.1365099549293518,0.017541885375976562,False,False,completed
v_4f2d8b98e55b77fec7e4,a person drinking coffee in a cafe,tracked_zero,start,0.9236051440238953,0.929325520992279,0.8462585210800171,0.8729005455970764,0.7514213919639587,0.12147915363311768,0.005720376968383789,0.07734662294387817,False,True,completed
v_4f6246de363a4189bf81,a bus turning a corner,tracked_zero,start,0.9152477383613586,0.9130114316940308,0.5226806998252869,0.864708662033081,0.7912268042564392,0.07348185777664185,0.002236306667327881,0.3925670385360718,False,False,completed
v_5054c5414a363dab8171,a car slowing down to stop,tracked_zero,start,0.9596989154815674,0.9589000940322876,0.9116747975349426,0.9419843554496765,0.8617010116577148,0.08028334379196167,0.0007988214492797852,0.048024117946624756,False,False,completed
v_74c3a91e1cd5ac167338,a bicycle gliding through a snowy field,tracked_zero,start,0.9472182393074036,0.9371959567070007,0.5383603572845459,0.9683824777603149,0.878568708896637,0.08981376886367798,0.010022282600402832,0.40885788202285767,False,False,completed
v_7a15ece21d814f0fce0f,a bicycle leaning against a tree,tracked_zero,start,0.9545174837112427,0.5867050886154175,0.542630672454834,0.9489574432373047,0.7740727663040161,0.17488467693328857,0.3678123950958252,0.4118868112564087,False,False,completed
v_8e99ea486ff07419b6c1,a person giving a presentation to a room full of colleagues,tracked_zero,start,0.9797288179397583,0.9799464344978333,0.5400758385658264,0.9944238662719727,0.9107299447059631,0.08369392156600952,0.00021761655807495117,0.4396529793739319,False,False,completed
v_9cec858297ae985418ba,a boat slowing down to stop,tracked_zero,start,0.9475188851356506,0.9450987577438354,0.8282808065414429,0.9065403342247009,0.7776674032211304,0.12887293100357056,0.0024201273918151855,0.11923807859420776,False,True,completed
v_b5ee130b761930dd2521,a person eating a burger,tracked_zero,start,0.9367852807044983,0.9314725995063782,0.8324061036109924,0.9795001149177551,0.7636283040046692,0.21587181091308594,0.005312681198120117,0.10437917709350586,False,True,completed
v_bc0ac2c371a024e73050,a car accelerating to gain speed,tracked_zero,start,0.8458313941955566,0.6409403085708618,0.46156319975852966,0.8402800559997559,0.6863670945167542,0.1539129614830017,0.20489108562469482,0.384268194437027,False,False,completed
v_c0930358df5ed15fef8d,a car accelerating to gain speed,tracked_zero,start,0.523352861404419,0.292326956987381,0.4981265068054199,0.9591421484947205,0.6597983241081238,0.2993438243865967,0.23102590441703796,0.025226354598999023,False,False,completed
v_c819cb86a8e25dfb3e97,a bicycle gliding through a snowy field,tracked_zero,start,0.91412752866745,0.7959746718406677,0.4964368939399719,0.9381076097488403,0.7309461236000061,0.20716148614883423,0.11815285682678223,0.417690634727478,False,False,completed
v_d38b247e9db157715244,a bicycle leaning against a tree,tracked_zero,start,0.9892665147781372,0.9551625847816467,0.545578122138977,0.9740362763404846,0.8444722890853882,0.12956398725509644,0.03410392999649048,0.44368839263916016,False,False,completed
v_e3ac9d38cb8ebbad7180,an airplane taking off,tracked_zero,start,0.976184070110321,0.9769752025604248,0.9128701686859131,0.9733335375785828,0.925356924533844,0.04797661304473877,0.0007911324501037598,0.06331390142440796,False,False,completed
v_e710114a4f938d3d6562,a person giving a presentation to a room full of colleagues,tracked_zero,start,0.9781062602996826,0.9773082137107849,0.7874534130096436,0.962494969367981,0.8649222254753113,0.09757274389266968,0.0007980465888977051,0.19065284729003906,False,False,completed
v_e9cc23e6e032e0839ecb,a person giving a presentation to a room full of colleagues,tracked_zero,start,0.9782622456550598,0.976901113986969,0.6250024437904358,0.9672319889068604,0.9119970798492432,0.05523490905761719,0.0013611316680908203,0.353259801864624,False,False,completed
v_f3ccc1d9909eb2eafed7,a person playing guitar,tracked_zero,start,0.9516969323158264,0.9511702656745911,0.8744343519210815,0.975599467754364,0.9304923415184021,0.045107126235961914,0.0005266666412353516,0.07726258039474487,False,False,completed
v_f88a0a406794823274a6,a person giving a presentation to a room full of colleagues,tracked_zero,start,0.9855945110321045,0.9667551517486572,0.9658122062683105,0.9959854483604431,0.8325016498565674,0.16348379850387573,0.018839359283447266,0.019782304763793945,False,False,completed
v_015a48a198ce0a7a6684,a car stuck in traffic during rush hour,tracked_exclude,start,0.9817558526992798,0.9740638136863708,0.8809282779693604,0.9686998128890991,0.8428475856781006,0.12585222721099854,0.0076920390129089355,0.10082757472991943,False,True,completed
v_038af9e85946208b9d08,a boat accelerating to gain speed,tracked_exclude,start,0.9479549527168274,0.90971440076828,0.9349917769432068,0.9640581011772156,0.7799015045166016,0.184156596660614,0.03824055194854736,0.012963175773620605,False,False,completed
v_0b88becab5cd91669727,a car slowing down to stop,tracked_exclude,start,0.9616140127182007,0.957593560218811,0.8838185667991638,0.9076695442199707,0.7922441363334656,0.11542540788650513,0.0040204524993896484,0.07779544591903687,False,True,completed
v_14499454e08d4adb6d22,a boat accelerating to gain speed,tracked_exclude,start,0.921908438205719,0.9207258224487305,0.9368067979812622,0.7963992953300476,0.6970458030700684,0.09935349225997925,0.0011826157569885254,-0.014898359775543213,False,False,completed
v_2211afa97c13b0d7479c,a bicycle gliding through a snowy field,tracked_exclude,start,0.9494144320487976,0.9546282291412354,0.9691089391708374,0.9195920825004578,0.7477359175682068,0.17185616493225098,0.005213797092437744,-0.019694507122039795,False,True,completed
v_22198fc0eb29ccf872ca,a bicycle accelerating to gain speed,tracked_exclude,start,0.8863354921340942,0.8897591829299927,0.885576069355011,0.8188527822494507,0.7503919005393982,0.06846088171005249,0.0034236907958984375,0.000759422779083252,False,False,completed
v_223dffdfd43f07ff254e,a boat slowing down to stop,tracked_exclude,start,,0.9200955033302307,,0.8887082934379578,0.7395381331443787,0.1491701602935791,,,False,False,completed
v_2390b54e0d7162ecc8e1,an airplane accelerating to gain speed,tracked_exclude,start,0.9660849571228027,0.9662961363792419,0.9162692427635193,0.9747323989868164,0.941473126411438,0.03325927257537842,0.00021117925643920898,0.04981571435928345,False,False,completed
v_24aff3375dfcba813f6e,a car turning a corner,tracked_exclude,start,0.9697054028511047,0.9718577861785889,0.9756256341934204,0.9699603319168091,0.8713924288749695,0.0985679030418396,0.002152383327484131,-0.005920231342315674,False,False,completed
v_2541a276b12785e4ded5,a person walking in the snowstorm,tracked_exclude,start,0.9440031051635742,0.9384297132492065,0.8681811690330505,0.9550679922103882,0.8219045400619507,0.1331634521484375,0.005573391914367676,0.07582193613052368,False,True,completed
v_2567bc088498a76bf296,a truck stuck in traffic during rush hour,tracked_exclude,start,0.9660530686378479,0.9655557870864868,0.9725564122200012,0.9763797521591187,0.9311164617538452,0.04526329040527344,0.000497281551361084,-0.00650334358215332,False,False,completed
v_271c63952df0de2e6cdf,a person washing the dishes,tracked_exclude,start,0.9128022193908691,0.8711036443710327,0.8555453419685364,0.9229888319969177,0.6998134255409241,0.22317540645599365,0.041698575019836426,0.057256877422332764,False,False,completed
v_2be9a6688c35336f245c,an airplane landing smoothly on a runway,tracked_exclude,start,0.9759570360183716,0.9404242634773254,0.9729233980178833,0.9683166742324829,0.8943334221839905,0.07398325204849243,0.03553277254104614,0.0030336380004882812,False,False,completed
v_34ae89f5afbb4409d146,a person eating a burger,tracked_exclude,start,0.8267457485198975,0.8371413350105286,0.7726277709007263,0.9471113085746765,0.5880897641181946,0.35902154445648193,0.010395586490631104,0.05411797761917114,False,False,completed
v_3e0e478175044cb2ea97,a person eating a burger,tracked_exclude,start,0.9724780321121216,0.9733583927154541,0.9072793126106262,0.9099657535552979,0.8890914916992188,0.0208742618560791,0.0008803606033325195,0.06519871950149536,False,False,completed
v_425065ae2beb7ec16285,an airplane landing smoothly on a runway,tracked_exclude,start,0.9559702277183533,0.9523947834968567,0.9057968258857727,0.9661704301834106,0.9274957180023193,0.03867471218109131,0.003575444221496582,0.050173401832580566,False,False,completed
v_4e6e34f0f85ace192464,a person eating a burger,tracked_exclude,start,0.911637544631958,0.8858601450920105,0.8940956592559814,0.9877499341964722,0.6293788552284241,0.3583710789680481,0.02577739953994751,0.017541885375976562,False,False,completed
v_4f2d8b98e55b77fec7e4,a person drinking coffee in a cafe,tracked_exclude,start,0.9236051440238953,0.929325520992279,0.8462585210800171,0.8729005455970764,0.7514213919639587,0.12147915363311768,0.005720376968383789,0.07734662294387817,False,True,completed
v_4f6246de363a4189bf81,a bus turning a corner,tracked_exclude,start,0.9152477383613586,0.9130114316940308,0.9199179410934448,0.864708662033081,0.7912268042564392,0.07348185777664185,0.002236306667327881,-0.004670202732086182,False,False,completed
v_5054c5414a363dab8171,a car slowing down to stop,tracked_exclude,start,0.9596989154815674,0.9589000940322876,0.9116747975349426,0.9419843554496765,0.8617010116577148,0.08028334379196167,0.0007988214492797852,0.048024117946624756,False,False,completed
v_74c3a91e1cd5ac167338,a bicycle gliding through a snowy field,tracked_exclude,start,0.9472182393074036,0.9371959567070007,0.9475142359733582,0.9683824777603149,0.878568708896637,0.08981376886367798,0.010022282600402832,-0.00029599666595458984,False,False,completed
v_7a15ece21d814f0fce0f,a bicycle leaning against a tree,tracked_exclude,start,0.9545174837112427,0.9531700611114502,0.9550299048423767,0.9489574432373047,0.7740727663040161,0.17488467693328857,0.0013474225997924805,-0.0005124211311340332,False,True,completed
v_8e99ea486ff07419b6c1,a person giving a presentation to a room full of colleagues,tracked_exclude,start,0.9797288179397583,0.9799464344978333,0.9819560647010803,0.9944238662719727,0.9107299447059631,0.08369392156600952,0.00021761655807495117,-0.0022272467613220215,False,False,completed
v_9cec858297ae985418ba,a boat slowing down to stop,tracked_exclude,start,0.9475188851356506,0.9450987577438354,0.8282808065414429,0.9065403342247009,0.7776674032211304,0.12887293100357056,0.0024201273918151855,0.11923807859420776,False,True,completed
v_b5ee130b761930dd2521,a person eating a burger,tracked_exclude,start,0.9367852807044983,0.9314725995063782,0.8324061036109924,0.9795001149177551,0.7636283040046692,0.21587181091308594,0.005312681198120117,0.10437917709350586,False,True,completed
v_bc0ac2c371a024e73050,a car accelerating to gain speed,tracked_exclude,start,0.8458313941955566,0.8451960682868958,0.839205801486969,0.8402800559997559,0.6863670945167542,0.1539129614830017,0.0006353259086608887,0.0066255927085876465,False,True,completed
v_c0930358df5ed15fef8d,a car accelerating to gain speed,tracked_exclude,start,0.9515505433082581,0.9744231104850769,0.9056845903396606,0.9591421484947205,0.6597983241081238,0.2993438243865967,0.022872567176818848,0.04586595296859741,False,False,completed
v_c819cb86a8e25dfb3e97,a bicycle gliding through a snowy field,tracked_exclude,start,0.91412752866745,0.9096853137016296,0.902612566947937,0.9381076097488403,0.7309461236000061,0.20716148614883423,0.0044422149658203125,0.01151496171951294,False,True,completed
v_d38b247e9db157715244,a bicycle leaning against a tree,tracked_exclude,start,0.9892665147781372,0.9551625847816467,0.9919600486755371,0.9740362763404846,0.8444722890853882,0.12956398725509644,0.03410392999649048,-0.0026935338973999023,False,False,completed
v_e3ac9d38cb8ebbad7180,an airplane taking off,tracked_exclude,start,0.976184070110321,0.9769752025604248,0.9128701686859131,0.9733335375785828,0.925356924533844,0.04797661304473877,0.0007911324501037598,0.06331390142440796,False,False,completed
v_e710114a4f938d3d6562,a person giving a presentation to a room full of colleagues,tracked_exclude,start,0.9781062602996826,0.9773082137107849,0.8999468684196472,0.962494969367981,0.8649222254753113,0.09757274389266968,0.0007980465888977051,0.0781593918800354,False,False,completed
v_e9cc23e6e032e0839ecb,a person giving a presentation to a room full of colleagues,tracked_exclude,start,0.9782622456550598,0.976901113986969,0.9401745200157166,0.9672319889068604,0.9119970798492432,0.05523490905761719,0.0013611316680908203,0.03808772563934326,False,False,completed
v_f3ccc1d9909eb2eafed7,a person playing guitar,tracked_exclude,start,0.9516969323158264,0.9511702656745911,0.8744343519210815,0.975599467754364,0.9304923415184021,0.045107126235961914,0.0005266666412353516,0.07726258039474487,False,False,completed
v_f88a0a406794823274a6,a person giving a presentation to a room full of colleagues,tracked_exclude,start,0.9855945110321045,0.9667551517486572,0.9658122062683105,0.9959854483604431,0.8325016498565674,0.16348379850387573,0.018839359283447266,0.019782304763793945,False,False,completed
v_015a48a198ce0a7a6684,a car stuck in traffic during rush hour,direct_zero,middle,0.9859246015548706,0.9652782678604126,0.5432036519050598,0.9686998128890991,0.9088634848594666,0.05983632802963257,0.020646333694458008,0.4427209496498108,False,False,completed
v_038af9e85946208b9d08,a boat accelerating to gain speed,direct_zero,middle,0.9453511238098145,0.8517267107963562,0.9238022565841675,0.9640581011772156,0.891539990901947,0.07251811027526855,0.09362441301345825,0.021548867225646973,False,False,completed
v_0b88becab5cd91669727,a car slowing down to stop,direct_zero,middle,0.9607264995574951,0.9605316519737244,0.5257428288459778,0.9076695442199707,0.8461495637893677,0.06151998043060303,0.00019484758377075195,0.43498367071151733,False,False,completed
v_14499454e08d4adb6d22,a boat accelerating to gain speed,direct_zero,middle,0.9209604263305664,0.9208607077598572,0.721143364906311,0.7963992953300476,0.7614593505859375,0.03493994474411011,9.971857070922852e-05,0.19981706142425537,False,False,completed
v_2211afa97c13b0d7479c,a bicycle gliding through a snowy field,direct_zero,middle,0.9496497511863708,0.9255831241607666,0.5181085467338562,0.9195920825004578,0.8269708156585693,0.09262126684188843,0.024066627025604248,0.43154120445251465,False,False,completed
v_22198fc0eb29ccf872ca,a bicycle accelerating to gain speed,direct_zero,middle,0.8857461810112,0.5859177112579346,0.49463409185409546,0.8188527822494507,0.7534327507019043,0.06542003154754639,0.2998284697532654,0.3911120891571045,False,False,completed
v_223dffdfd43f07ff254e,a boat slowing down to stop,direct_zero,middle,0.0,0.0,0.0,0.8887082934379578,0.8257344365119934,0.06297385692596436,0.0,0.0,True,False,completed
v_2390b54e0d7162ecc8e1,an airplane accelerating to gain speed,direct_zero,middle,0.9660283923149109,0.9656397700309753,0.9049051403999329,0.9747323989868164,0.9613475203514099,0.013384878635406494,0.0003886222839355469,0.06112325191497803,False,False,completed
v_24aff3375dfcba813f6e,a car turning a corner,direct_zero,middle,0.969754695892334,0.9685301184654236,0.5325905680656433,0.9699603319168091,0.9236817955970764,0.046278536319732666,0.0012245774269104004,0.4371641278266907,False,False,completed
v_2541a276b12785e4ded5,a person walking in the snowstorm,direct_zero,middle,0.9439834356307983,0.9416635036468506,0.777643620967865,0.9550679922103882,0.8982759714126587,0.05679202079772949,0.002319931983947754,0.16633981466293335,False,False,completed
v_2567bc088498a76bf296,a truck stuck in traffic during rush hour,direct_zero,middle,0.959398090839386,0.9565387964248657,0.8957030177116394,0.9763797521591187,0.9478087425231934,0.028571009635925293,0.0028592944145202637,0.06369507312774658,False,False,completed
v_271c63952df0de2e6cdf,a person washing the dishes,direct_zero,middle,0.9126432538032532,0.9063834547996521,0.8683688640594482,0.9229888319969177,0.8160163164138794,0.10697251558303833,0.006259799003601074,0.04427438974380493,False,True,completed
v_2be9a6688c35336f245c,an airplane landing smoothly on a runway,direct_zero,middle,0.9762710928916931,0.9568951725959778,0.5338324308395386,0.9683166742324829,0.9263949394226074,0.04192173480987549,0.019375920295715332,0.44243866205215454,False,False,completed
v_34ae89f5afbb4409d146,a person eating a burger,direct_zero,middle,0.8157393336296082,0.7785916328430176,0.8113710880279541,0.9471113085746765,0.7856966257095337,0.16141468286514282,0.037147700786590576,0.004368245601654053,False,False,completed
v_3e0e478175044cb2ea97,a person eating a burger,direct_zero,middle,0.9717735648155212,0.9717534780502319,0.902810275554657,0.9099657535552979,0.9034759402275085,0.006489813327789307,2.008676528930664e-05,0.06896328926086426,False,False,completed
v_425065ae2beb7ec16285,an airplane landing smoothly on a runway,direct_zero,middle,0.9556477069854736,0.9517723917961121,0.9000104069709778,0.9661704301834106,0.9494597911834717,0.016710638999938965,0.0038753151893615723,0.05563730001449585,False,False,completed
v_4e6e34f0f85ace192464,a person eating a burger,direct_zero,middle,0.9043691754341125,0.6757823824882507,0.7916501760482788,0.9877499341964722,0.8100215196609497,0.17772841453552246,0.22858679294586182,0.11271899938583374,False,False,completed
v_4f2d8b98e55b77fec7e4,a person drinking coffee in a cafe,direct_zero,middle,0.9236610531806946,0.9268526434898376,0.8419222831726074,0.8729005455970764,0.8256053328514099,0.047295212745666504,0.0031915903091430664,0.08173877000808716,False,False,completed
v_4f6246de363a4189bf81,a bus turning a corner,direct_zero,middle,0.9141050577163696,0.9074075222015381,0.5574087500572205,0.864708662033081,0.8245342373847961,0.04017442464828491,0.006697535514831543,0.35669630765914917,False,False,completed
v_5054c5414a363dab8171,a car slowing down to stop,direct_zero,middle,0.9593479633331299,0.9590131044387817,0.9076263904571533,0.9419843554496765,0.9049627780914307,0.03702157735824585,0.00033485889434814453,0.05172157287597656,False,False,completed
v_74c3a91e1cd5ac167338,a bicycle gliding through a snowy field,direct_zero,middle,0.946782112121582,0.9378145933151245,0.5377786755561829,0.9683824777603149,0.9351041316986084,0.03327834606170654,0.00896751880645752,0.40900343656539917,False,False,completed
v_7a15ece21d814f0fce0f,a bicycle leaning against a tree,direct_zero,middle,0.9531082510948181,0.5878568887710571,0.5435622334480286,0.9489574432373047,0.8817118406295776,0.06724560260772705,0.365251362323761,0.40954601764678955,False,False,completed
v_8e99ea486ff07419b6c1,a person giving a presentation to a room full of colleagues,direct_zero,middle,0.9792287349700928,0.9810439944267273,0.5396876335144043,0.9944238662719727,0.9537115097045898,0.04071235656738281,0.0018152594566345215,0.4395411014556885,False,False,completed
v_9cec858297ae985418ba,a boat slowing down to stop,direct_zero,middle,0.9472293257713318,0.9484967589378357,0.759137749671936,0.9065403342247009,0.8451998829841614,0.06134045124053955,0.0012674331665039062,0.18809157609939575,False,False,completed
v_b5ee130b761930dd2521,a person eating a burger,direct_zero,middle,0.939649224281311,0.9326424598693848,0.8321105241775513,0.9795001149177551,0.8657910823822021,0.11370903253555298,0.0070067644119262695,0.10753870010375977,False,True,completed
v_bc0ac2c371a024e73050,a car accelerating to gain speed,direct_zero,middle,0.3970118463039398,0.47966232895851135,0.2589584290981293,0.8402800559997559,0.7735058665275574,0.06677418947219849,0.08265048265457153,0.13805341720581055,False,False,completed
v_c0930358df5ed15fef8d,a car accelerating to gain speed,direct_zero,middle,0.22154010832309723,0.2827810049057007,0.15776580572128296,0.9591421484947205,0.8540096879005432,0.10513246059417725,0.061240896582603455,0.06377430260181427,False,False,completed
v_c819cb86a8e25dfb3e97,a bicycle gliding through a snowy field,direct_zero,middle,0.9156494736671448,0.5137823820114136,0.5137823820114136,0.9381076097488403,0.8171073794364929,0.12100023031234741,0.4018670916557312,0.4018670916557312,False,False,completed
v_d38b247e9db157715244,a bicycle leaning against a tree,direct_zero,middle,0.9860948324203491,0.6325539946556091,0.712388813495636,0.9740362763404846,0.8749918937683105,0.09904438257217407,0.35354083776474,0.27370601892471313,False,False,completed
v_e3ac9d38cb8ebbad7180,an airplane taking off,direct_zero,middle,0.9761667251586914,0.9759954214096069,0.9116573929786682,0.9733335375785828,0.9561859369277954,0.017147600650787354,0.00017130374908447266,0.0645093321800232,False,False,completed
v_e710114a4f938d3d6562,a person giving a presentation to a room full of colleagues,direct_zero,middle,0.9772360920906067,0.9762981534004211,0.5374874472618103,0.962494969367981,0.9274193644523621,0.035075604915618896,0.0009379386901855469,0.4397486448287964,False,False,completed
v_e9cc23e6e032e0839ecb,a person giving a presentation to a room full of colleagues,direct_zero,middle,0.9752988219261169,0.9724720120429993,0.7571019530296326,0.9672319889068604,0.9398593902587891,0.02737259864807129,0.0028268098831176758,0.21819686889648438,False,False,completed
v_f3ccc1d9909eb2eafed7,a person playing guitar,direct_zero,middle,0.9523401260375977,0.9644231796264648,0.8823084831237793,0.975599467754364,0.9542520642280579,0.021347403526306152,0.012083053588867188,0.07003164291381836,False,False,completed
v_f88a0a406794823274a6,a person giving a presentation to a room full of colleagues,direct_zero,middle,0.9841278791427612,0.948152482509613,0.9613877534866333,0.9959854483604431,0.8998776078224182,0.0961078405380249,0.03597539663314819,0.02274012565612793,False,False,completed
v_015a48a198ce0a7a6684,a car stuck in traffic during rush hour,direct_exclude,middle,0.9859246015548706,0.9652782678604126,0.9876430630683899,0.9686998128890991,0.9088634848594666,0.05983632802963257,0.020646333694458008,-0.0017184615135192871,False,False,completed
v_038af9e85946208b9d08,a boat accelerating to gain speed,direct_exclude,middle,0.9453511238098145,0.9066767692565918,0.9238022565841675,0.9640581011772156,0.891539990901947,0.07251811027526855,0.038674354553222656,0.021548867225646973,False,False,completed
v_0b88becab5cd91669727,a car slowing down to stop,direct_exclude,middle,0.9607264995574951,0.9605316519737244,0.9558960795402527,0.9076695442199707,0.8461495637893677,0.06151998043060303,0.00019484758377075195,0.004830420017242432,False,False,completed
v_14499454e08d4adb6d22,a boat accelerating to gain speed,direct_exclude,middle,0.9209604263305664,0.9208607077598572,0.8241638541221619,0.7963992953300476,0.7614593505859375,0.03493994474411011,9.971857070922852e-05,0.09679657220840454,False,False,completed
v_2211afa97c13b0d7479c,a bicycle gliding through a snowy field,direct_exclude,middle,0.9496497511863708,0.9255831241607666,0.9420154690742493,0.9195920825004578,0.8269708156585693,0.09262126684188843,0.024066627025604248,0.007634282112121582,False,False,completed
v_22198fc0eb29ccf872ca,a bicycle accelerating to gain speed,direct_exclude,middle,0.8857461810112,0.9014118313789368,0.8993346691131592,0.8188527822494507,0.7534327507019043,0.06542003154754639,0.015665650367736816,-0.013588488101959229,False,False,completed
v_223dffdfd43f07ff254e,a boat slowing down to stop,direct_exclude,middle,,,,0.8887082934379578,0.8257344365119934,0.06297385692596436,,,False,False,completed
v_2390b54e0d7162ecc8e1,an airplane accelerating to gain speed,direct_exclude,middle,0.9660283923149109,0.9656397700309753,0.9049051403999329,0.9747323989868164,0.9613475203514099,0.013384878635406494,0.0003886222839355469,0.06112325191497803,False,False,completed
v_24aff3375dfcba813f6e,a car turning a corner,direct_exclude,middle,0.969754695892334,0.9685301184654236,0.9683464169502258,0.9699603319168091,0.9236817955970764,0.046278536319732666,0.0012245774269104004,0.0014082789421081543,False,False,completed
v_2541a276b12785e4ded5,a person walking in the snowstorm,direct_exclude,middle,0.9439834356307983,0.9416635036468506,0.8830018043518066,0.9550679922103882,0.8982759714126587,0.05679202079772949,0.002319931983947754,0.0609816312789917,False,False,completed
v_2567bc088498a76bf296,a truck stuck in traffic during rush hour,direct_exclude,middle,0.959398090839386,0.9565387964248657,0.8957030177116394,0.9763797521591187,0.9478087425231934,0.028571009635925293,0.0028592944145202637,0.06369507312774658,False,False,completed
v_271c63952df0de2e6cdf,a person washing the dishes,direct_exclude,middle,0.9126432538032532,0.9063834547996521,0.8683688640594482,0.9229888319969177,0.8160163164138794,0.10697251558303833,0.006259799003601074,0.04427438974380493,False,True,completed
v_2be9a6688c35336f245c,an airplane landing smoothly on a runway,direct_exclude,middle,0.9762710928916931,0.9568951725959778,0.970604419708252,0.9683166742324829,0.9263949394226074,0.04192173480987549,0.019375920295715332,0.005666673183441162,False,False,completed
v_34ae89f5afbb4409d146,a person eating a burger,direct_exclude,middle,0.8157393336296082,0.7785916328430176,0.8113710880279541,0.9471113085746765,0.7856966257095337,0.16141468286514282,0.037147700786590576,0.004368245601654053,False,False,completed
v_3e0e478175044cb2ea97,a person eating a burger,direct_exclude,middle,0.9717735648155212,0.9717534780502319,0.902810275554657,0.9099657535552979,0.9034759402275085,0.006489813327789307,2.008676528930664e-05,0.06896328926086426,False,False,completed
v_425065ae2beb7ec16285,an airplane landing smoothly on a runway,direct_exclude,middle,0.9556477069854736,0.9517723917961121,0.9000104069709778,0.9661704301834106,0.9494597911834717,0.016710638999938965,0.0038753151893615723,0.05563730001449585,False,False,completed
v_4e6e34f0f85ace192464,a person eating a burger,direct_exclude,middle,0.9043691754341125,0.8911414742469788,0.9047430753707886,0.9877499341964722,0.8100215196609497,0.17772841453552246,0.013227701187133789,-0.0003738999366760254,False,False,completed
v_4f2d8b98e55b77fec7e4,a person drinking coffee in a cafe,direct_exclude,middle,0.9236610531806946,0.9268526434898376,0.8419222831726074,0.8729005455970764,0.8256053328514099,0.047295212745666504,0.0031915903091430664,0.08173877000808716,False,False,completed
v_4f6246de363a4189bf81,a bus turning a corner,direct_exclude,middle,0.9141050577163696,0.9074075222015381,0.9055747389793396,0.864708662033081,0.8245342373847961,0.04017442464828491,0.006697535514831543,0.00853031873703003,False,False,completed
v_5054c5414a363dab8171,a car slowing down to stop,direct_exclude,middle,0.9593479633331299,0.9590131044387817,0.9076263904571533,0.9419843554496765,0.9049627780914307,0.03702157735824585,0.00033485889434814453,0.05172157287597656,False,False,completed
v_74c3a91e1cd5ac167338,a bicycle gliding through a snowy field,direct_exclude,middle,0.946782112121582,0.9378145933151245,0.9464905858039856,0.9683824777603149,0.9351041316986084,0.03327834606170654,0.00896751880645752,0.00029152631759643555,False,False,completed
v_7a15ece21d814f0fce0f,a bicycle leaning against a tree,direct_exclude,middle,0.9531082510948181,0.9550412893295288,0.9566695094108582,0.9489574432373047,0.8817118406295776,0.06724560260772705,0.0019330382347106934,-0.003561258316040039,False,False,completed
v_8e99ea486ff07419b6c1,a person giving a presentation to a room full of colleagues,direct_exclude,middle,0.9792287349700928,0.9810439944267273,0.9812502264976501,0.9944238662719727,0.9537115097045898,0.04071235656738281,0.0018152594566345215,-0.002021491527557373,False,False,completed
v_9cec858297ae985418ba,a boat slowing down to stop,direct_exclude,middle,0.9472293257713318,0.9484967589378357,0.8675860166549683,0.9065403342247009,0.8451998829841614,0.06134045124053955,0.0012674331665039062,0.07964330911636353,False,False,completed
v_b5ee130b761930dd2521,a person eating a burger,direct_exclude,middle,0.939649224281311,0.9326424598693848,0.8321105241775513,0.9795001149177551,0.8657910823822021,0.11370903253555298,0.0070067644119262695,0.10753870010375977,False,True,completed
v_bc0ac2c371a024e73050,a car accelerating to gain speed,direct_exclude,middle,0.8662075996398926,0.8721132874488831,0.8631946444511414,0.8402800559997559,0.7735058665275574,0.06677418947219849,0.0059056878089904785,0.0030129551887512207,False,False,completed
v_c0930358df5ed15fef8d,a car accelerating to gain speed,direct_exclude,middle,0.9494576454162598,0.942603349685669,0.9015188813209534,0.9591421484947205,0.8540096879005432,0.10513246059417725,0.00685429573059082,0.047938764095306396,False,True,completed
v_c819cb86a8e25dfb3e97,a bicycle gliding through a snowy field,direct_exclude,middle,0.9156494736671448,0.9341498017311096,0.9341498017311096,0.9381076097488403,0.8171073794364929,0.12100023031234741,0.018500328063964844,-0.018500328063964844,False,False,completed
v_d38b247e9db157715244,a bicycle leaning against a tree,direct_exclude,middle,0.9860948324203491,0.9731599688529968,0.9394137263298035,0.9740362763404846,0.8749918937683105,0.09904438257217407,0.012934863567352295,0.046681106090545654,False,False,completed
v_e3ac9d38cb8ebbad7180,an airplane taking off,direct_exclude,middle,0.9761667251586914,0.9759954214096069,0.9116573929786682,0.9733335375785828,0.9561859369277954,0.017147600650787354,0.00017130374908447266,0.0645093321800232,False,False,completed
v_e710114a4f938d3d6562,a person giving a presentation to a room full of colleagues,direct_exclude,middle,0.9772360920906067,0.9762981534004211,0.9772499799728394,0.962494969367981,0.9274193644523621,0.035075604915618896,0.0009379386901855469,-1.3887882232666016e-05,False,False,completed
v_e9cc23e6e032e0839ecb,a person giving a presentation to a room full of colleagues,direct_exclude,middle,0.9752988219261169,0.9724720120429993,0.9189651012420654,0.9672319889068604,0.9398593902587891,0.02737259864807129,0.0028268098831176758,0.056333720684051514,False,False,completed
v_f3ccc1d9909eb2eafed7,a person playing guitar,direct_exclude,middle,0.9523401260375977,0.9644231796264648,0.8823084831237793,0.975599467754364,0.9542520642280579,0.021347403526306152,0.012083053588867188,0.07003164291381836,False,False,completed
v_f88a0a406794823274a6,a person giving a presentation to a room full of colleagues,direct_exclude,middle,0.9841278791427612,0.948152482509613,0.9613877534866333,0.9959854483604431,0.8998776078224182,0.0961078405380249,0.03597539663314819,0.02274012565612793,False,False,completed
v_015a48a198ce0a7a6684,a car stuck in traffic during rush hour,tracked_zero,middle,0.9817558526992798,0.9720120429992676,0.5434088706970215,0.9686998128890991,0.9088634848594666,0.05983632802963257,0.009743809700012207,0.4383469820022583,False,False,completed
v_038af9e85946208b9d08,a boat accelerating to gain speed,tracked_zero,middle,0.9479549527168274,0.9069158434867859,0.9289557337760925,0.9640581011772156,0.891539990901947,0.07251811027526855,0.041039109230041504,0.018999218940734863,False,False,completed
v_0b88becab5cd91669727,a car slowing down to stop,tracked_zero,middle,0.9616140127182007,0.9610891342163086,0.5266571044921875,0.9076695442199707,0.8461495637893677,0.06151998043060303,0.0005248785018920898,0.4349569082260132,False,False,completed
v_14499454e08d4adb6d22,a boat accelerating to gain speed,tracked_zero,middle,0.921908438205719,0.920750081539154,0.8135002851486206,0.7963992953300476,0.7614593505859375,0.03493994474411011,0.0011583566665649414,0.10840815305709839,False,False,completed
v_2211afa97c13b0d7479c,a bicycle gliding through a snowy field,tracked_zero,middle,0.9494144320487976,0.9251742362976074,0.5180280208587646,0.9195920825004578,0.8269708156585693,0.09262126684188843,0.024240195751190186,0.43138641119003296,False,False,completed
v_22198fc0eb29ccf872ca,a bicycle accelerating to gain speed,tracked_zero,middle,0.8863354921340942,0.5886189937591553,0.4973577857017517,0.8188527822494507,0.7534327507019043,0.06542003154754639,0.29771649837493896,0.38897770643234253,False,False,completed
v_223dffdfd43f07ff254e,a boat slowing down to stop,tracked_zero,middle,0.0,0.0,0.0,0.8887082934379578,0.8257344365119934,0.06297385692596436,0.0,0.0,True,False,completed
v_2390b54e0d7162ecc8e1,an airplane accelerating to gain speed,tracked_zero,middle,0.9660849571228027,0.9657429456710815,0.9052591323852539,0.9747323989868164,0.9613475203514099,0.013384878635406494,0.0003420114517211914,0.06082582473754883,False,False,completed
v_24aff3375dfcba813f6e,a car turning a corner,tracked_zero,middle,0.9697054028511047,0.9684234261512756,0.5325196385383606,0.9699603319168091,0.9236817955970764,0.046278536319732666,0.0012819766998291016,0.43718576431274414,False,False,completed
v_2541a276b12785e4ded5,a person walking in the snowstorm,tracked_zero,middle,0.9440031051635742,0.9416772127151489,0.8706061840057373,0.9550679922103882,0.8982759714126587,0.05679202079772949,0.002325892448425293,0.07339692115783691,False,False,completed
v_2567bc088498a76bf296,a truck stuck in traffic during rush hour,tracked_zero,middle,0.9660530686378479,0.965325117111206,0.900888979434967,0.9763797521591187,0.9478087425231934,0.028571009635925293,0.0007279515266418457,0.06516408920288086,False,False,completed
v_271c63952df0de2e6cdf,a person washing the dishes,tracked_zero,middle,0.9128022193908691,0.8991936445236206,0.8692940473556519,0.9229888319969177,0.8160163164138794,0.10697251558303833,0.013608574867248535,0.043508172035217285,False,False,completed
v_2be9a6688c35336f245c,an airplane landing smoothly on a runway,tracked_zero,middle,0.9759570360183716,0.9564846754074097,0.5335624814033508,0.9683166742324829,0.9263949394226074,0.04192173480987549,0.019472360610961914,0.44239455461502075,False,False,completed
v_34ae89f5afbb4409d146,a person eating a burger,tracked_zero,middle,0.8267457485198975,0.7867672443389893,0.8171464800834656,0.9471113085746765,0.7856966257095337,0.16141468286514282,0.0399785041809082,0.009599268436431885,False,False,completed
v_3e0e478175044cb2ea97,a person eating a burger,tracked_zero,middle,0.9724780321121216,0.9724396467208862,0.904488742351532,0.9099657535552979,0.9034759402275085,0.006489813327789307,3.838539123535156e-05,0.0679892897605896,False,False,completed
v_425065ae2beb7ec16285,an airplane landing smoothly on a runway,tracked_zero,middle,0.9559702277183533,0.9519941806793213,0.8999961614608765,0.9661704301834106,0.9494597911834717,0.016710638999938965,0.003976047039031982,0.05597406625747681,False,False,completed
v_4e6e34f0f85ace192464,a person eating a burger,tracked_zero,middle,0.911637544631958,0.8626540303230286,0.911207377910614,0.9877499341964722,0.8100215196609497,0.17772841453552246,0.04898351430892944,0.00043016672134399414,False,False,completed
v_4f2d8b98e55b77fec7e4,a person drinking coffee in a cafe,tracked_zero,middle,0.9236051440238953,0.9268133044242859,0.8391989469528198,0.8729005455970764,0.8256053328514099,0.047295212745666504,0.003208160400390625,0.08440619707107544,False,False,completed
v_4f6246de363a4189bf81,a bus turning a corner,tracked_zero,middle,0.9152477383613586,0.9086427688598633,0.6364812850952148,0.864708662033081,0.8245342373847961,0.04017442464828491,0.006604969501495361,0.2787664532661438,False,False,completed
v_5054c5414a363dab8171,a car slowing down to stop,tracked_zero,middle,0.9596989154815674,0.9598435163497925,0.9084778428077698,0.9419843554496765,0.9049627780914307,0.03702157735824585,0.00014460086822509766,0.05122107267379761,False,False,completed
v_74c3a91e1cd5ac167338,a bicycle gliding through a snowy field,tracked_zero,middle,0.9472182393074036,0.9377738237380981,0.5381043553352356,0.9683824777603149,0.9351041316986084,0.03327834606170654,0.00944441556930542,0.40911388397216797,False,False,completed
v_7a15ece21d814f0fce0f,a bicycle leaning against a tree,tracked_zero,middle,0.9545174837112427,0.5886476039886475,0.5443127751350403,0.9489574432373047,0.8817118406295776,0.06724560260772705,0.3658698797225952,0.4102047085762024,False,False,completed
v_8e99ea486ff07419b6c1,a person giving a presentation to a room full of colleagues,tracked_zero,middle,0.9797288179397583,0.9806360006332397,0.5390611290931702,0.9944238662719727,0.9537115097045898,0.04071235656738281,0.0009071826934814453,0.44066768884658813,False,False,completed
v_9cec858297ae985418ba,a boat slowing down to stop,tracked_zero,middle,0.9475188851356506,0.9489078521728516,0.8582600355148315,0.9065403342247009,0.8451998829841614,0.06134045124053955,0.0013889670372009277,0.08925884962081909,False,False,completed
v_b5ee130b761930dd2521,a person eating a burger,tracked_zero,middle,0.9367852807044983,0.9297588467597961,0.8290096521377563,0.9795001149177551,0.8657910823822021,0.11370903253555298,0.0070264339447021484,0.10777562856674194,False,True,completed
v_bc0ac2c371a024e73050,a car accelerating to gain speed,tracked_zero,middle,0.8458313941955566,0.8480228185653687,0.4599706530570984,0.8402800559997559,0.7735058665275574,0.06677418947219849,0.0021914243698120117,0.38586074113845825,False,False,completed
v_c0930358df5ed15fef8d,a car accelerating to gain speed,tracked_zero,middle,0.523352861404419,0.43288806080818176,0.27484747767448425,0.9591421484947205,0.8540096879005432,0.10513246059417725,0.09046480059623718,0.2485053837299347,False,False,completed
v_c819cb86a8e25dfb3e97,a bicycle gliding through a snowy field,tracked_zero,middle,0.91412752866745,0.5144773125648499,0.5144773125648499,0.9381076097488403,0.8171073794364929,0.12100023031234741,0.3996502161026001,0.3996502161026001,False,False,completed
v_d38b247e9db157715244,a bicycle leaning against a tree,tracked_zero,middle,0.9892665147781372,0.6365488171577454,0.9339578747749329,0.9740362763404846,0.8749918937683105,0.09904438257217407,0.35271769762039185,0.055308640003204346,False,False,completed
v_e3ac9d38cb8ebbad7180,an airplane taking off,tracked_zero,middle,0.976184070110321,0.9759584069252014,0.911867618560791,0.9733335375785828,0.9561859369277954,0.017147600650787354,0.0002256631851196289,0.06431645154953003,False,False,completed
v_e710114a4f938d3d6562,a person giving a presentation to a room full of colleagues,tracked_zero,middle,0.9781062602996826,0.9771698117256165,0.5381672382354736,0.962494969367981,0.9274193644523621,0.035075604915618896,0.0009364485740661621,0.439939022064209,False,False,completed
v_e9cc23e6e032e0839ecb,a person giving a presentation to a room full of colleagues,tracked_zero,middle,0.9782622456550598,0.9718156456947327,0.9071643352508545,0.9672319889068604,0.9398593902587891,0.02737259864807129,0.0064465999603271484,0.07109791040420532,False,False,completed
v_f3ccc1d9909eb2eafed7,a person playing guitar,tracked_zero,middle,0.9516969323158264,0.9731326103210449,0.8931925892829895,0.975599467754364,0.9542520642280579,0.021347403526306152,0.021435678005218506,0.058504343032836914,False,False,completed
v_f88a0a406794823274a6,a person giving a presentation to a room full of colleagues,tracked_zero,middle,0.9855945110321045,0.950041651725769,0.968980073928833,0.9959854483604431,0.8998776078224182,0.0961078405380249,0.03555285930633545,0.016614437103271484,False,False,completed
v_015a48a198ce0a7a6684,a car stuck in traffic during rush hour,tracked_exclude,middle,0.9817558526992798,0.9720120429992676,0.9880161285400391,0.9686998128890991,0.9088634848594666,0.05983632802963257,0.009743809700012207,-0.006260275840759277,False,False,completed
v_038af9e85946208b9d08,a boat accelerating to gain speed,tracked_exclude,middle,0.9479549527168274,0.9069158434867859,0.9289557337760925,0.9640581011772156,0.891539990901947,0.07251811027526855,0.041039109230041504,0.018999218940734863,False,False,completed
v_0b88becab5cd91669727,a car slowing down to stop,tracked_exclude,middle,0.9616140127182007,0.9610891342163086,0.9575583934783936,0.9076695442199707,0.8461495637893677,0.06151998043060303,0.0005248785018920898,0.004055619239807129,False,False,completed
v_14499454e08d4adb6d22,a boat accelerating to gain speed,tracked_exclude,middle,0.921908438205719,0.920750081539154,0.8135002851486206,0.7963992953300476,0.7614593505859375,0.03493994474411011,0.0011583566665649414,0.10840815305709839,False,False,completed
v_2211afa97c13b0d7479c,a bicycle gliding through a snowy field,tracked_exclude,middle,0.9494144320487976,0.9251742362976074,0.9418690800666809,0.9195920825004578,0.8269708156585693,0.09262126684188843,0.024240195751190186,0.007545351982116699,False,False,completed
v_22198fc0eb29ccf872ca,a bicycle accelerating to gain speed,tracked_exclude,middle,0.8863354921340942,0.9055676460266113,0.9042868614196777,0.8188527822494507,0.7534327507019043,0.06542003154754639,0.01923215389251709,-0.017951369285583496,False,False,completed
v_223dffdfd43f07ff254e,a boat slowing down to stop,tracked_exclude,middle,,,,0.8887082934379578,0.8257344365119934,0.06297385692596436,,,False,False,completed
v_2390b54e0d7162ecc8e1,an airplane accelerating to gain speed,tracked_exclude,middle,0.9660849571228027,0.9657429456710815,0.9052591323852539,0.9747323989868164,0.9613475203514099,0.013384878635406494,0.0003420114517211914,0.06082582473754883,False,False,completed
v_24aff3375dfcba813f6e,a car turning a corner,tracked_exclude,middle,0.9697054028511047,0.9684234261512756,0.9682174921035767,0.9699603319168091,0.9236817955970764,0.046278536319732666,0.0012819766998291016,0.0014879107475280762,False,False,completed
v_2541a276b12785e4ded5,a person walking in the snowstorm,tracked_exclude,middle,0.9440031051635742,0.9416772127151489,0.8706061840057373,0.9550679922103882,0.8982759714126587,0.05679202079772949,0.002325892448425293,0.07339692115783691,False,False,completed
v_2567bc088498a76bf296,a truck stuck in traffic during rush hour,tracked_exclude,middle,0.9660530686378479,0.965325117111206,0.900888979434967,0.9763797521591187,0.9478087425231934,0.028571009635925293,0.0007279515266418457,0.06516408920288086,False,False,completed
v_271c63952df0de2e6cdf,a person washing the dishes,tracked_exclude,middle,0.9128022193908691,0.8991936445236206,0.8692940473556519,0.9229888319969177,0.8160163164138794,0.10697251558303833,0.013608574867248535,0.043508172035217285,False,False,completed
v_2be9a6688c35336f245c,an airplane landing smoothly on a runway,tracked_exclude,middle,0.9759570360183716,0.9564846754074097,0.9701136350631714,0.9683166742324829,0.9263949394226074,0.04192173480987549,0.019472360610961914,0.005843400955200195,False,False,completed
v_34ae89f5afbb4409d146,a person eating a burger,tracked_exclude,middle,0.8267457485198975,0.7867672443389893,0.8171464800834656,0.9471113085746765,0.7856966257095337,0.16141468286514282,0.0399785041809082,0.009599268436431885,False,False,completed
v_3e0e478175044cb2ea97,a person eating a burger,tracked_exclude,middle,0.9724780321121216,0.9724396467208862,0.904488742351532,0.9099657535552979,0.9034759402275085,0.006489813327789307,3.838539123535156e-05,0.0679892897605896,False,False,completed
v_425065ae2beb7ec16285,an airplane landing smoothly on a runway,tracked_exclude,middle,0.9559702277183533,0.9519941806793213,0.8999961614608765,0.9661704301834106,0.9494597911834717,0.016710638999938965,0.003976047039031982,0.05597406625747681,False,False,completed
v_4e6e34f0f85ace192464,a person eating a burger,tracked_exclude,middle,0.911637544631958,0.8626540303230286,0.911207377910614,0.9877499341964722,0.8100215196609497,0.17772841453552246,0.04898351430892944,0.00043016672134399414,False,False,completed
v_4f2d8b98e55b77fec7e4,a person drinking coffee in a cafe,tracked_exclude,middle,0.9236051440238953,0.9268133044242859,0.8391989469528198,0.8729005455970764,0.8256053328514099,0.047295212745666504,0.003208160400390625,0.08440619707107544,False,False,completed
v_4f6246de363a4189bf81,a bus turning a corner,tracked_exclude,middle,0.9152477383613586,0.9086427688598633,0.889053225517273,0.864708662033081,0.8245342373847961,0.04017442464828491,0.006604969501495361,0.026194512844085693,False,False,completed
v_5054c5414a363dab8171,a car slowing down to stop,tracked_exclude,middle,0.9596989154815674,0.9598435163497925,0.9084778428077698,0.9419843554496765,0.9049627780914307,0.03702157735824585,0.00014460086822509766,0.05122107267379761,False,False,completed
v_74c3a91e1cd5ac167338,a bicycle gliding through a snowy field,tracked_exclude,middle,0.9472182393074036,0.9377738237380981,0.9470636248588562,0.9683824777603149,0.9351041316986084,0.03327834606170654,0.00944441556930542,0.00015461444854736328,False,False,completed
v_7a15ece21d814f0fce0f,a bicycle leaning against a tree,tracked_exclude,middle,0.9545174837112427,0.9563260674476624,0.9579904675483704,0.9489574432373047,0.8817118406295776,0.06724560260772705,0.0018085837364196777,-0.0034729838371276855,False,False,completed
v_8e99ea486ff07419b6c1,a person giving a presentation to a room full of colleagues,tracked_exclude,middle,0.9797288179397583,0.9806360006332397,0.9801111221313477,0.9944238662719727,0.9537115097045898,0.04071235656738281,0.0009071826934814453,-0.00038230419158935547,False,False,completed
v_9cec858297ae985418ba,a boat slowing down to stop,tracked_exclude,middle,0.9475188851356506,0.9489078521728516,0.8582600355148315,0.9065403342247009,0.8451998829841614,0.06134045124053955,0.0013889670372009277,0.08925884962081909,False,False,completed
v_b5ee130b761930dd2521,a person eating a burger,tracked_exclude,middle,0.9367852807044983,0.9297588467597961,0.8290096521377563,0.9795001149177551,0.8657910823822021,0.11370903253555298,0.0070264339447021484,0.10777562856674194,False,True,completed
v_bc0ac2c371a024e73050,a car accelerating to gain speed,tracked_exclude,middle,0.8458313941955566,0.8480228185653687,0.8363103270530701,0.8402800559997559,0.7735058665275574,0.06677418947219849,0.0021914243698120117,0.009521067142486572,False,False,completed
v_c0930358df5ed15fef8d,a car accelerating to gain speed,tracked_exclude,middle,0.9515505433082581,0.9444828629493713,0.9161582589149475,0.9591421484947205,0.8540096879005432,0.10513246059417725,0.007067680358886719,0.03539228439331055,False,True,completed
v_c819cb86a8e25dfb3e97,a bicycle gliding through a snowy field,tracked_exclude,middle,0.91412752866745,0.9354133009910583,0.9354133009910583,0.9381076097488403,0.8171073794364929,0.12100023031234741,0.0212857723236084,-0.0212857723236084,False,False,completed
v_d38b247e9db157715244,a bicycle leaning against a tree,tracked_exclude,middle,0.9892665147781372,0.9793057441711426,0.9339578747749329,0.9740362763404846,0.8749918937683105,0.09904438257217407,0.009960770606994629,0.055308640003204346,False,False,completed
v_e3ac9d38cb8ebbad7180,an airplane taking off,tracked_exclude,middle,0.976184070110321,0.9759584069252014,0.911867618560791,0.9733335375785828,0.9561859369277954,0.017147600650787354,0.0002256631851196289,0.06431645154953003,False,False,completed
v_e710114a4f938d3d6562,a person giving a presentation to a room full of colleagues,tracked_exclude,middle,0.9781062602996826,0.9771698117256165,0.9784858226776123,0.962494969367981,0.9274193644523621,0.035075604915618896,0.0009364485740661621,-0.0003795623779296875,False,False,completed
v_e9cc23e6e032e0839ecb,a person giving a presentation to a room full of colleagues,tracked_exclude,middle,0.9782622456550598,0.9718156456947327,0.9071643352508545,0.9672319889068604,0.9398593902587891,0.02737259864807129,0.0064465999603271484,0.07109791040420532,False,False,completed
v_f3ccc1d9909eb2eafed7,a person playing guitar,tracked_exclude,middle,0.9516969323158264,0.9731326103210449,0.8931925892829895,0.975599467754364,0.9542520642280579,0.021347403526306152,0.021435678005218506,0.058504343032836914,False,False,completed
v_f88a0a406794823274a6,a person giving a presentation to a room full of colleagues,tracked_exclude,middle,0.9855945110321045,0.950041651725769,0.968980073928833,0.9959854483604431,0.8998776078224182,0.0961078405380249,0.03555285930633545,0.016614437103271484,False,False,completed
v_015a48a198ce0a7a6684,a car stuck in traffic during rush hour,direct_zero,end,0.9859246015548706,0.9780252575874329,0.7812069058418274,0.9686998128890991,0.9205097556114197,0.04819005727767944,0.007899343967437744,0.2047176957130432,False,False,completed
v_038af9e85946208b9d08,a boat accelerating to gain speed,direct_zero,end,0.9453511238098145,0.6598153710365295,0.9246903657913208,0.9640581011772156,0.8932231664657593,0.0708349347114563,0.2855357527732849,0.020660758018493652,False,False,completed
v_0b88becab5cd91669727,a car slowing down to stop,direct_zero,end,0.9607264995574951,0.954927921295166,0.5282599925994873,0.9076695442199707,0.8663899898529053,0.04127955436706543,0.0057985782623291016,0.4324665069580078,False,False,completed
v_14499454e08d4adb6d22,a boat accelerating to gain speed,direct_zero,end,0.9209604263305664,0.6966937184333801,0.8569980263710022,0.7963992953300476,0.7416436076164246,0.05475568771362305,0.22426670789718628,0.06396239995956421,False,False,completed
v_2211afa97c13b0d7479c,a bicycle gliding through a snowy field,direct_zero,end,0.9496497511863708,0.9472828507423401,0.5201658010482788,0.9195920825004578,0.8547598123550415,0.06483227014541626,0.0023669004440307617,0.42948395013809204,False,False,completed
v_22198fc0eb29ccf872ca,a bicycle accelerating to gain speed,direct_zero,end,0.8857461810112,0.890928328037262,0.4828667938709259,0.8188527822494507,0.7980449199676514,0.020807862281799316,0.005182147026062012,0.40287938714027405,False,False,completed
v_223dffdfd43f07ff254e,a boat slowing down to stop,direct_zero,end,0.0,0.0,0.0,0.8887082934379578,0.806951105594635,0.08175718784332275,0.0,0.0,True,False,completed
v_2390b54e0d7162ecc8e1,an airplane accelerating to gain speed,direct_zero,end,0.9660283923149109,0.9652333855628967,0.8958854675292969,0.9747323989868164,0.9616097211837769,0.01312267780303955,0.0007950067520141602,0.07014292478561401,False,False,completed
v_24aff3375dfcba813f6e,a car turning a corner,direct_zero,end,0.969754695892334,0.9698139429092407,0.8822338581085205,0.9699603319168091,0.9327487349510193,0.037211596965789795,5.924701690673828e-05,0.08752083778381348,False,False,completed
v_2541a276b12785e4ded5,a person walking in the snowstorm,direct_zero,end,0.9439834356307983,0.9417625665664673,0.7271784543991089,0.9550679922103882,0.9087611436843872,0.04630684852600098,0.0022208690643310547,0.21680498123168945,False,False,completed
v_2567bc088498a76bf296,a truck stuck in traffic during rush hour,direct_zero,end,0.959398090839386,0.9571534395217896,0.9083842635154724,0.9763797521591187,0.9533722400665283,0.023007512092590332,0.0022446513175964355,0.051013827323913574,False,False,completed
v_271c63952df0de2e6cdf,a person washing the dishes,direct_zero,end,0.9126432538032532,0.8997392058372498,0.8699827790260315,0.9229888319969177,0.8223922252655029,0.1005966067314148,0.012904047966003418,0.04266047477722168,False,False,completed
v_2be9a6688c35336f245c,an airplane landing smoothly on a runway,direct_zero,end,0.9762710928916931,0.8991013169288635,0.7074518799781799,0.9683166742324829,0.9347681403160095,0.03354853391647339,0.07716977596282959,0.2688192129135132,False,False,completed
v_34ae89f5afbb4409d146,a person eating a burger,direct_zero,end,0.8157393336296082,0.6834827661514282,0.7002003192901611,0.9471113085746765,0.79296875,0.1541425585746765,0.13225656747817993,0.11553901433944702,False,False,completed
v_3e0e478175044cb2ea97,a person eating a burger,direct_zero,end,0.9717735648155212,0.9714870452880859,0.9100213646888733,0.9099657535552979,0.9047679901123047,0.005197763442993164,0.00028651952743530273,0.06175220012664795,False,False,completed
v_425065ae2beb7ec16285,an airplane landing smoothly on a runway,direct_zero,end,0.9556477069854736,0.9541068077087402,0.9066439270973206,0.9661704301834106,0.9511250257492065,0.015045404434204102,0.0015408992767333984,0.049003779888153076,False,False,completed
v_4e6e34f0f85ace192464,a person eating a burger,direct_zero,end,0.9043691754341125,0.9015084505081177,0.6538072228431702,0.9877499341964722,0.8717766404151917,0.11597329378128052,0.002860724925994873,0.2505619525909424,False,True,completed
v_4f2d8b98e55b77fec7e4,a person drinking coffee in a cafe,direct_zero,end,0.9236610531806946,0.9261453747749329,0.8449741005897522,0.8729005455970764,0.8445674180984497,0.02833312749862671,0.0024843215942382812,0.07868695259094238,False,False,completed
v_4f6246de363a4189bf81,a bus turning a corner,direct_zero,end,0.9141050577163696,0.9160942435264587,0.5268763899803162,0.864708662033081,0.8403308987617493,0.024377763271331787,0.0019891858100891113,0.38722866773605347,False,False,completed
v_5054c5414a363dab8171,a car slowing down to stop,direct_zero,end,0.9593479633331299,0.9574230909347534,0.9110530018806458,0.9419843554496765,0.913517415523529,0.02846693992614746,0.0019248723983764648,0.04829496145248413,False,False,completed
v_74c3a91e1cd5ac167338,a bicycle gliding through a snowy field,direct_zero,end,0.946782112121582,0.9374356269836426,0.537534773349762,0.9683824777603149,0.936784029006958,0.031598448753356934,0.009346485137939453,0.40924733877182007,False,False,completed
v_7a15ece21d814f0fce0f,a bicycle leaning against a tree,direct_zero,end,0.9531082510948181,0.5409401655197144,0.6300756931304932,0.9489574432373047,0.8752142190933228,0.07374322414398193,0.41216808557510376,0.32303255796432495,False,False,completed
v_8e99ea486ff07419b6c1,a person giving a presentation to a room full of colleagues,direct_zero,end,0.9792287349700928,0.9787126183509827,0.5395057797431946,0.9944238662719727,0.9588472247123718,0.03557664155960083,0.0005161166191101074,0.4397229552268982,False,False,completed
v_9cec858297ae985418ba,a boat slowing down to stop,direct_zero,end,0.9472293257713318,0.8166942000389099,0.897010326385498,0.9065403342247009,0.838289201259613,0.06825113296508789,0.13053512573242188,0.05021899938583374,False,False,completed
v_b5ee130b761930dd2521,a person eating a burger,direct_zero,end,0.939649224281311,0.9279540181159973,0.886746883392334,0.9795001149177551,0.8556013703346252,0.12389874458312988,0.01169520616531372,0.05290234088897705,False,False,completed
v_bc0ac2c371a024e73050,a car accelerating to gain speed,direct_zero,end,0.3970118463039398,0.26128584146499634,0.26128584146499634,0.8402800559997559,0.7570163011550903,0.08326375484466553,0.13572600483894348,0.13572600483894348,False,False,completed
v_c0930358df5ed15fef8d,a car accelerating to gain speed,direct_zero,end,0.22154010832309723,0.21969589591026306,0.1571536660194397,0.9591421484947205,0.8701510429382324,0.08899110555648804,0.0018442124128341675,0.06438644230365753,False,False,completed
v_c819cb86a8e25dfb3e97,a bicycle gliding through a snowy field,direct_zero,end,0.9156494736671448,0.5934649705886841,0.501857340335846,0.9381076097488403,0.8443044424057007,0.09380316734313965,0.3221845030784607,0.41379213333129883,False,False,completed
v_d38b247e9db157715244,a bicycle leaning against a tree,direct_zero,end,0.9860948324203491,0.8438858389854431,0.6328219175338745,0.9740362763404846,0.9086564779281616,0.065379798412323,0.142208993434906,0.3532729148864746,False,False,completed
v_e3ac9d38cb8ebbad7180,an airplane taking off,direct_zero,end,0.9761667251586914,0.9761162996292114,0.9109604954719543,0.9733335375785828,0.9589306712150574,0.01440286636352539,5.042552947998047e-05,0.06520622968673706,False,False,completed
v_e710114a4f938d3d6562,a person giving a presentation to a room full of colleagues,direct_zero,end,0.9772360920906067,0.9790762066841125,0.8962574601173401,0.962494969367981,0.9254521131515503,0.037042856216430664,0.0018401145935058594,0.0809786319732666,False,False,completed
v_e9cc23e6e032e0839ecb,a person giving a presentation to a room full of colleagues,direct_zero,end,0.9752988219261169,0.9722796678543091,0.9215056896209717,0.9672319889068604,0.9419795274734497,0.025252461433410645,0.0030191540718078613,0.053793132305145264,False,False,completed
v_f3ccc1d9909eb2eafed7,a person playing guitar,direct_zero,end,0.9523401260375977,0.9523658156394958,0.8675588965415955,0.975599467754364,0.9596794843673706,0.015919983386993408,2.568960189819336e-05,0.0847812294960022,False,False,completed
v_f88a0a406794823274a6,a person giving a presentation to a room full of colleagues,direct_zero,end,0.9841278791427612,0.9494558572769165,0.9624164700508118,0.9959854483604431,0.9053329825401306,0.0906524658203125,0.03467202186584473,0.021711409091949463,False,False,completed
v_015a48a198ce0a7a6684,a car stuck in traffic during rush hour,direct_exclude,end,0.9859246015548706,0.9780252575874329,0.8928078413009644,0.9686998128890991,0.9205097556114197,0.04819005727767944,0.007899343967437744,0.09311676025390625,False,False,completed
v_038af9e85946208b9d08,a boat accelerating to gain speed,direct_exclude,end,0.9453511238098145,0.9216468930244446,0.9246903657913208,0.9640581011772156,0.8932231664657593,0.0708349347114563,0.023704230785369873,0.020660758018493652,False,False,completed
v_0b88becab5cd91669727,a car slowing down to stop,direct_exclude,end,0.9607264995574951,0.954927921295166,0.9604727029800415,0.9076695442199707,0.8663899898529053,0.04127955436706543,0.0057985782623291016,0.0002537965774536133,False,False,completed
v_14499454e08d4adb6d22,a boat accelerating to gain speed,direct_exclude,end,0.9209604263305664,0.9187169671058655,0.8569980263710022,0.7963992953300476,0.7416436076164246,0.05475568771362305,0.0022434592247009277,0.06396239995956421,False,False,completed
v_2211afa97c13b0d7479c,a bicycle gliding through a snowy field,direct_exclude,end,0.9496497511863708,0.9472828507423401,0.9457560181617737,0.9195920825004578,0.8547598123550415,0.06483227014541626,0.0023669004440307617,0.003893733024597168,False,False,completed
v_22198fc0eb29ccf872ca,a bicycle accelerating to gain speed,direct_exclude,end,0.8857461810112,0.890928328037262,0.8779395818710327,0.8188527822494507,0.7980449199676514,0.020807862281799316,0.005182147026062012,0.007806599140167236,False,False,completed
v_223dffdfd43f07ff254e,a boat slowing down to stop,direct_exclude,end,,,,0.8887082934379578,0.806951105594635,0.08175718784332275,,,False,False,completed
v_2390b54e0d7162ecc8e1,an airplane accelerating to gain speed,direct_exclude,end,0.9660283923149109,0.9652333855628967,0.8958854675292969,0.9747323989868164,0.9616097211837769,0.01312267780303955,0.0007950067520141602,0.07014292478561401,False,False,completed
v_24aff3375dfcba813f6e,a car turning a corner,direct_exclude,end,0.969754695892334,0.9698139429092407,0.8822338581085205,0.9699603319168091,0.9327487349510193,0.037211596965789795,5.924701690673828e-05,0.08752083778381348,False,False,completed
v_2541a276b12785e4ded5,a person walking in the snowstorm,direct_exclude,end,0.9439834356307983,0.9417625665664673,0.8826442360877991,0.9550679922103882,0.9087611436843872,0.04630684852600098,0.0022208690643310547,0.06133919954299927,False,False,completed
v_2567bc088498a76bf296,a truck stuck in traffic during rush hour,direct_exclude,end,0.959398090839386,0.9571534395217896,0.9083842635154724,0.9763797521591187,0.9533722400665283,0.023007512092590332,0.0022446513175964355,0.051013827323913574,False,False,completed
v_271c63952df0de2e6cdf,a person washing the dishes,direct_exclude,end,0.9126432538032532,0.8997392058372498,0.8699827790260315,0.9229888319969177,0.8223922252655029,0.1005966067314148,0.012904047966003418,0.04266047477722168,False,False,completed
v_2be9a6688c35336f245c,an airplane landing smoothly on a runway,direct_exclude,end,0.9762710928916931,0.8991013169288635,0.9329034686088562,0.9683166742324829,0.9347681403160095,0.03354853391647339,0.07716977596282959,0.043367624282836914,False,False,completed
v_34ae89f5afbb4409d146,a person eating a burger,direct_exclude,end,0.8157393336296082,0.7811232209205627,0.8002288937568665,0.9471113085746765,0.79296875,0.1541425585746765,0.03461611270904541,0.0155104398727417,False,False,completed
v_3e0e478175044cb2ea97,a person eating a burger,direct_exclude,end,0.9717735648155212,0.9714870452880859,0.9100213646888733,0.9099657535552979,0.9047679901123047,0.005197763442993164,0.00028651952743530273,0.06175220012664795,False,False,completed
v_425065ae2beb7ec16285,an airplane landing smoothly on a runway,direct_exclude,end,0.9556477069854736,0.9541068077087402,0.9066439270973206,0.9661704301834106,0.9511250257492065,0.015045404434204102,0.0015408992767333984,0.049003779888153076,False,False,completed
v_4e6e34f0f85ace192464,a person eating a burger,direct_exclude,end,0.9043691754341125,0.9015084505081177,0.8621633648872375,0.9877499341964722,0.8717766404151917,0.11597329378128052,0.002860724925994873,0.042205810546875,False,True,completed
v_4f2d8b98e55b77fec7e4,a person drinking coffee in a cafe,direct_exclude,end,0.9236610531806946,0.9261453747749329,0.8449741005897522,0.8729005455970764,0.8445674180984497,0.02833312749862671,0.0024843215942382812,0.07868695259094238,False,False,completed
v_4f6246de363a4189bf81,a bus turning a corner,direct_exclude,end,0.9141050577163696,0.9160942435264587,0.9273024797439575,0.864708662033081,0.8403308987617493,0.024377763271331787,0.0019891858100891113,-0.01319742202758789,False,False,completed
v_5054c5414a363dab8171,a car slowing down to stop,direct_exclude,end,0.9593479633331299,0.9574230909347534,0.9110530018806458,0.9419843554496765,0.913517415523529,0.02846693992614746,0.0019248723983764648,0.04829496145248413,False,False,completed
v_74c3a91e1cd5ac167338,a bicycle gliding through a snowy field,direct_exclude,end,0.946782112121582,0.9374356269836426,0.9460611939430237,0.9683824777603149,0.936784029006958,0.031598448753356934,0.009346485137939453,0.0007209181785583496,False,False,completed
v_7a15ece21d814f0fce0f,a bicycle leaning against a tree,direct_exclude,end,0.9531082510948181,0.9520546793937683,0.947806179523468,0.9489574432373047,0.8752142190933228,0.07374322414398193,0.0010535717010498047,0.005302071571350098,False,False,completed
v_8e99ea486ff07419b6c1,a person giving a presentation to a room full of colleagues,direct_exclude,end,0.9792287349700928,0.9787126183509827,0.980919599533081,0.9944238662719727,0.9588472247123718,0.03557664155960083,0.0005161166191101074,-0.0016908645629882812,False,False,completed
v_9cec858297ae985418ba,a boat slowing down to stop,direct_exclude,end,0.9472293257713318,0.933364748954773,0.897010326385498,0.9065403342247009,0.838289201259613,0.06825113296508789,0.013864576816558838,0.05021899938583374,False,False,completed
v_b5ee130b761930dd2521,a person eating a burger,direct_exclude,end,0.939649224281311,0.9279540181159973,0.886746883392334,0.9795001149177551,0.8556013703346252,0.12389874458312988,0.01169520616531372,0.05290234088897705,False,False,completed
v_bc0ac2c371a024e73050,a car accelerating to gain speed,direct_exclude,end,0.8662075996398926,0.8709527850151062,0.8709527850151062,0.8402800559997559,0.7570163011550903,0.08326375484466553,0.004745185375213623,-0.004745185375213623,False,False,completed
v_c0930358df5ed15fef8d,a car accelerating to gain speed,direct_exclude,end,0.9494576454162598,0.9415538311004639,0.8980209231376648,0.9591421484947205,0.8701510429382324,0.08899110555648804,0.007903814315795898,0.05143672227859497,False,False,completed
v_c819cb86a8e25dfb3e97,a bicycle gliding through a snowy field,direct_exclude,end,0.9156494736671448,0.9130229353904724,0.912467896938324,0.9381076097488403,0.8443044424057007,0.09380316734313965,0.0026265382766723633,0.0031815767288208008,False,False,completed
v_d38b247e9db157715244,a bicycle leaning against a tree,direct_exclude,end,0.9860948324203491,0.9644409418106079,0.9735721945762634,0.9740362763404846,0.9086564779281616,0.065379798412323,0.02165389060974121,0.012522637844085693,False,False,completed
v_e3ac9d38cb8ebbad7180,an airplane taking off,direct_exclude,end,0.9761667251586914,0.9761162996292114,0.9109604954719543,0.9733335375785828,0.9589306712150574,0.01440286636352539,5.042552947998047e-05,0.06520622968673706,False,False,completed
v_e710114a4f938d3d6562,a person giving a presentation to a room full of colleagues,direct_exclude,end,0.9772360920906067,0.9790762066841125,0.8962574601173401,0.962494969367981,0.9254521131515503,0.037042856216430664,0.0018401145935058594,0.0809786319732666,False,False,completed
v_e9cc23e6e032e0839ecb,a person giving a presentation to a room full of colleagues,direct_exclude,end,0.9752988219261169,0.9722796678543091,0.9215056896209717,0.9672319889068604,0.9419795274734497,0.025252461433410645,0.0030191540718078613,0.053793132305145264,False,False,completed
v_f3ccc1d9909eb2eafed7,a person playing guitar,direct_exclude,end,0.9523401260375977,0.9523658156394958,0.8675588965415955,0.975599467754364,0.9596794843673706,0.015919983386993408,2.568960189819336e-05,0.0847812294960022,False,False,completed
v_f88a0a406794823274a6,a person giving a presentation to a room full of colleagues,direct_exclude,end,0.9841278791427612,0.9494558572769165,0.9624164700508118,0.9959854483604431,0.9053329825401306,0.0906524658203125,0.03467202186584473,0.021711409091949463,False,False,completed
v_015a48a198ce0a7a6684,a car stuck in traffic during rush hour,tracked_zero,end,0.9817558526992798,0.9805724620819092,0.8725594282150269,0.9686998128890991,0.9205097556114197,0.04819005727767944,0.0011833906173706055,0.10919642448425293,False,False,completed
v_038af9e85946208b9d08,a boat accelerating to gain speed,tracked_zero,end,0.9479549527168274,0.7052215933799744,0.9289289712905884,0.9640581011772156,0.8932231664657593,0.0708349347114563,0.24273335933685303,0.019025981426239014,False,False,completed
v_0b88becab5cd91669727,a car slowing down to stop,tracked_zero,end,0.9616140127182007,0.9552793502807617,0.528164267539978,0.9076695442199707,0.8663899898529053,0.04127955436706543,0.006334662437438965,0.43344974517822266,False,False,completed
v_14499454e08d4adb6d22,a boat accelerating to gain speed,tracked_zero,end,0.921908438205719,0.8042832016944885,0.8582659959793091,0.7963992953300476,0.7416436076164246,0.05475568771362305,0.11762523651123047,0.06364244222640991,False,False,completed
v_2211afa97c13b0d7479c,a bicycle gliding through a snowy field,tracked_zero,end,0.9494144320487976,0.9472116231918335,0.5200673341751099,0.9195920825004578,0.8547598123550415,0.06483227014541626,0.0022028088569641113,0.42934709787368774,False,False,completed
v_22198fc0eb29ccf872ca,a bicycle accelerating to gain speed,tracked_zero,end,0.8863354921340942,0.8872312307357788,0.4791981279850006,0.8188527822494507,0.7980449199676514,0.020807862281799316,0.0008957386016845703,0.40713736414909363,False,False,completed
v_223dffdfd43f07ff254e,a boat slowing down to stop,tracked_zero,end,0.0,0.0,0.0,0.8887082934379578,0.806951105594635,0.08175718784332275,0.0,0.0,True,False,completed
v_2390b54e0d7162ecc8e1,an airplane accelerating to gain speed,tracked_zero,end,0.9660849571228027,0.965168833732605,0.8960296511650085,0.9747323989868164,0.9616097211837769,0.01312267780303955,0.0009161233901977539,0.07005530595779419,False,False,completed
v_24aff3375dfcba813f6e,a car turning a corner,tracked_zero,end,0.9697054028511047,0.970011293888092,0.8827133774757385,0.9699603319168091,0.9327487349510193,0.037211596965789795,0.0003058910369873047,0.08699202537536621,False,False,completed
v_2541a276b12785e4ded5,a person walking in the snowstorm,tracked_zero,end,0.9440031051635742,0.9417821168899536,0.817116379737854,0.9550679922103882,0.9087611436843872,0.04630684852600098,0.0022209882736206055,0.12688672542572021,False,False,completed
v_2567bc088498a76bf296,a truck stuck in traffic during rush hour,tracked_zero,end,0.9660530686378479,0.9640370011329651,0.9085588455200195,0.9763797521591187,0.9533722400665283,0.023007512092590332,0.0020160675048828125,0.05749422311782837,False,False,completed
v_271c63952df0de2e6cdf,a person washing the dishes,tracked_zero,end,0.9128022193908691,0.874879002571106,0.8700248599052429,0.9229888319969177,0.8223922252655029,0.1005966067314148,0.037923216819763184,0.04277735948562622,False,False,completed
v_2be9a6688c35336f245c,an airplane landing smoothly on a runway,tracked_zero,end,0.9759570360183716,0.8867082595825195,0.908201277256012,0.9683166742324829,0.9347681403160095,0.03354853391647339,0.08924877643585205,0.06775575876235962,False,False,completed
v_34ae89f5afbb4409d146,a person eating a burger,tracked_zero,end,0.8267457485198975,0.7733352780342102,0.7901694774627686,0.9471113085746765,0.79296875,0.1541425585746765,0.053410470485687256,0.036576271057128906,False,False,completed
v_3e0e478175044cb2ea97,a person eating a burger,tracked_zero,end,0.9724780321121216,0.9726391434669495,0.910389244556427,0.9099657535552979,0.9047679901123047,0.005197763442993164,0.00016111135482788086,0.06208878755569458,False,False,completed
v_425065ae2beb7ec16285,an airplane landing smoothly on a runway,tracked_zero,end,0.9559702277183533,0.9541494846343994,0.9072005748748779,0.9661704301834106,0.9511250257492065,0.015045404434204102,0.0018207430839538574,0.04876965284347534,False,False,completed
v_4e6e34f0f85ace192464,a person eating a burger,tracked_zero,end,0.911637544631958,0.9038915038108826,0.6654483675956726,0.9877499341964722,0.8717766404151917,0.11597329378128052,0.0077460408210754395,0.2461891770362854,False,True,completed
v_4f2d8b98e55b77fec7e4,a person drinking coffee in a cafe,tracked_zero,end,0.9236051440238953,0.9265307188034058,0.8453329801559448,0.8729005455970764,0.8445674180984497,0.02833312749862671,0.002925574779510498,0.07827216386795044,False,False,completed
v_4f6246de363a4189bf81,a bus turning a corner,tracked_zero,end,0.9152477383613586,0.9160558581352234,0.5265084505081177,0.864708662033081,0.8403308987617493,0.024377763271331787,0.0008081197738647461,0.38873928785324097,False,False,completed
v_5054c5414a363dab8171,a car slowing down to stop,tracked_zero,end,0.9596989154815674,0.9584527611732483,0.9118572473526001,0.9419843554496765,0.913517415523529,0.02846693992614746,0.0012461543083190918,0.047841668128967285,False,False,completed
v_74c3a91e1cd5ac167338,a bicycle gliding through a snowy field,tracked_zero,end,0.9472182393074036,0.9376876354217529,0.537678599357605,0.9683824777603149,0.936784029006958,0.031598448753356934,0.009530603885650635,0.4095396399497986,False,False,completed
v_7a15ece21d814f0fce0f,a bicycle leaning against a tree,tracked_zero,end,0.9545174837112427,0.5408070683479309,0.6726469397544861,0.9489574432373047,0.8752142190933228,0.07374322414398193,0.41371041536331177,0.2818705439567566,False,False,completed
v_8e99ea486ff07419b6c1,a person giving a presentation to a room full of colleagues,tracked_zero,end,0.9797288179397583,0.9797424674034119,0.5405187010765076,0.9944238662719727,0.9588472247123718,0.03557664155960083,1.3649463653564453e-05,0.43921011686325073,False,False,completed
v_9cec858297ae985418ba,a boat slowing down to stop,tracked_zero,end,0.9475188851356506,0.9294491410255432,0.8965345025062561,0.9065403342247009,0.838289201259613,0.06825113296508789,0.018069744110107422,0.05098438262939453,False,False,completed
v_b5ee130b761930dd2521,a person eating a burger,tracked_zero,end,0.9367852807044983,0.9174289107322693,0.8845170736312866,0.9795001149177551,0.8556013703346252,0.12389874458312988,0.019356369972229004,0.05226820707321167,False,False,completed
v_bc0ac2c371a024e73050,a car accelerating to gain speed,tracked_zero,end,0.8458313941955566,0.48729148507118225,0.48729148507118225,0.8402800559997559,0.7570163011550903,0.08326375484466553,0.3585399091243744,0.3585399091243744,False,False,completed
v_c0930358df5ed15fef8d,a car accelerating to gain speed,tracked_zero,end,0.523352861404419,0.522032618522644,0.5981326103210449,0.9591421484947205,0.8701510429382324,0.08899110555648804,0.0013202428817749023,-0.07477974891662598,False,False,completed
v_c819cb86a8e25dfb3e97,a bicycle gliding through a snowy field,tracked_zero,end,0.91412752866745,0.7976564168930054,0.5019524097442627,0.9381076097488403,0.8443044424057007,0.09380316734313965,0.11647111177444458,0.41217511892318726,False,False,completed
v_d38b247e9db157715244,a bicycle leaning against a tree,tracked_zero,end,0.9892665147781372,0.845491349697113,0.6347694993019104,0.9740362763404846,0.9086564779281616,0.065379798412323,0.14377516508102417,0.3544970154762268,False,False,completed
v_e3ac9d38cb8ebbad7180,an airplane taking off,tracked_zero,end,0.976184070110321,0.9761688113212585,0.9109286069869995,0.9733335375785828,0.9589306712150574,0.01440286636352539,1.52587890625e-05,0.06525546312332153,False,False,completed
v_e710114a4f938d3d6562,a person giving a presentation to a room full of colleagues,tracked_zero,end,0.9781062602996826,0.979401171207428,0.8959832787513733,0.962494969367981,0.9254521131515503,0.037042856216430664,0.0012949109077453613,0.08212298154830933,False,False,completed
v_e9cc23e6e032e0839ecb,a person giving a presentation to a room full of colleagues,tracked_zero,end,0.9782622456550598,0.9734954833984375,0.9360476732254028,0.9672319889068604,0.9419795274734497,0.025252461433410645,0.0047667622566223145,0.04221457242965698,False,False,completed
v_f3ccc1d9909eb2eafed7,a person playing guitar,tracked_zero,end,0.9516969323158264,0.9524549841880798,0.8705624341964722,0.975599467754364,0.9596794843673706,0.015919983386993408,0.000758051872253418,0.08113449811935425,False,False,completed
v_f88a0a406794823274a6,a person giving a presentation to a room full of colleagues,tracked_zero,end,0.9855945110321045,0.952372670173645,0.96416836977005,0.9959854483604431,0.9053329825401306,0.0906524658203125,0.03322184085845947,0.021426141262054443,False,False,completed
v_015a48a198ce0a7a6684,a car stuck in traffic during rush hour,tracked_exclude,end,0.9817558526992798,0.9805724620819092,0.8725594282150269,0.9686998128890991,0.9205097556114197,0.04819005727767944,0.0011833906173706055,0.10919642448425293,False,False,completed
v_038af9e85946208b9d08,a boat accelerating to gain speed,tracked_exclude,end,0.9479549527168274,0.9171354174613953,0.9289289712905884,0.9640581011772156,0.8932231664657593,0.0708349347114563,0.03081953525543213,0.019025981426239014,False,False,completed
v_0b88becab5cd91669727,a car slowing down to stop,tracked_exclude,end,0.9616140127182007,0.9552793502807617,0.9602985978126526,0.9076695442199707,0.8663899898529053,0.04127955436706543,0.006334662437438965,0.0013154149055480957,False,False,completed
v_14499454e08d4adb6d22,a boat accelerating to gain speed,tracked_exclude,end,0.921908438205719,0.9191807508468628,0.8582659959793091,0.7963992953300476,0.7416436076164246,0.05475568771362305,0.002727687358856201,0.06364244222640991,False,False,completed
v_2211afa97c13b0d7479c,a bicycle gliding through a snowy field,tracked_exclude,end,0.9494144320487976,0.9472116231918335,0.9455768465995789,0.9195920825004578,0.8547598123550415,0.06483227014541626,0.0022028088569641113,0.00383758544921875,False,False,completed
v_22198fc0eb29ccf872ca,a bicycle accelerating to gain speed,tracked_exclude,end,0.8863354921340942,0.8872312307357788,0.8712692856788635,0.8188527822494507,0.7980449199676514,0.020807862281799316,0.0008957386016845703,0.015066206455230713,False,False,completed
v_223dffdfd43f07ff254e,a boat slowing down to stop,tracked_exclude,end,,,,0.8887082934379578,0.806951105594635,0.08175718784332275,,,False,False,completed
v_2390b54e0d7162ecc8e1,an airplane accelerating to gain speed,tracked_exclude,end,0.9660849571228027,0.965168833732605,0.8960296511650085,0.9747323989868164,0.9616097211837769,0.01312267780303955,0.0009161233901977539,0.07005530595779419,False,False,completed
v_24aff3375dfcba813f6e,a car turning a corner,tracked_exclude,end,0.9697054028511047,0.970011293888092,0.8827133774757385,0.9699603319168091,0.9327487349510193,0.037211596965789795,0.0003058910369873047,0.08699202537536621,False,False,completed
v_2541a276b12785e4ded5,a person walking in the snowstorm,tracked_exclude,end,0.9440031051635742,0.9417821168899536,0.8698335289955139,0.9550679922103882,0.9087611436843872,0.04630684852600098,0.0022209882736206055,0.0741695761680603,False,False,completed
v_2567bc088498a76bf296,a truck stuck in traffic during rush hour,tracked_exclude,end,0.9660530686378479,0.9640370011329651,0.9085588455200195,0.9763797521591187,0.9533722400665283,0.023007512092590332,0.0020160675048828125,0.05749422311782837,False,False,completed
v_271c63952df0de2e6cdf,a person washing the dishes,tracked_exclude,end,0.9128022193908691,0.874879002571106,0.8700248599052429,0.9229888319969177,0.8223922252655029,0.1005966067314148,0.037923216819763184,0.04277735948562622,False,False,completed
v_2be9a6688c35336f245c,an airplane landing smoothly on a runway,tracked_exclude,end,0.9759570360183716,0.8867082595825195,0.908201277256012,0.9683166742324829,0.9347681403160095,0.03354853391647339,0.08924877643585205,0.06775575876235962,False,False,completed
v_34ae89f5afbb4409d146,a person eating a burger,tracked_exclude,end,0.8267457485198975,0.7733352780342102,0.7901694774627686,0.9471113085746765,0.79296875,0.1541425585746765,0.053410470485687256,0.036576271057128906,False,False,completed
v_3e0e478175044cb2ea97,a person eating a burger,tracked_exclude,end,0.9724780321121216,0.9726391434669495,0.910389244556427,0.9099657535552979,0.9047679901123047,0.005197763442993164,0.00016111135482788086,0.06208878755569458,False,False,completed
v_425065ae2beb7ec16285,an airplane landing smoothly on a runway,tracked_exclude,end,0.9559702277183533,0.9541494846343994,0.9072005748748779,0.9661704301834106,0.9511250257492065,0.015045404434204102,0.0018207430839538574,0.04876965284347534,False,False,completed
v_4e6e34f0f85ace192464,a person eating a burger,tracked_exclude,end,0.911637544631958,0.9038915038108826,0.8775141835212708,0.9877499341964722,0.8717766404151917,0.11597329378128052,0.0077460408210754395,0.034123361110687256,False,True,completed
v_4f2d8b98e55b77fec7e4,a person drinking coffee in a cafe,tracked_exclude,end,0.9236051440238953,0.9265307188034058,0.8453329801559448,0.8729005455970764,0.8445674180984497,0.02833312749862671,0.002925574779510498,0.07827216386795044,False,False,completed
v_4f6246de363a4189bf81,a bus turning a corner,tracked_exclude,end,0.9152477383613586,0.9160558581352234,0.9266548752784729,0.864708662033081,0.8403308987617493,0.024377763271331787,0.0008081197738647461,-0.011407136917114258,False,False,completed
v_5054c5414a363dab8171,a car slowing down to stop,tracked_exclude,end,0.9596989154815674,0.9584527611732483,0.9118572473526001,0.9419843554496765,0.913517415523529,0.02846693992614746,0.0012461543083190918,0.047841668128967285,False,False,completed
v_74c3a91e1cd5ac167338,a bicycle gliding through a snowy field,tracked_exclude,end,0.9472182393074036,0.9376876354217529,0.9463143944740295,0.9683824777603149,0.936784029006958,0.031598448753356934,0.009530603885650635,0.0009038448333740234,False,False,completed
v_7a15ece21d814f0fce0f,a bicycle leaning against a tree,tracked_exclude,end,0.9545174837112427,0.9518203139305115,0.9395702481269836,0.9489574432373047,0.8752142190933228,0.07374322414398193,0.002697169780731201,0.014947235584259033,False,False,completed
v_8e99ea486ff07419b6c1,a person giving a presentation to a room full of colleagues,tracked_exclude,end,0.9797288179397583,0.9797424674034119,0.9827613234519958,0.9944238662719727,0.9588472247123718,0.03557664155960083,1.3649463653564453e-05,-0.003032505512237549,False,False,completed
v_9cec858297ae985418ba,a boat slowing down to stop,tracked_exclude,end,0.9475188851356506,0.9294491410255432,0.8965345025062561,0.9065403342247009,0.838289201259613,0.06825113296508789,0.018069744110107422,0.05098438262939453,False,False,completed
v_b5ee130b761930dd2521,a person eating a burger,tracked_exclude,end,0.9367852807044983,0.9174289107322693,0.8845170736312866,0.9795001149177551,0.8556013703346252,0.12389874458312988,0.019356369972229004,0.05226820707321167,False,False,completed
v_bc0ac2c371a024e73050,a car accelerating to gain speed,tracked_exclude,end,0.8458313941955566,0.885984480381012,0.885984480381012,0.8402800559997559,0.7570163011550903,0.08326375484466553,0.04015308618545532,-0.04015308618545532,False,False,completed
v_c0930358df5ed15fef8d,a car accelerating to gain speed,tracked_exclude,end,0.9515505433082581,0.9491501450538635,0.9202038645744324,0.9591421484947205,0.8701510429382324,0.08899110555648804,0.0024003982543945312,0.031346678733825684,False,False,completed
v_c819cb86a8e25dfb3e97,a bicycle gliding through a snowy field,tracked_exclude,end,0.91412752866745,0.9116073250770569,0.9126407504081726,0.9381076097488403,0.8443044424057007,0.09380316734313965,0.0025202035903930664,0.0014867782592773438,False,False,completed
v_d38b247e9db157715244,a bicycle leaning against a tree,tracked_exclude,end,0.9892665147781372,0.9662758111953735,0.9765684008598328,0.9740362763404846,0.9086564779281616,0.065379798412323,0.022990703582763672,0.012698113918304443,False,False,completed
v_e3ac9d38cb8ebbad7180,an airplane taking off,tracked_exclude,end,0.976184070110321,0.9761688113212585,0.9109286069869995,0.9733335375785828,0.9589306712150574,0.01440286636352539,1.52587890625e-05,0.06525546312332153,False,False,completed
v_e710114a4f938d3d6562,a person giving a presentation to a room full of colleagues,tracked_exclude,end,0.9781062602996826,0.979401171207428,0.8959832787513733,0.962494969367981,0.9254521131515503,0.037042856216430664,0.0012949109077453613,0.08212298154830933,False,False,completed
v_e9cc23e6e032e0839ecb,a person giving a presentation to a room full of colleagues,tracked_exclude,end,0.9782622456550598,0.9734954833984375,0.9360476732254028,0.9672319889068604,0.9419795274734497,0.025252461433410645,0.0047667622566223145,0.04221457242965698,False,False,completed
v_f3ccc1d9909eb2eafed7,a person playing guitar,tracked_exclude,end,0.9516969323158264,0.9524549841880798,0.8705624341964722,0.975599467754364,0.9596794843673706,0.015919983386993408,0.000758051872253418,0.08113449811935425,False,False,completed
v_f88a0a406794823274a6,a person giving a presentation to a room full of colleagues,tracked_exclude,end,0.9855945110321045,0.952372670173645,0.96416836977005,0.9959854483604431,0.9053329825401306,0.0906524658203125,0.03322184085845947,0.021426141262054443,False,False,completed
v_015a48a198ce0a7a6684,a car stuck in traffic during rush hour,direct_zero,full,0.9859246015548706,0.9594135880470276,0.07298079878091812,0.9686998128890991,0.9341029524803162,0.03459686040878296,0.026511013507843018,0.9129438027739525,False,False,completed
v_038af9e85946208b9d08,a boat accelerating to gain speed,direct_zero,full,0.9453511238098145,0.2661953270435333,0.9292245507240295,0.9640581011772156,0.8678112626075745,0.09624683856964111,0.6791557967662811,0.016126573085784912,False,False,completed
v_0b88becab5cd91669727,a car slowing down to stop,direct_zero,full,0.9607264995574951,0.9517934918403625,0.007936934009194374,0.9076695442199707,0.8635883927345276,0.044081151485443115,0.008933007717132568,0.9527895655483007,False,False,completed
v_14499454e08d4adb6d22,a boat accelerating to gain speed,direct_zero,full,0.9209604263305664,0.5041617751121521,0.3228430151939392,0.7963992953300476,0.7572597861289978,0.039139509201049805,0.4167986512184143,0.5981174111366272,False,False,completed
v_2211afa97c13b0d7479c,a bicycle gliding through a snowy field,direct_zero,full,0.9496497511863708,0.9148174524307251,0.0,0.9195920825004578,0.8902004957199097,0.029391586780548096,0.03483229875564575,0.9496497511863708,False,False,completed
v_22198fc0eb29ccf872ca,a bicycle accelerating to gain speed,direct_zero,full,0.8857461810112,0.5047615766525269,0.0,0.8188527822494507,0.7761757373809814,0.04267704486846924,0.3809846043586731,0.8857461810112,False,False,completed
v_223dffdfd43f07ff254e,a boat slowing down to stop,direct_zero,full,0.0,0.007649455685168505,0.0,0.8887082934379578,0.7644450068473816,0.12426328659057617,0.007649455685168505,0.0,False,True,completed
v_2390b54e0d7162ecc8e1,an airplane accelerating to gain speed,direct_zero,full,0.9660283923149109,0.9654144644737244,0.9571678042411804,0.9747323989868164,0.9641801118850708,0.010552287101745605,0.0006139278411865234,0.008860588073730469,False,False,completed
v_24aff3375dfcba813f6e,a car turning a corner,direct_zero,full,0.969754695892334,0.9722136855125427,0.11738642305135727,0.9699603319168091,0.9590967297554016,0.01086360216140747,0.0024589896202087402,0.8523682728409767,False,False,completed
v_2541a276b12785e4ded5,a person walking in the snowstorm,direct_zero,full,0.9439834356307983,0.9383247494697571,0.5848837494850159,0.9550679922103882,0.9282795190811157,0.02678847312927246,0.00565868616104126,0.35909968614578247,False,False,completed
v_2567bc088498a76bf296,a truck stuck in traffic during rush hour,direct_zero,full,0.959398090839386,0.9683264493942261,0.3736254870891571,0.9763797521591187,0.9541979432106018,0.022181808948516846,0.008928358554840088,0.5857726037502289,False,False,completed
v_271c63952df0de2e6cdf,a person washing the dishes,direct_zero,full,0.9126432538032532,0.8419081568717957,0.8922080397605896,0.9229888319969177,0.765320360660553,0.15766847133636475,0.07073509693145752,0.020435214042663574,False,False,completed
v_2be9a6688c35336f245c,an airplane landing smoothly on a runway,direct_zero,full,0.9762710928916931,0.8541840314865112,0.0076861875131726265,0.9683166742324829,0.9376305341720581,0.030686140060424805,0.12208706140518188,0.9685849053785205,False,False,completed
v_34ae89f5afbb4409d146,a person eating a burger,direct_zero,full,0.8157393336296082,0.7049036026000977,0.3596147894859314,0.9471113085746765,0.6659916043281555,0.281119704246521,0.1108357310295105,0.45612454414367676,False,False,completed
v_3e0e478175044cb2ea97,a person eating a burger,direct_zero,full,0.9717735648155212,0.9727412462234497,0.9586969614028931,0.9099657535552979,0.906711220741272,0.003254532814025879,0.0009676814079284668,0.013076603412628174,False,False,completed
v_425065ae2beb7ec16285,an airplane landing smoothly on a runway,direct_zero,full,0.9556477069854736,0.9509608745574951,0.8719139695167542,0.9661704301834106,0.9590829610824585,0.0070874691009521484,0.004686832427978516,0.08373373746871948,False,False,completed
v_4e6e34f0f85ace192464,a person eating a burger,direct_zero,full,0.9043691754341125,0.32650643587112427,0.5658433437347412,0.9877499341964722,0.787568986415863,0.20018094778060913,0.5778627395629883,0.33852583169937134,False,False,completed
v_4f2d8b98e55b77fec7e4,a person drinking coffee in a cafe,direct_zero,full,0.9236610531806946,0.9435290694236755,0.9536643624305725,0.8729005455970764,0.8455331325531006,0.02736741304397583,0.019868016242980957,-0.03000330924987793,False,False,completed
v_4f6246de363a4189bf81,a bus turning a corner,direct_zero,full,0.9141050577163696,0.7986795902252197,0.0017679417505860329,0.864708662033081,0.8219910264015198,0.04271763563156128,0.1154254674911499,0.9123371159657836,False,False,completed
v_5054c5414a363dab8171,a car slowing down to stop,direct_zero,full,0.9593479633331299,0.9569171667098999,0.9630423784255981,0.9419843554496765,0.9212053418159485,0.020779013633728027,0.0024307966232299805,-0.0036944150924682617,False,False,completed
v_74c3a91e1cd5ac167338,a bicycle gliding through a snowy field,direct_zero,full,0.946782112121582,0.9629395604133606,0.0,0.9683824777603149,0.950981616973877,0.01740086078643799,0.016157448291778564,0.946782112121582,False,False,completed
v_7a15ece21d814f0fce0f,a bicycle leaning against a tree,direct_zero,full,0.9531082510948181,0.010878019966185093,0.005303347948938608,0.9489574432373047,0.8644376993179321,0.08451974391937256,0.942230231128633,0.9478049031458795,False,False,completed
v_8e99ea486ff07419b6c1,a person giving a presentation to a room full of colleagues,direct_zero,full,0.9792287349700928,0.979903519153595,0.0,0.9944238662719727,0.9841504693031311,0.010273396968841553,0.0006747841835021973,0.9792287349700928,False,False,completed
v_9cec858297ae985418ba,a boat slowing down to stop,direct_zero,full,0.9472293257713318,0.8125182390213013,0.6701078414916992,0.9065403342247009,0.851068377494812,0.055471956729888916,0.13471108675003052,0.27712148427963257,False,False,completed
v_b5ee130b761930dd2521,a person eating a burger,direct_zero,full,0.939649224281311,0.9233770370483398,0.913695216178894,0.9795001149177551,0.8731942772865295,0.10630583763122559,0.01627218723297119,0.025954008102416992,False,False,completed
v_bc0ac2c371a024e73050,a car accelerating to gain speed,direct_zero,full,0.3970118463039398,0.20911696553230286,0.0,0.8402800559997559,0.7796275615692139,0.06065249443054199,0.18789488077163696,0.3970118463039398,False,False,completed
v_c0930358df5ed15fef8d,a car accelerating to gain speed,direct_zero,full,0.22154010832309723,0.22039824724197388,0.04311082512140274,0.9591421484947205,0.8146743178367615,0.14446783065795898,0.001141861081123352,0.1784292832016945,False,True,completed
v_c819cb86a8e25dfb3e97,a bicycle gliding through a snowy field,direct_zero,full,0.9156494736671448,0.04719861224293709,0.0,0.9381076097488403,0.894752562046051,0.04335504770278931,0.8684508614242077,0.9156494736671448,False,False,completed
v_d38b247e9db157715244,a bicycle leaning against a tree,direct_zero,full,0.9860948324203491,0.43553540110588074,0.021463755518198013,0.9740362763404846,0.8878129720687866,0.086223304271698,0.5505594313144684,0.9646310769021511,False,False,completed
v_e3ac9d38cb8ebbad7180,an airplane taking off,direct_zero,full,0.9761667251586914,0.9775482416152954,0.9825842976570129,0.9733335375785828,0.9630720019340515,0.01026153564453125,0.001381516456604004,-0.006417572498321533,False,False,completed
v_e710114a4f938d3d6562,a person giving a presentation to a room full of colleagues,direct_zero,full,0.9772360920906067,0.980374276638031,0.3003898561000824,0.962494969367981,0.9410368204116821,0.021458148956298828,0.0031381845474243164,0.6768462359905243,False,False,completed
v_e9cc23e6e032e0839ecb,a person giving a presentation to a room full of colleagues,direct_zero,full,0.9752988219261169,0.9722914695739746,0.3170742988586426,0.9672319889068604,0.9390841722488403,0.02814781665802002,0.003007352352142334,0.6582245230674744,False,False,completed
v_f3ccc1d9909eb2eafed7,a person playing guitar,direct_zero,full,0.9523401260375977,0.972433865070343,0.9797382950782776,0.975599467754364,0.9739962816238403,0.0016031861305236816,0.02009373903274536,-0.02739816904067993,False,False,completed
v_f88a0a406794823274a6,a person giving a presentation to a room full of colleagues,direct_zero,full,0.9841278791427612,0.9210214018821716,0.9259544610977173,0.9959854483604431,0.8703534603118896,0.12563198804855347,0.0631064772605896,0.058173418045043945,False,False,completed
v_015a48a198ce0a7a6684,a car stuck in traffic during rush hour,direct_exclude,full,0.9859246015548706,0.9594135880470276,0.8757695555686951,0.9686998128890991,0.9341029524803162,0.03459686040878296,0.026511013507843018,0.11015504598617554,False,False,completed
v_038af9e85946208b9d08,a boat accelerating to gain speed,direct_exclude,full,0.9453511238098145,0.918634831905365,0.9292245507240295,0.9640581011772156,0.8678112626075745,0.09624683856964111,0.026716291904449463,0.016126573085784912,False,False,completed
v_0b88becab5cd91669727,a car slowing down to stop,direct_exclude,full,0.9607264995574951,0.9517934918403625,0.9524320363998413,0.9076695442199707,0.8635883927345276,0.044081151485443115,0.008933007717132568,0.008294463157653809,False,False,completed
v_14499454e08d4adb6d22,a boat accelerating to gain speed,direct_exclude,full,0.9209604263305664,0.9166578054428101,0.8609147071838379,0.7963992953300476,0.7572597861289978,0.039139509201049805,0.004302620887756348,0.060045719146728516,False,False,completed
v_2211afa97c13b0d7479c,a bicycle gliding through a snowy field,direct_exclude,full,0.9496497511863708,0.9148174524307251,,0.9195920825004578,0.8902004957199097,0.029391586780548096,0.03483229875564575,,False,False,completed
v_22198fc0eb29ccf872ca,a bicycle accelerating to gain speed,direct_exclude,full,0.8857461810112,0.9177483916282654,,0.8188527822494507,0.7761757373809814,0.04267704486846924,0.03200221061706543,,False,False,completed
v_223dffdfd43f07ff254e,a boat slowing down to stop,direct_exclude,full,,0.9179346561431885,,0.8887082934379578,0.7644450068473816,0.12426328659057617,,,False,False,completed
v_2390b54e0d7162ecc8e1,an airplane accelerating to gain speed,direct_exclude,full,0.9660283923149109,0.9654144644737244,0.9571678042411804,0.9747323989868164,0.9641801118850708,0.010552287101745605,0.0006139278411865234,0.008860588073730469,False,False,completed
v_24aff3375dfcba813f6e,a car turning a corner,direct_exclude,full,0.969754695892334,0.9722136855125427,0.9390915036201477,0.9699603319168091,0.9590967297554016,0.01086360216140747,0.0024589896202087402,0.03066319227218628,False,False,completed
v_2541a276b12785e4ded5,a person walking in the snowstorm,direct_exclude,full,0.9439834356307983,0.9383247494697571,0.9502109885215759,0.9550679922103882,0.9282795190811157,0.02678847312927246,0.00565868616104126,-0.006227552890777588,False,False,completed
v_2567bc088498a76bf296,a truck stuck in traffic during rush hour,direct_exclude,full,0.959398090839386,0.9683264493942261,0.8151828050613403,0.9763797521591187,0.9541979432106018,0.022181808948516846,0.008928358554840088,0.14421528577804565,False,False,completed
v_271c63952df0de2e6cdf,a person washing the dishes,direct_exclude,full,0.9126432538032532,0.8419081568717957,0.8922080397605896,0.9229888319969177,0.765320360660553,0.15766847133636475,0.07073509693145752,0.020435214042663574,False,False,completed
v_2be9a6688c35336f245c,an airplane landing smoothly on a runway,direct_exclude,full,0.9762710928916931,0.8541840314865112,0.9223424792289734,0.9683166742324829,0.9376305341720581,0.030686140060424805,0.12208706140518188,0.05392861366271973,False,False,completed
v_34ae89f5afbb4409d146,a person eating a burger,direct_exclude,full,0.8157393336296082,0.805604100227356,0.7846140265464783,0.9471113085746765,0.6659916043281555,0.281119704246521,0.010135233402252197,0.031125307083129883,False,False,completed
v_3e0e478175044cb2ea97,a person eating a burger,direct_exclude,full,0.9717735648155212,0.9727412462234497,0.9586969614028931,0.9099657535552979,0.906711220741272,0.003254532814025879,0.0009676814079284668,0.013076603412628174,False,False,completed
v_425065ae2beb7ec16285,an airplane landing smoothly on a runway,direct_exclude,full,0.9556477069854736,0.9509608745574951,0.8719139695167542,0.9661704301834106,0.9590829610824585,0.0070874691009521484,0.004686832427978516,0.08373373746871948,False,False,completed
v_4e6e34f0f85ace192464,a person eating a burger,direct_exclude,full,0.9043691754341125,0.8706837892532349,0.8705282211303711,0.9877499341964722,0.787568986415863,0.20018094778060913,0.033685386180877686,0.033840954303741455,False,False,completed
v_4f2d8b98e55b77fec7e4,a person drinking coffee in a cafe,direct_exclude,full,0.9236610531806946,0.9435290694236755,0.9536643624305725,0.8729005455970764,0.8455331325531006,0.02736741304397583,0.019868016242980957,-0.03000330924987793,False,False,completed
v_4f6246de363a4189bf81,a bus turning a corner,direct_exclude,full,0.9141050577163696,0.9068878889083862,0.9334732294082642,0.864708662033081,0.8219910264015198,0.04271763563156128,0.0072171688079833984,-0.01936817169189453,False,False,completed
v_5054c5414a363dab8171,a car slowing down to stop,direct_exclude,full,0.9593479633331299,0.9569171667098999,0.9630423784255981,0.9419843554496765,0.9212053418159485,0.020779013633728027,0.0024307966232299805,-0.0036944150924682617,False,False,completed
v_74c3a91e1cd5ac167338,a bicycle gliding through a snowy field,direct_exclude,full,0.946782112121582,0.9629395604133606,,0.9683824777603149,0.950981616973877,0.01740086078643799,0.016157448291778564,,False,False,completed
v_7a15ece21d814f0fce0f,a bicycle leaning against a tree,direct_exclude,full,0.9531082510948181,0.9572657346725464,0.9333891868591309,0.9489574432373047,0.8644376993179321,0.08451974391937256,0.0041574835777282715,0.019719064235687256,False,False,completed
v_8e99ea486ff07419b6c1,a person giving a presentation to a room full of colleagues,direct_exclude,full,0.9792287349700928,0.979903519153595,,0.9944238662719727,0.9841504693031311,0.010273396968841553,0.0006747841835021973,,False,False,completed
v_9cec858297ae985418ba,a boat slowing down to stop,direct_exclude,full,0.9472293257713318,0.9285922646522522,0.8836586475372314,0.9065403342247009,0.851068377494812,0.055471956729888916,0.01863706111907959,0.06357067823410034,False,False,completed
v_b5ee130b761930dd2521,a person eating a burger,direct_exclude,full,0.939649224281311,0.9233770370483398,0.913695216178894,0.9795001149177551,0.8731942772865295,0.10630583763122559,0.01627218723297119,0.025954008102416992,False,False,completed
v_bc0ac2c371a024e73050,a car accelerating to gain speed,direct_exclude,full,0.8662075996398926,0.8962154984474182,,0.8402800559997559,0.7796275615692139,0.06065249443054199,0.030007898807525635,,False,False,completed
v_c0930358df5ed15fef8d,a car accelerating to gain speed,direct_exclude,full,0.9494576454162598,0.9445639252662659,0.8622164726257324,0.9591421484947205,0.8146743178367615,0.14446783065795898,0.0048937201499938965,0.08724117279052734,False,True,completed
v_c819cb86a8e25dfb3e97,a bicycle gliding through a snowy field,direct_exclude,full,0.9156494736671448,0.943972110748291,,0.9381076097488403,0.894752562046051,0.04335504770278931,0.02832263708114624,,False,False,completed
v_d38b247e9db157715244,a bicycle leaning against a tree,direct_exclude,full,0.9860948324203491,0.9502589702606201,0.8585501909255981,0.9740362763404846,0.8878129720687866,0.086223304271698,0.035835862159729004,0.12754464149475098,False,False,completed
v_e3ac9d38cb8ebbad7180,an airplane taking off,direct_exclude,full,0.9761667251586914,0.9775482416152954,0.9825842976570129,0.9733335375785828,0.9630720019340515,0.01026153564453125,0.001381516456604004,-0.006417572498321533,False,False,completed
v_e710114a4f938d3d6562,a person giving a presentation to a room full of colleagues,direct_exclude,full,0.9772360920906067,0.980374276638031,0.8010395765304565,0.962494969367981,0.9410368204116821,0.021458148956298828,0.0031381845474243164,0.17619651556015015,False,False,completed
v_e9cc23e6e032e0839ecb,a person giving a presentation to a room full of colleagues,direct_exclude,full,0.9752988219261169,0.9722914695739746,0.8811327815055847,0.9672319889068604,0.9390841722488403,0.02814781665802002,0.003007352352142334,0.09416604042053223,False,False,completed
v_f3ccc1d9909eb2eafed7,a person playing guitar,direct_exclude,full,0.9523401260375977,0.972433865070343,0.9797382950782776,0.975599467754364,0.9739962816238403,0.0016031861305236816,0.02009373903274536,-0.02739816904067993,False,False,completed
v_f88a0a406794823274a6,a person giving a presentation to a room full of colleagues,direct_exclude,full,0.9841278791427612,0.9210214018821716,0.9259544610977173,0.9959854483604431,0.8703534603118896,0.12563198804855347,0.0631064772605896,0.058173418045043945,False,False,completed
v_015a48a198ce0a7a6684,a car stuck in traffic during rush hour,tracked_zero,full,0.9817558526992798,0.9739610552787781,0.08029014617204666,0.9686998128890991,0.9341029524803162,0.03459686040878296,0.007794797420501709,0.9014657065272331,False,False,completed
v_038af9e85946208b9d08,a boat accelerating to gain speed,tracked_zero,full,0.9479549527168274,0.5221661925315857,0.933557391166687,0.9640581011772156,0.8678112626075745,0.09624683856964111,0.4257887601852417,0.01439756155014038,False,False,completed
v_0b88becab5cd91669727,a car slowing down to stop,tracked_zero,full,0.9616140127182007,0.9517204761505127,0.00795831810683012,0.9076695442199707,0.8635883927345276,0.044081151485443115,0.009893536567687988,0.9536556946113706,False,False,completed
v_14499454e08d4adb6d22,a boat accelerating to gain speed,tracked_zero,full,0.921908438205719,0.5035500526428223,0.4763938784599304,0.7963992953300476,0.7572597861289978,0.039139509201049805,0.41835838556289673,0.4455145597457886,False,False,completed
v_2211afa97c13b0d7479c,a bicycle gliding through a snowy field,tracked_zero,full,0.9494144320487976,0.9281045794487,0.0,0.9195920825004578,0.8902004957199097,0.029391586780548096,0.021309852600097656,0.9494144320487976,False,False,completed
v_22198fc0eb29ccf872ca,a bicycle accelerating to gain speed,tracked_zero,full,0.8863354921340942,0.5982038974761963,0.0,0.8188527822494507,0.7761757373809814,0.04267704486846924,0.28813159465789795,0.8863354921340942,False,False,completed
v_223dffdfd43f07ff254e,a boat slowing down to stop,tracked_zero,full,0.0,0.007649455685168505,0.0,0.8887082934379578,0.7644450068473816,0.12426328659057617,0.007649455685168505,0.0,False,True,completed
v_2390b54e0d7162ecc8e1,an airplane accelerating to gain speed,tracked_zero,full,0.9660849571228027,0.9655933976173401,0.9578477144241333,0.9747323989868164,0.9641801118850708,0.010552287101745605,0.0004915595054626465,0.008237242698669434,False,False,completed
v_24aff3375dfcba813f6e,a car turning a corner,tracked_zero,full,0.9697054028511047,0.972310483455658,0.11680476367473602,0.9699603319168091,0.9590967297554016,0.01086360216140747,0.0026050806045532227,0.8529006391763687,False,False,completed
v_2541a276b12785e4ded5,a person walking in the snowstorm,tracked_zero,full,0.9440031051635742,0.9383851289749146,0.7303538918495178,0.9550679922103882,0.9282795190811157,0.02678847312927246,0.005617976188659668,0.2136492133140564,False,False,completed
v_2567bc088498a76bf296,a truck stuck in traffic during rush hour,tracked_zero,full,0.9660530686378479,0.9742986559867859,0.45852771401405334,0.9763797521591187,0.9541979432106018,0.022181808948516846,0.008245587348937988,0.5075253546237946,False,False,completed
v_271c63952df0de2e6cdf,a person washing the dishes,tracked_zero,full,0.9128022193908691,0.8255138993263245,0.8885158896446228,0.9229888319969177,0.765320360660553,0.15766847133636475,0.08728832006454468,0.024286329746246338,False,False,completed
v_2be9a6688c35336f245c,an airplane landing smoothly on a runway,tracked_zero,full,0.9759570360183716,0.8385711908340454,0.02384853921830654,0.9683166742324829,0.9376305341720581,0.030686140060424805,0.13738584518432617,0.952108496800065,False,False,completed
v_34ae89f5afbb4409d146,a person eating a burger,tracked_zero,full,0.8267457485198975,0.8167778253555298,0.4316253364086151,0.9471113085746765,0.6659916043281555,0.281119704246521,0.009967923164367676,0.39512041211128235,False,True,completed
v_3e0e478175044cb2ea97,a person eating a burger,tracked_zero,full,0.9724780321121216,0.973337709903717,0.9608467817306519,0.9099657535552979,0.906711220741272,0.003254532814025879,0.000859677791595459,0.011631250381469727,False,False,completed
v_425065ae2beb7ec16285,an airplane landing smoothly on a runway,tracked_zero,full,0.9559702277183533,0.950897216796875,0.8899059891700745,0.9661704301834106,0.9590829610824585,0.0070874691009521484,0.0050730109214782715,0.06606423854827881,False,False,completed
v_4e6e34f0f85ace192464,a person eating a burger,tracked_zero,full,0.911637544631958,0.7196513414382935,0.6694653034210205,0.9877499341964722,0.787568986415863,0.20018094778060913,0.19198620319366455,0.2421722412109375,False,False,completed
v_4f2d8b98e55b77fec7e4,a person drinking coffee in a cafe,tracked_zero,full,0.9236051440238953,0.9438233971595764,0.9556690454483032,0.8729005455970764,0.8455331325531006,0.02736741304397583,0.020218253135681152,-0.03206390142440796,False,False,completed
v_4f6246de363a4189bf81,a bus turning a corner,tracked_zero,full,0.9152477383613586,0.8990805745124817,0.0017679417505860329,0.864708662033081,0.8219910264015198,0.04271763563156128,0.016167163848876953,0.9134797966107726,False,False,completed
v_5054c5414a363dab8171,a car slowing down to stop,tracked_zero,full,0.9596989154815674,0.9587012529373169,0.9654145836830139,0.9419843554496765,0.9212053418159485,0.020779013633728027,0.0009976625442504883,-0.005715668201446533,False,False,completed
v_74c3a91e1cd5ac167338,a bicycle gliding through a snowy field,tracked_zero,full,0.9472182393074036,0.9650493860244751,0.0,0.9683824777603149,0.950981616973877,0.01740086078643799,0.017831146717071533,0.9472182393074036,False,False,completed
v_7a15ece21d814f0fce0f,a bicycle leaning against a tree,tracked_zero,full,0.9545174837112427,0.010878019966185093,0.010153164155781269,0.9489574432373047,0.8644376993179321,0.08451974391937256,0.9436394637450576,0.9443643195554614,False,False,completed
v_8e99ea486ff07419b6c1,a person giving a presentation to a room full of colleagues,tracked_zero,full,0.9797288179397583,0.982387363910675,0.0,0.9944238662719727,0.9841504693031311,0.010273396968841553,0.002658545970916748,0.9797288179397583,False,False,completed
v_9cec858297ae985418ba,a boat slowing down to stop,tracked_zero,full,0.9475188851356506,0.9257400631904602,0.8854290246963501,0.9065403342247009,0.851068377494812,0.055471956729888916,0.02177882194519043,0.06208986043930054,False,False,completed
v_b5ee130b761930dd2521,a person eating a burger,tracked_zero,full,0.9367852807044983,0.9125896692276001,0.9222914576530457,0.9795001149177551,0.8731942772865295,0.10630583763122559,0.024195611476898193,0.014493823051452637,False,False,completed
v_bc0ac2c371a024e73050,a car accelerating to gain speed,tracked_zero,full,0.8458313941955566,0.33557939529418945,0.0,0.8402800559997559,0.7796275615692139,0.06065249443054199,0.5102519989013672,0.8458313941955566,False,False,completed
v_c0930358df5ed15fef8d,a car accelerating to gain speed,tracked_zero,full,0.523352861404419,0.34793975949287415,0.14723409712314606,0.9591421484947205,0.8146743178367615,0.14446783065795898,0.1754131019115448,0.3761187642812729,False,False,completed
v_c819cb86a8e25dfb3e97,a bicycle gliding through a snowy field,tracked_zero,full,0.91412752866745,0.07913023233413696,0.0,0.9381076097488403,0.894752562046051,0.04335504770278931,0.834997296333313,0.91412752866745,False,False,completed
v_d38b247e9db157715244,a bicycle leaning against a tree,tracked_zero,full,0.9892665147781372,0.4329817593097687,0.022779464721679688,0.9740362763404846,0.8878129720687866,0.086223304271698,0.5562847554683685,0.9664870500564575,False,False,completed
v_e3ac9d38cb8ebbad7180,an airplane taking off,tracked_zero,full,0.976184070110321,0.9775708913803101,0.9821774363517761,0.9733335375785828,0.9630720019340515,0.01026153564453125,0.0013868212699890137,-0.005993366241455078,False,False,completed
v_e710114a4f938d3d6562,a person giving a presentation to a room full of colleagues,tracked_zero,full,0.9781062602996826,0.9805362224578857,0.3041940927505493,0.962494969367981,0.9410368204116821,0.021458148956298828,0.002429962158203125,0.6739121675491333,False,False,completed
v_e9cc23e6e032e0839ecb,a person giving a presentation to a room full of colleagues,tracked_zero,full,0.9782622456550598,0.9688073992729187,0.43060749769210815,0.9672319889068604,0.9390841722488403,0.02814781665802002,0.009454846382141113,0.5476547479629517,False,False,completed
v_f3ccc1d9909eb2eafed7,a person playing guitar,tracked_zero,full,0.9516969323158264,0.9748148918151855,0.9848344922065735,0.975599467754364,0.9739962816238403,0.0016031861305236816,0.02311795949935913,-0.03313755989074707,False,False,completed
v_f88a0a406794823274a6,a person giving a presentation to a room full of colleagues,tracked_zero,full,0.9855945110321045,0.9199215769767761,0.9472118616104126,0.9959854483604431,0.8703534603118896,0.12563198804855347,0.06567293405532837,0.038382649421691895,False,False,completed
v_015a48a198ce0a7a6684,a car stuck in traffic during rush hour,tracked_exclude,full,0.9817558526992798,0.9739610552787781,0.9634817242622375,0.9686998128890991,0.9341029524803162,0.03459686040878296,0.007794797420501709,0.018274128437042236,False,False,completed
v_038af9e85946208b9d08,a boat accelerating to gain speed,tracked_exclude,full,0.9479549527168274,0.9190124869346619,0.933557391166687,0.9640581011772156,0.8678112626075745,0.09624683856964111,0.028942465782165527,0.01439756155014038,False,False,completed
v_0b88becab5cd91669727,a car slowing down to stop,tracked_exclude,full,0.9616140127182007,0.9517204761505127,0.9549980759620667,0.9076695442199707,0.8635883927345276,0.044081151485443115,0.009893536567687988,0.006615936756134033,False,False,completed
v_14499454e08d4adb6d22,a boat accelerating to gain speed,tracked_exclude,full,0.921908438205719,0.9155454635620117,0.8661706447601318,0.7963992953300476,0.7572597861289978,0.039139509201049805,0.006362974643707275,0.05573779344558716,False,False,completed
v_2211afa97c13b0d7479c,a bicycle gliding through a snowy field,tracked_exclude,full,0.9494144320487976,0.9281045794487,,0.9195920825004578,0.8902004957199097,0.029391586780548096,0.021309852600097656,,False,False,completed
v_22198fc0eb29ccf872ca,a bicycle accelerating to gain speed,tracked_exclude,full,0.8863354921340942,0.9203136563301086,,0.8188527822494507,0.7761757373809814,0.04267704486846924,0.033978164196014404,,False,False,completed
v_223dffdfd43f07ff254e,a boat slowing down to stop,tracked_exclude,full,,0.9179346561431885,,0.8887082934379578,0.7644450068473816,0.12426328659057617,,,False,False,completed
v_2390b54e0d7162ecc8e1,an airplane accelerating to gain speed,tracked_exclude,full,0.9660849571228027,0.9655933976173401,0.9578477144241333,0.9747323989868164,0.9641801118850708,0.010552287101745605,0.0004915595054626465,0.008237242698669434,False,False,completed
v_24aff3375dfcba813f6e,a car turning a corner,tracked_exclude,full,0.9697054028511047,0.972310483455658,0.9344381093978882,0.9699603319168091,0.9590967297554016,0.01086360216140747,0.0026050806045532227,0.03526729345321655,False,False,completed
v_2541a276b12785e4ded5,a person walking in the snowstorm,tracked_exclude,full,0.9440031051635742,0.9383851289749146,0.9498198628425598,0.9550679922103882,0.9282795190811157,0.02678847312927246,0.005617976188659668,-0.005816757678985596,False,False,completed
v_2567bc088498a76bf296,a truck stuck in traffic during rush hour,tracked_exclude,full,0.9660530686378479,0.9742986559867859,0.8336867094039917,0.9763797521591187,0.9541979432106018,0.022181808948516846,0.008245587348937988,0.1323663592338562,False,False,completed
v_271c63952df0de2e6cdf,a person washing the dishes,tracked_exclude,full,0.9128022193908691,0.8255138993263245,0.8885158896446228,0.9229888319969177,0.765320360660553,0.15766847133636475,0.08728832006454468,0.024286329746246338,False,False,completed
v_2be9a6688c35336f245c,an airplane landing smoothly on a runway,tracked_exclude,full,0.9759570360183716,0.8385711908340454,0.9539415240287781,0.9683166742324829,0.9376305341720581,0.030686140060424805,0.13738584518432617,0.022015511989593506,False,False,completed
v_34ae89f5afbb4409d146,a person eating a burger,tracked_exclude,full,0.8267457485198975,0.8167778253555298,0.7847732901573181,0.9471113085746765,0.6659916043281555,0.281119704246521,0.009967923164367676,0.041972458362579346,False,True,completed
v_3e0e478175044cb2ea97,a person eating a burger,tracked_exclude,full,0.9724780321121216,0.973337709903717,0.9608467817306519,0.9099657535552979,0.906711220741272,0.003254532814025879,0.000859677791595459,0.011631250381469727,False,False,completed
v_425065ae2beb7ec16285,an airplane landing smoothly on a runway,tracked_exclude,full,0.9559702277183533,0.950897216796875,0.8899059891700745,0.9661704301834106,0.9590829610824585,0.0070874691009521484,0.0050730109214782715,0.06606423854827881,False,False,completed
v_4e6e34f0f85ace192464,a person eating a burger,tracked_exclude,full,0.911637544631958,0.8224585652351379,0.882811427116394,0.9877499341964722,0.787568986415863,0.20018094778060913,0.08917897939682007,0.028826117515563965,False,False,completed
v_4f2d8b98e55b77fec7e4,a person drinking coffee in a cafe,tracked_exclude,full,0.9236051440238953,0.9438233971595764,0.9556690454483032,0.8729005455970764,0.8455331325531006,0.02736741304397583,0.020218253135681152,-0.03206390142440796,False,False,completed
v_4f6246de363a4189bf81,a bus turning a corner,tracked_exclude,full,0.9152477383613586,0.8990805745124817,0.9334732294082642,0.864708662033081,0.8219910264015198,0.04271763563156128,0.016167163848876953,-0.018225491046905518,False,False,completed
v_5054c5414a363dab8171,a car slowing down to stop,tracked_exclude,full,0.9596989154815674,0.9587012529373169,0.9654145836830139,0.9419843554496765,0.9212053418159485,0.020779013633728027,0.0009976625442504883,-0.005715668201446533,False,False,completed
v_74c3a91e1cd5ac167338,a bicycle gliding through a snowy field,tracked_exclude,full,0.9472182393074036,0.9650493860244751,,0.9683824777603149,0.950981616973877,0.01740086078643799,0.017831146717071533,,False,False,completed
v_7a15ece21d814f0fce0f,a bicycle leaning against a tree,tracked_exclude,full,0.9545174837112427,0.9572657346725464,0.8934783339500427,0.9489574432373047,0.8644376993179321,0.08451974391937256,0.002748250961303711,0.06103914976119995,False,False,completed
v_8e99ea486ff07419b6c1,a person giving a presentation to a room full of colleagues,tracked_exclude,full,0.9797288179397583,0.982387363910675,,0.9944238662719727,0.9841504693031311,0.010273396968841553,0.002658545970916748,,False,False,completed
v_9cec858297ae985418ba,a boat slowing down to stop,tracked_exclude,full,0.9475188851356506,0.9257400631904602,0.8854290246963501,0.9065403342247009,0.851068377494812,0.055471956729888916,0.02177882194519043,0.06208986043930054,False,False,completed
v_b5ee130b761930dd2521,a person eating a burger,tracked_exclude,full,0.9367852807044983,0.9125896692276001,0.9222914576530457,0.9795001149177551,0.8731942772865295,0.10630583763122559,0.024195611476898193,0.014493823051452637,False,False,completed
v_bc0ac2c371a024e73050,a car accelerating to gain speed,tracked_exclude,full,0.8458313941955566,0.8948783278465271,,0.8402800559997559,0.7796275615692139,0.06065249443054199,0.04904693365097046,,False,False,completed
v_c0930358df5ed15fef8d,a car accelerating to gain speed,tracked_exclude,full,0.9515505433082581,0.9278393387794495,0.8413376808166504,0.9591421484947205,0.8146743178367615,0.14446783065795898,0.023711204528808594,0.11021286249160767,False,False,completed
v_c819cb86a8e25dfb3e97,a bicycle gliding through a snowy field,tracked_exclude,full,0.91412752866745,0.9495628476142883,,0.9381076097488403,0.894752562046051,0.04335504770278931,0.03543531894683838,,False,False,completed
v_d38b247e9db157715244,a bicycle leaning against a tree,tracked_exclude,full,0.9892665147781372,0.9446874260902405,0.9111785292625427,0.9740362763404846,0.8878129720687866,0.086223304271698,0.04457908868789673,0.07808798551559448,False,False,completed
v_e3ac9d38cb8ebbad7180,an airplane taking off,tracked_exclude,full,0.976184070110321,0.9775708913803101,0.9821774363517761,0.9733335375785828,0.9630720019340515,0.01026153564453125,0.0013868212699890137,-0.005993366241455078,False,False,completed
v_e710114a4f938d3d6562,a person giving a presentation to a room full of colleagues,tracked_exclude,full,0.9781062602996826,0.9805362224578857,0.8111842274665833,0.962494969367981,0.9410368204116821,0.021458148956298828,0.002429962158203125,0.16692203283309937,False,False,completed
v_e9cc23e6e032e0839ecb,a person giving a presentation to a room full of colleagues,tracked_exclude,full,0.9782622456550598,0.9688073992729187,0.8986591100692749,0.9672319889068604,0.9390841722488403,0.02814781665802002,0.009454846382141113,0.07960313558578491,False,False,completed
v_f3ccc1d9909eb2eafed7,a person playing guitar,tracked_exclude,full,0.9516969323158264,0.9748148918151855,0.9848344922065735,0.975599467754364,0.9739962816238403,0.0016031861305236816,0.02311795949935913,-0.03313755989074707,False,False,completed
v_f88a0a406794823274a6,a person giving a presentation to a room full of colleagues,tracked_exclude,full,0.9855945110321045,0.9199215769767761,0.9472118616104126,0.9959854483604431,0.8703534603118896,0.12563198804855347,0.06567293405532837,0.038382649421691895,False,False,completed
