video_uid,prompt_id,method,position,clean,background,subject,origin_clean,origin_background,origin_abs_change,repair_abs_change,subject_signed_drop,zero_to_zero,joint_success,runtime_status
v_015a48a198ce0a7a6684,a car stuck in traffic during rush hour,direct_zero,start,0.9859246015548706,0.9778770804405212,0.6874365210533142,0.9686998128890991,0.8428475856781006,0.12585222721099854,0.008047521114349365,0.2984880805015564,False,True,completed
v_038af9e85946208b9d08,a boat accelerating to gain speed,direct_zero,start,0.9453511238098145,0.7037125825881958,0.9323701858520508,0.9640581011772156,0.7799015045166016,0.184156596660614,0.24163854122161865,0.012980937957763672,False,False,completed
v_0b88becab5cd91669727,a car slowing down to stop,direct_zero,start,0.9607264995574951,0.9567203521728516,0.6859889030456543,0.9076695442199707,0.7922441363334656,0.11542540788650513,0.004006147384643555,0.2747375965118408,False,True,completed
v_14499454e08d4adb6d22,a boat accelerating to gain speed,direct_zero,start,0.9209604263305664,0.9217528700828552,0.5143195986747742,0.7963992953300476,0.6970458030700684,0.09935349225997925,0.0007924437522888184,0.40664082765579224,False,False,completed
v_2211afa97c13b0d7479c,a bicycle gliding through a snowy field,direct_zero,start,0.9496497511863708,0.9551323056221008,0.5332925319671631,0.9195920825004578,0.7477359175682068,0.17185616493225098,0.0054825544357299805,0.41635721921920776,False,True,completed
v_22198fc0eb29ccf872ca,a bicycle accelerating to gain speed,direct_zero,start,0.8857461810112,0.7748042345046997,0.4851597547531128,0.8188527822494507,0.7503919005393982,0.06846088171005249,0.11094194650650024,0.40058642625808716,False,False,completed
v_223dffdfd43f07ff254e,a boat slowing down to stop,direct_zero,start,0.0,0.007667462807148695,0.0,0.8887082934379578,0.7395381331443787,0.1491701602935791,0.007667462807148695,0.0,False,True,completed
v_2390b54e0d7162ecc8e1,an airplane accelerating to gain speed,direct_zero,start,0.9660283923149109,0.9661445021629333,0.91582190990448,0.9747323989868164,0.941473126411438,0.03325927257537842,0.00011610984802246094,0.05020648241043091,False,False,completed
v_24aff3375dfcba813f6e,a car turning a corner,direct_zero,start,0.969754695892334,0.9719552397727966,0.5366415977478027,0.9699603319168091,0.8713924288749695,0.0985679030418396,0.0022005438804626465,0.43311309814453125,False,False,completed
v_2541a276b12785e4ded5,a person walking in the snowstorm,direct_zero,start,0.9439834356307983,0.9384021759033203,0.8682276010513306,0.9550679922103882,0.8219045400619507,0.1331634521484375,0.005581259727478027,0.07575583457946777,False,True,completed
v_2567bc088498a76bf296,a truck stuck in traffic during rush hour,direct_zero,start,0.959398090839386,0.9600430130958557,0.5316159725189209,0.9763797521591187,0.9311164617538452,0.04526329040527344,0.0006449222564697266,0.4277821183204651,False,False,completed
v_271c63952df0de2e6cdf,a person washing the dishes,direct_zero,start,0.9126432538032532,0.878089189529419,0.8554450273513794,0.9229888319969177,0.6998134255409241,0.22317540645599365,0.03455406427383423,0.05719822645187378,False,False,completed
v_2be9a6688c35336f245c,an airplane landing smoothly on a runway,direct_zero,start,0.9762710928916931,0.9405067563056946,0.5352843403816223,0.9683166742324829,0.8943334221839905,0.07398325204849243,0.035764336585998535,0.4409867525100708,False,False,completed
v_34ae89f5afbb4409d146,a person eating a burger,direct_zero,start,0.8157393336296082,0.8339899778366089,0.5258320569992065,0.9471113085746765,0.5880897641181946,0.35902154445648193,0.018250644207000732,0.2899072766304016,False,False,completed
v_3e0e478175044cb2ea97,a person eating a burger,direct_zero,start,0.9717735648155212,0.9730363488197327,0.9064662456512451,0.9099657535552979,0.8890914916992188,0.0208742618560791,0.0012627840042114258,0.06530731916427612,False,False,completed
v_425065ae2beb7ec16285,an airplane landing smoothly on a runway,direct_zero,start,0.9556477069854736,0.9527208805084229,0.8896093964576721,0.9661704301834106,0.9274957180023193,0.03867471218109131,0.0029268264770507812,0.06603831052780151,False,False,completed
v_4e6e34f0f85ace192464,a person eating a burger,direct_zero,start,0.9043691754341125,0.677927553653717,0.8862476348876953,0.9877499341964722,0.6293788552284241,0.3583710789680481,0.2264416217803955,0.018121540546417236,False,False,completed
v_4f2d8b98e55b77fec7e4,a person drinking coffee in a cafe,direct_zero,start,0.9236610531806946,0.9295058250427246,0.8458937406539917,0.8729005455970764,0.7514213919639587,0.12147915363311768,0.005844771862030029,0.07776731252670288,False,True,completed
v_4f6246de363a4189bf81,a bus turning a corner,direct_zero,start,0.9141050577163696,0.8578383922576904,0.5221079587936401,0.864708662033081,0.7912268042564392,0.07348185777664185,0.0562666654586792,0.3919970989227295,False,False,completed
v_5054c5414a363dab8171,a car slowing down to stop,direct_zero,start,0.9593479633331299,0.9580629467964172,0.9143576622009277,0.9419843554496765,0.8617010116577148,0.08028334379196167,0.0012850165367126465,0.04499030113220215,False,False,completed
v_74c3a91e1cd5ac167338,a bicycle gliding through a snowy field,direct_zero,start,0.946782112121582,0.9370393753051758,0.5379652976989746,0.9683824777603149,0.878568708896637,0.08981376886367798,0.00974273681640625,0.4088168144226074,False,False,completed
v_7a15ece21d814f0fce0f,a bicycle leaning against a tree,direct_zero,start,0.9531082510948181,0.5856313109397888,0.5415768623352051,0.9489574432373047,0.7740727663040161,0.17488467693328857,0.3674769401550293,0.41153138875961304,False,False,completed
v_8e99ea486ff07419b6c1,a person giving a presentation to a room full of colleagues,direct_zero,start,0.9792287349700928,0.9787595868110657,0.5383967161178589,0.9944238662719727,0.9107299447059631,0.08369392156600952,0.0004691481590270996,0.4408320188522339,False,False,completed
v_9cec858297ae985418ba,a boat slowing down to stop,direct_zero,start,0.9472293257713318,0.9454520344734192,0.745572566986084,0.9065403342247009,0.7776674032211304,0.12887293100357056,0.0017772912979125977,0.2016567587852478,False,True,completed
v_b5ee130b761930dd2521,a person eating a burger,direct_zero,start,0.939649224281311,0.9345084428787231,0.8334263563156128,0.9795001149177551,0.7636283040046692,0.21587181091308594,0.005140781402587891,0.10622286796569824,False,True,completed
v_bc0ac2c371a024e73050,a car accelerating to gain speed,direct_zero,start,0.3970118463039398,0.32625165581703186,0.20129548013210297,0.8402800559997559,0.6863670945167542,0.1539129614830017,0.07076019048690796,0.19571636617183685,False,False,completed
v_c0930358df5ed15fef8d,a car accelerating to gain speed,direct_zero,start,0.22154010832309723,0.12008330225944519,0.15882833302021027,0.9591421484947205,0.6597983241081238,0.2993438243865967,0.10145680606365204,0.06271177530288696,False,False,completed
v_c819cb86a8e25dfb3e97,a bicycle gliding through a snowy field,direct_zero,start,0.9156494736671448,0.6887653470039368,0.49849411845207214,0.9381076097488403,0.7309461236000061,0.20716148614883423,0.226884126663208,0.41715535521507263,False,False,completed
v_d38b247e9db157715244,a bicycle leaning against a tree,direct_zero,start,0.9860948324203491,0.9589539766311646,0.5448092222213745,0.9740362763404846,0.8444722890853882,0.12956398725509644,0.02714085578918457,0.4412856101989746,False,False,completed
v_e3ac9d38cb8ebbad7180,an airplane taking off,direct_zero,start,0.9761667251586914,0.9769723415374756,0.9130039811134338,0.9733335375785828,0.925356924533844,0.04797661304473877,0.0008056163787841797,0.06316274404525757,False,False,completed
v_e710114a4f938d3d6562,a person giving a presentation to a room full of colleagues,direct_zero,start,0.9772360920906067,0.9767206311225891,0.7864584922790527,0.962494969367981,0.8649222254753113,0.09757274389266968,0.0005154609680175781,0.19077759981155396,False,False,completed
v_e9cc23e6e032e0839ecb,a person giving a presentation to a room full of colleagues,direct_zero,start,0.9752988219261169,0.9733177423477173,0.5927460789680481,0.9672319889068604,0.9119970798492432,0.05523490905761719,0.001981079578399658,0.38255274295806885,False,False,completed
v_f3ccc1d9909eb2eafed7,a person playing guitar,direct_zero,start,0.9523401260375977,0.9512807726860046,0.8704062104225159,0.975599467754364,0.9304923415184021,0.045107126235961914,0.0010593533515930176,0.08193391561508179,False,False,completed
v_f88a0a406794823274a6,a person giving a presentation to a room full of colleagues,direct_zero,start,0.9841278791427612,0.9661074876785278,0.9614309072494507,0.9959854483604431,0.8325016498565674,0.16348379850387573,0.0180203914642334,0.022696971893310547,False,False,completed
v_015a48a198ce0a7a6684,a car stuck in traffic during rush hour,direct_exclude,start,0.9859246015548706,0.9778770804405212,0.9065096974372864,0.9686998128890991,0.8428475856781006,0.12585222721099854,0.008047521114349365,0.07941490411758423,False,True,completed
v_038af9e85946208b9d08,a boat accelerating to gain speed,direct_exclude,start,0.9453511238098145,0.9151729941368103,0.9323701858520508,0.9640581011772156,0.7799015045166016,0.184156596660614,0.03017812967300415,0.012980937957763672,False,False,completed
v_0b88becab5cd91669727,a car slowing down to stop,direct_exclude,start,0.9607264995574951,0.9567203521728516,0.9046007394790649,0.9076695442199707,0.7922441363334656,0.11542540788650513,0.004006147384643555,0.056125760078430176,False,True,completed
v_14499454e08d4adb6d22,a boat accelerating to gain speed,direct_exclude,start,0.9209604263305664,0.9217528700828552,0.9351264834403992,0.7963992953300476,0.6970458030700684,0.09935349225997925,0.0007924437522888184,-0.014166057109832764,False,False,completed
v_2211afa97c13b0d7479c,a bicycle gliding through a snowy field,direct_exclude,start,0.9496497511863708,0.9551323056221008,0.969622790813446,0.9195920825004578,0.7477359175682068,0.17185616493225098,0.0054825544357299805,-0.019973039627075195,False,True,completed
v_22198fc0eb29ccf872ca,a bicycle accelerating to gain speed,direct_exclude,start,0.8857461810112,0.8854905366897583,0.8821085691452026,0.8188527822494507,0.7503919005393982,0.06846088171005249,0.0002556443214416504,0.0036376118659973145,False,False,completed
v_223dffdfd43f07ff254e,a boat slowing down to stop,direct_exclude,start,,0.9200955033302307,,0.8887082934379578,0.7395381331443787,0.1491701602935791,,,False,False,completed
v_2390b54e0d7162ecc8e1,an airplane accelerating to gain speed,direct_exclude,start,0.9660283923149109,0.9661445021629333,0.91582190990448,0.9747323989868164,0.941473126411438,0.03325927257537842,0.00011610984802246094,0.05020648241043091,False,False,completed
v_24aff3375dfcba813f6e,a car turning a corner,direct_exclude,start,0.969754695892334,0.9719552397727966,0.9757119417190552,0.9699603319168091,0.8713924288749695,0.0985679030418396,0.0022005438804626465,-0.005957245826721191,False,False,completed
v_2541a276b12785e4ded5,a person walking in the snowstorm,direct_exclude,start,0.9439834356307983,0.9384021759033203,0.8682276010513306,0.9550679922103882,0.8219045400619507,0.1331634521484375,0.005581259727478027,0.07575583457946777,False,True,completed
v_2567bc088498a76bf296,a truck stuck in traffic during rush hour,direct_exclude,start,0.959398090839386,0.9600430130958557,0.9665744304656982,0.9763797521591187,0.9311164617538452,0.04526329040527344,0.0006449222564697266,-0.007176339626312256,False,False,completed
v_271c63952df0de2e6cdf,a person washing the dishes,direct_exclude,start,0.9126432538032532,0.878089189529419,0.8554450273513794,0.9229888319969177,0.6998134255409241,0.22317540645599365,0.03455406427383423,0.05719822645187378,False,False,completed
v_2be9a6688c35336f245c,an airplane landing smoothly on a runway,direct_exclude,start,0.9762710928916931,0.9405067563056946,0.9732441902160645,0.9683166742324829,0.8943334221839905,0.07398325204849243,0.035764336585998535,0.003026902675628662,False,False,completed
v_34ae89f5afbb4409d146,a person eating a burger,direct_exclude,start,0.8157393336296082,0.8339899778366089,0.8089724183082581,0.9471113085746765,0.5880897641181946,0.35902154445648193,0.018250644207000732,0.006766915321350098,False,False,completed
v_3e0e478175044cb2ea97,a person eating a burger,direct_exclude,start,0.9717735648155212,0.9730363488197327,0.9064662456512451,0.9099657535552979,0.8890914916992188,0.0208742618560791,0.0012627840042114258,0.06530731916427612,False,False,completed
v_425065ae2beb7ec16285,an airplane landing smoothly on a runway,direct_exclude,start,0.9556477069854736,0.9527208805084229,0.8896093964576721,0.9661704301834106,0.9274957180023193,0.03867471218109131,0.0029268264770507812,0.06603831052780151,False,False,completed
v_4e6e34f0f85ace192464,a person eating a burger,direct_exclude,start,0.9043691754341125,0.8939703702926636,0.8862476348876953,0.9877499341964722,0.6293788552284241,0.3583710789680481,0.010398805141448975,0.018121540546417236,False,False,completed
v_4f2d8b98e55b77fec7e4,a person drinking coffee in a cafe,direct_exclude,start,0.9236610531806946,0.9295058250427246,0.8458937406539917,0.8729005455970764,0.7514213919639587,0.12147915363311768,0.005844771862030029,0.07776731252670288,False,True,completed
v_4f6246de363a4189bf81,a bus turning a corner,direct_exclude,start,0.9141050577163696,0.9131826758384705,0.9189101457595825,0.864708662033081,0.7912268042564392,0.07348185777664185,0.0009223818778991699,-0.004805088043212891,False,False,completed
v_5054c5414a363dab8171,a car slowing down to stop,direct_exclude,start,0.9593479633331299,0.9580629467964172,0.9143576622009277,0.9419843554496765,0.8617010116577148,0.08028334379196167,0.0012850165367126465,0.04499030113220215,False,False,completed
v_74c3a91e1cd5ac167338,a bicycle gliding through a snowy field,direct_exclude,start,0.946782112121582,0.9370393753051758,0.9468188881874084,0.9683824777603149,0.878568708896637,0.08981376886367798,0.00974273681640625,-3.6776065826416016e-05,False,False,completed
v_7a15ece21d814f0fce0f,a bicycle leaning against a tree,direct_exclude,start,0.9531082510948181,0.9514256119728088,0.9531752467155457,0.9489574432373047,0.7740727663040161,0.17488467693328857,0.0016826391220092773,-6.699562072753906e-05,False,True,completed
v_8e99ea486ff07419b6c1,a person giving a presentation to a room full of colleagues,direct_exclude,start,0.9792287349700928,0.9787595868110657,0.9789032340049744,0.9944238662719727,0.9107299447059631,0.08369392156600952,0.0004691481590270996,0.0003255009651184082,False,False,completed
v_9cec858297ae985418ba,a boat slowing down to stop,direct_exclude,start,0.9472293257713318,0.9454520344734192,0.8520829081535339,0.9065403342247009,0.7776674032211304,0.12887293100357056,0.0017772912979125977,0.09514641761779785,False,True,completed
v_b5ee130b761930dd2521,a person eating a burger,direct_exclude,start,0.939649224281311,0.9345084428787231,0.8334263563156128,0.9795001149177551,0.7636283040046692,0.21587181091308594,0.005140781402587891,0.10622286796569824,False,True,completed
v_bc0ac2c371a024e73050,a car accelerating to gain speed,direct_exclude,start,0.8662075996398926,0.8700043559074402,0.8626949787139893,0.8402800559997559,0.6863670945167542,0.1539129614830017,0.0037967562675476074,0.0035126209259033203,False,True,completed
v_c0930358df5ed15fef8d,a car accelerating to gain speed,direct_exclude,start,0.9494576454162598,0.9606664180755615,0.9075904488563538,0.9591421484947205,0.6597983241081238,0.2993438243865967,0.011208772659301758,0.041867196559906006,False,False,completed
v_c819cb86a8e25dfb3e97,a bicycle gliding through a snowy field,direct_exclude,start,0.9156494736671448,0.9082620143890381,0.9063528776168823,0.9381076097488403,0.7309461236000061,0.20716148614883423,0.0073874592781066895,0.009296596050262451,False,True,completed
v_d38b247e9db157715244,a bicycle leaning against a tree,direct_exclude,start,0.9860948324203491,0.9589539766311646,0.9905622601509094,0.9740362763404846,0.8444722890853882,0.12956398725509644,0.02714085578918457,-0.004467427730560303,False,False,completed
v_e3ac9d38cb8ebbad7180,an airplane taking off,direct_exclude,start,0.9761667251586914,0.9769723415374756,0.9130039811134338,0.9733335375785828,0.925356924533844,0.04797661304473877,0.0008056163787841797,0.06316274404525757,False,False,completed
v_e710114a4f938d3d6562,a person giving a presentation to a room full of colleagues,direct_exclude,start,0.9772360920906067,0.9767206311225891,0.8988097310066223,0.962494969367981,0.8649222254753113,0.09757274389266968,0.0005154609680175781,0.07842636108398438,False,False,completed
v_e9cc23e6e032e0839ecb,a person giving a presentation to a room full of colleagues,direct_exclude,start,0.9752988219261169,0.9733177423477173,0.9629843235015869,0.9672319889068604,0.9119970798492432,0.05523490905761719,0.001981079578399658,0.01231449842453003,False,False,completed
v_f3ccc1d9909eb2eafed7,a person playing guitar,direct_exclude,start,0.9523401260375977,0.9512807726860046,0.8704062104225159,0.975599467754364,0.9304923415184021,0.045107126235961914,0.0010593533515930176,0.08193391561508179,False,False,completed
v_f88a0a406794823274a6,a person giving a presentation to a room full of colleagues,direct_exclude,start,0.9841278791427612,0.9661074876785278,0.9614309072494507,0.9959854483604431,0.8325016498565674,0.16348379850387573,0.0180203914642334,0.022696971893310547,False,False,completed
v_015a48a198ce0a7a6684,a car stuck in traffic during rush hour,hybrid_zero,start,0.9859246015548706,0.9778770804405212,0.8780099749565125,0.9686998128890991,0.8428475856781006,0.12585222721099854,0.008047521114349365,0.10791462659835815,False,True,completed
v_038af9e85946208b9d08,a boat accelerating to gain speed,hybrid_zero,start,0.9453511238098145,0.8985896706581116,0.9323701858520508,0.9640581011772156,0.7799015045166016,0.184156596660614,0.04676145315170288,0.012980937957763672,False,False,completed
v_0b88becab5cd91669727,a car slowing down to stop,hybrid_zero,start,0.9607264995574951,0.9567203521728516,0.8649829030036926,0.9076695442199707,0.7922441363334656,0.11542540788650513,0.004006147384643555,0.09574359655380249,False,True,completed
v_14499454e08d4adb6d22,a boat accelerating to gain speed,hybrid_zero,start,0.9209604263305664,0.9217528700828552,0.8485314846038818,0.7963992953300476,0.6970458030700684,0.09935349225997925,0.0007924437522888184,0.07242894172668457,False,False,completed
v_2211afa97c13b0d7479c,a bicycle gliding through a snowy field,hybrid_zero,start,0.9496497511863708,0.9551323056221008,0.8441868424415588,0.9195920825004578,0.7477359175682068,0.17185616493225098,0.0054825544357299805,0.10546290874481201,False,True,completed
v_22198fc0eb29ccf872ca,a bicycle accelerating to gain speed,hybrid_zero,start,0.8857461810112,0.886974573135376,0.8305785655975342,0.8188527822494507,0.7503919005393982,0.06846088171005249,0.0012283921241760254,0.05516761541366577,False,False,completed
v_223dffdfd43f07ff254e,a boat slowing down to stop,hybrid_zero,start,0.9467556476593018,0.9401427507400513,0.8991594314575195,0.8887082934379578,0.7395381331443787,0.1491701602935791,0.006612896919250488,0.04759621620178223,False,True,completed
v_2390b54e0d7162ecc8e1,an airplane accelerating to gain speed,hybrid_zero,start,0.9660283923149109,0.9661445021629333,0.91582190990448,0.9747323989868164,0.941473126411438,0.03325927257537842,0.00011610984802246094,0.05020648241043091,False,False,completed
v_24aff3375dfcba813f6e,a car turning a corner,hybrid_zero,start,0.969754695892334,0.9719552397727966,0.8910374045372009,0.9699603319168091,0.8713924288749695,0.0985679030418396,0.0022005438804626465,0.07871729135513306,False,False,completed
v_2541a276b12785e4ded5,a person walking in the snowstorm,hybrid_zero,start,0.9439834356307983,0.9384021759033203,0.8682276010513306,0.9550679922103882,0.8219045400619507,0.1331634521484375,0.005581259727478027,0.07575583457946777,False,True,completed
v_2567bc088498a76bf296,a truck stuck in traffic during rush hour,hybrid_zero,start,0.959398090839386,0.9600430130958557,0.9147397875785828,0.9763797521591187,0.9311164617538452,0.04526329040527344,0.0006449222564697266,0.04465830326080322,False,False,completed
v_271c63952df0de2e6cdf,a person washing the dishes,hybrid_zero,start,0.9126432538032532,0.878089189529419,0.8554450273513794,0.9229888319969177,0.6998134255409241,0.22317540645599365,0.03455406427383423,0.05719822645187378,False,False,completed
v_2be9a6688c35336f245c,an airplane landing smoothly on a runway,hybrid_zero,start,0.9762710928916931,0.9405067563056946,0.8963717818260193,0.9683166742324829,0.8943334221839905,0.07398325204849243,0.035764336585998535,0.07989931106567383,False,False,completed
v_34ae89f5afbb4409d146,a person eating a burger,hybrid_zero,start,0.8157393336296082,0.8339899778366089,0.775443434715271,0.9471113085746765,0.5880897641181946,0.35902154445648193,0.018250644207000732,0.04029589891433716,False,False,completed
v_3e0e478175044cb2ea97,a person eating a burger,hybrid_zero,start,0.9717735648155212,0.9730363488197327,0.9064662456512451,0.9099657535552979,0.8890914916992188,0.0208742618560791,0.0012627840042114258,0.06530731916427612,False,False,completed
v_425065ae2beb7ec16285,an airplane landing smoothly on a runway,hybrid_zero,start,0.9556477069854736,0.9527208805084229,0.8896093964576721,0.9661704301834106,0.9274957180023193,0.03867471218109131,0.0029268264770507812,0.06603831052780151,False,False,completed
v_4e6e34f0f85ace192464,a person eating a burger,hybrid_zero,start,0.9043691754341125,0.8834505081176758,0.8862476348876953,0.9877499341964722,0.6293788552284241,0.3583710789680481,0.020918667316436768,0.018121540546417236,False,False,completed
v_4f2d8b98e55b77fec7e4,a person drinking coffee in a cafe,hybrid_zero,start,0.9236610531806946,0.9295058250427246,0.8458937406539917,0.8729005455970764,0.7514213919639587,0.12147915363311768,0.005844771862030029,0.07776731252670288,False,True,completed
v_4f6246de363a4189bf81,a bus turning a corner,hybrid_zero,start,0.9141050577163696,0.9114341139793396,0.8692585229873657,0.864708662033081,0.7912268042564392,0.07348185777664185,0.0026709437370300293,0.044846534729003906,False,False,completed
v_5054c5414a363dab8171,a car slowing down to stop,hybrid_zero,start,0.9593479633331299,0.9580629467964172,0.9143576622009277,0.9419843554496765,0.8617010116577148,0.08028334379196167,0.0012850165367126465,0.04499030113220215,False,False,completed
v_74c3a91e1cd5ac167338,a bicycle gliding through a snowy field,hybrid_zero,start,0.946782112121582,0.9370393753051758,0.8622124791145325,0.9683824777603149,0.878568708896637,0.08981376886367798,0.00974273681640625,0.08456963300704956,False,False,completed
v_7a15ece21d814f0fce0f,a bicycle leaning against a tree,hybrid_zero,start,0.9531082510948181,0.9425334930419922,0.9092456698417664,0.9489574432373047,0.7740727663040161,0.17488467693328857,0.010574758052825928,0.04386258125305176,False,False,completed
v_8e99ea486ff07419b6c1,a person giving a presentation to a room full of colleagues,hybrid_zero,start,0.9792287349700928,0.9787595868110657,0.8442179560661316,0.9944238662719727,0.9107299447059631,0.08369392156600952,0.0004691481590270996,0.13501077890396118,False,False,completed
v_9cec858297ae985418ba,a boat slowing down to stop,hybrid_zero,start,0.9472293257713318,0.9454520344734192,0.8353678584098816,0.9065403342247009,0.7776674032211304,0.12887293100357056,0.0017772912979125977,0.1118614673614502,False,True,completed
v_b5ee130b761930dd2521,a person eating a burger,hybrid_zero,start,0.939649224281311,0.9345084428787231,0.8334263563156128,0.9795001149177551,0.7636283040046692,0.21587181091308594,0.005140781402587891,0.10622286796569824,False,True,completed
v_bc0ac2c371a024e73050,a car accelerating to gain speed,hybrid_zero,start,0.8657104969024658,0.8667651414871216,0.8498703837394714,0.8402800559997559,0.6863670945167542,0.1539129614830017,0.0010546445846557617,0.015840113162994385,False,True,completed
v_c0930358df5ed15fef8d,a car accelerating to gain speed,hybrid_zero,start,0.956610918045044,0.904925525188446,0.9158270359039307,0.9591421484947205,0.6597983241081238,0.2993438243865967,0.0516853928565979,0.04078388214111328,False,False,completed
v_c819cb86a8e25dfb3e97,a bicycle gliding through a snowy field,hybrid_zero,start,0.9156494736671448,0.9112960696220398,0.7854920029640198,0.9381076097488403,0.7309461236000061,0.20716148614883423,0.0043534040451049805,0.130157470703125,False,True,completed
v_d38b247e9db157715244,a bicycle leaning against a tree,hybrid_zero,start,0.9860948324203491,0.9589539766311646,0.919556200504303,0.9740362763404846,0.8444722890853882,0.12956398725509644,0.02714085578918457,0.06653863191604614,False,False,completed
v_e3ac9d38cb8ebbad7180,an airplane taking off,hybrid_zero,start,0.9761667251586914,0.9769723415374756,0.9130039811134338,0.9733335375785828,0.925356924533844,0.04797661304473877,0.0008056163787841797,0.06316274404525757,False,False,completed
v_e710114a4f938d3d6562,a person giving a presentation to a room full of colleagues,hybrid_zero,start,0.9772360920906067,0.9767206311225891,0.8880634903907776,0.962494969367981,0.8649222254753113,0.09757274389266968,0.0005154609680175781,0.0891726016998291,False,False,completed
v_e9cc23e6e032e0839ecb,a person giving a presentation to a room full of colleagues,hybrid_zero,start,0.9752988219261169,0.9733177423477173,0.9203267097473145,0.9672319889068604,0.9119970798492432,0.05523490905761719,0.001981079578399658,0.05497211217880249,False,False,completed
v_f3ccc1d9909eb2eafed7,a person playing guitar,hybrid_zero,start,0.9523401260375977,0.9512807726860046,0.8704062104225159,0.975599467754364,0.9304923415184021,0.045107126235961914,0.0010593533515930176,0.08193391561508179,False,False,completed
v_f88a0a406794823274a6,a person giving a presentation to a room full of colleagues,hybrid_zero,start,0.9841278791427612,0.9661074876785278,0.9614309072494507,0.9959854483604431,0.8325016498565674,0.16348379850387573,0.0180203914642334,0.022696971893310547,False,False,completed
v_015a48a198ce0a7a6684,a car stuck in traffic during rush hour,hybrid_exclude,start,0.9859246015548706,0.9778770804405212,0.8780099749565125,0.9686998128890991,0.8428475856781006,0.12585222721099854,0.008047521114349365,0.10791462659835815,False,True,completed
v_038af9e85946208b9d08,a boat accelerating to gain speed,hybrid_exclude,start,0.9453511238098145,0.8985896706581116,0.9323701858520508,0.9640581011772156,0.7799015045166016,0.184156596660614,0.04676145315170288,0.012980937957763672,False,False,completed
v_0b88becab5cd91669727,a car slowing down to stop,hybrid_exclude,start,0.9607264995574951,0.9567203521728516,0.8649829030036926,0.9076695442199707,0.7922441363334656,0.11542540788650513,0.004006147384643555,0.09574359655380249,False,True,completed
v_14499454e08d4adb6d22,a boat accelerating to gain speed,hybrid_exclude,start,0.9209604263305664,0.9217528700828552,0.8485314846038818,0.7963992953300476,0.6970458030700684,0.09935349225997925,0.0007924437522888184,0.07242894172668457,False,False,completed
v_2211afa97c13b0d7479c,a bicycle gliding through a snowy field,hybrid_exclude,start,0.9496497511863708,0.9551323056221008,0.8441868424415588,0.9195920825004578,0.7477359175682068,0.17185616493225098,0.0054825544357299805,0.10546290874481201,False,True,completed
v_22198fc0eb29ccf872ca,a bicycle accelerating to gain speed,hybrid_exclude,start,0.8857461810112,0.886974573135376,0.8305785655975342,0.8188527822494507,0.7503919005393982,0.06846088171005249,0.0012283921241760254,0.05516761541366577,False,False,completed
v_223dffdfd43f07ff254e,a boat slowing down to stop,hybrid_exclude,start,0.9467556476593018,0.9401427507400513,0.8991594314575195,0.8887082934379578,0.7395381331443787,0.1491701602935791,0.006612896919250488,0.04759621620178223,False,True,completed
v_2390b54e0d7162ecc8e1,an airplane accelerating to gain speed,hybrid_exclude,start,0.9660283923149109,0.9661445021629333,0.91582190990448,0.9747323989868164,0.941473126411438,0.03325927257537842,0.00011610984802246094,0.05020648241043091,False,False,completed
v_24aff3375dfcba813f6e,a car turning a corner,hybrid_exclude,start,0.969754695892334,0.9719552397727966,0.8910374045372009,0.9699603319168091,0.8713924288749695,0.0985679030418396,0.0022005438804626465,0.07871729135513306,False,False,completed
v_2541a276b12785e4ded5,a person walking in the snowstorm,hybrid_exclude,start,0.9439834356307983,0.9384021759033203,0.8682276010513306,0.9550679922103882,0.8219045400619507,0.1331634521484375,0.005581259727478027,0.07575583457946777,False,True,completed
v_2567bc088498a76bf296,a truck stuck in traffic during rush hour,hybrid_exclude,start,0.959398090839386,0.9600430130958557,0.9147397875785828,0.9763797521591187,0.9311164617538452,0.04526329040527344,0.0006449222564697266,0.04465830326080322,False,False,completed
v_271c63952df0de2e6cdf,a person washing the dishes,hybrid_exclude,start,0.9126432538032532,0.878089189529419,0.8554450273513794,0.9229888319969177,0.6998134255409241,0.22317540645599365,0.03455406427383423,0.05719822645187378,False,False,completed
v_2be9a6688c35336f245c,an airplane landing smoothly on a runway,hybrid_exclude,start,0.9762710928916931,0.9405067563056946,0.8963717818260193,0.9683166742324829,0.8943334221839905,0.07398325204849243,0.035764336585998535,0.07989931106567383,False,False,completed
v_34ae89f5afbb4409d146,a person eating a burger,hybrid_exclude,start,0.8157393336296082,0.8339899778366089,0.775443434715271,0.9471113085746765,0.5880897641181946,0.35902154445648193,0.018250644207000732,0.04029589891433716,False,False,completed
v_3e0e478175044cb2ea97,a person eating a burger,hybrid_exclude,start,0.9717735648155212,0.9730363488197327,0.9064662456512451,0.9099657535552979,0.8890914916992188,0.0208742618560791,0.0012627840042114258,0.06530731916427612,False,False,completed
v_425065ae2beb7ec16285,an airplane landing smoothly on a runway,hybrid_exclude,start,0.9556477069854736,0.9527208805084229,0.8896093964576721,0.9661704301834106,0.9274957180023193,0.03867471218109131,0.0029268264770507812,0.06603831052780151,False,False,completed
v_4e6e34f0f85ace192464,a person eating a burger,hybrid_exclude,start,0.9043691754341125,0.8834505081176758,0.8862476348876953,0.9877499341964722,0.6293788552284241,0.3583710789680481,0.020918667316436768,0.018121540546417236,False,False,completed
v_4f2d8b98e55b77fec7e4,a person drinking coffee in a cafe,hybrid_exclude,start,0.9236610531806946,0.9295058250427246,0.8458937406539917,0.8729005455970764,0.7514213919639587,0.12147915363311768,0.005844771862030029,0.07776731252670288,False,True,completed
v_4f6246de363a4189bf81,a bus turning a corner,hybrid_exclude,start,0.9141050577163696,0.9114341139793396,0.8692585229873657,0.864708662033081,0.7912268042564392,0.07348185777664185,0.0026709437370300293,0.044846534729003906,False,False,completed
v_5054c5414a363dab8171,a car slowing down to stop,hybrid_exclude,start,0.9593479633331299,0.9580629467964172,0.9143576622009277,0.9419843554496765,0.8617010116577148,0.08028334379196167,0.0012850165367126465,0.04499030113220215,False,False,completed
v_74c3a91e1cd5ac167338,a bicycle gliding through a snowy field,hybrid_exclude,start,0.946782112121582,0.9370393753051758,0.8622124791145325,0.9683824777603149,0.878568708896637,0.08981376886367798,0.00974273681640625,0.08456963300704956,False,False,completed
v_7a15ece21d814f0fce0f,a bicycle leaning against a tree,hybrid_exclude,start,0.9531082510948181,0.9425334930419922,0.9092456698417664,0.9489574432373047,0.7740727663040161,0.17488467693328857,0.010574758052825928,0.04386258125305176,False,False,completed
v_8e99ea486ff07419b6c1,a person giving a presentation to a room full of colleagues,hybrid_exclude,start,0.9792287349700928,0.9787595868110657,0.8442179560661316,0.9944238662719727,0.9107299447059631,0.08369392156600952,0.0004691481590270996,0.13501077890396118,False,False,completed
v_9cec858297ae985418ba,a boat slowing down to stop,hybrid_exclude,start,0.9472293257713318,0.9454520344734192,0.8353678584098816,0.9065403342247009,0.7776674032211304,0.12887293100357056,0.0017772912979125977,0.1118614673614502,False,True,completed
v_b5ee130b761930dd2521,a person eating a burger,hybrid_exclude,start,0.939649224281311,0.9345084428787231,0.8334263563156128,0.9795001149177551,0.7636283040046692,0.21587181091308594,0.005140781402587891,0.10622286796569824,False,True,completed
v_bc0ac2c371a024e73050,a car accelerating to gain speed,hybrid_exclude,start,0.8657104969024658,0.8667651414871216,0.8498703837394714,0.8402800559997559,0.6863670945167542,0.1539129614830017,0.0010546445846557617,0.015840113162994385,False,True,completed
v_c0930358df5ed15fef8d,a car accelerating to gain speed,hybrid_exclude,start,0.956610918045044,0.904925525188446,0.9158270359039307,0.9591421484947205,0.6597983241081238,0.2993438243865967,0.0516853928565979,0.04078388214111328,False,False,completed
v_c819cb86a8e25dfb3e97,a bicycle gliding through a snowy field,hybrid_exclude,start,0.9156494736671448,0.9112960696220398,0.7854920029640198,0.9381076097488403,0.7309461236000061,0.20716148614883423,0.0043534040451049805,0.130157470703125,False,True,completed
v_d38b247e9db157715244,a bicycle leaning against a tree,hybrid_exclude,start,0.9860948324203491,0.9589539766311646,0.919556200504303,0.9740362763404846,0.8444722890853882,0.12956398725509644,0.02714085578918457,0.06653863191604614,False,False,completed
v_e3ac9d38cb8ebbad7180,an airplane taking off,hybrid_exclude,start,0.9761667251586914,0.9769723415374756,0.9130039811134338,0.9733335375785828,0.925356924533844,0.04797661304473877,0.0008056163787841797,0.06316274404525757,False,False,completed
v_e710114a4f938d3d6562,a person giving a presentation to a room full of colleagues,hybrid_exclude,start,0.9772360920906067,0.9767206311225891,0.8880634903907776,0.962494969367981,0.8649222254753113,0.09757274389266968,0.0005154609680175781,0.0891726016998291,False,False,completed
v_e9cc23e6e032e0839ecb,a person giving a presentation to a room full of colleagues,hybrid_exclude,start,0.9752988219261169,0.9733177423477173,0.9203267097473145,0.9672319889068604,0.9119970798492432,0.05523490905761719,0.001981079578399658,0.05497211217880249,False,False,completed
v_f3ccc1d9909eb2eafed7,a person playing guitar,hybrid_exclude,start,0.9523401260375977,0.9512807726860046,0.8704062104225159,0.975599467754364,0.9304923415184021,0.045107126235961914,0.0010593533515930176,0.08193391561508179,False,False,completed
v_f88a0a406794823274a6,a person giving a presentation to a room full of colleagues,hybrid_exclude,start,0.9841278791427612,0.9661074876785278,0.9614309072494507,0.9959854483604431,0.8325016498565674,0.16348379850387573,0.0180203914642334,0.022696971893310547,False,False,completed
v_015a48a198ce0a7a6684,a car stuck in traffic during rush hour,direct_zero,middle,0.9859246015548706,0.9652782678604126,0.5432036519050598,0.9686998128890991,0.9088634848594666,0.05983632802963257,0.020646333694458008,0.4427209496498108,False,False,completed
v_038af9e85946208b9d08,a boat accelerating to gain speed,direct_zero,middle,0.9453511238098145,0.8517267107963562,0.9238022565841675,0.9640581011772156,0.891539990901947,0.07251811027526855,0.09362441301345825,0.021548867225646973,False,False,completed
v_0b88becab5cd91669727,a car slowing down to stop,direct_zero,middle,0.9607264995574951,0.9605316519737244,0.5257428288459778,0.9076695442199707,0.8461495637893677,0.06151998043060303,0.00019484758377075195,0.43498367071151733,False,False,completed
v_14499454e08d4adb6d22,a boat accelerating to gain speed,direct_zero,middle,0.9209604263305664,0.9208607077598572,0.721143364906311,0.7963992953300476,0.7614593505859375,0.03493994474411011,9.971857070922852e-05,0.19981706142425537,False,False,completed
v_2211afa97c13b0d7479c,a bicycle gliding through a snowy field,direct_zero,middle,0.9496497511863708,0.9255831241607666,0.5181085467338562,0.9195920825004578,0.8269708156585693,0.09262126684188843,0.024066627025604248,0.43154120445251465,False,False,completed
v_22198fc0eb29ccf872ca,a bicycle accelerating to gain speed,direct_zero,middle,0.8857461810112,0.5859177112579346,0.49463409185409546,0.8188527822494507,0.7534327507019043,0.06542003154754639,0.2998284697532654,0.3911120891571045,False,False,completed
v_223dffdfd43f07ff254e,a boat slowing down to stop,direct_zero,middle,0.0,0.0,0.0,0.8887082934379578,0.8257344365119934,0.06297385692596436,0.0,0.0,True,False,completed
v_2390b54e0d7162ecc8e1,an airplane accelerating to gain speed,direct_zero,middle,0.9660283923149109,0.9656397700309753,0.9049051403999329,0.9747323989868164,0.9613475203514099,0.013384878635406494,0.0003886222839355469,0.06112325191497803,False,False,completed
v_24aff3375dfcba813f6e,a car turning a corner,direct_zero,middle,0.969754695892334,0.9685301184654236,0.5325905680656433,0.9699603319168091,0.9236817955970764,0.046278536319732666,0.0012245774269104004,0.4371641278266907,False,False,completed
v_2541a276b12785e4ded5,a person walking in the snowstorm,direct_zero,middle,0.9439834356307983,0.9416635036468506,0.777643620967865,0.9550679922103882,0.8982759714126587,0.05679202079772949,0.002319931983947754,0.16633981466293335,False,False,completed
v_2567bc088498a76bf296,a truck stuck in traffic during rush hour,direct_zero,middle,0.959398090839386,0.9565387964248657,0.8957030177116394,0.9763797521591187,0.9478087425231934,0.028571009635925293,0.0028592944145202637,0.06369507312774658,False,False,completed
v_271c63952df0de2e6cdf,a person washing the dishes,direct_zero,middle,0.9126432538032532,0.9063834547996521,0.8683688640594482,0.9229888319969177,0.8160163164138794,0.10697251558303833,0.006259799003601074,0.04427438974380493,False,True,completed
v_2be9a6688c35336f245c,an airplane landing smoothly on a runway,direct_zero,middle,0.9762710928916931,0.9568951725959778,0.5338324308395386,0.9683166742324829,0.9263949394226074,0.04192173480987549,0.019375920295715332,0.44243866205215454,False,False,completed
v_34ae89f5afbb4409d146,a person eating a burger,direct_zero,middle,0.8157393336296082,0.7785916328430176,0.8113710880279541,0.9471113085746765,0.7856966257095337,0.16141468286514282,0.037147700786590576,0.004368245601654053,False,False,completed
v_3e0e478175044cb2ea97,a person eating a burger,direct_zero,middle,0.9717735648155212,0.9717534780502319,0.902810275554657,0.9099657535552979,0.9034759402275085,0.006489813327789307,2.008676528930664e-05,0.06896328926086426,False,False,completed
v_425065ae2beb7ec16285,an airplane landing smoothly on a runway,direct_zero,middle,0.9556477069854736,0.9517723917961121,0.9000104069709778,0.9661704301834106,0.9494597911834717,0.016710638999938965,0.0038753151893615723,0.05563730001449585,False,False,completed
v_4e6e34f0f85ace192464,a person eating a burger,direct_zero,middle,0.9043691754341125,0.6757823824882507,0.7916501760482788,0.9877499341964722,0.8100215196609497,0.17772841453552246,0.22858679294586182,0.11271899938583374,False,False,completed
v_4f2d8b98e55b77fec7e4,a person drinking coffee in a cafe,direct_zero,middle,0.9236610531806946,0.9268526434898376,0.8419222831726074,0.8729005455970764,0.8256053328514099,0.047295212745666504,0.0031915903091430664,0.08173877000808716,False,False,completed
v_4f6246de363a4189bf81,a bus turning a corner,direct_zero,middle,0.9141050577163696,0.9074075222015381,0.5574087500572205,0.864708662033081,0.8245342373847961,0.04017442464828491,0.006697535514831543,0.35669630765914917,False,False,completed
v_5054c5414a363dab8171,a car slowing down to stop,direct_zero,middle,0.9593479633331299,0.9590131044387817,0.9076263904571533,0.9419843554496765,0.9049627780914307,0.03702157735824585,0.00033485889434814453,0.05172157287597656,False,False,completed
v_74c3a91e1cd5ac167338,a bicycle gliding through a snowy field,direct_zero,middle,0.946782112121582,0.9378145933151245,0.5377786755561829,0.9683824777603149,0.9351041316986084,0.03327834606170654,0.00896751880645752,0.40900343656539917,False,False,completed
v_7a15ece21d814f0fce0f,a bicycle leaning against a tree,direct_zero,middle,0.9531082510948181,0.5878568887710571,0.5435622334480286,0.9489574432373047,0.8817118406295776,0.06724560260772705,0.365251362323761,0.40954601764678955,False,False,completed
v_8e99ea486ff07419b6c1,a person giving a presentation to a room full of colleagues,direct_zero,middle,0.9792287349700928,0.9810439944267273,0.5396876335144043,0.9944238662719727,0.9537115097045898,0.04071235656738281,0.0018152594566345215,0.4395411014556885,False,False,completed
v_9cec858297ae985418ba,a boat slowing down to stop,direct_zero,middle,0.9472293257713318,0.9484967589378357,0.759137749671936,0.9065403342247009,0.8451998829841614,0.06134045124053955,0.0012674331665039062,0.18809157609939575,False,False,completed
v_b5ee130b761930dd2521,a person eating a burger,direct_zero,middle,0.939649224281311,0.9326424598693848,0.8321105241775513,0.9795001149177551,0.8657910823822021,0.11370903253555298,0.0070067644119262695,0.10753870010375977,False,True,completed
v_bc0ac2c371a024e73050,a car accelerating to gain speed,direct_zero,middle,0.3970118463039398,0.47966232895851135,0.2589584290981293,0.8402800559997559,0.7735058665275574,0.06677418947219849,0.08265048265457153,0.13805341720581055,False,False,completed
v_c0930358df5ed15fef8d,a car accelerating to gain speed,direct_zero,middle,0.22154010832309723,0.2827810049057007,0.15776580572128296,0.9591421484947205,0.8540096879005432,0.10513246059417725,0.061240896582603455,0.06377430260181427,False,False,completed
v_c819cb86a8e25dfb3e97,a bicycle gliding through a snowy field,direct_zero,middle,0.9156494736671448,0.5137823820114136,0.5137823820114136,0.9381076097488403,0.8171073794364929,0.12100023031234741,0.4018670916557312,0.4018670916557312,False,False,completed
v_d38b247e9db157715244,a bicycle leaning against a tree,direct_zero,middle,0.9860948324203491,0.6325539946556091,0.712388813495636,0.9740362763404846,0.8749918937683105,0.09904438257217407,0.35354083776474,0.27370601892471313,False,False,completed
v_e3ac9d38cb8ebbad7180,an airplane taking off,direct_zero,middle,0.9761667251586914,0.9759954214096069,0.9116573929786682,0.9733335375785828,0.9561859369277954,0.017147600650787354,0.00017130374908447266,0.0645093321800232,False,False,completed
v_e710114a4f938d3d6562,a person giving a presentation to a room full of colleagues,direct_zero,middle,0.9772360920906067,0.9762981534004211,0.5374874472618103,0.962494969367981,0.9274193644523621,0.035075604915618896,0.0009379386901855469,0.4397486448287964,False,False,completed
v_e9cc23e6e032e0839ecb,a person giving a presentation to a room full of colleagues,direct_zero,middle,0.9752988219261169,0.9724720120429993,0.7571019530296326,0.9672319889068604,0.9398593902587891,0.02737259864807129,0.0028268098831176758,0.21819686889648438,False,False,completed
v_f3ccc1d9909eb2eafed7,a person playing guitar,direct_zero,middle,0.9523401260375977,0.9644231796264648,0.8823084831237793,0.975599467754364,0.9542520642280579,0.021347403526306152,0.012083053588867188,0.07003164291381836,False,False,completed
v_f88a0a406794823274a6,a person giving a presentation to a room full of colleagues,direct_zero,middle,0.9841278791427612,0.948152482509613,0.9613877534866333,0.9959854483604431,0.8998776078224182,0.0961078405380249,0.03597539663314819,0.02274012565612793,False,False,completed
v_015a48a198ce0a7a6684,a car stuck in traffic during rush hour,direct_exclude,middle,0.9859246015548706,0.9652782678604126,0.9876430630683899,0.9686998128890991,0.9088634848594666,0.05983632802963257,0.020646333694458008,-0.0017184615135192871,False,False,completed
v_038af9e85946208b9d08,a boat accelerating to gain speed,direct_exclude,middle,0.9453511238098145,0.9066767692565918,0.9238022565841675,0.9640581011772156,0.891539990901947,0.07251811027526855,0.038674354553222656,0.021548867225646973,False,False,completed
v_0b88becab5cd91669727,a car slowing down to stop,direct_exclude,middle,0.9607264995574951,0.9605316519737244,0.9558960795402527,0.9076695442199707,0.8461495637893677,0.06151998043060303,0.00019484758377075195,0.004830420017242432,False,False,completed
v_14499454e08d4adb6d22,a boat accelerating to gain speed,direct_exclude,middle,0.9209604263305664,0.9208607077598572,0.8241638541221619,0.7963992953300476,0.7614593505859375,0.03493994474411011,9.971857070922852e-05,0.09679657220840454,False,False,completed
v_2211afa97c13b0d7479c,a bicycle gliding through a snowy field,direct_exclude,middle,0.9496497511863708,0.9255831241607666,0.9420154690742493,0.9195920825004578,0.8269708156585693,0.09262126684188843,0.024066627025604248,0.007634282112121582,False,False,completed
v_22198fc0eb29ccf872ca,a bicycle accelerating to gain speed,direct_exclude,middle,0.8857461810112,0.9014118313789368,0.8993346691131592,0.8188527822494507,0.7534327507019043,0.06542003154754639,0.015665650367736816,-0.013588488101959229,False,False,completed
v_223dffdfd43f07ff254e,a boat slowing down to stop,direct_exclude,middle,,,,0.8887082934379578,0.8257344365119934,0.06297385692596436,,,False,False,completed
v_2390b54e0d7162ecc8e1,an airplane accelerating to gain speed,direct_exclude,middle,0.9660283923149109,0.9656397700309753,0.9049051403999329,0.9747323989868164,0.9613475203514099,0.013384878635406494,0.0003886222839355469,0.06112325191497803,False,False,completed
v_24aff3375dfcba813f6e,a car turning a corner,direct_exclude,middle,0.969754695892334,0.9685301184654236,0.9683464169502258,0.9699603319168091,0.9236817955970764,0.046278536319732666,0.0012245774269104004,0.0014082789421081543,False,False,completed
v_2541a276b12785e4ded5,a person walking in the snowstorm,direct_exclude,middle,0.9439834356307983,0.9416635036468506,0.8830018043518066,0.9550679922103882,0.8982759714126587,0.05679202079772949,0.002319931983947754,0.0609816312789917,False,False,completed
v_2567bc088498a76bf296,a truck stuck in traffic during rush hour,direct_exclude,middle,0.959398090839386,0.9565387964248657,0.8957030177116394,0.9763797521591187,0.9478087425231934,0.028571009635925293,0.0028592944145202637,0.06369507312774658,False,False,completed
v_271c63952df0de2e6cdf,a person washing the dishes,direct_exclude,middle,0.9126432538032532,0.9063834547996521,0.8683688640594482,0.9229888319969177,0.8160163164138794,0.10697251558303833,0.006259799003601074,0.04427438974380493,False,True,completed
v_2be9a6688c35336f245c,an airplane landing smoothly on a runway,direct_exclude,middle,0.9762710928916931,0.9568951725959778,0.970604419708252,0.9683166742324829,0.9263949394226074,0.04192173480987549,0.019375920295715332,0.005666673183441162,False,False,completed
v_34ae89f5afbb4409d146,a person eating a burger,direct_exclude,middle,0.8157393336296082,0.7785916328430176,0.8113710880279541,0.9471113085746765,0.7856966257095337,0.16141468286514282,0.037147700786590576,0.004368245601654053,False,False,completed
v_3e0e478175044cb2ea97,a person eating a burger,direct_exclude,middle,0.9717735648155212,0.9717534780502319,0.902810275554657,0.9099657535552979,0.9034759402275085,0.006489813327789307,2.008676528930664e-05,0.06896328926086426,False,False,completed
v_425065ae2beb7ec16285,an airplane landing smoothly on a runway,direct_exclude,middle,0.9556477069854736,0.9517723917961121,0.9000104069709778,0.9661704301834106,0.9494597911834717,0.016710638999938965,0.0038753151893615723,0.05563730001449585,False,False,completed
v_4e6e34f0f85ace192464,a person eating a burger,direct_exclude,middle,0.9043691754341125,0.8911414742469788,0.9047430753707886,0.9877499341964722,0.8100215196609497,0.17772841453552246,0.013227701187133789,-0.0003738999366760254,False,False,completed
v_4f2d8b98e55b77fec7e4,a person drinking coffee in a cafe,direct_exclude,middle,0.9236610531806946,0.9268526434898376,0.8419222831726074,0.8729005455970764,0.8256053328514099,0.047295212745666504,0.0031915903091430664,0.08173877000808716,False,False,completed
v_4f6246de363a4189bf81,a bus turning a corner,direct_exclude,middle,0.9141050577163696,0.9074075222015381,0.9055747389793396,0.864708662033081,0.8245342373847961,0.04017442464828491,0.006697535514831543,0.00853031873703003,False,False,completed
v_5054c5414a363dab8171,a car slowing down to stop,direct_exclude,middle,0.9593479633331299,0.9590131044387817,0.9076263904571533,0.9419843554496765,0.9049627780914307,0.03702157735824585,0.00033485889434814453,0.05172157287597656,False,False,completed
v_74c3a91e1cd5ac167338,a bicycle gliding through a snowy field,direct_exclude,middle,0.946782112121582,0.9378145933151245,0.9464905858039856,0.9683824777603149,0.9351041316986084,0.03327834606170654,0.00896751880645752,0.00029152631759643555,False,False,completed
v_7a15ece21d814f0fce0f,a bicycle leaning against a tree,direct_exclude,middle,0.9531082510948181,0.9550412893295288,0.9566695094108582,0.9489574432373047,0.8817118406295776,0.06724560260772705,0.0019330382347106934,-0.003561258316040039,False,False,completed
v_8e99ea486ff07419b6c1,a person giving a presentation to a room full of colleagues,direct_exclude,middle,0.9792287349700928,0.9810439944267273,0.9812502264976501,0.9944238662719727,0.9537115097045898,0.04071235656738281,0.0018152594566345215,-0.002021491527557373,False,False,completed
v_9cec858297ae985418ba,a boat slowing down to stop,direct_exclude,middle,0.9472293257713318,0.9484967589378357,0.8675860166549683,0.9065403342247009,0.8451998829841614,0.06134045124053955,0.0012674331665039062,0.07964330911636353,False,False,completed
v_b5ee130b761930dd2521,a person eating a burger,direct_exclude,middle,0.939649224281311,0.9326424598693848,0.8321105241775513,0.9795001149177551,0.8657910823822021,0.11370903253555298,0.0070067644119262695,0.10753870010375977,False,True,completed
v_bc0ac2c371a024e73050,a car accelerating to gain speed,direct_exclude,middle,0.8662075996398926,0.8721132874488831,0.8631946444511414,0.8402800559997559,0.7735058665275574,0.06677418947219849,0.0059056878089904785,0.0030129551887512207,False,False,completed
v_c0930358df5ed15fef8d,a car accelerating to gain speed,direct_exclude,middle,0.9494576454162598,0.942603349685669,0.9015188813209534,0.9591421484947205,0.8540096879005432,0.10513246059417725,0.00685429573059082,0.047938764095306396,False,True,completed
v_c819cb86a8e25dfb3e97,a bicycle gliding through a snowy field,direct_exclude,middle,0.9156494736671448,0.9341498017311096,0.9341498017311096,0.9381076097488403,0.8171073794364929,0.12100023031234741,0.018500328063964844,-0.018500328063964844,False,False,completed
v_d38b247e9db157715244,a bicycle leaning against a tree,direct_exclude,middle,0.9860948324203491,0.9731599688529968,0.9394137263298035,0.9740362763404846,0.8749918937683105,0.09904438257217407,0.012934863567352295,0.046681106090545654,False,False,completed
v_e3ac9d38cb8ebbad7180,an airplane taking off,direct_exclude,middle,0.9761667251586914,0.9759954214096069,0.9116573929786682,0.9733335375785828,0.9561859369277954,0.017147600650787354,0.00017130374908447266,0.0645093321800232,False,False,completed
v_e710114a4f938d3d6562,a person giving a presentation to a room full of colleagues,direct_exclude,middle,0.9772360920906067,0.9762981534004211,0.9772499799728394,0.962494969367981,0.9274193644523621,0.035075604915618896,0.0009379386901855469,-1.3887882232666016e-05,False,False,completed
v_e9cc23e6e032e0839ecb,a person giving a presentation to a room full of colleagues,direct_exclude,middle,0.9752988219261169,0.9724720120429993,0.9189651012420654,0.9672319889068604,0.9398593902587891,0.02737259864807129,0.0028268098831176758,0.056333720684051514,False,False,completed
v_f3ccc1d9909eb2eafed7,a person playing guitar,direct_exclude,middle,0.9523401260375977,0.9644231796264648,0.8823084831237793,0.975599467754364,0.9542520642280579,0.021347403526306152,0.012083053588867188,0.07003164291381836,False,False,completed
v_f88a0a406794823274a6,a person giving a presentation to a room full of colleagues,direct_exclude,middle,0.9841278791427612,0.948152482509613,0.9613877534866333,0.9959854483604431,0.8998776078224182,0.0961078405380249,0.03597539663314819,0.02274012565612793,False,False,completed
v_015a48a198ce0a7a6684,a car stuck in traffic during rush hour,hybrid_zero,middle,0.9859246015548706,0.9652782678604126,0.8976973295211792,0.9686998128890991,0.9088634848594666,0.05983632802963257,0.020646333694458008,0.0882272720336914,False,False,completed
v_038af9e85946208b9d08,a boat accelerating to gain speed,hybrid_zero,middle,0.9453511238098145,0.9056167006492615,0.9238022565841675,0.9640581011772156,0.891539990901947,0.07251811027526855,0.03973442316055298,0.021548867225646973,False,False,completed
v_0b88becab5cd91669727,a car slowing down to stop,hybrid_zero,middle,0.9607264995574951,0.9605316519737244,0.8775715231895447,0.9076695442199707,0.8461495637893677,0.06151998043060303,0.00019484758377075195,0.08315497636795044,False,False,completed
v_14499454e08d4adb6d22,a boat accelerating to gain speed,hybrid_zero,middle,0.9209604263305664,0.9208607077598572,0.8074163198471069,0.7963992953300476,0.7614593505859375,0.03493994474411011,9.971857070922852e-05,0.11354410648345947,False,False,completed
v_2211afa97c13b0d7479c,a bicycle gliding through a snowy field,hybrid_zero,middle,0.9496497511863708,0.9255831241607666,0.8637514114379883,0.9195920825004578,0.8269708156585693,0.09262126684188843,0.024066627025604248,0.08589833974838257,False,False,completed
v_22198fc0eb29ccf872ca,a bicycle accelerating to gain speed,hybrid_zero,middle,0.8857461810112,0.8484815955162048,0.8437467217445374,0.8188527822494507,0.7534327507019043,0.06542003154754639,0.03726458549499512,0.0419994592666626,False,False,completed
v_223dffdfd43f07ff254e,a boat slowing down to stop,hybrid_zero,middle,0.9467556476593018,0.9452221989631653,0.889258861541748,0.8887082934379578,0.8257344365119934,0.06297385692596436,0.0015334486961364746,0.05749678611755371,False,False,completed
v_2390b54e0d7162ecc8e1,an airplane accelerating to gain speed,hybrid_zero,middle,0.9660283923149109,0.9656397700309753,0.9049051403999329,0.9747323989868164,0.9613475203514099,0.013384878635406494,0.0003886222839355469,0.06112325191497803,False,False,completed
v_24aff3375dfcba813f6e,a car turning a corner,hybrid_zero,middle,0.969754695892334,0.9685301184654236,0.883793830871582,0.9699603319168091,0.9236817955970764,0.046278536319732666,0.0012245774269104004,0.08596086502075195,False,False,completed
v_2541a276b12785e4ded5,a person walking in the snowstorm,hybrid_zero,middle,0.9439834356307983,0.9416635036468506,0.8705733418464661,0.9550679922103882,0.8982759714126587,0.05679202079772949,0.002319931983947754,0.07341009378433228,False,False,completed
v_2567bc088498a76bf296,a truck stuck in traffic during rush hour,hybrid_zero,middle,0.959398090839386,0.9565387964248657,0.8957030177116394,0.9763797521591187,0.9478087425231934,0.028571009635925293,0.0028592944145202637,0.06369507312774658,False,False,completed
v_271c63952df0de2e6cdf,a person washing the dishes,hybrid_zero,middle,0.9126432538032532,0.9063834547996521,0.8683688640594482,0.9229888319969177,0.8160163164138794,0.10697251558303833,0.006259799003601074,0.04427438974380493,False,True,completed
v_2be9a6688c35336f245c,an airplane landing smoothly on a runway,hybrid_zero,middle,0.9762710928916931,0.9568951725959778,0.9115045666694641,0.9683166742324829,0.9263949394226074,0.04192173480987549,0.019375920295715332,0.064766526222229,False,False,completed
v_34ae89f5afbb4409d146,a person eating a burger,hybrid_zero,middle,0.8157393336296082,0.7785916328430176,0.8113710880279541,0.9471113085746765,0.7856966257095337,0.16141468286514282,0.037147700786590576,0.004368245601654053,False,False,completed
v_3e0e478175044cb2ea97,a person eating a burger,hybrid_zero,middle,0.9717735648155212,0.9717534780502319,0.902810275554657,0.9099657535552979,0.9034759402275085,0.006489813327789307,2.008676528930664e-05,0.06896328926086426,False,False,completed
v_425065ae2beb7ec16285,an airplane landing smoothly on a runway,hybrid_zero,middle,0.9556477069854736,0.9517723917961121,0.9000104069709778,0.9661704301834106,0.9494597911834717,0.016710638999938965,0.0038753151893615723,0.05563730001449585,False,False,completed
v_4e6e34f0f85ace192464,a person eating a burger,hybrid_zero,middle,0.9043691754341125,0.874650239944458,0.8981935381889343,0.9877499341964722,0.8100215196609497,0.17772841453552246,0.02971893548965454,0.006175637245178223,False,False,completed
v_4f2d8b98e55b77fec7e4,a person drinking coffee in a cafe,hybrid_zero,middle,0.9236610531806946,0.9268526434898376,0.8419222831726074,0.8729005455970764,0.8256053328514099,0.047295212745666504,0.0031915903091430664,0.08173877000808716,False,False,completed
v_4f6246de363a4189bf81,a bus turning a corner,hybrid_zero,middle,0.9141050577163696,0.9074075222015381,0.8735822439193726,0.864708662033081,0.8245342373847961,0.04017442464828491,0.006697535514831543,0.04052281379699707,False,False,completed
v_5054c5414a363dab8171,a car slowing down to stop,hybrid_zero,middle,0.9593479633331299,0.9590131044387817,0.9076263904571533,0.9419843554496765,0.9049627780914307,0.03702157735824585,0.00033485889434814453,0.05172157287597656,False,False,completed
v_74c3a91e1cd5ac167338,a bicycle gliding through a snowy field,hybrid_zero,middle,0.946782112121582,0.9378145933151245,0.8651369214057922,0.9683824777603149,0.9351041316986084,0.03327834606170654,0.00896751880645752,0.0816451907157898,False,False,completed
v_7a15ece21d814f0fce0f,a bicycle leaning against a tree,hybrid_zero,middle,0.9531082510948181,0.9443328380584717,0.9053537845611572,0.9489574432373047,0.8817118406295776,0.06724560260772705,0.008775413036346436,0.04775446653366089,False,False,completed
v_8e99ea486ff07419b6c1,a person giving a presentation to a room full of colleagues,hybrid_zero,middle,0.9792287349700928,0.9810439944267273,0.8441247940063477,0.9944238662719727,0.9537115097045898,0.04071235656738281,0.0018152594566345215,0.13510394096374512,False,False,completed
v_9cec858297ae985418ba,a boat slowing down to stop,hybrid_zero,middle,0.9472293257713318,0.9484967589378357,0.8469237685203552,0.9065403342247009,0.8451998829841614,0.06134045124053955,0.0012674331665039062,0.10030555725097656,False,False,completed
v_b5ee130b761930dd2521,a person eating a burger,hybrid_zero,middle,0.939649224281311,0.9326424598693848,0.8321105241775513,0.9795001149177551,0.8657910823822021,0.11370903253555298,0.0070067644119262695,0.10753870010375977,False,True,completed
v_bc0ac2c371a024e73050,a car accelerating to gain speed,hybrid_zero,middle,0.8657104969024658,0.8666718006134033,0.8547216653823853,0.8402800559997559,0.7735058665275574,0.06677418947219849,0.0009613037109375,0.010988831520080566,False,False,completed
v_c0930358df5ed15fef8d,a car accelerating to gain speed,hybrid_zero,middle,0.956610918045044,0.9348090291023254,0.8778568506240845,0.9591421484947205,0.8540096879005432,0.10513246059417725,0.021801888942718506,0.07875406742095947,False,False,completed
v_c819cb86a8e25dfb3e97,a bicycle gliding through a snowy field,hybrid_zero,middle,0.9156494736671448,0.8255771994590759,0.8232285380363464,0.9381076097488403,0.8171073794364929,0.12100023031234741,0.09007227420806885,0.09242093563079834,False,False,completed
v_d38b247e9db157715244,a bicycle leaning against a tree,hybrid_zero,middle,0.9860948324203491,0.8832827210426331,0.9103873372077942,0.9740362763404846,0.8749918937683105,0.09904438257217407,0.10281211137771606,0.07570749521255493,False,False,completed
v_e3ac9d38cb8ebbad7180,an airplane taking off,hybrid_zero,middle,0.9761667251586914,0.9759954214096069,0.9116573929786682,0.9733335375785828,0.9561859369277954,0.017147600650787354,0.00017130374908447266,0.0645093321800232,False,False,completed
v_e710114a4f938d3d6562,a person giving a presentation to a room full of colleagues,hybrid_zero,middle,0.9772360920906067,0.9762981534004211,0.8971102833747864,0.962494969367981,0.9274193644523621,0.035075604915618896,0.0009379386901855469,0.08012580871582031,False,False,completed
v_e9cc23e6e032e0839ecb,a person giving a presentation to a room full of colleagues,hybrid_zero,middle,0.9752988219261169,0.9724720120429993,0.908427357673645,0.9672319889068604,0.9398593902587891,0.02737259864807129,0.0028268098831176758,0.06687146425247192,False,False,completed
v_f3ccc1d9909eb2eafed7,a person playing guitar,hybrid_zero,middle,0.9523401260375977,0.9644231796264648,0.8823084831237793,0.975599467754364,0.9542520642280579,0.021347403526306152,0.012083053588867188,0.07003164291381836,False,False,completed
v_f88a0a406794823274a6,a person giving a presentation to a room full of colleagues,hybrid_zero,middle,0.9841278791427612,0.948152482509613,0.9613877534866333,0.9959854483604431,0.8998776078224182,0.0961078405380249,0.03597539663314819,0.02274012565612793,False,False,completed
v_015a48a198ce0a7a6684,a car stuck in traffic during rush hour,hybrid_exclude,middle,0.9859246015548706,0.9652782678604126,0.8976973295211792,0.9686998128890991,0.9088634848594666,0.05983632802963257,0.020646333694458008,0.0882272720336914,False,False,completed
v_038af9e85946208b9d08,a boat accelerating to gain speed,hybrid_exclude,middle,0.9453511238098145,0.9056167006492615,0.9238022565841675,0.9640581011772156,0.891539990901947,0.07251811027526855,0.03973442316055298,0.021548867225646973,False,False,completed
v_0b88becab5cd91669727,a car slowing down to stop,hybrid_exclude,middle,0.9607264995574951,0.9605316519737244,0.8775715231895447,0.9076695442199707,0.8461495637893677,0.06151998043060303,0.00019484758377075195,0.08315497636795044,False,False,completed
v_14499454e08d4adb6d22,a boat accelerating to gain speed,hybrid_exclude,middle,0.9209604263305664,0.9208607077598572,0.8074163198471069,0.7963992953300476,0.7614593505859375,0.03493994474411011,9.971857070922852e-05,0.11354410648345947,False,False,completed
v_2211afa97c13b0d7479c,a bicycle gliding through a snowy field,hybrid_exclude,middle,0.9496497511863708,0.9255831241607666,0.8637514114379883,0.9195920825004578,0.8269708156585693,0.09262126684188843,0.024066627025604248,0.08589833974838257,False,False,completed
v_22198fc0eb29ccf872ca,a bicycle accelerating to gain speed,hybrid_exclude,middle,0.8857461810112,0.8484815955162048,0.8437467217445374,0.8188527822494507,0.7534327507019043,0.06542003154754639,0.03726458549499512,0.0419994592666626,False,False,completed
v_223dffdfd43f07ff254e,a boat slowing down to stop,hybrid_exclude,middle,0.9467556476593018,0.9452221989631653,0.889258861541748,0.8887082934379578,0.8257344365119934,0.06297385692596436,0.0015334486961364746,0.05749678611755371,False,False,completed
v_2390b54e0d7162ecc8e1,an airplane accelerating to gain speed,hybrid_exclude,middle,0.9660283923149109,0.9656397700309753,0.9049051403999329,0.9747323989868164,0.9613475203514099,0.013384878635406494,0.0003886222839355469,0.06112325191497803,False,False,completed
v_24aff3375dfcba813f6e,a car turning a corner,hybrid_exclude,middle,0.969754695892334,0.9685301184654236,0.883793830871582,0.9699603319168091,0.9236817955970764,0.046278536319732666,0.0012245774269104004,0.08596086502075195,False,False,completed
v_2541a276b12785e4ded5,a person walking in the snowstorm,hybrid_exclude,middle,0.9439834356307983,0.9416635036468506,0.8705733418464661,0.9550679922103882,0.8982759714126587,0.05679202079772949,0.002319931983947754,0.07341009378433228,False,False,completed
v_2567bc088498a76bf296,a truck stuck in traffic during rush hour,hybrid_exclude,middle,0.959398090839386,0.9565387964248657,0.8957030177116394,0.9763797521591187,0.9478087425231934,0.028571009635925293,0.0028592944145202637,0.06369507312774658,False,False,completed
v_271c63952df0de2e6cdf,a person washing the dishes,hybrid_exclude,middle,0.9126432538032532,0.9063834547996521,0.8683688640594482,0.9229888319969177,0.8160163164138794,0.10697251558303833,0.006259799003601074,0.04427438974380493,False,True,completed
v_2be9a6688c35336f245c,an airplane landing smoothly on a runway,hybrid_exclude,middle,0.9762710928916931,0.9568951725959778,0.9115045666694641,0.9683166742324829,0.9263949394226074,0.04192173480987549,0.019375920295715332,0.064766526222229,False,False,completed
v_34ae89f5afbb4409d146,a person eating a burger,hybrid_exclude,middle,0.8157393336296082,0.7785916328430176,0.8113710880279541,0.9471113085746765,0.7856966257095337,0.16141468286514282,0.037147700786590576,0.004368245601654053,False,False,completed
v_3e0e478175044cb2ea97,a person eating a burger,hybrid_exclude,middle,0.9717735648155212,0.9717534780502319,0.902810275554657,0.9099657535552979,0.9034759402275085,0.006489813327789307,2.008676528930664e-05,0.06896328926086426,False,False,completed
v_425065ae2beb7ec16285,an airplane landing smoothly on a runway,hybrid_exclude,middle,0.9556477069854736,0.9517723917961121,0.9000104069709778,0.9661704301834106,0.9494597911834717,0.016710638999938965,0.0038753151893615723,0.05563730001449585,False,False,completed
v_4e6e34f0f85ace192464,a person eating a burger,hybrid_exclude,middle,0.9043691754341125,0.874650239944458,0.8981935381889343,0.9877499341964722,0.8100215196609497,0.17772841453552246,0.02971893548965454,0.006175637245178223,False,False,completed
v_4f2d8b98e55b77fec7e4,a person drinking coffee in a cafe,hybrid_exclude,middle,0.9236610531806946,0.9268526434898376,0.8419222831726074,0.8729005455970764,0.8256053328514099,0.047295212745666504,0.0031915903091430664,0.08173877000808716,False,False,completed
v_4f6246de363a4189bf81,a bus turning a corner,hybrid_exclude,middle,0.9141050577163696,0.9074075222015381,0.8735822439193726,0.864708662033081,0.8245342373847961,0.04017442464828491,0.006697535514831543,0.04052281379699707,False,False,completed
v_5054c5414a363dab8171,a car slowing down to stop,hybrid_exclude,middle,0.9593479633331299,0.9590131044387817,0.9076263904571533,0.9419843554496765,0.9049627780914307,0.03702157735824585,0.00033485889434814453,0.05172157287597656,False,False,completed
v_74c3a91e1cd5ac167338,a bicycle gliding through a snowy field,hybrid_exclude,middle,0.946782112121582,0.9378145933151245,0.8651369214057922,0.9683824777603149,0.9351041316986084,0.03327834606170654,0.00896751880645752,0.0816451907157898,False,False,completed
v_7a15ece21d814f0fce0f,a bicycle leaning against a tree,hybrid_exclude,middle,0.9531082510948181,0.9443328380584717,0.9053537845611572,0.9489574432373047,0.8817118406295776,0.06724560260772705,0.008775413036346436,0.04775446653366089,False,False,completed
v_8e99ea486ff07419b6c1,a person giving a presentation to a room full of colleagues,hybrid_exclude,middle,0.9792287349700928,0.9810439944267273,0.8441247940063477,0.9944238662719727,0.9537115097045898,0.04071235656738281,0.0018152594566345215,0.13510394096374512,False,False,completed
v_9cec858297ae985418ba,a boat slowing down to stop,hybrid_exclude,middle,0.9472293257713318,0.9484967589378357,0.8469237685203552,0.9065403342247009,0.8451998829841614,0.06134045124053955,0.0012674331665039062,0.10030555725097656,False,False,completed
v_b5ee130b761930dd2521,a person eating a burger,hybrid_exclude,middle,0.939649224281311,0.9326424598693848,0.8321105241775513,0.9795001149177551,0.8657910823822021,0.11370903253555298,0.0070067644119262695,0.10753870010375977,False,True,completed
v_bc0ac2c371a024e73050,a car accelerating to gain speed,hybrid_exclude,middle,0.8657104969024658,0.8666718006134033,0.8547216653823853,0.8402800559997559,0.7735058665275574,0.06677418947219849,0.0009613037109375,0.010988831520080566,False,False,completed
v_c0930358df5ed15fef8d,a car accelerating to gain speed,hybrid_exclude,middle,0.956610918045044,0.9348090291023254,0.8778568506240845,0.9591421484947205,0.8540096879005432,0.10513246059417725,0.021801888942718506,0.07875406742095947,False,False,completed
v_c819cb86a8e25dfb3e97,a bicycle gliding through a snowy field,hybrid_exclude,middle,0.9156494736671448,0.8255771994590759,0.8232285380363464,0.9381076097488403,0.8171073794364929,0.12100023031234741,0.09007227420806885,0.09242093563079834,False,False,completed
v_d38b247e9db157715244,a bicycle leaning against a tree,hybrid_exclude,middle,0.9860948324203491,0.8832827210426331,0.9103873372077942,0.9740362763404846,0.8749918937683105,0.09904438257217407,0.10281211137771606,0.07570749521255493,False,False,completed
v_e3ac9d38cb8ebbad7180,an airplane taking off,hybrid_exclude,middle,0.9761667251586914,0.9759954214096069,0.9116573929786682,0.9733335375785828,0.9561859369277954,0.017147600650787354,0.00017130374908447266,0.0645093321800232,False,False,completed
v_e710114a4f938d3d6562,a person giving a presentation to a room full of colleagues,hybrid_exclude,middle,0.9772360920906067,0.9762981534004211,0.8971102833747864,0.962494969367981,0.9274193644523621,0.035075604915618896,0.0009379386901855469,0.08012580871582031,False,False,completed
v_e9cc23e6e032e0839ecb,a person giving a presentation to a room full of colleagues,hybrid_exclude,middle,0.9752988219261169,0.9724720120429993,0.908427357673645,0.9672319889068604,0.9398593902587891,0.02737259864807129,0.0028268098831176758,0.06687146425247192,False,False,completed
v_f3ccc1d9909eb2eafed7,a person playing guitar,hybrid_exclude,middle,0.9523401260375977,0.9644231796264648,0.8823084831237793,0.975599467754364,0.9542520642280579,0.021347403526306152,0.012083053588867188,0.07003164291381836,False,False,completed
v_f88a0a406794823274a6,a person giving a presentation to a room full of colleagues,hybrid_exclude,middle,0.9841278791427612,0.948152482509613,0.9613877534866333,0.9959854483604431,0.8998776078224182,0.0961078405380249,0.03597539663314819,0.02274012565612793,False,False,completed
v_015a48a198ce0a7a6684,a car stuck in traffic during rush hour,direct_zero,end,0.9859246015548706,0.9780252575874329,0.7812069058418274,0.9686998128890991,0.9205097556114197,0.04819005727767944,0.007899343967437744,0.2047176957130432,False,False,completed
v_038af9e85946208b9d08,a boat accelerating to gain speed,direct_zero,end,0.9453511238098145,0.6598153710365295,0.9246903657913208,0.9640581011772156,0.8932231664657593,0.0708349347114563,0.2855357527732849,0.020660758018493652,False,False,completed
v_0b88becab5cd91669727,a car slowing down to stop,direct_zero,end,0.9607264995574951,0.954927921295166,0.5282599925994873,0.9076695442199707,0.8663899898529053,0.04127955436706543,0.0057985782623291016,0.4324665069580078,False,False,completed
v_14499454e08d4adb6d22,a boat accelerating to gain speed,direct_zero,end,0.9209604263305664,0.6966937184333801,0.8569980263710022,0.7963992953300476,0.7416436076164246,0.05475568771362305,0.22426670789718628,0.06396239995956421,False,False,completed
v_2211afa97c13b0d7479c,a bicycle gliding through a snowy field,direct_zero,end,0.9496497511863708,0.9472828507423401,0.5201658010482788,0.9195920825004578,0.8547598123550415,0.06483227014541626,0.0023669004440307617,0.42948395013809204,False,False,completed
v_22198fc0eb29ccf872ca,a bicycle accelerating to gain speed,direct_zero,end,0.8857461810112,0.890928328037262,0.4828667938709259,0.8188527822494507,0.7980449199676514,0.020807862281799316,0.005182147026062012,0.40287938714027405,False,False,completed
v_223dffdfd43f07ff254e,a boat slowing down to stop,direct_zero,end,0.0,0.0,0.0,0.8887082934379578,0.806951105594635,0.08175718784332275,0.0,0.0,True,False,completed
v_2390b54e0d7162ecc8e1,an airplane accelerating to gain speed,direct_zero,end,0.9660283923149109,0.9652333855628967,0.8958854675292969,0.9747323989868164,0.9616097211837769,0.01312267780303955,0.0007950067520141602,0.07014292478561401,False,False,completed
v_24aff3375dfcba813f6e,a car turning a corner,direct_zero,end,0.969754695892334,0.9698139429092407,0.8822338581085205,0.9699603319168091,0.9327487349510193,0.037211596965789795,5.924701690673828e-05,0.08752083778381348,False,False,completed
v_2541a276b12785e4ded5,a person walking in the snowstorm,direct_zero,end,0.9439834356307983,0.9417625665664673,0.7271784543991089,0.9550679922103882,0.9087611436843872,0.04630684852600098,0.0022208690643310547,0.21680498123168945,False,False,completed
v_2567bc088498a76bf296,a truck stuck in traffic during rush hour,direct_zero,end,0.959398090839386,0.9571534395217896,0.9083842635154724,0.9763797521591187,0.9533722400665283,0.023007512092590332,0.0022446513175964355,0.051013827323913574,False,False,completed
v_271c63952df0de2e6cdf,a person washing the dishes,direct_zero,end,0.9126432538032532,0.8997392058372498,0.8699827790260315,0.9229888319969177,0.8223922252655029,0.1005966067314148,0.012904047966003418,0.04266047477722168,False,False,completed
v_2be9a6688c35336f245c,an airplane landing smoothly on a runway,direct_zero,end,0.9762710928916931,0.8991013169288635,0.7074518799781799,0.9683166742324829,0.9347681403160095,0.03354853391647339,0.07716977596282959,0.2688192129135132,False,False,completed
v_34ae89f5afbb4409d146,a person eating a burger,direct_zero,end,0.8157393336296082,0.6834827661514282,0.7002003192901611,0.9471113085746765,0.79296875,0.1541425585746765,0.13225656747817993,0.11553901433944702,False,False,completed
v_3e0e478175044cb2ea97,a person eating a burger,direct_zero,end,0.9717735648155212,0.9714870452880859,0.9100213646888733,0.9099657535552979,0.9047679901123047,0.005197763442993164,0.00028651952743530273,0.06175220012664795,False,False,completed
v_425065ae2beb7ec16285,an airplane landing smoothly on a runway,direct_zero,end,0.9556477069854736,0.9541068077087402,0.9066439270973206,0.9661704301834106,0.9511250257492065,0.015045404434204102,0.0015408992767333984,0.049003779888153076,False,False,completed
v_4e6e34f0f85ace192464,a person eating a burger,direct_zero,end,0.9043691754341125,0.9015084505081177,0.6538072228431702,0.9877499341964722,0.8717766404151917,0.11597329378128052,0.002860724925994873,0.2505619525909424,False,True,completed
v_4f2d8b98e55b77fec7e4,a person drinking coffee in a cafe,direct_zero,end,0.9236610531806946,0.9261453747749329,0.8449741005897522,0.8729005455970764,0.8445674180984497,0.02833312749862671,0.0024843215942382812,0.07868695259094238,False,False,completed
v_4f6246de363a4189bf81,a bus turning a corner,direct_zero,end,0.9141050577163696,0.9160942435264587,0.5268763899803162,0.864708662033081,0.8403308987617493,0.024377763271331787,0.0019891858100891113,0.38722866773605347,False,False,completed
v_5054c5414a363dab8171,a car slowing down to stop,direct_zero,end,0.9593479633331299,0.9574230909347534,0.9110530018806458,0.9419843554496765,0.913517415523529,0.02846693992614746,0.0019248723983764648,0.04829496145248413,False,False,completed
v_74c3a91e1cd5ac167338,a bicycle gliding through a snowy field,direct_zero,end,0.946782112121582,0.9374356269836426,0.537534773349762,0.9683824777603149,0.936784029006958,0.031598448753356934,0.009346485137939453,0.40924733877182007,False,False,completed
v_7a15ece21d814f0fce0f,a bicycle leaning against a tree,direct_zero,end,0.9531082510948181,0.5409401655197144,0.6300756931304932,0.9489574432373047,0.8752142190933228,0.07374322414398193,0.41216808557510376,0.32303255796432495,False,False,completed
v_8e99ea486ff07419b6c1,a person giving a presentation to a room full of colleagues,direct_zero,end,0.9792287349700928,0.9787126183509827,0.5395057797431946,0.9944238662719727,0.9588472247123718,0.03557664155960083,0.0005161166191101074,0.4397229552268982,False,False,completed
v_9cec858297ae985418ba,a boat slowing down to stop,direct_zero,end,0.9472293257713318,0.8166942000389099,0.897010326385498,0.9065403342247009,0.838289201259613,0.06825113296508789,0.13053512573242188,0.05021899938583374,False,False,completed
v_b5ee130b761930dd2521,a person eating a burger,direct_zero,end,0.939649224281311,0.9279540181159973,0.886746883392334,0.9795001149177551,0.8556013703346252,0.12389874458312988,0.01169520616531372,0.05290234088897705,False,False,completed
v_bc0ac2c371a024e73050,a car accelerating to gain speed,direct_zero,end,0.3970118463039398,0.26128584146499634,0.26128584146499634,0.8402800559997559,0.7570163011550903,0.08326375484466553,0.13572600483894348,0.13572600483894348,False,False,completed
v_c0930358df5ed15fef8d,a car accelerating to gain speed,direct_zero,end,0.22154010832309723,0.21969589591026306,0.1571536660194397,0.9591421484947205,0.8701510429382324,0.08899110555648804,0.0018442124128341675,0.06438644230365753,False,False,completed
v_c819cb86a8e25dfb3e97,a bicycle gliding through a snowy field,direct_zero,end,0.9156494736671448,0.5934649705886841,0.501857340335846,0.9381076097488403,0.8443044424057007,0.09380316734313965,0.3221845030784607,0.41379213333129883,False,False,completed
v_d38b247e9db157715244,a bicycle leaning against a tree,direct_zero,end,0.9860948324203491,0.8438858389854431,0.6328219175338745,0.9740362763404846,0.9086564779281616,0.065379798412323,0.142208993434906,0.3532729148864746,False,False,completed
v_e3ac9d38cb8ebbad7180,an airplane taking off,direct_zero,end,0.9761667251586914,0.9761162996292114,0.9109604954719543,0.9733335375785828,0.9589306712150574,0.01440286636352539,5.042552947998047e-05,0.06520622968673706,False,False,completed
v_e710114a4f938d3d6562,a person giving a presentation to a room full of colleagues,direct_zero,end,0.9772360920906067,0.9790762066841125,0.8962574601173401,0.962494969367981,0.9254521131515503,0.037042856216430664,0.0018401145935058594,0.0809786319732666,False,False,completed
v_e9cc23e6e032e0839ecb,a person giving a presentation to a room full of colleagues,direct_zero,end,0.9752988219261169,0.9722796678543091,0.9215056896209717,0.9672319889068604,0.9419795274734497,0.025252461433410645,0.0030191540718078613,0.053793132305145264,False,False,completed
v_f3ccc1d9909eb2eafed7,a person playing guitar,direct_zero,end,0.9523401260375977,0.9523658156394958,0.8675588965415955,0.975599467754364,0.9596794843673706,0.015919983386993408,2.568960189819336e-05,0.0847812294960022,False,False,completed
v_f88a0a406794823274a6,a person giving a presentation to a room full of colleagues,direct_zero,end,0.9841278791427612,0.9494558572769165,0.9624164700508118,0.9959854483604431,0.9053329825401306,0.0906524658203125,0.03467202186584473,0.021711409091949463,False,False,completed
v_015a48a198ce0a7a6684,a car stuck in traffic during rush hour,direct_exclude,end,0.9859246015548706,0.9780252575874329,0.8928078413009644,0.9686998128890991,0.9205097556114197,0.04819005727767944,0.007899343967437744,0.09311676025390625,False,False,completed
v_038af9e85946208b9d08,a boat accelerating to gain speed,direct_exclude,end,0.9453511238098145,0.9216468930244446,0.9246903657913208,0.9640581011772156,0.8932231664657593,0.0708349347114563,0.023704230785369873,0.020660758018493652,False,False,completed
v_0b88becab5cd91669727,a car slowing down to stop,direct_exclude,end,0.9607264995574951,0.954927921295166,0.9604727029800415,0.9076695442199707,0.8663899898529053,0.04127955436706543,0.0057985782623291016,0.0002537965774536133,False,False,completed
v_14499454e08d4adb6d22,a boat accelerating to gain speed,direct_exclude,end,0.9209604263305664,0.9187169671058655,0.8569980263710022,0.7963992953300476,0.7416436076164246,0.05475568771362305,0.0022434592247009277,0.06396239995956421,False,False,completed
v_2211afa97c13b0d7479c,a bicycle gliding through a snowy field,direct_exclude,end,0.9496497511863708,0.9472828507423401,0.9457560181617737,0.9195920825004578,0.8547598123550415,0.06483227014541626,0.0023669004440307617,0.003893733024597168,False,False,completed
v_22198fc0eb29ccf872ca,a bicycle accelerating to gain speed,direct_exclude,end,0.8857461810112,0.890928328037262,0.8779395818710327,0.8188527822494507,0.7980449199676514,0.020807862281799316,0.005182147026062012,0.007806599140167236,False,False,completed
v_223dffdfd43f07ff254e,a boat slowing down to stop,direct_exclude,end,,,,0.8887082934379578,0.806951105594635,0.08175718784332275,,,False,False,completed
v_2390b54e0d7162ecc8e1,an airplane accelerating to gain speed,direct_exclude,end,0.9660283923149109,0.9652333855628967,0.8958854675292969,0.9747323989868164,0.9616097211837769,0.01312267780303955,0.0007950067520141602,0.07014292478561401,False,False,completed
v_24aff3375dfcba813f6e,a car turning a corner,direct_exclude,end,0.969754695892334,0.9698139429092407,0.8822338581085205,0.9699603319168091,0.9327487349510193,0.037211596965789795,5.924701690673828e-05,0.08752083778381348,False,False,completed
v_2541a276b12785e4ded5,a person walking in the snowstorm,direct_exclude,end,0.9439834356307983,0.9417625665664673,0.8826442360877991,0.9550679922103882,0.9087611436843872,0.04630684852600098,0.0022208690643310547,0.06133919954299927,False,False,completed
v_2567bc088498a76bf296,a truck stuck in traffic during rush hour,direct_exclude,end,0.959398090839386,0.9571534395217896,0.9083842635154724,0.9763797521591187,0.9533722400665283,0.023007512092590332,0.0022446513175964355,0.051013827323913574,False,False,completed
v_271c63952df0de2e6cdf,a person washing the dishes,direct_exclude,end,0.9126432538032532,0.8997392058372498,0.8699827790260315,0.9229888319969177,0.8223922252655029,0.1005966067314148,0.012904047966003418,0.04266047477722168,False,False,completed
v_2be9a6688c35336f245c,an airplane landing smoothly on a runway,direct_exclude,end,0.9762710928916931,0.8991013169288635,0.9329034686088562,0.9683166742324829,0.9347681403160095,0.03354853391647339,0.07716977596282959,0.043367624282836914,False,False,completed
v_34ae89f5afbb4409d146,a person eating a burger,direct_exclude,end,0.8157393336296082,0.7811232209205627,0.8002288937568665,0.9471113085746765,0.79296875,0.1541425585746765,0.03461611270904541,0.0155104398727417,False,False,completed
v_3e0e478175044cb2ea97,a person eating a burger,direct_exclude,end,0.9717735648155212,0.9714870452880859,0.9100213646888733,0.9099657535552979,0.9047679901123047,0.005197763442993164,0.00028651952743530273,0.06175220012664795,False,False,completed
v_425065ae2beb7ec16285,an airplane landing smoothly on a runway,direct_exclude,end,0.9556477069854736,0.9541068077087402,0.9066439270973206,0.9661704301834106,0.9511250257492065,0.015045404434204102,0.0015408992767333984,0.049003779888153076,False,False,completed
v_4e6e34f0f85ace192464,a person eating a burger,direct_exclude,end,0.9043691754341125,0.9015084505081177,0.8621633648872375,0.9877499341964722,0.8717766404151917,0.11597329378128052,0.002860724925994873,0.042205810546875,False,True,completed
v_4f2d8b98e55b77fec7e4,a person drinking coffee in a cafe,direct_exclude,end,0.9236610531806946,0.9261453747749329,0.8449741005897522,0.8729005455970764,0.8445674180984497,0.02833312749862671,0.0024843215942382812,0.07868695259094238,False,False,completed
v_4f6246de363a4189bf81,a bus turning a corner,direct_exclude,end,0.9141050577163696,0.9160942435264587,0.9273024797439575,0.864708662033081,0.8403308987617493,0.024377763271331787,0.0019891858100891113,-0.01319742202758789,False,False,completed
v_5054c5414a363dab8171,a car slowing down to stop,direct_exclude,end,0.9593479633331299,0.9574230909347534,0.9110530018806458,0.9419843554496765,0.913517415523529,0.02846693992614746,0.0019248723983764648,0.04829496145248413,False,False,completed
v_74c3a91e1cd5ac167338,a bicycle gliding through a snowy field,direct_exclude,end,0.946782112121582,0.9374356269836426,0.9460611939430237,0.9683824777603149,0.936784029006958,0.031598448753356934,0.009346485137939453,0.0007209181785583496,False,False,completed
v_7a15ece21d814f0fce0f,a bicycle leaning against a tree,direct_exclude,end,0.9531082510948181,0.9520546793937683,0.947806179523468,0.9489574432373047,0.8752142190933228,0.07374322414398193,0.0010535717010498047,0.005302071571350098,False,False,completed
v_8e99ea486ff07419b6c1,a person giving a presentation to a room full of colleagues,direct_exclude,end,0.9792287349700928,0.9787126183509827,0.980919599533081,0.9944238662719727,0.9588472247123718,0.03557664155960083,0.0005161166191101074,-0.0016908645629882812,False,False,completed
v_9cec858297ae985418ba,a boat slowing down to stop,direct_exclude,end,0.9472293257713318,0.933364748954773,0.897010326385498,0.9065403342247009,0.838289201259613,0.06825113296508789,0.013864576816558838,0.05021899938583374,False,False,completed
v_b5ee130b761930dd2521,a person eating a burger,direct_exclude,end,0.939649224281311,0.9279540181159973,0.886746883392334,0.9795001149177551,0.8556013703346252,0.12389874458312988,0.01169520616531372,0.05290234088897705,False,False,completed
v_bc0ac2c371a024e73050,a car accelerating to gain speed,direct_exclude,end,0.8662075996398926,0.8709527850151062,0.8709527850151062,0.8402800559997559,0.7570163011550903,0.08326375484466553,0.004745185375213623,-0.004745185375213623,False,False,completed
v_c0930358df5ed15fef8d,a car accelerating to gain speed,direct_exclude,end,0.9494576454162598,0.9415538311004639,0.8980209231376648,0.9591421484947205,0.8701510429382324,0.08899110555648804,0.007903814315795898,0.05143672227859497,False,False,completed
v_c819cb86a8e25dfb3e97,a bicycle gliding through a snowy field,direct_exclude,end,0.9156494736671448,0.9130229353904724,0.912467896938324,0.9381076097488403,0.8443044424057007,0.09380316734313965,0.0026265382766723633,0.0031815767288208008,False,False,completed
v_d38b247e9db157715244,a bicycle leaning against a tree,direct_exclude,end,0.9860948324203491,0.9644409418106079,0.9735721945762634,0.9740362763404846,0.9086564779281616,0.065379798412323,0.02165389060974121,0.012522637844085693,False,False,completed
v_e3ac9d38cb8ebbad7180,an airplane taking off,direct_exclude,end,0.9761667251586914,0.9761162996292114,0.9109604954719543,0.9733335375785828,0.9589306712150574,0.01440286636352539,5.042552947998047e-05,0.06520622968673706,False,False,completed
v_e710114a4f938d3d6562,a person giving a presentation to a room full of colleagues,direct_exclude,end,0.9772360920906067,0.9790762066841125,0.8962574601173401,0.962494969367981,0.9254521131515503,0.037042856216430664,0.0018401145935058594,0.0809786319732666,False,False,completed
v_e9cc23e6e032e0839ecb,a person giving a presentation to a room full of colleagues,direct_exclude,end,0.9752988219261169,0.9722796678543091,0.9215056896209717,0.9672319889068604,0.9419795274734497,0.025252461433410645,0.0030191540718078613,0.053793132305145264,False,False,completed
v_f3ccc1d9909eb2eafed7,a person playing guitar,direct_exclude,end,0.9523401260375977,0.9523658156394958,0.8675588965415955,0.975599467754364,0.9596794843673706,0.015919983386993408,2.568960189819336e-05,0.0847812294960022,False,False,completed
v_f88a0a406794823274a6,a person giving a presentation to a room full of colleagues,direct_exclude,end,0.9841278791427612,0.9494558572769165,0.9624164700508118,0.9959854483604431,0.9053329825401306,0.0906524658203125,0.03467202186584473,0.021711409091949463,False,False,completed
v_015a48a198ce0a7a6684,a car stuck in traffic during rush hour,hybrid_zero,end,0.9859246015548706,0.9780252575874329,0.8772706389427185,0.9686998128890991,0.9205097556114197,0.04819005727767944,0.007899343967437744,0.1086539626121521,False,False,completed
v_038af9e85946208b9d08,a boat accelerating to gain speed,hybrid_zero,end,0.9453511238098145,0.9046789407730103,0.9246903657913208,0.9640581011772156,0.8932231664657593,0.0708349347114563,0.0406721830368042,0.020660758018493652,False,False,completed
v_0b88becab5cd91669727,a car slowing down to stop,hybrid_zero,end,0.9607264995574951,0.954927921295166,0.8789268136024475,0.9076695442199707,0.8663899898529053,0.04127955436706543,0.0057985782623291016,0.08179968595504761,False,False,completed
v_14499454e08d4adb6d22,a boat accelerating to gain speed,hybrid_zero,end,0.9209604263305664,0.8900796175003052,0.8569980263710022,0.7963992953300476,0.7416436076164246,0.05475568771362305,0.03088080883026123,0.06396239995956421,False,False,completed
v_2211afa97c13b0d7479c,a bicycle gliding through a snowy field,hybrid_zero,end,0.9496497511863708,0.9472828507423401,0.8394814133644104,0.9195920825004578,0.8547598123550415,0.06483227014541626,0.0023669004440307617,0.11016833782196045,False,False,completed
v_22198fc0eb29ccf872ca,a bicycle accelerating to gain speed,hybrid_zero,end,0.8857461810112,0.890928328037262,0.818754255771637,0.8188527822494507,0.7980449199676514,0.020807862281799316,0.005182147026062012,0.06699192523956299,False,False,completed
v_223dffdfd43f07ff254e,a boat slowing down to stop,hybrid_zero,end,0.9467556476593018,0.9299494624137878,0.0,0.8887082934379578,0.806951105594635,0.08175718784332275,0.016806185245513916,0.9467556476593018,False,False,completed
v_2390b54e0d7162ecc8e1,an airplane accelerating to gain speed,hybrid_zero,end,0.9660283923149109,0.9652333855628967,0.8958854675292969,0.9747323989868164,0.9616097211837769,0.01312267780303955,0.0007950067520141602,0.07014292478561401,False,False,completed
v_24aff3375dfcba813f6e,a car turning a corner,hybrid_zero,end,0.969754695892334,0.9698139429092407,0.8822338581085205,0.9699603319168091,0.9327487349510193,0.037211596965789795,5.924701690673828e-05,0.08752083778381348,False,False,completed
v_2541a276b12785e4ded5,a person walking in the snowstorm,hybrid_zero,end,0.9439834356307983,0.9417625665664673,0.8630065321922302,0.9550679922103882,0.9087611436843872,0.04630684852600098,0.0022208690643310547,0.08097690343856812,False,False,completed
v_2567bc088498a76bf296,a truck stuck in traffic during rush hour,hybrid_zero,end,0.959398090839386,0.9571534395217896,0.9083842635154724,0.9763797521591187,0.9533722400665283,0.023007512092590332,0.0022446513175964355,0.051013827323913574,False,False,completed
v_271c63952df0de2e6cdf,a person washing the dishes,hybrid_zero,end,0.9126432538032532,0.8997392058372498,0.8699827790260315,0.9229888319969177,0.8223922252655029,0.1005966067314148,0.012904047966003418,0.04266047477722168,False,False,completed
v_2be9a6688c35336f245c,an airplane landing smoothly on a runway,hybrid_zero,end,0.9762710928916931,0.8991013169288635,0.9038957357406616,0.9683166742324829,0.9347681403160095,0.03354853391647339,0.07716977596282959,0.0723753571510315,False,False,completed
v_34ae89f5afbb4409d146,a person eating a burger,hybrid_zero,end,0.8157393336296082,0.7702209949493408,0.7762622833251953,0.9471113085746765,0.79296875,0.1541425585746765,0.045518338680267334,0.03947705030441284,False,False,completed
v_3e0e478175044cb2ea97,a person eating a burger,hybrid_zero,end,0.9717735648155212,0.9714870452880859,0.9100213646888733,0.9099657535552979,0.9047679901123047,0.005197763442993164,0.00028651952743530273,0.06175220012664795,False,False,completed
v_425065ae2beb7ec16285,an airplane landing smoothly on a runway,hybrid_zero,end,0.9556477069854736,0.9541068077087402,0.9066439270973206,0.9661704301834106,0.9511250257492065,0.015045404434204102,0.0015408992767333984,0.049003779888153076,False,False,completed
v_4e6e34f0f85ace192464,a person eating a burger,hybrid_zero,end,0.9043691754341125,0.9015084505081177,0.8487935662269592,0.9877499341964722,0.8717766404151917,0.11597329378128052,0.002860724925994873,0.05557560920715332,False,True,completed
v_4f2d8b98e55b77fec7e4,a person drinking coffee in a cafe,hybrid_zero,end,0.9236610531806946,0.9261453747749329,0.8449741005897522,0.8729005455970764,0.8445674180984497,0.02833312749862671,0.0024843215942382812,0.07868695259094238,False,False,completed
v_4f6246de363a4189bf81,a bus turning a corner,hybrid_zero,end,0.9141050577163696,0.9160942435264587,0.8826033473014832,0.864708662033081,0.8403308987617493,0.024377763271331787,0.0019891858100891113,0.031501710414886475,False,False,completed
v_5054c5414a363dab8171,a car slowing down to stop,hybrid_zero,end,0.9593479633331299,0.9574230909347534,0.9110530018806458,0.9419843554496765,0.913517415523529,0.02846693992614746,0.0019248723983764648,0.04829496145248413,False,False,completed
v_74c3a91e1cd5ac167338,a bicycle gliding through a snowy field,hybrid_zero,end,0.946782112121582,0.9374356269836426,0.8606337308883667,0.9683824777603149,0.936784029006958,0.031598448753356934,0.009346485137939453,0.08614838123321533,False,False,completed
v_7a15ece21d814f0fce0f,a bicycle leaning against a tree,hybrid_zero,end,0.9531082510948181,0.9237932562828064,0.9132447838783264,0.9489574432373047,0.8752142190933228,0.07374322414398193,0.02931499481201172,0.0398634672164917,False,False,completed
v_8e99ea486ff07419b6c1,a person giving a presentation to a room full of colleagues,hybrid_zero,end,0.9792287349700928,0.9787126183509827,0.8508134484291077,0.9944238662719727,0.9588472247123718,0.03557664155960083,0.0005161166191101074,0.1284152865409851,False,False,completed
v_9cec858297ae985418ba,a boat slowing down to stop,hybrid_zero,end,0.9472293257713318,0.9277251362800598,0.897010326385498,0.9065403342247009,0.838289201259613,0.06825113296508789,0.019504189491271973,0.05021899938583374,False,False,completed
v_b5ee130b761930dd2521,a person eating a burger,hybrid_zero,end,0.939649224281311,0.9279540181159973,0.886746883392334,0.9795001149177551,0.8556013703346252,0.12389874458312988,0.01169520616531372,0.05290234088897705,False,False,completed
v_bc0ac2c371a024e73050,a car accelerating to gain speed,hybrid_zero,end,0.8657104969024658,0.8219672441482544,0.8709818124771118,0.8402800559997559,0.7570163011550903,0.08326375484466553,0.043743252754211426,-0.005271315574645996,False,False,completed
v_c0930358df5ed15fef8d,a car accelerating to gain speed,hybrid_zero,end,0.956610918045044,0.9364200830459595,0.8681433796882629,0.9591421484947205,0.8701510429382324,0.08899110555648804,0.020190834999084473,0.088467538356781,False,False,completed
v_c819cb86a8e25dfb3e97,a bicycle gliding through a snowy field,hybrid_zero,end,0.9156494736671448,0.9084251523017883,0.8211772441864014,0.9381076097488403,0.8443044424057007,0.09380316734313965,0.007224321365356445,0.09447222948074341,False,False,completed
v_d38b247e9db157715244,a bicycle leaning against a tree,hybrid_zero,end,0.9860948324203491,0.9370664954185486,0.9128210544586182,0.9740362763404846,0.9086564779281616,0.065379798412323,0.04902833700180054,0.07327377796173096,False,False,completed
v_e3ac9d38cb8ebbad7180,an airplane taking off,hybrid_zero,end,0.9761667251586914,0.9761162996292114,0.9109604954719543,0.9733335375785828,0.9589306712150574,0.01440286636352539,5.042552947998047e-05,0.06520622968673706,False,False,completed
v_e710114a4f938d3d6562,a person giving a presentation to a room full of colleagues,hybrid_zero,end,0.9772360920906067,0.9790762066841125,0.8962574601173401,0.962494969367981,0.9254521131515503,0.037042856216430664,0.0018401145935058594,0.0809786319732666,False,False,completed
v_e9cc23e6e032e0839ecb,a person giving a presentation to a room full of colleagues,hybrid_zero,end,0.9752988219261169,0.9722796678543091,0.9215056896209717,0.9672319889068604,0.9419795274734497,0.025252461433410645,0.0030191540718078613,0.053793132305145264,False,False,completed
v_f3ccc1d9909eb2eafed7,a person playing guitar,hybrid_zero,end,0.9523401260375977,0.9523658156394958,0.8675588965415955,0.975599467754364,0.9596794843673706,0.015919983386993408,2.568960189819336e-05,0.0847812294960022,False,False,completed
v_f88a0a406794823274a6,a person giving a presentation to a room full of colleagues,hybrid_zero,end,0.9841278791427612,0.9494558572769165,0.9624164700508118,0.9959854483604431,0.9053329825401306,0.0906524658203125,0.03467202186584473,0.021711409091949463,False,False,completed
v_015a48a198ce0a7a6684,a car stuck in traffic during rush hour,hybrid_exclude,end,0.9859246015548706,0.9780252575874329,0.8772706389427185,0.9686998128890991,0.9205097556114197,0.04819005727767944,0.007899343967437744,0.1086539626121521,False,False,completed
v_038af9e85946208b9d08,a boat accelerating to gain speed,hybrid_exclude,end,0.9453511238098145,0.9046789407730103,0.9246903657913208,0.9640581011772156,0.8932231664657593,0.0708349347114563,0.0406721830368042,0.020660758018493652,False,False,completed
v_0b88becab5cd91669727,a car slowing down to stop,hybrid_exclude,end,0.9607264995574951,0.954927921295166,0.8789268136024475,0.9076695442199707,0.8663899898529053,0.04127955436706543,0.0057985782623291016,0.08179968595504761,False,False,completed
v_14499454e08d4adb6d22,a boat accelerating to gain speed,hybrid_exclude,end,0.9209604263305664,0.8900796175003052,0.8569980263710022,0.7963992953300476,0.7416436076164246,0.05475568771362305,0.03088080883026123,0.06396239995956421,False,False,completed
v_2211afa97c13b0d7479c,a bicycle gliding through a snowy field,hybrid_exclude,end,0.9496497511863708,0.9472828507423401,0.8394814133644104,0.9195920825004578,0.8547598123550415,0.06483227014541626,0.0023669004440307617,0.11016833782196045,False,False,completed
v_22198fc0eb29ccf872ca,a bicycle accelerating to gain speed,hybrid_exclude,end,0.8857461810112,0.890928328037262,0.818754255771637,0.8188527822494507,0.7980449199676514,0.020807862281799316,0.005182147026062012,0.06699192523956299,False,False,completed
v_223dffdfd43f07ff254e,a boat slowing down to stop,hybrid_exclude,end,0.9467556476593018,0.9299494624137878,,0.8887082934379578,0.806951105594635,0.08175718784332275,0.016806185245513916,,False,False,completed
v_2390b54e0d7162ecc8e1,an airplane accelerating to gain speed,hybrid_exclude,end,0.9660283923149109,0.9652333855628967,0.8958854675292969,0.9747323989868164,0.9616097211837769,0.01312267780303955,0.0007950067520141602,0.07014292478561401,False,False,completed
v_24aff3375dfcba813f6e,a car turning a corner,hybrid_exclude,end,0.969754695892334,0.9698139429092407,0.8822338581085205,0.9699603319168091,0.9327487349510193,0.037211596965789795,5.924701690673828e-05,0.08752083778381348,False,False,completed
v_2541a276b12785e4ded5,a person walking in the snowstorm,hybrid_exclude,end,0.9439834356307983,0.9417625665664673,0.8630065321922302,0.9550679922103882,0.9087611436843872,0.04630684852600098,0.0022208690643310547,0.08097690343856812,False,False,completed
v_2567bc088498a76bf296,a truck stuck in traffic during rush hour,hybrid_exclude,end,0.959398090839386,0.9571534395217896,0.9083842635154724,0.9763797521591187,0.9533722400665283,0.023007512092590332,0.0022446513175964355,0.051013827323913574,False,False,completed
v_271c63952df0de2e6cdf,a person washing the dishes,hybrid_exclude,end,0.9126432538032532,0.8997392058372498,0.8699827790260315,0.9229888319969177,0.8223922252655029,0.1005966067314148,0.012904047966003418,0.04266047477722168,False,False,completed
v_2be9a6688c35336f245c,an airplane landing smoothly on a runway,hybrid_exclude,end,0.9762710928916931,0.8991013169288635,0.9038957357406616,0.9683166742324829,0.9347681403160095,0.03354853391647339,0.07716977596282959,0.0723753571510315,False,False,completed
v_34ae89f5afbb4409d146,a person eating a burger,hybrid_exclude,end,0.8157393336296082,0.7702209949493408,0.7762622833251953,0.9471113085746765,0.79296875,0.1541425585746765,0.045518338680267334,0.03947705030441284,False,False,completed
v_3e0e478175044cb2ea97,a person eating a burger,hybrid_exclude,end,0.9717735648155212,0.9714870452880859,0.9100213646888733,0.9099657535552979,0.9047679901123047,0.005197763442993164,0.00028651952743530273,0.06175220012664795,False,False,completed
v_425065ae2beb7ec16285,an airplane landing smoothly on a runway,hybrid_exclude,end,0.9556477069854736,0.9541068077087402,0.9066439270973206,0.9661704301834106,0.9511250257492065,0.015045404434204102,0.0015408992767333984,0.049003779888153076,False,False,completed
v_4e6e34f0f85ace192464,a person eating a burger,hybrid_exclude,end,0.9043691754341125,0.9015084505081177,0.8487935662269592,0.9877499341964722,0.8717766404151917,0.11597329378128052,0.002860724925994873,0.05557560920715332,False,True,completed
v_4f2d8b98e55b77fec7e4,a person drinking coffee in a cafe,hybrid_exclude,end,0.9236610531806946,0.9261453747749329,0.8449741005897522,0.8729005455970764,0.8445674180984497,0.02833312749862671,0.0024843215942382812,0.07868695259094238,False,False,completed
v_4f6246de363a4189bf81,a bus turning a corner,hybrid_exclude,end,0.9141050577163696,0.9160942435264587,0.8826033473014832,0.864708662033081,0.8403308987617493,0.024377763271331787,0.0019891858100891113,0.031501710414886475,False,False,completed
v_5054c5414a363dab8171,a car slowing down to stop,hybrid_exclude,end,0.9593479633331299,0.9574230909347534,0.9110530018806458,0.9419843554496765,0.913517415523529,0.02846693992614746,0.0019248723983764648,0.04829496145248413,False,False,completed
v_74c3a91e1cd5ac167338,a bicycle gliding through a snowy field,hybrid_exclude,end,0.946782112121582,0.9374356269836426,0.8606337308883667,0.9683824777603149,0.936784029006958,0.031598448753356934,0.009346485137939453,0.08614838123321533,False,False,completed
v_7a15ece21d814f0fce0f,a bicycle leaning against a tree,hybrid_exclude,end,0.9531082510948181,0.9237932562828064,0.9132447838783264,0.9489574432373047,0.8752142190933228,0.07374322414398193,0.02931499481201172,0.0398634672164917,False,False,completed
v_8e99ea486ff07419b6c1,a person giving a presentation to a room full of colleagues,hybrid_exclude,end,0.9792287349700928,0.9787126183509827,0.8508134484291077,0.9944238662719727,0.9588472247123718,0.03557664155960083,0.0005161166191101074,0.1284152865409851,False,False,completed
v_9cec858297ae985418ba,a boat slowing down to stop,hybrid_exclude,end,0.9472293257713318,0.9277251362800598,0.897010326385498,0.9065403342247009,0.838289201259613,0.06825113296508789,0.019504189491271973,0.05021899938583374,False,False,completed
v_b5ee130b761930dd2521,a person eating a burger,hybrid_exclude,end,0.939649224281311,0.9279540181159973,0.886746883392334,0.9795001149177551,0.8556013703346252,0.12389874458312988,0.01169520616531372,0.05290234088897705,False,False,completed
v_bc0ac2c371a024e73050,a car accelerating to gain speed,hybrid_exclude,end,0.8657104969024658,0.8219672441482544,0.8709818124771118,0.8402800559997559,0.7570163011550903,0.08326375484466553,0.043743252754211426,-0.005271315574645996,False,False,completed
v_c0930358df5ed15fef8d,a car accelerating to gain speed,hybrid_exclude,end,0.956610918045044,0.9364200830459595,0.8681433796882629,0.9591421484947205,0.8701510429382324,0.08899110555648804,0.020190834999084473,0.088467538356781,False,False,completed
v_c819cb86a8e25dfb3e97,a bicycle gliding through a snowy field,hybrid_exclude,end,0.9156494736671448,0.9084251523017883,0.8211772441864014,0.9381076097488403,0.8443044424057007,0.09380316734313965,0.007224321365356445,0.09447222948074341,False,False,completed
v_d38b247e9db157715244,a bicycle leaning against a tree,hybrid_exclude,end,0.9860948324203491,0.9370664954185486,0.9128210544586182,0.9740362763404846,0.9086564779281616,0.065379798412323,0.04902833700180054,0.07327377796173096,False,False,completed
v_e3ac9d38cb8ebbad7180,an airplane taking off,hybrid_exclude,end,0.9761667251586914,0.9761162996292114,0.9109604954719543,0.9733335375785828,0.9589306712150574,0.01440286636352539,5.042552947998047e-05,0.06520622968673706,False,False,completed
v_e710114a4f938d3d6562,a person giving a presentation to a room full of colleagues,hybrid_exclude,end,0.9772360920906067,0.9790762066841125,0.8962574601173401,0.962494969367981,0.9254521131515503,0.037042856216430664,0.0018401145935058594,0.0809786319732666,False,False,completed
v_e9cc23e6e032e0839ecb,a person giving a presentation to a room full of colleagues,hybrid_exclude,end,0.9752988219261169,0.9722796678543091,0.9215056896209717,0.9672319889068604,0.9419795274734497,0.025252461433410645,0.0030191540718078613,0.053793132305145264,False,False,completed
v_f3ccc1d9909eb2eafed7,a person playing guitar,hybrid_exclude,end,0.9523401260375977,0.9523658156394958,0.8675588965415955,0.975599467754364,0.9596794843673706,0.015919983386993408,2.568960189819336e-05,0.0847812294960022,False,False,completed
v_f88a0a406794823274a6,a person giving a presentation to a room full of colleagues,hybrid_exclude,end,0.9841278791427612,0.9494558572769165,0.9624164700508118,0.9959854483604431,0.9053329825401306,0.0906524658203125,0.03467202186584473,0.021711409091949463,False,False,completed
v_015a48a198ce0a7a6684,a car stuck in traffic during rush hour,direct_zero,full,0.9859246015548706,0.9594135880470276,0.07298079878091812,0.9686998128890991,0.9341029524803162,0.03459686040878296,0.026511013507843018,0.9129438027739525,False,False,completed
v_038af9e85946208b9d08,a boat accelerating to gain speed,direct_zero,full,0.9453511238098145,0.2661953270435333,0.9292245507240295,0.9640581011772156,0.8678112626075745,0.09624683856964111,0.6791557967662811,0.016126573085784912,False,False,completed
v_0b88becab5cd91669727,a car slowing down to stop,direct_zero,full,0.9607264995574951,0.9517934918403625,0.007936934009194374,0.9076695442199707,0.8635883927345276,0.044081151485443115,0.008933007717132568,0.9527895655483007,False,False,completed
v_14499454e08d4adb6d22,a boat accelerating to gain speed,direct_zero,full,0.9209604263305664,0.5041617751121521,0.3228430151939392,0.7963992953300476,0.7572597861289978,0.039139509201049805,0.4167986512184143,0.5981174111366272,False,False,completed
v_2211afa97c13b0d7479c,a bicycle gliding through a snowy field,direct_zero,full,0.9496497511863708,0.9148174524307251,0.0,0.9195920825004578,0.8902004957199097,0.029391586780548096,0.03483229875564575,0.9496497511863708,False,False,completed
v_22198fc0eb29ccf872ca,a bicycle accelerating to gain speed,direct_zero,full,0.8857461810112,0.5047615766525269,0.0,0.8188527822494507,0.7761757373809814,0.04267704486846924,0.3809846043586731,0.8857461810112,False,False,completed
v_223dffdfd43f07ff254e,a boat slowing down to stop,direct_zero,full,0.0,0.007649455685168505,0.0,0.8887082934379578,0.7644450068473816,0.12426328659057617,0.007649455685168505,0.0,False,True,completed
v_2390b54e0d7162ecc8e1,an airplane accelerating to gain speed,direct_zero,full,0.9660283923149109,0.9654144644737244,0.9571678042411804,0.9747323989868164,0.9641801118850708,0.010552287101745605,0.0006139278411865234,0.008860588073730469,False,False,completed
v_24aff3375dfcba813f6e,a car turning a corner,direct_zero,full,0.969754695892334,0.9722136855125427,0.11738642305135727,0.9699603319168091,0.9590967297554016,0.01086360216140747,0.0024589896202087402,0.8523682728409767,False,False,completed
v_2541a276b12785e4ded5,a person walking in the snowstorm,direct_zero,full,0.9439834356307983,0.9383247494697571,0.5848837494850159,0.9550679922103882,0.9282795190811157,0.02678847312927246,0.00565868616104126,0.35909968614578247,False,False,completed
v_2567bc088498a76bf296,a truck stuck in traffic during rush hour,direct_zero,full,0.959398090839386,0.9683264493942261,0.3736254870891571,0.9763797521591187,0.9541979432106018,0.022181808948516846,0.008928358554840088,0.5857726037502289,False,False,completed
v_271c63952df0de2e6cdf,a person washing the dishes,direct_zero,full,0.9126432538032532,0.8419081568717957,0.8922080397605896,0.9229888319969177,0.765320360660553,0.15766847133636475,0.07073509693145752,0.020435214042663574,False,False,completed
v_2be9a6688c35336f245c,an airplane landing smoothly on a runway,direct_zero,full,0.9762710928916931,0.8541840314865112,0.0076861875131726265,0.9683166742324829,0.9376305341720581,0.030686140060424805,0.12208706140518188,0.9685849053785205,False,False,completed
v_34ae89f5afbb4409d146,a person eating a burger,direct_zero,full,0.8157393336296082,0.7049036026000977,0.3596147894859314,0.9471113085746765,0.6659916043281555,0.281119704246521,0.1108357310295105,0.45612454414367676,False,False,completed
v_3e0e478175044cb2ea97,a person eating a burger,direct_zero,full,0.9717735648155212,0.9727412462234497,0.9586969614028931,0.9099657535552979,0.906711220741272,0.003254532814025879,0.0009676814079284668,0.013076603412628174,False,False,completed
v_425065ae2beb7ec16285,an airplane landing smoothly on a runway,direct_zero,full,0.9556477069854736,0.9509608745574951,0.8719139695167542,0.9661704301834106,0.9590829610824585,0.0070874691009521484,0.004686832427978516,0.08373373746871948,False,False,completed
v_4e6e34f0f85ace192464,a person eating a burger,direct_zero,full,0.9043691754341125,0.32650643587112427,0.5658433437347412,0.9877499341964722,0.787568986415863,0.20018094778060913,0.5778627395629883,0.33852583169937134,False,False,completed
v_4f2d8b98e55b77fec7e4,a person drinking coffee in a cafe,direct_zero,full,0.9236610531806946,0.9435290694236755,0.9536643624305725,0.8729005455970764,0.8455331325531006,0.02736741304397583,0.019868016242980957,-0.03000330924987793,False,False,completed
v_4f6246de363a4189bf81,a bus turning a corner,direct_zero,full,0.9141050577163696,0.7986795902252197,0.0017679417505860329,0.864708662033081,0.8219910264015198,0.04271763563156128,0.1154254674911499,0.9123371159657836,False,False,completed
v_5054c5414a363dab8171,a car slowing down to stop,direct_zero,full,0.9593479633331299,0.9569171667098999,0.9630423784255981,0.9419843554496765,0.9212053418159485,0.020779013633728027,0.0024307966232299805,-0.0036944150924682617,False,False,completed
v_74c3a91e1cd5ac167338,a bicycle gliding through a snowy field,direct_zero,full,0.946782112121582,0.9629395604133606,0.0,0.9683824777603149,0.950981616973877,0.01740086078643799,0.016157448291778564,0.946782112121582,False,False,completed
v_7a15ece21d814f0fce0f,a bicycle leaning against a tree,direct_zero,full,0.9531082510948181,0.010878019966185093,0.005303347948938608,0.9489574432373047,0.8644376993179321,0.08451974391937256,0.942230231128633,0.9478049031458795,False,False,completed
v_8e99ea486ff07419b6c1,a person giving a presentation to a room full of colleagues,direct_zero,full,0.9792287349700928,0.979903519153595,0.0,0.9944238662719727,0.9841504693031311,0.010273396968841553,0.0006747841835021973,0.9792287349700928,False,False,completed
v_9cec858297ae985418ba,a boat slowing down to stop,direct_zero,full,0.9472293257713318,0.8125182390213013,0.6701078414916992,0.9065403342247009,0.851068377494812,0.055471956729888916,0.13471108675003052,0.27712148427963257,False,False,completed
v_b5ee130b761930dd2521,a person eating a burger,direct_zero,full,0.939649224281311,0.9233770370483398,0.913695216178894,0.9795001149177551,0.8731942772865295,0.10630583763122559,0.01627218723297119,0.025954008102416992,False,False,completed
v_bc0ac2c371a024e73050,a car accelerating to gain speed,direct_zero,full,0.3970118463039398,0.20911696553230286,0.0,0.8402800559997559,0.7796275615692139,0.06065249443054199,0.18789488077163696,0.3970118463039398,False,False,completed
v_c0930358df5ed15fef8d,a car accelerating to gain speed,direct_zero,full,0.22154010832309723,0.22039824724197388,0.04311082512140274,0.9591421484947205,0.8146743178367615,0.14446783065795898,0.001141861081123352,0.1784292832016945,False,True,completed
v_c819cb86a8e25dfb3e97,a bicycle gliding through a snowy field,direct_zero,full,0.9156494736671448,0.04719861224293709,0.0,0.9381076097488403,0.894752562046051,0.04335504770278931,0.8684508614242077,0.9156494736671448,False,False,completed
v_d38b247e9db157715244,a bicycle leaning against a tree,direct_zero,full,0.9860948324203491,0.43553540110588074,0.021463755518198013,0.9740362763404846,0.8878129720687866,0.086223304271698,0.5505594313144684,0.9646310769021511,False,False,completed
v_e3ac9d38cb8ebbad7180,an airplane taking off,direct_zero,full,0.9761667251586914,0.9775482416152954,0.9825842976570129,0.9733335375785828,0.9630720019340515,0.01026153564453125,0.001381516456604004,-0.006417572498321533,False,False,completed
v_e710114a4f938d3d6562,a person giving a presentation to a room full of colleagues,direct_zero,full,0.9772360920906067,0.980374276638031,0.3003898561000824,0.962494969367981,0.9410368204116821,0.021458148956298828,0.0031381845474243164,0.6768462359905243,False,False,completed
v_e9cc23e6e032e0839ecb,a person giving a presentation to a room full of colleagues,direct_zero,full,0.9752988219261169,0.9722914695739746,0.3170742988586426,0.9672319889068604,0.9390841722488403,0.02814781665802002,0.003007352352142334,0.6582245230674744,False,False,completed
v_f3ccc1d9909eb2eafed7,a person playing guitar,direct_zero,full,0.9523401260375977,0.972433865070343,0.9797382950782776,0.975599467754364,0.9739962816238403,0.0016031861305236816,0.02009373903274536,-0.02739816904067993,False,False,completed
v_f88a0a406794823274a6,a person giving a presentation to a room full of colleagues,direct_zero,full,0.9841278791427612,0.9210214018821716,0.9259544610977173,0.9959854483604431,0.8703534603118896,0.12563198804855347,0.0631064772605896,0.058173418045043945,False,False,completed
v_015a48a198ce0a7a6684,a car stuck in traffic during rush hour,direct_exclude,full,0.9859246015548706,0.9594135880470276,0.8757695555686951,0.9686998128890991,0.9341029524803162,0.03459686040878296,0.026511013507843018,0.11015504598617554,False,False,completed
v_038af9e85946208b9d08,a boat accelerating to gain speed,direct_exclude,full,0.9453511238098145,0.918634831905365,0.9292245507240295,0.9640581011772156,0.8678112626075745,0.09624683856964111,0.026716291904449463,0.016126573085784912,False,False,completed
v_0b88becab5cd91669727,a car slowing down to stop,direct_exclude,full,0.9607264995574951,0.9517934918403625,0.9524320363998413,0.9076695442199707,0.8635883927345276,0.044081151485443115,0.008933007717132568,0.008294463157653809,False,False,completed
v_14499454e08d4adb6d22,a boat accelerating to gain speed,direct_exclude,full,0.9209604263305664,0.9166578054428101,0.8609147071838379,0.7963992953300476,0.7572597861289978,0.039139509201049805,0.004302620887756348,0.060045719146728516,False,False,completed
v_2211afa97c13b0d7479c,a bicycle gliding through a snowy field,direct_exclude,full,0.9496497511863708,0.9148174524307251,,0.9195920825004578,0.8902004957199097,0.029391586780548096,0.03483229875564575,,False,False,completed
v_22198fc0eb29ccf872ca,a bicycle accelerating to gain speed,direct_exclude,full,0.8857461810112,0.9177483916282654,,0.8188527822494507,0.7761757373809814,0.04267704486846924,0.03200221061706543,,False,False,completed
v_223dffdfd43f07ff254e,a boat slowing down to stop,direct_exclude,full,,0.9179346561431885,,0.8887082934379578,0.7644450068473816,0.12426328659057617,,,False,False,completed
v_2390b54e0d7162ecc8e1,an airplane accelerating to gain speed,direct_exclude,full,0.9660283923149109,0.9654144644737244,0.9571678042411804,0.9747323989868164,0.9641801118850708,0.010552287101745605,0.0006139278411865234,0.008860588073730469,False,False,completed
v_24aff3375dfcba813f6e,a car turning a corner,direct_exclude,full,0.969754695892334,0.9722136855125427,0.9390915036201477,0.9699603319168091,0.9590967297554016,0.01086360216140747,0.0024589896202087402,0.03066319227218628,False,False,completed
v_2541a276b12785e4ded5,a person walking in the snowstorm,direct_exclude,full,0.9439834356307983,0.9383247494697571,0.9502109885215759,0.9550679922103882,0.9282795190811157,0.02678847312927246,0.00565868616104126,-0.006227552890777588,False,False,completed
v_2567bc088498a76bf296,a truck stuck in traffic during rush hour,direct_exclude,full,0.959398090839386,0.9683264493942261,0.8151828050613403,0.9763797521591187,0.9541979432106018,0.022181808948516846,0.008928358554840088,0.14421528577804565,False,False,completed
v_271c63952df0de2e6cdf,a person washing the dishes,direct_exclude,full,0.9126432538032532,0.8419081568717957,0.8922080397605896,0.9229888319969177,0.765320360660553,0.15766847133636475,0.07073509693145752,0.020435214042663574,False,False,completed
v_2be9a6688c35336f245c,an airplane landing smoothly on a runway,direct_exclude,full,0.9762710928916931,0.8541840314865112,0.9223424792289734,0.9683166742324829,0.9376305341720581,0.030686140060424805,0.12208706140518188,0.05392861366271973,False,False,completed
v_34ae89f5afbb4409d146,a person eating a burger,direct_exclude,full,0.8157393336296082,0.805604100227356,0.7846140265464783,0.9471113085746765,0.6659916043281555,0.281119704246521,0.010135233402252197,0.031125307083129883,False,False,completed
v_3e0e478175044cb2ea97,a person eating a burger,direct_exclude,full,0.9717735648155212,0.9727412462234497,0.9586969614028931,0.9099657535552979,0.906711220741272,0.003254532814025879,0.0009676814079284668,0.013076603412628174,False,False,completed
v_425065ae2beb7ec16285,an airplane landing smoothly on a runway,direct_exclude,full,0.9556477069854736,0.9509608745574951,0.8719139695167542,0.9661704301834106,0.9590829610824585,0.0070874691009521484,0.004686832427978516,0.08373373746871948,False,False,completed
v_4e6e34f0f85ace192464,a person eating a burger,direct_exclude,full,0.9043691754341125,0.8706837892532349,0.8705282211303711,0.9877499341964722,0.787568986415863,0.20018094778060913,0.033685386180877686,0.033840954303741455,False,False,completed
v_4f2d8b98e55b77fec7e4,a person drinking coffee in a cafe,direct_exclude,full,0.9236610531806946,0.9435290694236755,0.9536643624305725,0.8729005455970764,0.8455331325531006,0.02736741304397583,0.019868016242980957,-0.03000330924987793,False,False,completed
v_4f6246de363a4189bf81,a bus turning a corner,direct_exclude,full,0.9141050577163696,0.9068878889083862,0.9334732294082642,0.864708662033081,0.8219910264015198,0.04271763563156128,0.0072171688079833984,-0.01936817169189453,False,False,completed
v_5054c5414a363dab8171,a car slowing down to stop,direct_exclude,full,0.9593479633331299,0.9569171667098999,0.9630423784255981,0.9419843554496765,0.9212053418159485,0.020779013633728027,0.0024307966232299805,-0.0036944150924682617,False,False,completed
v_74c3a91e1cd5ac167338,a bicycle gliding through a snowy field,direct_exclude,full,0.946782112121582,0.9629395604133606,,0.9683824777603149,0.950981616973877,0.01740086078643799,0.016157448291778564,,False,False,completed
v_7a15ece21d814f0fce0f,a bicycle leaning against a tree,direct_exclude,full,0.9531082510948181,0.9572657346725464,0.9333891868591309,0.9489574432373047,0.8644376993179321,0.08451974391937256,0.0041574835777282715,0.019719064235687256,False,False,completed
v_8e99ea486ff07419b6c1,a person giving a presentation to a room full of colleagues,direct_exclude,full,0.9792287349700928,0.979903519153595,,0.9944238662719727,0.9841504693031311,0.010273396968841553,0.0006747841835021973,,False,False,completed
v_9cec858297ae985418ba,a boat slowing down to stop,direct_exclude,full,0.9472293257713318,0.9285922646522522,0.8836586475372314,0.9065403342247009,0.851068377494812,0.055471956729888916,0.01863706111907959,0.06357067823410034,False,False,completed
v_b5ee130b761930dd2521,a person eating a burger,direct_exclude,full,0.939649224281311,0.9233770370483398,0.913695216178894,0.9795001149177551,0.8731942772865295,0.10630583763122559,0.01627218723297119,0.025954008102416992,False,False,completed
v_bc0ac2c371a024e73050,a car accelerating to gain speed,direct_exclude,full,0.8662075996398926,0.8962154984474182,,0.8402800559997559,0.7796275615692139,0.06065249443054199,0.030007898807525635,,False,False,completed
v_c0930358df5ed15fef8d,a car accelerating to gain speed,direct_exclude,full,0.9494576454162598,0.9445639252662659,0.8622164726257324,0.9591421484947205,0.8146743178367615,0.14446783065795898,0.0048937201499938965,0.08724117279052734,False,True,completed
v_c819cb86a8e25dfb3e97,a bicycle gliding through a snowy field,direct_exclude,full,0.9156494736671448,0.943972110748291,,0.9381076097488403,0.894752562046051,0.04335504770278931,0.02832263708114624,,False,False,completed
v_d38b247e9db157715244,a bicycle leaning against a tree,direct_exclude,full,0.9860948324203491,0.9502589702606201,0.8585501909255981,0.9740362763404846,0.8878129720687866,0.086223304271698,0.035835862159729004,0.12754464149475098,False,False,completed
v_e3ac9d38cb8ebbad7180,an airplane taking off,direct_exclude,full,0.9761667251586914,0.9775482416152954,0.9825842976570129,0.9733335375785828,0.9630720019340515,0.01026153564453125,0.001381516456604004,-0.006417572498321533,False,False,completed
v_e710114a4f938d3d6562,a person giving a presentation to a room full of colleagues,direct_exclude,full,0.9772360920906067,0.980374276638031,0.8010395765304565,0.962494969367981,0.9410368204116821,0.021458148956298828,0.0031381845474243164,0.17619651556015015,False,False,completed
v_e9cc23e6e032e0839ecb,a person giving a presentation to a room full of colleagues,direct_exclude,full,0.9752988219261169,0.9722914695739746,0.8811327815055847,0.9672319889068604,0.9390841722488403,0.02814781665802002,0.003007352352142334,0.09416604042053223,False,False,completed
v_f3ccc1d9909eb2eafed7,a person playing guitar,direct_exclude,full,0.9523401260375977,0.972433865070343,0.9797382950782776,0.975599467754364,0.9739962816238403,0.0016031861305236816,0.02009373903274536,-0.02739816904067993,False,False,completed
v_f88a0a406794823274a6,a person giving a presentation to a room full of colleagues,direct_exclude,full,0.9841278791427612,0.9210214018821716,0.9259544610977173,0.9959854483604431,0.8703534603118896,0.12563198804855347,0.0631064772605896,0.058173418045043945,False,False,completed
v_015a48a198ce0a7a6684,a car stuck in traffic during rush hour,hybrid_zero,full,0.9859246015548706,0.9594135880470276,0.8310167789459229,0.9686998128890991,0.9341029524803162,0.03459686040878296,0.026511013507843018,0.15490782260894775,False,False,completed
v_038af9e85946208b9d08,a boat accelerating to gain speed,hybrid_zero,full,0.9453511238098145,0.9178308844566345,0.9292245507240295,0.9640581011772156,0.8678112626075745,0.09624683856964111,0.02752023935317993,0.016126573085784912,False,False,completed
v_0b88becab5cd91669727,a car slowing down to stop,hybrid_zero,full,0.9607264995574951,0.9517934918403625,0.9500484466552734,0.9076695442199707,0.8635883927345276,0.044081151485443115,0.008933007717132568,0.01067805290222168,False,False,completed
v_14499454e08d4adb6d22,a boat accelerating to gain speed,hybrid_zero,full,0.9209604263305664,0.8895846605300903,0.8640991449356079,0.7963992953300476,0.7572597861289978,0.039139509201049805,0.031375765800476074,0.056861281394958496,False,False,completed
v_2211afa97c13b0d7479c,a bicycle gliding through a snowy field,hybrid_zero,full,0.9496497511863708,0.9148174524307251,0.893394410610199,0.9195920825004578,0.8902004957199097,0.029391586780548096,0.03483229875564575,0.056255340576171875,False,False,completed
v_22198fc0eb29ccf872ca,a bicycle accelerating to gain speed,hybrid_zero,full,0.8857461810112,0.8651518821716309,0.0,0.8188527822494507,0.7761757373809814,0.04267704486846924,0.020594298839569092,0.8857461810112,False,False,completed
v_223dffdfd43f07ff254e,a boat slowing down to stop,hybrid_zero,full,0.9467556476593018,0.9264933466911316,0.0,0.8887082934379578,0.7644450068473816,0.12426328659057617,0.020262300968170166,0.9467556476593018,False,False,completed
v_2390b54e0d7162ecc8e1,an airplane accelerating to gain speed,hybrid_zero,full,0.9660283923149109,0.9654144644737244,0.9571678042411804,0.9747323989868164,0.9641801118850708,0.010552287101745605,0.0006139278411865234,0.008860588073730469,False,False,completed
v_24aff3375dfcba813f6e,a car turning a corner,hybrid_zero,full,0.969754695892334,0.9722136855125427,0.8977333307266235,0.9699603319168091,0.9590967297554016,0.01086360216140747,0.0024589896202087402,0.07202136516571045,False,False,completed
v_2541a276b12785e4ded5,a person walking in the snowstorm,hybrid_zero,full,0.9439834356307983,0.9383247494697571,0.9490933418273926,0.9550679922103882,0.9282795190811157,0.02678847312927246,0.00565868616104126,-0.005109906196594238,False,False,completed
v_2567bc088498a76bf296,a truck stuck in traffic during rush hour,hybrid_zero,full,0.959398090839386,0.9683264493942261,0.8282209038734436,0.9763797521591187,0.9541979432106018,0.022181808948516846,0.008928358554840088,0.13117718696594238,False,False,completed
v_271c63952df0de2e6cdf,a person washing the dishes,hybrid_zero,full,0.9126432538032532,0.8419081568717957,0.8922080397605896,0.9229888319969177,0.765320360660553,0.15766847133636475,0.07073509693145752,0.020435214042663574,False,False,completed
v_2be9a6688c35336f245c,an airplane landing smoothly on a runway,hybrid_zero,full,0.9762710928916931,0.8541840314865112,0.9565073251724243,0.9683166742324829,0.9376305341720581,0.030686140060424805,0.12208706140518188,0.0197637677192688,False,False,completed
v_34ae89f5afbb4409d146,a person eating a burger,hybrid_zero,full,0.8157393336296082,0.8098833560943604,0.7509849667549133,0.9471113085746765,0.6659916043281555,0.281119704246521,0.005855977535247803,0.06475436687469482,False,True,completed
v_3e0e478175044cb2ea97,a person eating a burger,hybrid_zero,full,0.9717735648155212,0.9727412462234497,0.9586969614028931,0.9099657535552979,0.906711220741272,0.003254532814025879,0.0009676814079284668,0.013076603412628174,False,False,completed
v_425065ae2beb7ec16285,an airplane landing smoothly on a runway,hybrid_zero,full,0.9556477069854736,0.9509608745574951,0.8719139695167542,0.9661704301834106,0.9590829610824585,0.0070874691009521484,0.004686832427978516,0.08373373746871948,False,False,completed
v_4e6e34f0f85ace192464,a person eating a burger,hybrid_zero,full,0.9043691754341125,0.8517149686813354,0.8705432415008545,0.9877499341964722,0.787568986415863,0.20018094778060913,0.0526542067527771,0.03382593393325806,False,False,completed
v_4f2d8b98e55b77fec7e4,a person drinking coffee in a cafe,hybrid_zero,full,0.9236610531806946,0.9435290694236755,0.9536643624305725,0.8729005455970764,0.8455331325531006,0.02736741304397583,0.019868016242980957,-0.03000330924987793,False,False,completed
v_4f6246de363a4189bf81,a bus turning a corner,hybrid_zero,full,0.9141050577163696,0.9007470011711121,0.8739701509475708,0.864708662033081,0.8219910264015198,0.04271763563156128,0.013358056545257568,0.04013490676879883,False,False,completed
v_5054c5414a363dab8171,a car slowing down to stop,hybrid_zero,full,0.9593479633331299,0.9569171667098999,0.9630423784255981,0.9419843554496765,0.9212053418159485,0.020779013633728027,0.0024307966232299805,-0.0036944150924682617,False,False,completed
v_74c3a91e1cd5ac167338,a bicycle gliding through a snowy field,hybrid_zero,full,0.946782112121582,0.9629395604133606,0.0,0.9683824777603149,0.950981616973877,0.01740086078643799,0.016157448291778564,0.946782112121582,False,False,completed
v_7a15ece21d814f0fce0f,a bicycle leaning against a tree,hybrid_zero,full,0.9531082510948181,0.9295729398727417,0.9164297580718994,0.9489574432373047,0.8644376993179321,0.08451974391937256,0.023535311222076416,0.0366784930229187,False,False,completed
v_8e99ea486ff07419b6c1,a person giving a presentation to a room full of colleagues,hybrid_zero,full,0.9792287349700928,0.979903519153595,0.0,0.9944238662719727,0.9841504693031311,0.010273396968841553,0.0006747841835021973,0.9792287349700928,False,False,completed
v_9cec858297ae985418ba,a boat slowing down to stop,hybrid_zero,full,0.9472293257713318,0.9150485396385193,0.8259511590003967,0.9065403342247009,0.851068377494812,0.055471956729888916,0.0321807861328125,0.12127816677093506,False,False,completed
v_b5ee130b761930dd2521,a person eating a burger,hybrid_zero,full,0.939649224281311,0.9233770370483398,0.913695216178894,0.9795001149177551,0.8731942772865295,0.10630583763122559,0.01627218723297119,0.025954008102416992,False,False,completed
v_bc0ac2c371a024e73050,a car accelerating to gain speed,hybrid_zero,full,0.8657104969024658,0.8480536341667175,0.0,0.8402800559997559,0.7796275615692139,0.06065249443054199,0.01765686273574829,0.8657104969024658,False,False,completed
v_c0930358df5ed15fef8d,a car accelerating to gain speed,hybrid_zero,full,0.956610918045044,0.8759243488311768,0.8940330147743225,0.9591421484947205,0.8146743178367615,0.14446783065795898,0.08068656921386719,0.06257790327072144,False,False,completed
v_c819cb86a8e25dfb3e97,a bicycle gliding through a snowy field,hybrid_zero,full,0.9156494736671448,0.8671419024467468,0.0,0.9381076097488403,0.894752562046051,0.04335504770278931,0.04850757122039795,0.9156494736671448,False,False,completed
v_d38b247e9db157715244,a bicycle leaning against a tree,hybrid_zero,full,0.9860948324203491,0.9462026357650757,0.8546593189239502,0.9740362763404846,0.8878129720687866,0.086223304271698,0.03989219665527344,0.13143551349639893,False,False,completed
v_e3ac9d38cb8ebbad7180,an airplane taking off,hybrid_zero,full,0.9761667251586914,0.9775482416152954,0.9825842976570129,0.9733335375785828,0.9630720019340515,0.01026153564453125,0.001381516456604004,-0.006417572498321533,False,False,completed
v_e710114a4f938d3d6562,a person giving a presentation to a room full of colleagues,hybrid_zero,full,0.9772360920906067,0.980374276638031,0.7910903096199036,0.962494969367981,0.9410368204116821,0.021458148956298828,0.0031381845474243164,0.18614578247070312,False,False,completed
v_e9cc23e6e032e0839ecb,a person giving a presentation to a room full of colleagues,hybrid_zero,full,0.9752988219261169,0.9722914695739746,0.8489591479301453,0.9672319889068604,0.9390841722488403,0.02814781665802002,0.003007352352142334,0.12633967399597168,False,False,completed
v_f3ccc1d9909eb2eafed7,a person playing guitar,hybrid_zero,full,0.9523401260375977,0.972433865070343,0.9797382950782776,0.975599467754364,0.9739962816238403,0.0016031861305236816,0.02009373903274536,-0.02739816904067993,False,False,completed
v_f88a0a406794823274a6,a person giving a presentation to a room full of colleagues,hybrid_zero,full,0.9841278791427612,0.9210214018821716,0.9259544610977173,0.9959854483604431,0.8703534603118896,0.12563198804855347,0.0631064772605896,0.058173418045043945,False,False,completed
v_015a48a198ce0a7a6684,a car stuck in traffic during rush hour,hybrid_exclude,full,0.9859246015548706,0.9594135880470276,0.8310167789459229,0.9686998128890991,0.9341029524803162,0.03459686040878296,0.026511013507843018,0.15490782260894775,False,False,completed
v_038af9e85946208b9d08,a boat accelerating to gain speed,hybrid_exclude,full,0.9453511238098145,0.9178308844566345,0.9292245507240295,0.9640581011772156,0.8678112626075745,0.09624683856964111,0.02752023935317993,0.016126573085784912,False,False,completed
v_0b88becab5cd91669727,a car slowing down to stop,hybrid_exclude,full,0.9607264995574951,0.9517934918403625,0.9500484466552734,0.9076695442199707,0.8635883927345276,0.044081151485443115,0.008933007717132568,0.01067805290222168,False,False,completed
v_14499454e08d4adb6d22,a boat accelerating to gain speed,hybrid_exclude,full,0.9209604263305664,0.8895846605300903,0.8640991449356079,0.7963992953300476,0.7572597861289978,0.039139509201049805,0.031375765800476074,0.056861281394958496,False,False,completed
v_2211afa97c13b0d7479c,a bicycle gliding through a snowy field,hybrid_exclude,full,0.9496497511863708,0.9148174524307251,0.893394410610199,0.9195920825004578,0.8902004957199097,0.029391586780548096,0.03483229875564575,0.056255340576171875,False,False,completed
v_22198fc0eb29ccf872ca,a bicycle accelerating to gain speed,hybrid_exclude,full,0.8857461810112,0.8651518821716309,,0.8188527822494507,0.7761757373809814,0.04267704486846924,0.020594298839569092,,False,False,completed
v_223dffdfd43f07ff254e,a boat slowing down to stop,hybrid_exclude,full,0.9467556476593018,0.9264933466911316,,0.8887082934379578,0.7644450068473816,0.12426328659057617,0.020262300968170166,,False,False,completed
v_2390b54e0d7162ecc8e1,an airplane accelerating to gain speed,hybrid_exclude,full,0.9660283923149109,0.9654144644737244,0.9571678042411804,0.9747323989868164,0.9641801118850708,0.010552287101745605,0.0006139278411865234,0.008860588073730469,False,False,completed
v_24aff3375dfcba813f6e,a car turning a corner,hybrid_exclude,full,0.969754695892334,0.9722136855125427,0.8977333307266235,0.9699603319168091,0.9590967297554016,0.01086360216140747,0.0024589896202087402,0.07202136516571045,False,False,completed
v_2541a276b12785e4ded5,a person walking in the snowstorm,hybrid_exclude,full,0.9439834356307983,0.9383247494697571,0.9490933418273926,0.9550679922103882,0.9282795190811157,0.02678847312927246,0.00565868616104126,-0.005109906196594238,False,False,completed
v_2567bc088498a76bf296,a truck stuck in traffic during rush hour,hybrid_exclude,full,0.959398090839386,0.9683264493942261,0.8282209038734436,0.9763797521591187,0.9541979432106018,0.022181808948516846,0.008928358554840088,0.13117718696594238,False,False,completed
v_271c63952df0de2e6cdf,a person washing the dishes,hybrid_exclude,full,0.9126432538032532,0.8419081568717957,0.8922080397605896,0.9229888319969177,0.765320360660553,0.15766847133636475,0.07073509693145752,0.020435214042663574,False,False,completed
v_2be9a6688c35336f245c,an airplane landing smoothly on a runway,hybrid_exclude,full,0.9762710928916931,0.8541840314865112,0.9565073251724243,0.9683166742324829,0.9376305341720581,0.030686140060424805,0.12208706140518188,0.0197637677192688,False,False,completed
v_34ae89f5afbb4409d146,a person eating a burger,hybrid_exclude,full,0.8157393336296082,0.8098833560943604,0.7509849667549133,0.9471113085746765,0.6659916043281555,0.281119704246521,0.005855977535247803,0.06475436687469482,False,True,completed
v_3e0e478175044cb2ea97,a person eating a burger,hybrid_exclude,full,0.9717735648155212,0.9727412462234497,0.9586969614028931,0.9099657535552979,0.906711220741272,0.003254532814025879,0.0009676814079284668,0.013076603412628174,False,False,completed
v_425065ae2beb7ec16285,an airplane landing smoothly on a runway,hybrid_exclude,full,0.9556477069854736,0.9509608745574951,0.8719139695167542,0.9661704301834106,0.9590829610824585,0.0070874691009521484,0.004686832427978516,0.08373373746871948,False,False,completed
v_4e6e34f0f85ace192464,a person eating a burger,hybrid_exclude,full,0.9043691754341125,0.8517149686813354,0.8705432415008545,0.9877499341964722,0.787568986415863,0.20018094778060913,0.0526542067527771,0.03382593393325806,False,False,completed
v_4f2d8b98e55b77fec7e4,a person drinking coffee in a cafe,hybrid_exclude,full,0.9236610531806946,0.9435290694236755,0.9536643624305725,0.8729005455970764,0.8455331325531006,0.02736741304397583,0.019868016242980957,-0.03000330924987793,False,False,completed
v_4f6246de363a4189bf81,a bus turning a corner,hybrid_exclude,full,0.9141050577163696,0.9007470011711121,0.8739701509475708,0.864708662033081,0.8219910264015198,0.04271763563156128,0.013358056545257568,0.04013490676879883,False,False,completed
v_5054c5414a363dab8171,a car slowing down to stop,hybrid_exclude,full,0.9593479633331299,0.9569171667098999,0.9630423784255981,0.9419843554496765,0.9212053418159485,0.020779013633728027,0.0024307966232299805,-0.0036944150924682617,False,False,completed
v_74c3a91e1cd5ac167338,a bicycle gliding through a snowy field,hybrid_exclude,full,0.946782112121582,0.9629395604133606,,0.9683824777603149,0.950981616973877,0.01740086078643799,0.016157448291778564,,False,False,completed
v_7a15ece21d814f0fce0f,a bicycle leaning against a tree,hybrid_exclude,full,0.9531082510948181,0.9295729398727417,0.9164297580718994,0.9489574432373047,0.8644376993179321,0.08451974391937256,0.023535311222076416,0.0366784930229187,False,False,completed
v_8e99ea486ff07419b6c1,a person giving a presentation to a room full of colleagues,hybrid_exclude,full,0.9792287349700928,0.979903519153595,,0.9944238662719727,0.9841504693031311,0.010273396968841553,0.0006747841835021973,,False,False,completed
v_9cec858297ae985418ba,a boat slowing down to stop,hybrid_exclude,full,0.9472293257713318,0.9150485396385193,0.8259511590003967,0.9065403342247009,0.851068377494812,0.055471956729888916,0.0321807861328125,0.12127816677093506,False,False,completed
v_b5ee130b761930dd2521,a person eating a burger,hybrid_exclude,full,0.939649224281311,0.9233770370483398,0.913695216178894,0.9795001149177551,0.8731942772865295,0.10630583763122559,0.01627218723297119,0.025954008102416992,False,False,completed
v_bc0ac2c371a024e73050,a car accelerating to gain speed,hybrid_exclude,full,0.8657104969024658,0.8480536341667175,,0.8402800559997559,0.7796275615692139,0.06065249443054199,0.01765686273574829,,False,False,completed
v_c0930358df5ed15fef8d,a car accelerating to gain speed,hybrid_exclude,full,0.956610918045044,0.8759243488311768,0.8940330147743225,0.9591421484947205,0.8146743178367615,0.14446783065795898,0.08068656921386719,0.06257790327072144,False,False,completed
v_c819cb86a8e25dfb3e97,a bicycle gliding through a snowy field,hybrid_exclude,full,0.9156494736671448,0.8671419024467468,,0.9381076097488403,0.894752562046051,0.04335504770278931,0.04850757122039795,,False,False,completed
v_d38b247e9db157715244,a bicycle leaning against a tree,hybrid_exclude,full,0.9860948324203491,0.9462026357650757,0.8546593189239502,0.9740362763404846,0.8878129720687866,0.086223304271698,0.03989219665527344,0.13143551349639893,False,False,completed
v_e3ac9d38cb8ebbad7180,an airplane taking off,hybrid_exclude,full,0.9761667251586914,0.9775482416152954,0.9825842976570129,0.9733335375785828,0.9630720019340515,0.01026153564453125,0.001381516456604004,-0.006417572498321533,False,False,completed
v_e710114a4f938d3d6562,a person giving a presentation to a room full of colleagues,hybrid_exclude,full,0.9772360920906067,0.980374276638031,0.7910903096199036,0.962494969367981,0.9410368204116821,0.021458148956298828,0.0031381845474243164,0.18614578247070312,False,False,completed
v_e9cc23e6e032e0839ecb,a person giving a presentation to a room full of colleagues,hybrid_exclude,full,0.9752988219261169,0.9722914695739746,0.8489591479301453,0.9672319889068604,0.9390841722488403,0.02814781665802002,0.003007352352142334,0.12633967399597168,False,False,completed
v_f3ccc1d9909eb2eafed7,a person playing guitar,hybrid_exclude,full,0.9523401260375977,0.972433865070343,0.9797382950782776,0.975599467754364,0.9739962816238403,0.0016031861305236816,0.02009373903274536,-0.02739816904067993,False,False,completed
v_f88a0a406794823274a6,a person giving a presentation to a room full of colleagues,hybrid_exclude,full,0.9841278791427612,0.9210214018821716,0.9259544610977173,0.9959854483604431,0.8703534603118896,0.12563198804855347,0.0631064772605896,0.058173418045043945,False,False,completed
