scope,dimension,group_id,rows,models,unique_pairs,self_pairs,invalid_labels,pass
group,aesthetics,0,6,4,6,0,0,1
group,aesthetics,1,6,4,6,0,0,1
group,aesthetics,10,6,4,6,0,0,1
group,aesthetics,100,6,4,6,0,0,1
group,aesthetics,101,6,4,6,0,0,1
group,aesthetics,102,6,4,6,0,0,1
group,aesthetics,103,6,4,6,0,0,1
group,aesthetics,104,6,4,6,0,0,1
group,aesthetics,105,6,4,6,0,0,1
group,aesthetics,106,6,4,6,0,0,1
group,aesthetics,107,6,4,6,0,0,1
group,aesthetics,108,6,4,6,0,0,1
group,aesthetics,109,6,4,6,0,0,1
group,aesthetics,11,6,4,6,0,0,1
group,aesthetics,110,6,4,6,0,0,1
group,aesthetics,111,6,4,6,0,0,1
group,aesthetics,112,6,4,6,0,0,1
group,aesthetics,113,6,4,6,0,0,1
group,aesthetics,114,6,4,6,0,0,1
group,aesthetics,115,6,4,6,0,0,1
group,aesthetics,116,6,4,6,0,0,1
group,aesthetics,117,6,4,6,0,0,1
group,aesthetics,118,6,4,6,0,0,1
group,aesthetics,119,6,4,6,0,0,1
group,aesthetics,12,6,4,6,0,0,1
group,aesthetics,120,6,4,6,0,0,1
group,aesthetics,121,6,4,6,0,0,1
group,aesthetics,122,6,4,6,0,0,1
group,aesthetics,123,6,4,6,0,0,1
group,aesthetics,124,6,4,6,0,0,1
group,aesthetics,125,6,4,6,0,0,1
group,aesthetics,126,6,4,6,0,0,1
group,aesthetics,127,6,4,6,0,0,1
group,aesthetics,128,6,4,6,0,0,1
group,aesthetics,129,6,4,6,0,0,1
group,aesthetics,13,6,4,6,0,0,1
group,aesthetics,130,6,4,6,0,0,1
group,aesthetics,131,6,4,6,0,0,1
group,aesthetics,132,6,4,6,0,0,1
group,aesthetics,133,6,4,6,0,0,1
group,aesthetics,134,6,4,6,0,0,1
group,aesthetics,135,6,4,6,0,0,1
group,aesthetics,136,6,4,6,0,0,1
group,aesthetics,137,6,4,6,0,0,1
group,aesthetics,138,6,4,6,0,0,1
group,aesthetics,139,6,4,6,0,0,1
group,aesthetics,14,6,4,6,0,0,1
group,aesthetics,140,6,4,6,0,0,1
group,aesthetics,141,6,4,6,0,0,1
group,aesthetics,142,6,4,6,0,0,1
group,aesthetics,143,6,4,6,0,0,1
group,aesthetics,144,6,4,6,0,0,1
group,aesthetics,145,6,4,6,0,0,1
group,aesthetics,146,6,4,6,0,0,1
group,aesthetics,147,6,4,6,0,0,1
group,aesthetics,148,6,4,6,0,0,1
group,aesthetics,149,6,4,6,0,0,1
group,aesthetics,15,6,4,6,0,0,1
group,aesthetics,150,6,4,6,0,0,1
group,aesthetics,151,6,4,6,0,0,1
group,aesthetics,152,6,4,6,0,0,1
group,aesthetics,153,6,4,6,0,0,1
group,aesthetics,154,6,4,6,0,0,1
group,aesthetics,155,6,4,6,0,0,1
group,aesthetics,156,6,4,6,0,0,1
group,aesthetics,157,6,4,6,0,0,1
group,aesthetics,158,6,4,6,0,0,1
group,aesthetics,159,6,4,6,0,0,1
group,aesthetics,16,6,4,6,0,0,1
group,aesthetics,160,6,4,6,0,0,1
group,aesthetics,161,6,4,6,0,0,1
group,aesthetics,162,6,4,6,0,0,1
group,aesthetics,163,6,4,6,0,0,1
group,aesthetics,164,6,4,6,0,0,1
group,aesthetics,165,6,4,6,0,0,1
group,aesthetics,166,6,4,6,0,0,1
group,aesthetics,167,6,4,6,0,0,1
group,aesthetics,168,6,4,6,0,0,1
group,aesthetics,169,6,4,6,0,0,1
group,aesthetics,17,6,4,6,0,0,1
group,aesthetics,170,6,4,6,0,0,1
group,aesthetics,171,6,4,6,0,0,1
group,aesthetics,172,6,4,6,0,0,1
group,aesthetics,173,6,4,6,0,0,1
group,aesthetics,174,6,4,6,0,0,1
group,aesthetics,175,6,4,6,0,0,1
group,aesthetics,176,6,4,6,0,0,1
group,aesthetics,177,6,4,6,0,0,1
group,aesthetics,178,6,4,6,0,0,1
group,aesthetics,179,6,4,6,0,0,1
group,aesthetics,18,6,4,6,0,0,1
group,aesthetics,180,6,4,6,0,0,1
group,aesthetics,181,6,4,6,0,0,1
group,aesthetics,182,6,4,6,0,0,1
group,aesthetics,183,6,4,6,0,0,1
group,aesthetics,184,6,4,6,0,0,1
group,aesthetics,185,6,4,6,0,0,1
group,aesthetics,186,6,4,6,0,0,1
group,aesthetics,187,6,4,6,0,0,1
group,aesthetics,188,6,4,6,0,0,1
group,aesthetics,189,6,4,6,0,0,1
group,aesthetics,19,6,4,6,0,0,1
group,aesthetics,190,6,4,6,0,0,1
group,aesthetics,191,6,4,6,0,0,1
group,aesthetics,192,6,4,6,0,0,1
group,aesthetics,193,6,4,6,0,0,1
group,aesthetics,194,6,4,6,0,0,1
group,aesthetics,195,6,4,6,0,0,1
group,aesthetics,196,6,4,6,0,0,1
group,aesthetics,197,6,4,6,0,0,1
group,aesthetics,198,6,4,6,0,0,1
group,aesthetics,199,6,4,6,0,0,1
group,aesthetics,2,6,4,6,0,0,1
group,aesthetics,20,6,4,6,0,0,1
group,aesthetics,200,6,4,6,0,0,1
group,aesthetics,201,6,4,6,0,0,1
group,aesthetics,202,6,4,6,0,0,1
group,aesthetics,203,6,4,6,0,0,1
group,aesthetics,204,6,4,6,0,0,1
group,aesthetics,205,6,4,6,0,0,1
group,aesthetics,206,6,4,6,0,0,1
group,aesthetics,207,6,4,6,0,0,1
group,aesthetics,208,6,4,6,0,0,1
group,aesthetics,209,6,4,6,0,0,1
group,aesthetics,21,6,4,6,0,0,1
group,aesthetics,210,6,4,6,0,0,1
group,aesthetics,211,6,4,6,0,0,1
group,aesthetics,212,6,4,6,0,0,1
group,aesthetics,213,6,4,6,0,0,1
group,aesthetics,214,6,4,6,0,0,1
group,aesthetics,215,6,4,6,0,0,1
group,aesthetics,216,6,4,6,0,0,1
group,aesthetics,217,6,4,6,0,0,1
group,aesthetics,218,6,4,6,0,0,1
group,aesthetics,219,6,4,6,0,0,1
group,aesthetics,22,6,4,6,0,0,1
group,aesthetics,220,6,4,6,0,0,1
group,aesthetics,221,6,4,6,0,0,1
group,aesthetics,222,6,4,6,0,0,1
group,aesthetics,223,6,4,6,0,0,1
group,aesthetics,224,6,4,6,0,0,1
group,aesthetics,225,6,4,6,0,0,1
group,aesthetics,226,6,4,6,0,0,1
group,aesthetics,227,6,4,6,0,0,1
group,aesthetics,228,6,4,6,0,0,1
group,aesthetics,229,6,4,6,0,0,1
group,aesthetics,23,6,4,6,0,0,1
group,aesthetics,230,6,4,6,0,0,1
group,aesthetics,231,6,4,6,0,0,1
group,aesthetics,232,6,4,6,0,0,1
group,aesthetics,233,6,4,6,0,0,1
group,aesthetics,234,6,4,6,0,0,1
group,aesthetics,235,6,4,6,0,0,1
group,aesthetics,236,6,4,6,0,0,1
group,aesthetics,237,6,4,6,0,0,1
group,aesthetics,238,6,4,6,0,0,1
group,aesthetics,239,6,4,6,0,0,1
group,aesthetics,24,6,4,6,0,0,1
group,aesthetics,240,6,4,6,0,0,1
group,aesthetics,241,6,4,6,0,0,1
group,aesthetics,242,6,4,6,0,0,1
group,aesthetics,243,6,4,6,0,0,1
group,aesthetics,244,6,4,6,0,0,1
group,aesthetics,245,6,4,6,0,0,1
group,aesthetics,246,6,4,6,0,0,1
group,aesthetics,247,6,4,6,0,0,1
group,aesthetics,248,6,4,6,0,0,1
group,aesthetics,249,6,4,6,0,0,1
group,aesthetics,25,6,4,6,0,0,1
group,aesthetics,250,6,4,6,0,0,1
group,aesthetics,251,6,4,6,0,0,1
group,aesthetics,252,6,4,6,0,0,1
group,aesthetics,253,6,4,6,0,0,1
group,aesthetics,254,6,4,6,0,0,1
group,aesthetics,255,6,4,6,0,0,1
group,aesthetics,256,6,4,6,0,0,1
group,aesthetics,257,6,4,6,0,0,1
group,aesthetics,258,6,4,6,0,0,1
group,aesthetics,259,6,4,6,0,0,1
group,aesthetics,26,6,4,6,0,0,1
group,aesthetics,260,6,4,6,0,0,1
group,aesthetics,261,6,4,6,0,0,1
group,aesthetics,262,6,4,6,0,0,1
group,aesthetics,263,6,4,6,0,0,1
group,aesthetics,264,6,4,6,0,0,1
group,aesthetics,265,6,4,6,0,0,1
group,aesthetics,266,6,4,6,0,0,1
group,aesthetics,267,6,4,6,0,0,1
group,aesthetics,268,6,4,6,0,0,1
group,aesthetics,269,6,4,6,0,0,1
group,aesthetics,27,6,4,6,0,0,1
group,aesthetics,270,6,4,6,0,0,1
group,aesthetics,271,6,4,6,0,0,1
group,aesthetics,272,6,4,6,0,0,1
group,aesthetics,273,6,4,6,0,0,1
group,aesthetics,274,6,4,6,0,0,1
group,aesthetics,275,6,4,6,0,0,1
group,aesthetics,276,6,4,6,0,0,1
group,aesthetics,277,6,4,6,0,0,1
group,aesthetics,278,6,4,6,0,0,1
group,aesthetics,279,6,4,6,0,0,1
group,aesthetics,28,6,4,6,0,0,1
group,aesthetics,280,6,4,6,0,0,1
group,aesthetics,281,6,4,6,0,0,1
group,aesthetics,282,6,4,6,0,0,1
group,aesthetics,283,6,4,6,0,0,1
group,aesthetics,284,6,4,6,0,0,1
group,aesthetics,285,6,4,6,0,0,1
group,aesthetics,286,6,4,6,0,0,1
group,aesthetics,287,6,4,6,0,0,1
group,aesthetics,288,6,4,6,0,0,1
group,aesthetics,289,6,4,6,0,0,1
group,aesthetics,29,6,4,6,0,0,1
group,aesthetics,290,6,4,6,0,0,1
group,aesthetics,291,6,4,6,0,0,1
group,aesthetics,292,6,4,6,0,0,1
group,aesthetics,293,6,4,6,0,0,1
group,aesthetics,294,6,4,6,0,0,1
group,aesthetics,295,6,4,6,0,0,1
group,aesthetics,296,6,4,6,0,0,1
group,aesthetics,297,6,4,6,0,0,1
group,aesthetics,298,6,4,6,0,0,1
group,aesthetics,299,6,4,6,0,0,1
group,aesthetics,3,6,4,6,0,0,1
group,aesthetics,30,6,4,6,0,0,1
group,aesthetics,300,6,4,6,0,0,1
group,aesthetics,301,6,4,6,0,0,1
group,aesthetics,302,6,4,6,0,0,1
group,aesthetics,303,6,4,6,0,0,1
group,aesthetics,304,6,4,6,0,0,1
group,aesthetics,305,6,4,6,0,0,1
group,aesthetics,306,6,4,6,0,0,1
group,aesthetics,307,6,4,6,0,0,1
group,aesthetics,308,6,4,6,0,0,1
group,aesthetics,309,6,4,6,0,0,1
group,aesthetics,31,6,4,6,0,0,1
group,aesthetics,310,6,4,6,0,0,1
group,aesthetics,311,6,4,6,0,0,1
group,aesthetics,312,6,4,6,0,0,1
group,aesthetics,313,6,4,6,0,0,1
group,aesthetics,314,6,4,6,0,0,1
group,aesthetics,315,6,4,6,0,0,1
group,aesthetics,316,6,4,6,0,0,1
group,aesthetics,317,6,4,6,0,0,1
group,aesthetics,318,6,4,6,0,0,1
group,aesthetics,319,6,4,6,0,0,1
group,aesthetics,32,6,4,6,0,0,1
group,aesthetics,320,6,4,6,0,0,1
group,aesthetics,321,6,4,6,0,0,1
group,aesthetics,322,6,4,6,0,0,1
group,aesthetics,323,6,4,6,0,0,1
group,aesthetics,324,6,4,6,0,0,1
group,aesthetics,325,6,4,6,0,0,1
group,aesthetics,326,6,4,6,0,0,1
group,aesthetics,327,6,4,6,0,0,1
group,aesthetics,328,6,4,6,0,0,1
group,aesthetics,329,6,4,6,0,0,1
group,aesthetics,33,6,4,6,0,0,1
group,aesthetics,330,6,4,6,0,0,1
group,aesthetics,331,6,4,6,0,0,1
group,aesthetics,332,6,4,6,0,0,1
group,aesthetics,333,6,4,6,0,0,1
group,aesthetics,334,6,4,6,0,0,1
group,aesthetics,335,6,4,6,0,0,1
group,aesthetics,336,6,4,6,0,0,1
group,aesthetics,337,6,4,6,0,0,1
group,aesthetics,338,6,4,6,0,0,1
group,aesthetics,339,6,4,6,0,0,1
group,aesthetics,34,6,4,6,0,0,1
group,aesthetics,340,6,4,6,0,0,1
group,aesthetics,341,6,4,6,0,0,1
group,aesthetics,342,6,4,6,0,0,1
group,aesthetics,343,6,4,6,0,0,1
group,aesthetics,344,6,4,6,0,0,1
group,aesthetics,345,6,4,6,0,0,1
group,aesthetics,346,6,4,6,0,0,1
group,aesthetics,347,6,4,6,0,0,1
group,aesthetics,348,6,4,6,0,0,1
group,aesthetics,349,6,4,6,0,0,1
group,aesthetics,35,6,4,6,0,0,1
group,aesthetics,350,6,4,6,0,0,1
group,aesthetics,351,6,4,6,0,0,1
group,aesthetics,352,6,4,6,0,0,1
group,aesthetics,353,6,4,6,0,0,1
group,aesthetics,354,6,4,6,0,0,1
group,aesthetics,355,6,4,6,0,0,1
group,aesthetics,356,6,4,6,0,0,1
group,aesthetics,357,6,4,6,0,0,1
group,aesthetics,358,6,4,6,0,0,1
group,aesthetics,359,6,4,6,0,0,1
group,aesthetics,36,6,4,6,0,0,1
group,aesthetics,360,6,4,6,0,0,1
group,aesthetics,361,6,4,6,0,0,1
group,aesthetics,362,6,4,6,0,0,1
group,aesthetics,363,6,4,6,0,0,1
group,aesthetics,364,6,4,6,0,0,1
group,aesthetics,365,6,4,6,0,0,1
group,aesthetics,366,6,4,6,0,0,1
group,aesthetics,367,6,4,6,0,0,1
group,aesthetics,368,6,4,6,0,0,1
group,aesthetics,369,6,4,6,0,0,1
group,aesthetics,37,6,4,6,0,0,1
group,aesthetics,370,6,4,6,0,0,1
group,aesthetics,371,6,4,6,0,0,1
group,aesthetics,372,6,4,6,0,0,1
group,aesthetics,373,6,4,6,0,0,1
group,aesthetics,374,6,4,6,0,0,1
group,aesthetics,375,6,4,6,0,0,1
group,aesthetics,376,6,4,6,0,0,1
group,aesthetics,377,6,4,6,0,0,1
group,aesthetics,378,6,4,6,0,0,1
group,aesthetics,379,6,4,6,0,0,1
group,aesthetics,38,6,4,6,0,0,1
group,aesthetics,380,6,4,6,0,0,1
group,aesthetics,381,6,4,6,0,0,1
group,aesthetics,382,6,4,6,0,0,1
group,aesthetics,383,6,4,6,0,0,1
group,aesthetics,384,6,4,6,0,0,1
group,aesthetics,385,6,4,6,0,0,1
group,aesthetics,386,6,4,6,0,0,1
group,aesthetics,387,6,4,6,0,0,1
group,aesthetics,388,6,4,6,0,0,1
group,aesthetics,389,6,4,6,0,0,1
group,aesthetics,39,6,4,6,0,0,1
group,aesthetics,390,6,4,6,0,0,1
group,aesthetics,391,6,4,6,0,0,1
group,aesthetics,392,6,4,6,0,0,1
group,aesthetics,393,6,4,6,0,0,1
group,aesthetics,394,6,4,6,0,0,1
group,aesthetics,395,6,4,6,0,0,1
group,aesthetics,396,6,4,6,0,0,1
group,aesthetics,397,6,4,6,0,0,1
group,aesthetics,398,6,4,6,0,0,1
group,aesthetics,399,6,4,6,0,0,1
group,aesthetics,4,6,4,6,0,0,1
group,aesthetics,40,6,4,6,0,0,1
group,aesthetics,400,6,4,6,0,0,1
group,aesthetics,401,6,4,6,0,0,1
group,aesthetics,402,6,4,6,0,0,1
group,aesthetics,403,6,4,6,0,0,1
group,aesthetics,404,6,4,6,0,0,1
group,aesthetics,405,6,4,6,0,0,1
group,aesthetics,406,6,4,6,0,0,1
group,aesthetics,407,6,4,6,0,0,1
group,aesthetics,408,6,4,6,0,0,1
group,aesthetics,409,6,4,6,0,0,1
group,aesthetics,41,6,4,6,0,0,1
group,aesthetics,410,6,4,6,0,0,1
group,aesthetics,411,6,4,6,0,0,1
group,aesthetics,412,6,4,6,0,0,1
group,aesthetics,413,6,4,6,0,0,1
group,aesthetics,414,6,4,6,0,0,1
group,aesthetics,415,6,4,6,0,0,1
group,aesthetics,416,6,4,6,0,0,1
group,aesthetics,417,6,4,6,0,0,1
group,aesthetics,418,6,4,6,0,0,1
group,aesthetics,419,6,4,6,0,0,1
group,aesthetics,42,6,4,6,0,0,1
group,aesthetics,420,6,4,6,0,0,1
group,aesthetics,421,6,4,6,0,0,1
group,aesthetics,422,6,4,6,0,0,1
group,aesthetics,423,6,4,6,0,0,1
group,aesthetics,424,6,4,6,0,0,1
group,aesthetics,425,6,4,6,0,0,1
group,aesthetics,426,6,4,6,0,0,1
group,aesthetics,427,6,4,6,0,0,1
group,aesthetics,428,6,4,6,0,0,1
group,aesthetics,429,6,4,6,0,0,1
group,aesthetics,43,6,4,6,0,0,1
group,aesthetics,430,6,4,6,0,0,1
group,aesthetics,431,6,4,6,0,0,1
group,aesthetics,432,6,4,6,0,0,1
group,aesthetics,433,6,4,6,0,0,1
group,aesthetics,434,6,4,6,0,0,1
group,aesthetics,435,6,4,6,0,0,1
group,aesthetics,436,6,4,6,0,0,1
group,aesthetics,437,6,4,6,0,0,1
group,aesthetics,438,6,4,6,0,0,1
group,aesthetics,439,6,4,6,0,0,1
group,aesthetics,44,6,4,6,0,0,1
group,aesthetics,440,6,4,6,0,0,1
group,aesthetics,441,6,4,6,0,0,1
group,aesthetics,442,6,4,6,0,0,1
group,aesthetics,443,6,4,6,0,0,1
group,aesthetics,444,6,4,6,0,0,1
group,aesthetics,445,6,4,6,0,0,1
group,aesthetics,446,6,4,6,0,0,1
group,aesthetics,447,6,4,6,0,0,1
group,aesthetics,448,6,4,6,0,0,1
group,aesthetics,449,6,4,6,0,0,1
group,aesthetics,45,6,4,6,0,0,1
group,aesthetics,450,6,4,6,0,0,1
group,aesthetics,451,6,4,6,0,0,1
group,aesthetics,452,6,4,6,0,0,1
group,aesthetics,453,6,4,6,0,0,1
group,aesthetics,454,6,4,6,0,0,1
group,aesthetics,455,6,4,6,0,0,1
group,aesthetics,456,6,4,6,0,0,1
group,aesthetics,457,6,4,6,0,0,1
group,aesthetics,458,6,4,6,0,0,1
group,aesthetics,459,6,4,6,0,0,1
group,aesthetics,46,6,4,6,0,0,1
group,aesthetics,460,6,4,6,0,0,1
group,aesthetics,461,6,4,6,0,0,1
group,aesthetics,462,6,4,6,0,0,1
group,aesthetics,463,6,4,6,0,0,1
group,aesthetics,464,6,4,6,0,0,1
group,aesthetics,47,6,4,6,0,0,1
group,aesthetics,48,6,4,6,0,0,1
group,aesthetics,49,6,4,6,0,0,1
group,aesthetics,5,6,4,6,0,0,1
group,aesthetics,50,6,4,6,0,0,1
group,aesthetics,51,6,4,6,0,0,1
group,aesthetics,52,6,4,6,0,0,1
group,aesthetics,53,6,4,6,0,0,1
group,aesthetics,54,6,4,6,0,0,1
group,aesthetics,55,6,4,6,0,0,1
group,aesthetics,56,6,4,6,0,0,1
group,aesthetics,57,6,4,6,0,0,1
group,aesthetics,58,6,4,6,0,0,1
group,aesthetics,59,6,4,6,0,0,1
group,aesthetics,6,6,4,6,0,0,1
group,aesthetics,60,6,4,6,0,0,1
group,aesthetics,61,6,4,6,0,0,1
group,aesthetics,62,6,4,6,0,0,1
group,aesthetics,63,6,4,6,0,0,1
group,aesthetics,64,6,4,6,0,0,1
group,aesthetics,65,6,4,6,0,0,1
group,aesthetics,66,6,4,6,0,0,1
group,aesthetics,67,6,4,6,0,0,1
group,aesthetics,68,6,4,6,0,0,1
group,aesthetics,69,6,4,6,0,0,1
group,aesthetics,7,6,4,6,0,0,1
group,aesthetics,70,6,4,6,0,0,1
group,aesthetics,71,6,4,6,0,0,1
group,aesthetics,72,6,4,6,0,0,1
group,aesthetics,73,6,4,6,0,0,1
group,aesthetics,74,6,4,6,0,0,1
group,aesthetics,75,6,4,6,0,0,1
group,aesthetics,76,6,4,6,0,0,1
group,aesthetics,77,6,4,6,0,0,1
group,aesthetics,78,6,4,6,0,0,1
group,aesthetics,79,6,4,6,0,0,1
group,aesthetics,8,6,4,6,0,0,1
group,aesthetics,80,6,4,6,0,0,1
group,aesthetics,81,6,4,6,0,0,1
group,aesthetics,82,6,4,6,0,0,1
group,aesthetics,83,6,4,6,0,0,1
group,aesthetics,84,6,4,6,0,0,1
group,aesthetics,85,6,4,6,0,0,1
group,aesthetics,86,6,4,6,0,0,1
group,aesthetics,87,6,4,6,0,0,1
group,aesthetics,88,6,4,6,0,0,1
group,aesthetics,89,6,4,6,0,0,1
group,aesthetics,9,6,4,6,0,0,1
group,aesthetics,90,6,4,6,0,0,1
group,aesthetics,91,6,4,6,0,0,1
group,aesthetics,92,6,4,6,0,0,1
group,aesthetics,93,6,4,6,0,0,1
group,aesthetics,94,6,4,6,0,0,1
group,aesthetics,95,6,4,6,0,0,1
group,aesthetics,96,6,4,6,0,0,1
group,aesthetics,97,6,4,6,0,0,1
group,aesthetics,98,6,4,6,0,0,1
group,aesthetics,99,6,4,6,0,0,1
group,appearance_style,0,6,4,6,0,0,1
group,appearance_style,1,6,4,6,0,0,1
group,appearance_style,10,6,4,6,0,0,1
group,appearance_style,100,6,4,6,0,0,1
group,appearance_style,101,6,4,6,0,0,1
group,appearance_style,102,6,4,6,0,0,1
group,appearance_style,103,6,4,6,0,0,1
group,appearance_style,104,6,4,6,0,0,1
group,appearance_style,105,6,4,6,0,0,1
group,appearance_style,106,6,4,6,0,0,1
group,appearance_style,107,6,4,6,0,0,1
group,appearance_style,108,6,4,6,0,0,1
group,appearance_style,109,6,4,6,0,0,1
group,appearance_style,11,6,4,6,0,0,1
group,appearance_style,110,6,4,6,0,0,1
group,appearance_style,111,6,4,6,0,0,1
group,appearance_style,112,6,4,6,0,0,1
group,appearance_style,113,6,4,6,0,0,1
group,appearance_style,114,6,4,6,0,0,1
group,appearance_style,115,6,4,6,0,0,1
group,appearance_style,116,6,4,6,0,0,1
group,appearance_style,117,6,4,6,0,0,1
group,appearance_style,118,6,4,6,0,0,1
group,appearance_style,119,6,4,6,0,0,1
group,appearance_style,12,6,4,6,0,0,1
group,appearance_style,120,6,4,6,0,0,1
group,appearance_style,121,6,4,6,0,0,1
group,appearance_style,122,6,4,6,0,0,1
group,appearance_style,123,6,4,6,0,0,1
group,appearance_style,124,6,4,6,0,0,1
group,appearance_style,125,6,4,6,0,0,1
group,appearance_style,126,6,4,6,0,0,1
group,appearance_style,127,6,4,6,0,0,1
group,appearance_style,128,6,4,6,0,0,1
group,appearance_style,129,6,4,6,0,0,1
group,appearance_style,13,6,4,6,0,0,1
group,appearance_style,130,6,4,6,0,0,1
group,appearance_style,131,6,4,6,0,0,1
group,appearance_style,132,6,4,6,0,0,1
group,appearance_style,133,6,4,6,0,0,1
group,appearance_style,134,6,4,6,0,0,1
group,appearance_style,135,6,4,6,0,0,1
group,appearance_style,136,6,4,6,0,0,1
group,appearance_style,137,6,4,6,0,0,1
group,appearance_style,138,6,4,6,0,0,1
group,appearance_style,139,6,4,6,0,0,1
group,appearance_style,14,6,4,6,0,0,1
group,appearance_style,140,6,4,6,0,0,1
group,appearance_style,141,6,4,6,0,0,1
group,appearance_style,142,6,4,6,0,0,1
group,appearance_style,143,6,4,6,0,0,1
group,appearance_style,144,6,4,6,0,0,1
group,appearance_style,145,6,4,6,0,0,1
group,appearance_style,146,6,4,6,0,0,1
group,appearance_style,147,6,4,6,0,0,1
group,appearance_style,148,6,4,6,0,0,1
group,appearance_style,149,6,4,6,0,0,1
group,appearance_style,15,6,4,6,0,0,1
group,appearance_style,150,6,4,6,0,0,1
group,appearance_style,151,6,4,6,0,0,1
group,appearance_style,152,6,4,6,0,0,1
group,appearance_style,153,6,4,6,0,0,1
group,appearance_style,154,6,4,6,0,0,1
group,appearance_style,155,6,4,6,0,0,1
group,appearance_style,156,6,4,6,0,0,1
group,appearance_style,157,6,4,6,0,0,1
group,appearance_style,158,6,4,6,0,0,1
group,appearance_style,159,6,4,6,0,0,1
group,appearance_style,16,6,4,6,0,0,1
group,appearance_style,160,6,4,6,0,0,1
group,appearance_style,161,6,4,6,0,0,1
group,appearance_style,162,6,4,6,0,0,1
group,appearance_style,163,6,4,6,0,0,1
group,appearance_style,164,6,4,6,0,0,1
group,appearance_style,165,6,4,6,0,0,1
group,appearance_style,166,6,4,6,0,0,1
group,appearance_style,167,6,4,6,0,0,1
group,appearance_style,168,6,4,6,0,0,1
group,appearance_style,169,6,4,6,0,0,1
group,appearance_style,17,6,4,6,0,0,1
group,appearance_style,170,6,4,6,0,0,1
group,appearance_style,171,6,4,6,0,0,1
group,appearance_style,172,6,4,6,0,0,1
group,appearance_style,173,6,4,6,0,0,1
group,appearance_style,174,6,4,6,0,0,1
group,appearance_style,175,6,4,6,0,0,1
group,appearance_style,176,6,4,6,0,0,1
group,appearance_style,177,6,4,6,0,0,1
group,appearance_style,178,6,4,6,0,0,1
group,appearance_style,179,6,4,6,0,0,1
group,appearance_style,18,6,4,6,0,0,1
group,appearance_style,180,6,4,6,0,0,1
group,appearance_style,181,6,4,6,0,0,1
group,appearance_style,182,6,4,6,0,0,1
group,appearance_style,183,6,4,6,0,0,1
group,appearance_style,184,6,4,6,0,0,1
group,appearance_style,185,6,4,6,0,0,1
group,appearance_style,186,6,4,6,0,0,1
group,appearance_style,187,6,4,6,0,0,1
group,appearance_style,188,6,4,6,0,0,1
group,appearance_style,189,6,4,6,0,0,1
group,appearance_style,19,6,4,6,0,0,1
group,appearance_style,190,6,4,6,0,0,1
group,appearance_style,191,6,4,6,0,0,1
group,appearance_style,192,6,4,6,0,0,1
group,appearance_style,193,6,4,6,0,0,1
group,appearance_style,194,6,4,6,0,0,1
group,appearance_style,195,6,4,6,0,0,1
group,appearance_style,196,6,4,6,0,0,1
group,appearance_style,197,6,4,6,0,0,1
group,appearance_style,198,6,4,6,0,0,1
group,appearance_style,199,6,4,6,0,0,1
group,appearance_style,2,6,4,6,0,0,1
group,appearance_style,20,6,4,6,0,0,1
group,appearance_style,200,6,4,6,0,0,1
group,appearance_style,201,6,4,6,0,0,1
group,appearance_style,202,6,4,6,0,0,1
group,appearance_style,203,6,4,6,0,0,1
group,appearance_style,204,6,4,6,0,0,1
group,appearance_style,205,6,4,6,0,0,1
group,appearance_style,206,6,4,6,0,0,1
group,appearance_style,207,6,4,6,0,0,1
group,appearance_style,208,6,4,6,0,0,1
group,appearance_style,209,6,4,6,0,0,1
group,appearance_style,21,6,4,6,0,0,1
group,appearance_style,210,6,4,6,0,0,1
group,appearance_style,211,6,4,6,0,0,1
group,appearance_style,212,6,4,6,0,0,1
group,appearance_style,213,6,4,6,0,0,1
group,appearance_style,214,6,4,6,0,0,1
group,appearance_style,215,6,4,6,0,0,1
group,appearance_style,216,6,4,6,0,0,1
group,appearance_style,217,6,4,6,0,0,1
group,appearance_style,218,6,4,6,0,0,1
group,appearance_style,219,6,4,6,0,0,1
group,appearance_style,22,6,4,6,0,0,1
group,appearance_style,220,6,4,6,0,0,1
group,appearance_style,221,6,4,6,0,0,1
group,appearance_style,222,6,4,6,0,0,1
group,appearance_style,223,6,4,6,0,0,1
group,appearance_style,224,6,4,6,0,0,1
group,appearance_style,225,6,4,6,0,0,1
group,appearance_style,226,6,4,6,0,0,1
group,appearance_style,227,6,4,6,0,0,1
group,appearance_style,228,6,4,6,0,0,1
group,appearance_style,229,6,4,6,0,0,1
group,appearance_style,23,6,4,6,0,0,1
group,appearance_style,230,6,4,6,0,0,1
group,appearance_style,231,6,4,6,0,0,1
group,appearance_style,232,6,4,6,0,0,1
group,appearance_style,233,6,4,6,0,0,1
group,appearance_style,234,6,4,6,0,0,1
group,appearance_style,235,6,4,6,0,0,1
group,appearance_style,236,6,4,6,0,0,1
group,appearance_style,237,6,4,6,0,0,1
group,appearance_style,238,6,4,6,0,0,1
group,appearance_style,239,6,4,6,0,0,1
group,appearance_style,24,6,4,6,0,0,1
group,appearance_style,240,6,4,6,0,0,1
group,appearance_style,241,6,4,6,0,0,1
group,appearance_style,242,6,4,6,0,0,1
group,appearance_style,243,6,4,6,0,0,1
group,appearance_style,244,6,4,6,0,0,1
group,appearance_style,245,6,4,6,0,0,1
group,appearance_style,246,6,4,6,0,0,1
group,appearance_style,247,6,4,6,0,0,1
group,appearance_style,248,6,4,6,0,0,1
group,appearance_style,249,6,4,6,0,0,1
group,appearance_style,25,6,4,6,0,0,1
group,appearance_style,250,6,4,6,0,0,1
group,appearance_style,251,6,4,6,0,0,1
group,appearance_style,252,6,4,6,0,0,1
group,appearance_style,253,6,4,6,0,0,1
group,appearance_style,254,6,4,6,0,0,1
group,appearance_style,255,6,4,6,0,0,1
group,appearance_style,256,6,4,6,0,0,1
group,appearance_style,257,6,4,6,0,0,1
group,appearance_style,258,6,4,6,0,0,1
group,appearance_style,259,6,4,6,0,0,1
group,appearance_style,26,6,4,6,0,0,1
group,appearance_style,260,6,4,6,0,0,1
group,appearance_style,261,6,4,6,0,0,1
group,appearance_style,262,6,4,6,0,0,1
group,appearance_style,263,6,4,6,0,0,1
group,appearance_style,264,6,4,6,0,0,1
group,appearance_style,265,6,4,6,0,0,1
group,appearance_style,266,6,4,6,0,0,1
group,appearance_style,267,6,4,6,0,0,1
group,appearance_style,268,6,4,6,0,0,1
group,appearance_style,269,6,4,6,0,0,1
group,appearance_style,27,6,4,6,0,0,1
group,appearance_style,270,6,4,6,0,0,1
group,appearance_style,271,6,4,6,0,0,1
group,appearance_style,272,6,4,6,0,0,1
group,appearance_style,273,6,4,6,0,0,1
group,appearance_style,274,6,4,6,0,0,1
group,appearance_style,275,6,4,6,0,0,1
group,appearance_style,276,6,4,6,0,0,1
group,appearance_style,277,6,4,6,0,0,1
group,appearance_style,278,6,4,6,0,0,1
group,appearance_style,279,6,4,6,0,0,1
group,appearance_style,28,6,4,6,0,0,1
group,appearance_style,280,6,4,6,0,0,1
group,appearance_style,281,6,4,6,0,0,1
group,appearance_style,282,6,4,6,0,0,1
group,appearance_style,283,6,4,6,0,0,1
group,appearance_style,284,6,4,6,0,0,1
group,appearance_style,285,6,4,6,0,0,1
group,appearance_style,286,6,4,6,0,0,1
group,appearance_style,287,6,4,6,0,0,1
group,appearance_style,288,6,4,6,0,0,1
group,appearance_style,289,6,4,6,0,0,1
group,appearance_style,29,6,4,6,0,0,1
group,appearance_style,290,6,4,6,0,0,1
group,appearance_style,291,6,4,6,0,0,1
group,appearance_style,292,6,4,6,0,0,1
group,appearance_style,293,6,4,6,0,0,1
group,appearance_style,294,6,4,6,0,0,1
group,appearance_style,295,6,4,6,0,0,1
group,appearance_style,296,6,4,6,0,0,1
group,appearance_style,297,6,4,6,0,0,1
group,appearance_style,298,6,4,6,0,0,1
group,appearance_style,299,6,4,6,0,0,1
group,appearance_style,3,6,4,6,0,0,1
group,appearance_style,30,6,4,6,0,0,1
group,appearance_style,300,6,4,6,0,0,1
group,appearance_style,301,6,4,6,0,0,1
group,appearance_style,302,6,4,6,0,0,1
group,appearance_style,303,6,4,6,0,0,1
group,appearance_style,304,6,4,6,0,0,1
group,appearance_style,305,6,4,6,0,0,1
group,appearance_style,306,6,4,6,0,0,1
group,appearance_style,307,6,4,6,0,0,1
group,appearance_style,308,6,4,6,0,0,1
group,appearance_style,309,6,4,6,0,0,1
group,appearance_style,31,6,4,6,0,0,1
group,appearance_style,310,6,4,6,0,0,1
group,appearance_style,311,6,4,6,0,0,1
group,appearance_style,312,6,4,6,0,0,1
group,appearance_style,313,6,4,6,0,0,1
group,appearance_style,314,6,4,6,0,0,1
group,appearance_style,315,6,4,6,0,0,1
group,appearance_style,316,6,4,6,0,0,1
group,appearance_style,317,6,4,6,0,0,1
group,appearance_style,318,6,4,6,0,0,1
group,appearance_style,319,6,4,6,0,0,1
group,appearance_style,32,6,4,6,0,0,1
group,appearance_style,320,6,4,6,0,0,1
group,appearance_style,321,6,4,6,0,0,1
group,appearance_style,322,6,4,6,0,0,1
group,appearance_style,323,6,4,6,0,0,1
group,appearance_style,324,6,4,6,0,0,1
group,appearance_style,325,6,4,6,0,0,1
group,appearance_style,326,6,4,6,0,0,1
group,appearance_style,327,6,4,6,0,0,1
group,appearance_style,328,6,4,6,0,0,1
group,appearance_style,329,6,4,6,0,0,1
group,appearance_style,33,6,4,6,0,0,1
group,appearance_style,330,6,4,6,0,0,1
group,appearance_style,331,6,4,6,0,0,1
group,appearance_style,332,6,4,6,0,0,1
group,appearance_style,333,6,4,6,0,0,1
group,appearance_style,334,6,4,6,0,0,1
group,appearance_style,335,6,4,6,0,0,1
group,appearance_style,336,6,4,6,0,0,1
group,appearance_style,337,6,4,6,0,0,1
group,appearance_style,338,6,4,6,0,0,1
group,appearance_style,339,6,4,6,0,0,1
group,appearance_style,34,6,4,6,0,0,1
group,appearance_style,340,6,4,6,0,0,1
group,appearance_style,341,6,4,6,0,0,1
group,appearance_style,342,6,4,6,0,0,1
group,appearance_style,343,6,4,6,0,0,1
group,appearance_style,344,6,4,6,0,0,1
group,appearance_style,345,6,4,6,0,0,1
group,appearance_style,346,6,4,6,0,0,1
group,appearance_style,347,6,4,6,0,0,1
group,appearance_style,348,6,4,6,0,0,1
group,appearance_style,349,6,4,6,0,0,1
group,appearance_style,35,6,4,6,0,0,1
group,appearance_style,350,6,4,6,0,0,1
group,appearance_style,351,6,4,6,0,0,1
group,appearance_style,352,6,4,6,0,0,1
group,appearance_style,353,6,4,6,0,0,1
group,appearance_style,354,6,4,6,0,0,1
group,appearance_style,355,6,4,6,0,0,1
group,appearance_style,356,6,4,6,0,0,1
group,appearance_style,357,6,4,6,0,0,1
group,appearance_style,358,6,4,6,0,0,1
group,appearance_style,359,6,4,6,0,0,1
group,appearance_style,36,6,4,6,0,0,1
group,appearance_style,360,6,4,6,0,0,1
group,appearance_style,361,6,4,6,0,0,1
group,appearance_style,362,6,4,6,0,0,1
group,appearance_style,363,6,4,6,0,0,1
group,appearance_style,364,6,4,6,0,0,1
group,appearance_style,365,6,4,6,0,0,1
group,appearance_style,366,6,4,6,0,0,1
group,appearance_style,367,6,4,6,0,0,1
group,appearance_style,368,6,4,6,0,0,1
group,appearance_style,369,6,4,6,0,0,1
group,appearance_style,37,6,4,6,0,0,1
group,appearance_style,370,6,4,6,0,0,1
group,appearance_style,371,6,4,6,0,0,1
group,appearance_style,372,6,4,6,0,0,1
group,appearance_style,373,6,4,6,0,0,1
group,appearance_style,374,6,4,6,0,0,1
group,appearance_style,375,6,4,6,0,0,1
group,appearance_style,376,6,4,6,0,0,1
group,appearance_style,377,6,4,6,0,0,1
group,appearance_style,378,6,4,6,0,0,1
group,appearance_style,379,6,4,6,0,0,1
group,appearance_style,38,6,4,6,0,0,1
group,appearance_style,380,6,4,6,0,0,1
group,appearance_style,381,6,4,6,0,0,1
group,appearance_style,382,6,4,6,0,0,1
group,appearance_style,383,6,4,6,0,0,1
group,appearance_style,384,6,4,6,0,0,1
group,appearance_style,385,6,4,6,0,0,1
group,appearance_style,386,6,4,6,0,0,1
group,appearance_style,387,6,4,6,0,0,1
group,appearance_style,388,6,4,6,0,0,1
group,appearance_style,389,6,4,6,0,0,1
group,appearance_style,39,6,4,6,0,0,1
group,appearance_style,390,6,4,6,0,0,1
group,appearance_style,391,6,4,6,0,0,1
group,appearance_style,392,6,4,6,0,0,1
group,appearance_style,393,6,4,6,0,0,1
group,appearance_style,394,6,4,6,0,0,1
group,appearance_style,395,6,4,6,0,0,1
group,appearance_style,396,6,4,6,0,0,1
group,appearance_style,397,6,4,6,0,0,1
group,appearance_style,398,6,4,6,0,0,1
group,appearance_style,399,6,4,6,0,0,1
group,appearance_style,4,6,4,6,0,0,1
group,appearance_style,40,6,4,6,0,0,1
group,appearance_style,400,6,4,6,0,0,1
group,appearance_style,401,6,4,6,0,0,1
group,appearance_style,402,6,4,6,0,0,1
group,appearance_style,403,6,4,6,0,0,1
group,appearance_style,404,6,4,6,0,0,1
group,appearance_style,405,6,4,6,0,0,1
group,appearance_style,406,6,4,6,0,0,1
group,appearance_style,407,6,4,6,0,0,1
group,appearance_style,408,6,4,6,0,0,1
group,appearance_style,409,6,4,6,0,0,1
group,appearance_style,41,6,4,6,0,0,1
group,appearance_style,410,6,4,6,0,0,1
group,appearance_style,411,6,4,6,0,0,1
group,appearance_style,412,6,4,6,0,0,1
group,appearance_style,413,6,4,6,0,0,1
group,appearance_style,414,6,4,6,0,0,1
group,appearance_style,415,6,4,6,0,0,1
group,appearance_style,416,6,4,6,0,0,1
group,appearance_style,417,6,4,6,0,0,1
group,appearance_style,418,6,4,6,0,0,1
group,appearance_style,419,6,4,6,0,0,1
group,appearance_style,42,6,4,6,0,0,1
group,appearance_style,420,6,4,6,0,0,1
group,appearance_style,421,6,4,6,0,0,1
group,appearance_style,422,6,4,6,0,0,1
group,appearance_style,423,6,4,6,0,0,1
group,appearance_style,424,6,4,6,0,0,1
group,appearance_style,425,6,4,6,0,0,1
group,appearance_style,426,6,4,6,0,0,1
group,appearance_style,427,6,4,6,0,0,1
group,appearance_style,428,6,4,6,0,0,1
group,appearance_style,429,6,4,6,0,0,1
group,appearance_style,43,6,4,6,0,0,1
group,appearance_style,430,6,4,6,0,0,1
group,appearance_style,431,6,4,6,0,0,1
group,appearance_style,432,6,4,6,0,0,1
group,appearance_style,433,6,4,6,0,0,1
group,appearance_style,434,6,4,6,0,0,1
group,appearance_style,435,6,4,6,0,0,1
group,appearance_style,436,6,4,6,0,0,1
group,appearance_style,437,6,4,6,0,0,1
group,appearance_style,438,6,4,6,0,0,1
group,appearance_style,439,6,4,6,0,0,1
group,appearance_style,44,6,4,6,0,0,1
group,appearance_style,440,6,4,6,0,0,1
group,appearance_style,441,6,4,6,0,0,1
group,appearance_style,442,6,4,6,0,0,1
group,appearance_style,443,6,4,6,0,0,1
group,appearance_style,444,6,4,6,0,0,1
group,appearance_style,445,6,4,6,0,0,1
group,appearance_style,446,6,4,6,0,0,1
group,appearance_style,447,6,4,6,0,0,1
group,appearance_style,448,6,4,6,0,0,1
group,appearance_style,449,6,4,6,0,0,1
group,appearance_style,45,6,4,6,0,0,1
group,appearance_style,46,6,4,6,0,0,1
group,appearance_style,47,6,4,6,0,0,1
group,appearance_style,48,6,4,6,0,0,1
group,appearance_style,49,6,4,6,0,0,1
group,appearance_style,5,6,4,6,0,0,1
group,appearance_style,50,6,4,6,0,0,1
group,appearance_style,51,6,4,6,0,0,1
group,appearance_style,52,6,4,6,0,0,1
group,appearance_style,53,6,4,6,0,0,1
group,appearance_style,54,6,4,6,0,0,1
group,appearance_style,55,6,4,6,0,0,1
group,appearance_style,56,6,4,6,0,0,1
group,appearance_style,57,6,4,6,0,0,1
group,appearance_style,58,6,4,6,0,0,1
group,appearance_style,59,6,4,6,0,0,1
group,appearance_style,6,6,4,6,0,0,1
group,appearance_style,60,6,4,6,0,0,1
group,appearance_style,61,6,4,6,0,0,1
group,appearance_style,62,6,4,6,0,0,1
group,appearance_style,63,6,4,6,0,0,1
group,appearance_style,64,6,4,6,0,0,1
group,appearance_style,65,6,4,6,0,0,1
group,appearance_style,66,6,4,6,0,0,1
group,appearance_style,67,6,4,6,0,0,1
group,appearance_style,68,6,4,6,0,0,1
group,appearance_style,69,6,4,6,0,0,1
group,appearance_style,7,6,4,6,0,0,1
group,appearance_style,70,6,4,6,0,0,1
group,appearance_style,71,6,4,6,0,0,1
group,appearance_style,72,6,4,6,0,0,1
group,appearance_style,73,6,4,6,0,0,1
group,appearance_style,74,6,4,6,0,0,1
group,appearance_style,75,6,4,6,0,0,1
group,appearance_style,76,6,4,6,0,0,1
group,appearance_style,77,6,4,6,0,0,1
group,appearance_style,78,6,4,6,0,0,1
group,appearance_style,79,6,4,6,0,0,1
group,appearance_style,8,6,4,6,0,0,1
group,appearance_style,80,6,4,6,0,0,1
group,appearance_style,81,6,4,6,0,0,1
group,appearance_style,82,6,4,6,0,0,1
group,appearance_style,83,6,4,6,0,0,1
group,appearance_style,84,6,4,6,0,0,1
group,appearance_style,85,6,4,6,0,0,1
group,appearance_style,86,6,4,6,0,0,1
group,appearance_style,87,6,4,6,0,0,1
group,appearance_style,88,6,4,6,0,0,1
group,appearance_style,89,6,4,6,0,0,1
group,appearance_style,9,6,4,6,0,0,1
group,appearance_style,90,6,4,6,0,0,1
group,appearance_style,91,6,4,6,0,0,1
group,appearance_style,92,6,4,6,0,0,1
group,appearance_style,93,6,4,6,0,0,1
group,appearance_style,94,6,4,6,0,0,1
group,appearance_style,95,6,4,6,0,0,1
group,appearance_style,96,6,4,6,0,0,1
group,appearance_style,97,6,4,6,0,0,1
group,appearance_style,98,6,4,6,0,0,1
group,appearance_style,99,6,4,6,0,0,1
group,background_consistency,0,6,4,6,0,0,1
group,background_consistency,1,6,4,6,0,0,1
group,background_consistency,10,6,4,6,0,0,1
group,background_consistency,100,6,4,6,0,0,1
group,background_consistency,101,6,4,6,0,0,1
group,background_consistency,102,6,4,6,0,0,1
group,background_consistency,103,6,4,6,0,0,1
group,background_consistency,104,6,4,6,0,0,1
group,background_consistency,105,6,4,6,0,0,1
group,background_consistency,106,6,4,6,0,0,1
group,background_consistency,107,6,4,6,0,0,1
group,background_consistency,108,6,4,6,0,0,1
group,background_consistency,109,6,4,6,0,0,1
group,background_consistency,11,6,4,6,0,0,1
group,background_consistency,110,6,4,6,0,0,1
group,background_consistency,111,6,4,6,0,0,1
group,background_consistency,112,6,4,6,0,0,1
group,background_consistency,113,6,4,6,0,0,1
group,background_consistency,114,6,4,6,0,0,1
group,background_consistency,115,6,4,6,0,0,1
group,background_consistency,116,6,4,6,0,0,1
group,background_consistency,117,6,4,6,0,0,1
group,background_consistency,118,6,4,6,0,0,1
group,background_consistency,119,6,4,6,0,0,1
group,background_consistency,12,6,4,6,0,0,1
group,background_consistency,120,6,4,6,0,0,1
group,background_consistency,121,6,4,6,0,0,1
group,background_consistency,122,6,4,6,0,0,1
group,background_consistency,123,6,4,6,0,0,1
group,background_consistency,124,6,4,6,0,0,1
group,background_consistency,125,6,4,6,0,0,1
group,background_consistency,126,6,4,6,0,0,1
group,background_consistency,127,6,4,6,0,0,1
group,background_consistency,128,6,4,6,0,0,1
group,background_consistency,129,6,4,6,0,0,1
group,background_consistency,13,6,4,6,0,0,1
group,background_consistency,130,6,4,6,0,0,1
group,background_consistency,131,6,4,6,0,0,1
group,background_consistency,132,6,4,6,0,0,1
group,background_consistency,133,6,4,6,0,0,1
group,background_consistency,134,6,4,6,0,0,1
group,background_consistency,135,6,4,6,0,0,1
group,background_consistency,136,6,4,6,0,0,1
group,background_consistency,137,6,4,6,0,0,1
group,background_consistency,138,6,4,6,0,0,1
group,background_consistency,139,6,4,6,0,0,1
group,background_consistency,14,6,4,6,0,0,1
group,background_consistency,140,6,4,6,0,0,1
group,background_consistency,141,6,4,6,0,0,1
group,background_consistency,142,6,4,6,0,0,1
group,background_consistency,143,6,4,6,0,0,1
group,background_consistency,144,6,4,6,0,0,1
group,background_consistency,145,6,4,6,0,0,1
group,background_consistency,146,6,4,6,0,0,1
group,background_consistency,147,6,4,6,0,0,1
group,background_consistency,148,6,4,6,0,0,1
group,background_consistency,149,6,4,6,0,0,1
group,background_consistency,15,6,4,6,0,0,1
group,background_consistency,150,6,4,6,0,0,1
group,background_consistency,151,6,4,6,0,0,1
group,background_consistency,152,6,4,6,0,0,1
group,background_consistency,153,6,4,6,0,0,1
group,background_consistency,154,6,4,6,0,0,1
group,background_consistency,155,6,4,6,0,0,1
group,background_consistency,156,6,4,6,0,0,1
group,background_consistency,157,6,4,6,0,0,1
group,background_consistency,158,6,4,6,0,0,1
group,background_consistency,159,6,4,6,0,0,1
group,background_consistency,16,6,4,6,0,0,1
group,background_consistency,160,6,4,6,0,0,1
group,background_consistency,161,6,4,6,0,0,1
group,background_consistency,162,6,4,6,0,0,1
group,background_consistency,163,6,4,6,0,0,1
group,background_consistency,164,6,4,6,0,0,1
group,background_consistency,165,6,4,6,0,0,1
group,background_consistency,166,6,4,6,0,0,1
group,background_consistency,167,6,4,6,0,0,1
group,background_consistency,168,6,4,6,0,0,1
group,background_consistency,169,6,4,6,0,0,1
group,background_consistency,17,6,4,6,0,0,1
group,background_consistency,170,6,4,6,0,0,1
group,background_consistency,171,6,4,6,0,0,1
group,background_consistency,172,6,4,6,0,0,1
group,background_consistency,173,6,4,6,0,0,1
group,background_consistency,174,6,4,6,0,0,1
group,background_consistency,175,6,4,6,0,0,1
group,background_consistency,176,6,4,6,0,0,1
group,background_consistency,177,6,4,6,0,0,1
group,background_consistency,178,6,4,6,0,0,1
group,background_consistency,179,6,4,6,0,0,1
group,background_consistency,18,6,4,6,0,0,1
group,background_consistency,180,6,4,6,0,0,1
group,background_consistency,181,6,4,6,0,0,1
group,background_consistency,182,6,4,6,0,0,1
group,background_consistency,183,6,4,6,0,0,1
group,background_consistency,184,6,4,6,0,0,1
group,background_consistency,185,6,4,6,0,0,1
group,background_consistency,186,6,4,6,0,0,1
group,background_consistency,187,6,4,6,0,0,1
group,background_consistency,188,6,4,6,0,0,1
group,background_consistency,189,6,4,6,0,0,1
group,background_consistency,19,6,4,6,0,0,1
group,background_consistency,190,6,4,6,0,0,1
group,background_consistency,191,6,4,6,0,0,1
group,background_consistency,192,6,4,6,0,0,1
group,background_consistency,193,6,4,6,0,0,1
group,background_consistency,194,6,4,6,0,0,1
group,background_consistency,195,6,4,6,0,0,1
group,background_consistency,196,6,4,6,0,0,1
group,background_consistency,197,6,4,6,0,0,1
group,background_consistency,198,6,4,6,0,0,1
group,background_consistency,199,6,4,6,0,0,1
group,background_consistency,2,6,4,6,0,0,1
group,background_consistency,20,6,4,6,0,0,1
group,background_consistency,200,6,4,6,0,0,1
group,background_consistency,201,6,4,6,0,0,1
group,background_consistency,202,6,4,6,0,0,1
group,background_consistency,203,6,4,6,0,0,1
group,background_consistency,204,6,4,6,0,0,1
group,background_consistency,205,6,4,6,0,0,1
group,background_consistency,206,6,4,6,0,0,1
group,background_consistency,207,6,4,6,0,0,1
group,background_consistency,208,6,4,6,0,0,1
group,background_consistency,209,6,4,6,0,0,1
group,background_consistency,21,6,4,6,0,0,1
group,background_consistency,210,6,4,6,0,0,1
group,background_consistency,211,6,4,6,0,0,1
group,background_consistency,212,6,4,6,0,0,1
group,background_consistency,213,6,4,6,0,0,1
group,background_consistency,214,6,4,6,0,0,1
group,background_consistency,215,6,4,6,0,0,1
group,background_consistency,216,6,4,6,0,0,1
group,background_consistency,217,6,4,6,0,0,1
group,background_consistency,218,6,4,6,0,0,1
group,background_consistency,219,6,4,6,0,0,1
group,background_consistency,22,6,4,6,0,0,1
group,background_consistency,220,6,4,6,0,0,1
group,background_consistency,221,6,4,6,0,0,1
group,background_consistency,222,6,4,6,0,0,1
group,background_consistency,223,6,4,6,0,0,1
group,background_consistency,224,6,4,6,0,0,1
group,background_consistency,225,6,4,6,0,0,1
group,background_consistency,226,6,4,6,0,0,1
group,background_consistency,227,6,4,6,0,0,1
group,background_consistency,228,6,4,6,0,0,1
group,background_consistency,229,6,4,6,0,0,1
group,background_consistency,23,6,4,6,0,0,1
group,background_consistency,230,6,4,6,0,0,1
group,background_consistency,231,6,4,6,0,0,1
group,background_consistency,232,6,4,6,0,0,1
group,background_consistency,233,6,4,6,0,0,1
group,background_consistency,234,6,4,6,0,0,1
group,background_consistency,235,6,4,6,0,0,1
group,background_consistency,236,6,4,6,0,0,1
group,background_consistency,237,6,4,6,0,0,1
group,background_consistency,238,6,4,6,0,0,1
group,background_consistency,239,6,4,6,0,0,1
group,background_consistency,24,6,4,6,0,0,1
group,background_consistency,240,6,4,6,0,0,1
group,background_consistency,241,6,4,6,0,0,1
group,background_consistency,242,6,4,6,0,0,1
group,background_consistency,243,6,4,6,0,0,1
group,background_consistency,244,6,4,6,0,0,1
group,background_consistency,245,6,4,6,0,0,1
group,background_consistency,246,6,4,6,0,0,1
group,background_consistency,247,6,4,6,0,0,1
group,background_consistency,248,6,4,6,0,0,1
group,background_consistency,249,6,4,6,0,0,1
group,background_consistency,25,6,4,6,0,0,1
group,background_consistency,250,6,4,6,0,0,1
group,background_consistency,251,6,4,6,0,0,1
group,background_consistency,252,6,4,6,0,0,1
group,background_consistency,253,6,4,6,0,0,1
group,background_consistency,254,6,4,6,0,0,1
group,background_consistency,255,6,4,6,0,0,1
group,background_consistency,256,6,4,6,0,0,1
group,background_consistency,257,6,4,6,0,0,1
group,background_consistency,258,6,4,6,0,0,1
group,background_consistency,259,6,4,6,0,0,1
group,background_consistency,26,6,4,6,0,0,1
group,background_consistency,260,6,4,6,0,0,1
group,background_consistency,261,6,4,6,0,0,1
group,background_consistency,262,6,4,6,0,0,1
group,background_consistency,263,6,4,6,0,0,1
group,background_consistency,264,6,4,6,0,0,1
group,background_consistency,265,6,4,6,0,0,1
group,background_consistency,266,6,4,6,0,0,1
group,background_consistency,267,6,4,6,0,0,1
group,background_consistency,268,6,4,6,0,0,1
group,background_consistency,269,6,4,6,0,0,1
group,background_consistency,27,6,4,6,0,0,1
group,background_consistency,270,6,4,6,0,0,1
group,background_consistency,271,6,4,6,0,0,1
group,background_consistency,272,6,4,6,0,0,1
group,background_consistency,273,6,4,6,0,0,1
group,background_consistency,274,6,4,6,0,0,1
group,background_consistency,275,6,4,6,0,0,1
group,background_consistency,276,6,4,6,0,0,1
group,background_consistency,277,6,4,6,0,0,1
group,background_consistency,278,6,4,6,0,0,1
group,background_consistency,279,6,4,6,0,0,1
group,background_consistency,28,6,4,6,0,0,1
group,background_consistency,280,6,4,6,0,0,1
group,background_consistency,281,6,4,6,0,0,1
group,background_consistency,282,6,4,6,0,0,1
group,background_consistency,283,6,4,6,0,0,1
group,background_consistency,284,6,4,6,0,0,1
group,background_consistency,285,6,4,6,0,0,1
group,background_consistency,286,6,4,6,0,0,1
group,background_consistency,287,6,4,6,0,0,1
group,background_consistency,288,6,4,6,0,0,1
group,background_consistency,289,6,4,6,0,0,1
group,background_consistency,29,6,4,6,0,0,1
group,background_consistency,290,6,4,6,0,0,1
group,background_consistency,291,6,4,6,0,0,1
group,background_consistency,292,6,4,6,0,0,1
group,background_consistency,293,6,4,6,0,0,1
group,background_consistency,294,6,4,6,0,0,1
group,background_consistency,295,6,4,6,0,0,1
group,background_consistency,296,6,4,6,0,0,1
group,background_consistency,297,6,4,6,0,0,1
group,background_consistency,298,6,4,6,0,0,1
group,background_consistency,299,6,4,6,0,0,1
group,background_consistency,3,6,4,6,0,0,1
group,background_consistency,30,6,4,6,0,0,1
group,background_consistency,300,6,4,6,0,0,1
group,background_consistency,301,6,4,6,0,0,1
group,background_consistency,302,6,4,6,0,0,1
group,background_consistency,303,6,4,6,0,0,1
group,background_consistency,304,6,4,6,0,0,1
group,background_consistency,305,6,4,6,0,0,1
group,background_consistency,306,6,4,6,0,0,1
group,background_consistency,307,6,4,6,0,0,1
group,background_consistency,308,6,4,6,0,0,1
group,background_consistency,309,6,4,6,0,0,1
group,background_consistency,31,6,4,6,0,0,1
group,background_consistency,310,6,4,6,0,0,1
group,background_consistency,311,6,4,6,0,0,1
group,background_consistency,312,6,4,6,0,0,1
group,background_consistency,313,6,4,6,0,0,1
group,background_consistency,314,6,4,6,0,0,1
group,background_consistency,315,6,4,6,0,0,1
group,background_consistency,316,6,4,6,0,0,1
group,background_consistency,317,6,4,6,0,0,1
group,background_consistency,318,6,4,6,0,0,1
group,background_consistency,319,6,4,6,0,0,1
group,background_consistency,32,6,4,6,0,0,1
group,background_consistency,320,6,4,6,0,0,1
group,background_consistency,321,6,4,6,0,0,1
group,background_consistency,322,6,4,6,0,0,1
group,background_consistency,323,6,4,6,0,0,1
group,background_consistency,324,6,4,6,0,0,1
group,background_consistency,325,6,4,6,0,0,1
group,background_consistency,326,6,4,6,0,0,1
group,background_consistency,327,6,4,6,0,0,1
group,background_consistency,328,6,4,6,0,0,1
group,background_consistency,329,6,4,6,0,0,1
group,background_consistency,33,6,4,6,0,0,1
group,background_consistency,330,6,4,6,0,0,1
group,background_consistency,331,6,4,6,0,0,1
group,background_consistency,332,6,4,6,0,0,1
group,background_consistency,333,6,4,6,0,0,1
group,background_consistency,334,6,4,6,0,0,1
group,background_consistency,335,6,4,6,0,0,1
group,background_consistency,336,6,4,6,0,0,1
group,background_consistency,337,6,4,6,0,0,1
group,background_consistency,338,6,4,6,0,0,1
group,background_consistency,339,6,4,6,0,0,1
group,background_consistency,34,6,4,6,0,0,1
group,background_consistency,340,6,4,6,0,0,1
group,background_consistency,341,6,4,6,0,0,1
group,background_consistency,342,6,4,6,0,0,1
group,background_consistency,343,6,4,6,0,0,1
group,background_consistency,344,6,4,6,0,0,1
group,background_consistency,345,6,4,6,0,0,1
group,background_consistency,346,6,4,6,0,0,1
group,background_consistency,347,6,4,6,0,0,1
group,background_consistency,348,6,4,6,0,0,1
group,background_consistency,349,6,4,6,0,0,1
group,background_consistency,35,6,4,6,0,0,1
group,background_consistency,350,6,4,6,0,0,1
group,background_consistency,351,6,4,6,0,0,1
group,background_consistency,352,6,4,6,0,0,1
group,background_consistency,353,6,4,6,0,0,1
group,background_consistency,354,6,4,6,0,0,1
group,background_consistency,355,6,4,6,0,0,1
group,background_consistency,356,6,4,6,0,0,1
group,background_consistency,357,6,4,6,0,0,1
group,background_consistency,358,6,4,6,0,0,1
group,background_consistency,359,6,4,6,0,0,1
group,background_consistency,36,6,4,6,0,0,1
group,background_consistency,360,6,4,6,0,0,1
group,background_consistency,361,6,4,6,0,0,1
group,background_consistency,362,6,4,6,0,0,1
group,background_consistency,363,6,4,6,0,0,1
group,background_consistency,364,6,4,6,0,0,1
group,background_consistency,365,6,4,6,0,0,1
group,background_consistency,366,6,4,6,0,0,1
group,background_consistency,367,6,4,6,0,0,1
group,background_consistency,368,6,4,6,0,0,1
group,background_consistency,369,6,4,6,0,0,1
group,background_consistency,37,6,4,6,0,0,1
group,background_consistency,370,6,4,6,0,0,1
group,background_consistency,371,6,4,6,0,0,1
group,background_consistency,372,6,4,6,0,0,1
group,background_consistency,373,6,4,6,0,0,1
group,background_consistency,374,6,4,6,0,0,1
group,background_consistency,375,6,4,6,0,0,1
group,background_consistency,376,6,4,6,0,0,1
group,background_consistency,377,6,4,6,0,0,1
group,background_consistency,378,6,4,6,0,0,1
group,background_consistency,379,6,4,6,0,0,1
group,background_consistency,38,6,4,6,0,0,1
group,background_consistency,380,6,4,6,0,0,1
group,background_consistency,381,6,4,6,0,0,1
group,background_consistency,382,6,4,6,0,0,1
group,background_consistency,383,6,4,6,0,0,1
group,background_consistency,384,6,4,6,0,0,1
group,background_consistency,385,6,4,6,0,0,1
group,background_consistency,386,6,4,6,0,0,1
group,background_consistency,387,6,4,6,0,0,1
group,background_consistency,388,6,4,6,0,0,1
group,background_consistency,389,6,4,6,0,0,1
group,background_consistency,39,6,4,6,0,0,1
group,background_consistency,390,6,4,6,0,0,1
group,background_consistency,391,6,4,6,0,0,1
group,background_consistency,392,6,4,6,0,0,1
group,background_consistency,393,6,4,6,0,0,1
group,background_consistency,394,6,4,6,0,0,1
group,background_consistency,395,6,4,6,0,0,1
group,background_consistency,396,6,4,6,0,0,1
group,background_consistency,397,6,4,6,0,0,1
group,background_consistency,398,6,4,6,0,0,1
group,background_consistency,399,6,4,6,0,0,1
group,background_consistency,4,6,4,6,0,0,1
group,background_consistency,40,6,4,6,0,0,1
group,background_consistency,400,6,4,6,0,0,1
group,background_consistency,401,6,4,6,0,0,1
group,background_consistency,402,6,4,6,0,0,1
group,background_consistency,403,6,4,6,0,0,1
group,background_consistency,404,6,4,6,0,0,1
group,background_consistency,405,6,4,6,0,0,1
group,background_consistency,406,6,4,6,0,0,1
group,background_consistency,407,6,4,6,0,0,1
group,background_consistency,408,6,4,6,0,0,1
group,background_consistency,409,6,4,6,0,0,1
group,background_consistency,41,6,4,6,0,0,1
group,background_consistency,410,6,4,6,0,0,1
group,background_consistency,411,6,4,6,0,0,1
group,background_consistency,412,6,4,6,0,0,1
group,background_consistency,413,6,4,6,0,0,1
group,background_consistency,414,6,4,6,0,0,1
group,background_consistency,415,6,4,6,0,0,1
group,background_consistency,416,6,4,6,0,0,1
group,background_consistency,417,6,4,6,0,0,1
group,background_consistency,418,6,4,6,0,0,1
group,background_consistency,419,6,4,6,0,0,1
group,background_consistency,42,6,4,6,0,0,1
group,background_consistency,420,6,4,6,0,0,1
group,background_consistency,421,6,4,6,0,0,1
group,background_consistency,422,6,4,6,0,0,1
group,background_consistency,423,6,4,6,0,0,1
group,background_consistency,424,6,4,6,0,0,1
group,background_consistency,425,6,4,6,0,0,1
group,background_consistency,426,6,4,6,0,0,1
group,background_consistency,427,6,4,6,0,0,1
group,background_consistency,428,6,4,6,0,0,1
group,background_consistency,429,6,4,6,0,0,1
group,background_consistency,43,6,4,6,0,0,1
group,background_consistency,44,6,4,6,0,0,1
group,background_consistency,45,6,4,6,0,0,1
group,background_consistency,46,6,4,6,0,0,1
group,background_consistency,47,6,4,6,0,0,1
group,background_consistency,48,6,4,6,0,0,1
group,background_consistency,49,6,4,6,0,0,1
group,background_consistency,5,6,4,6,0,0,1
group,background_consistency,50,6,4,6,0,0,1
group,background_consistency,51,6,4,6,0,0,1
group,background_consistency,52,6,4,6,0,0,1
group,background_consistency,53,6,4,6,0,0,1
group,background_consistency,54,6,4,6,0,0,1
group,background_consistency,55,6,4,6,0,0,1
group,background_consistency,56,6,4,6,0,0,1
group,background_consistency,57,6,4,6,0,0,1
group,background_consistency,58,6,4,6,0,0,1
group,background_consistency,59,6,4,6,0,0,1
group,background_consistency,6,6,4,6,0,0,1
group,background_consistency,60,6,4,6,0,0,1
group,background_consistency,61,6,4,6,0,0,1
group,background_consistency,62,6,4,6,0,0,1
group,background_consistency,63,6,4,6,0,0,1
group,background_consistency,64,6,4,6,0,0,1
group,background_consistency,65,6,4,6,0,0,1
group,background_consistency,66,6,4,6,0,0,1
group,background_consistency,67,6,4,6,0,0,1
group,background_consistency,68,6,4,6,0,0,1
group,background_consistency,69,6,4,6,0,0,1
group,background_consistency,7,6,4,6,0,0,1
group,background_consistency,70,6,4,6,0,0,1
group,background_consistency,71,6,4,6,0,0,1
group,background_consistency,72,6,4,6,0,0,1
group,background_consistency,73,6,4,6,0,0,1
group,background_consistency,74,6,4,6,0,0,1
group,background_consistency,75,6,4,6,0,0,1
group,background_consistency,76,6,4,6,0,0,1
group,background_consistency,77,6,4,6,0,0,1
group,background_consistency,78,6,4,6,0,0,1
group,background_consistency,79,6,4,6,0,0,1
group,background_consistency,8,6,4,6,0,0,1
group,background_consistency,80,6,4,6,0,0,1
group,background_consistency,81,6,4,6,0,0,1
group,background_consistency,82,6,4,6,0,0,1
group,background_consistency,83,6,4,6,0,0,1
group,background_consistency,84,6,4,6,0,0,1
group,background_consistency,85,6,4,6,0,0,1
group,background_consistency,86,6,4,6,0,0,1
group,background_consistency,87,6,4,6,0,0,1
group,background_consistency,88,6,4,6,0,0,1
group,background_consistency,89,6,4,6,0,0,1
group,background_consistency,9,6,4,6,0,0,1
group,background_consistency,90,6,4,6,0,0,1
group,background_consistency,91,6,4,6,0,0,1
group,background_consistency,92,6,4,6,0,0,1
group,background_consistency,93,6,4,6,0,0,1
group,background_consistency,94,6,4,6,0,0,1
group,background_consistency,95,6,4,6,0,0,1
group,background_consistency,96,6,4,6,0,0,1
group,background_consistency,97,6,4,6,0,0,1
group,background_consistency,98,6,4,6,0,0,1
group,background_consistency,99,6,4,6,0,0,1
group,color,0,6,4,6,0,0,1
group,color,1,6,4,6,0,0,1
group,color,10,6,4,6,0,0,1
group,color,100,6,4,6,0,0,1
group,color,101,6,4,6,0,0,1
group,color,102,6,4,6,0,0,1
group,color,103,6,4,6,0,0,1
group,color,104,6,4,6,0,0,1
group,color,105,6,4,6,0,0,1
group,color,106,6,4,6,0,0,1
group,color,107,6,4,6,0,0,1
group,color,108,6,4,6,0,0,1
group,color,109,6,4,6,0,0,1
group,color,11,6,4,6,0,0,1
group,color,110,6,4,6,0,0,1
group,color,111,6,4,6,0,0,1
group,color,112,6,4,6,0,0,1
group,color,113,6,4,6,0,0,1
group,color,114,6,4,6,0,0,1
group,color,115,6,4,6,0,0,1
group,color,116,6,4,6,0,0,1
group,color,117,6,4,6,0,0,1
group,color,118,6,4,6,0,0,1
group,color,119,6,4,6,0,0,1
group,color,12,6,4,6,0,0,1
group,color,120,6,4,6,0,0,1
group,color,121,6,4,6,0,0,1
group,color,122,6,4,6,0,0,1
group,color,123,6,4,6,0,0,1
group,color,124,6,4,6,0,0,1
group,color,125,6,4,6,0,0,1
group,color,126,6,4,6,0,0,1
group,color,127,6,4,6,0,0,1
group,color,128,6,4,6,0,0,1
group,color,129,6,4,6,0,0,1
group,color,13,6,4,6,0,0,1
group,color,130,6,4,6,0,0,1
group,color,131,6,4,6,0,0,1
group,color,132,6,4,6,0,0,1
group,color,133,6,4,6,0,0,1
group,color,134,6,4,6,0,0,1
group,color,135,6,4,6,0,0,1
group,color,136,6,4,6,0,0,1
group,color,137,6,4,6,0,0,1
group,color,138,6,4,6,0,0,1
group,color,139,6,4,6,0,0,1
group,color,14,6,4,6,0,0,1
group,color,140,6,4,6,0,0,1
group,color,141,6,4,6,0,0,1
group,color,142,6,4,6,0,0,1
group,color,143,6,4,6,0,0,1
group,color,144,6,4,6,0,0,1
group,color,145,6,4,6,0,0,1
group,color,146,6,4,6,0,0,1
group,color,147,6,4,6,0,0,1
group,color,148,6,4,6,0,0,1
group,color,149,6,4,6,0,0,1
group,color,15,6,4,6,0,0,1
group,color,150,6,4,6,0,0,1
group,color,151,6,4,6,0,0,1
group,color,152,6,4,6,0,0,1
group,color,153,6,4,6,0,0,1
group,color,154,6,4,6,0,0,1
group,color,155,6,4,6,0,0,1
group,color,156,6,4,6,0,0,1
group,color,157,6,4,6,0,0,1
group,color,158,6,4,6,0,0,1
group,color,159,6,4,6,0,0,1
group,color,16,6,4,6,0,0,1
group,color,160,6,4,6,0,0,1
group,color,161,6,4,6,0,0,1
group,color,162,6,4,6,0,0,1
group,color,163,6,4,6,0,0,1
group,color,164,6,4,6,0,0,1
group,color,165,6,4,6,0,0,1
group,color,166,6,4,6,0,0,1
group,color,167,6,4,6,0,0,1
group,color,168,6,4,6,0,0,1
group,color,169,6,4,6,0,0,1
group,color,17,6,4,6,0,0,1
group,color,170,6,4,6,0,0,1
group,color,171,6,4,6,0,0,1
group,color,172,6,4,6,0,0,1
group,color,173,6,4,6,0,0,1
group,color,174,6,4,6,0,0,1
group,color,175,6,4,6,0,0,1
group,color,176,6,4,6,0,0,1
group,color,177,6,4,6,0,0,1
group,color,178,6,4,6,0,0,1
group,color,179,6,4,6,0,0,1
group,color,18,6,4,6,0,0,1
group,color,180,6,4,6,0,0,1
group,color,181,6,4,6,0,0,1
group,color,182,6,4,6,0,0,1
group,color,183,6,4,6,0,0,1
group,color,184,6,4,6,0,0,1
group,color,185,6,4,6,0,0,1
group,color,186,6,4,6,0,0,1
group,color,187,6,4,6,0,0,1
group,color,188,6,4,6,0,0,1
group,color,189,6,4,6,0,0,1
group,color,19,6,4,6,0,0,1
group,color,190,6,4,6,0,0,1
group,color,191,6,4,6,0,0,1
group,color,192,6,4,6,0,0,1
group,color,193,6,4,6,0,0,1
group,color,194,6,4,6,0,0,1
group,color,195,6,4,6,0,0,1
group,color,196,6,4,6,0,0,1
group,color,197,6,4,6,0,0,1
group,color,198,6,4,6,0,0,1
group,color,199,6,4,6,0,0,1
group,color,2,6,4,6,0,0,1
group,color,20,6,4,6,0,0,1
group,color,200,6,4,6,0,0,1
group,color,201,6,4,6,0,0,1
group,color,202,6,4,6,0,0,1
group,color,203,6,4,6,0,0,1
group,color,204,6,4,6,0,0,1
group,color,205,6,4,6,0,0,1
group,color,206,6,4,6,0,0,1
group,color,207,6,4,6,0,0,1
group,color,208,6,4,6,0,0,1
group,color,209,6,4,6,0,0,1
group,color,21,6,4,6,0,0,1
group,color,210,6,4,6,0,0,1
group,color,211,6,4,6,0,0,1
group,color,212,6,4,6,0,0,1
group,color,213,6,4,6,0,0,1
group,color,214,6,4,6,0,0,1
group,color,215,6,4,6,0,0,1
group,color,216,6,4,6,0,0,1
group,color,217,6,4,6,0,0,1
group,color,218,6,4,6,0,0,1
group,color,219,6,4,6,0,0,1
group,color,22,6,4,6,0,0,1
group,color,220,6,4,6,0,0,1
group,color,221,6,4,6,0,0,1
group,color,222,6,4,6,0,0,1
group,color,223,6,4,6,0,0,1
group,color,224,6,4,6,0,0,1
group,color,225,6,4,6,0,0,1
group,color,226,6,4,6,0,0,1
group,color,227,6,4,6,0,0,1
group,color,228,6,4,6,0,0,1
group,color,229,6,4,6,0,0,1
group,color,23,6,4,6,0,0,1
group,color,230,6,4,6,0,0,1
group,color,231,6,4,6,0,0,1
group,color,232,6,4,6,0,0,1
group,color,233,6,4,6,0,0,1
group,color,234,6,4,6,0,0,1
group,color,235,6,4,6,0,0,1
group,color,236,6,4,6,0,0,1
group,color,237,6,4,6,0,0,1
group,color,238,6,4,6,0,0,1
group,color,239,6,4,6,0,0,1
group,color,24,6,4,6,0,0,1
group,color,240,6,4,6,0,0,1
group,color,241,6,4,6,0,0,1
group,color,242,6,4,6,0,0,1
group,color,243,6,4,6,0,0,1
group,color,244,6,4,6,0,0,1
group,color,245,6,4,6,0,0,1
group,color,246,6,4,6,0,0,1
group,color,247,6,4,6,0,0,1
group,color,248,6,4,6,0,0,1
group,color,249,6,4,6,0,0,1
group,color,25,6,4,6,0,0,1
group,color,250,6,4,6,0,0,1
group,color,251,6,4,6,0,0,1
group,color,252,6,4,6,0,0,1
group,color,253,6,4,6,0,0,1
group,color,254,6,4,6,0,0,1
group,color,255,6,4,6,0,0,1
group,color,256,6,4,6,0,0,1
group,color,257,6,4,6,0,0,1
group,color,258,6,4,6,0,0,1
group,color,259,6,4,6,0,0,1
group,color,26,6,4,6,0,0,1
group,color,260,6,4,6,0,0,1
group,color,261,6,4,6,0,0,1
group,color,262,6,4,6,0,0,1
group,color,263,6,4,6,0,0,1
group,color,264,6,4,6,0,0,1
group,color,265,6,4,6,0,0,1
group,color,266,6,4,6,0,0,1
group,color,267,6,4,6,0,0,1
group,color,268,6,4,6,0,0,1
group,color,269,6,4,6,0,0,1
group,color,27,6,4,6,0,0,1
group,color,270,6,4,6,0,0,1
group,color,271,6,4,6,0,0,1
group,color,272,6,4,6,0,0,1
group,color,273,6,4,6,0,0,1
group,color,274,6,4,6,0,0,1
group,color,275,6,4,6,0,0,1
group,color,276,6,4,6,0,0,1
group,color,277,6,4,6,0,0,1
group,color,278,6,4,6,0,0,1
group,color,279,6,4,6,0,0,1
group,color,28,6,4,6,0,0,1
group,color,280,6,4,6,0,0,1
group,color,281,6,4,6,0,0,1
group,color,282,6,4,6,0,0,1
group,color,283,6,4,6,0,0,1
group,color,284,6,4,6,0,0,1
group,color,285,6,4,6,0,0,1
group,color,286,6,4,6,0,0,1
group,color,287,6,4,6,0,0,1
group,color,288,6,4,6,0,0,1
group,color,289,6,4,6,0,0,1
group,color,29,6,4,6,0,0,1
group,color,290,6,4,6,0,0,1
group,color,291,6,4,6,0,0,1
group,color,292,6,4,6,0,0,1
group,color,293,6,4,6,0,0,1
group,color,294,6,4,6,0,0,1
group,color,295,6,4,6,0,0,1
group,color,296,6,4,6,0,0,1
group,color,297,6,4,6,0,0,1
group,color,298,6,4,6,0,0,1
group,color,299,6,4,6,0,0,1
group,color,3,6,4,6,0,0,1
group,color,30,6,4,6,0,0,1
group,color,300,6,4,6,0,0,1
group,color,301,6,4,6,0,0,1
group,color,302,6,4,6,0,0,1
group,color,303,6,4,6,0,0,1
group,color,304,6,4,6,0,0,1
group,color,305,6,4,6,0,0,1
group,color,306,6,4,6,0,0,1
group,color,307,6,4,6,0,0,1
group,color,308,6,4,6,0,0,1
group,color,309,6,4,6,0,0,1
group,color,31,6,4,6,0,0,1
group,color,310,6,4,6,0,0,1
group,color,311,6,4,6,0,0,1
group,color,312,6,4,6,0,0,1
group,color,313,6,4,6,0,0,1
group,color,314,6,4,6,0,0,1
group,color,315,6,4,6,0,0,1
group,color,316,6,4,6,0,0,1
group,color,317,6,4,6,0,0,1
group,color,318,6,4,6,0,0,1
group,color,319,6,4,6,0,0,1
group,color,32,6,4,6,0,0,1
group,color,320,6,4,6,0,0,1
group,color,321,6,4,6,0,0,1
group,color,322,6,4,6,0,0,1
group,color,323,6,4,6,0,0,1
group,color,324,6,4,6,0,0,1
group,color,325,6,4,6,0,0,1
group,color,326,6,4,6,0,0,1
group,color,327,6,4,6,0,0,1
group,color,328,6,4,6,0,0,1
group,color,329,6,4,6,0,0,1
group,color,33,6,4,6,0,0,1
group,color,330,6,4,6,0,0,1
group,color,331,6,4,6,0,0,1
group,color,332,6,4,6,0,0,1
group,color,333,6,4,6,0,0,1
group,color,334,6,4,6,0,0,1
group,color,335,6,4,6,0,0,1
group,color,336,6,4,6,0,0,1
group,color,337,6,4,6,0,0,1
group,color,338,6,4,6,0,0,1
group,color,339,6,4,6,0,0,1
group,color,34,6,4,6,0,0,1
group,color,340,6,4,6,0,0,1
group,color,341,6,4,6,0,0,1
group,color,342,6,4,6,0,0,1
group,color,343,6,4,6,0,0,1
group,color,344,6,4,6,0,0,1
group,color,345,6,4,6,0,0,1
group,color,346,6,4,6,0,0,1
group,color,347,6,4,6,0,0,1
group,color,348,6,4,6,0,0,1
group,color,349,6,4,6,0,0,1
group,color,35,6,4,6,0,0,1
group,color,350,6,4,6,0,0,1
group,color,351,6,4,6,0,0,1
group,color,352,6,4,6,0,0,1
group,color,353,6,4,6,0,0,1
group,color,354,6,4,6,0,0,1
group,color,355,6,4,6,0,0,1
group,color,356,6,4,6,0,0,1
group,color,357,6,4,6,0,0,1
group,color,358,6,4,6,0,0,1
group,color,359,6,4,6,0,0,1
group,color,36,6,4,6,0,0,1
group,color,360,6,4,6,0,0,1
group,color,361,6,4,6,0,0,1
group,color,362,6,4,6,0,0,1
group,color,363,6,4,6,0,0,1
group,color,364,6,4,6,0,0,1
group,color,365,6,4,6,0,0,1
group,color,366,6,4,6,0,0,1
group,color,367,6,4,6,0,0,1
group,color,368,6,4,6,0,0,1
group,color,369,6,4,6,0,0,1
group,color,37,6,4,6,0,0,1
group,color,370,6,4,6,0,0,1
group,color,371,6,4,6,0,0,1
group,color,372,6,4,6,0,0,1
group,color,373,6,4,6,0,0,1
group,color,374,6,4,6,0,0,1
group,color,375,6,4,6,0,0,1
group,color,376,6,4,6,0,0,1
group,color,377,6,4,6,0,0,1
group,color,378,6,4,6,0,0,1
group,color,379,6,4,6,0,0,1
group,color,38,6,4,6,0,0,1
group,color,380,6,4,6,0,0,1
group,color,381,6,4,6,0,0,1
group,color,382,6,4,6,0,0,1
group,color,383,6,4,6,0,0,1
group,color,384,6,4,6,0,0,1
group,color,385,6,4,6,0,0,1
group,color,386,6,4,6,0,0,1
group,color,387,6,4,6,0,0,1
group,color,388,6,4,6,0,0,1
group,color,389,6,4,6,0,0,1
group,color,39,6,4,6,0,0,1
group,color,390,6,4,6,0,0,1
group,color,391,6,4,6,0,0,1
group,color,392,6,4,6,0,0,1
group,color,393,6,4,6,0,0,1
group,color,394,6,4,6,0,0,1
group,color,395,6,4,6,0,0,1
group,color,396,6,4,6,0,0,1
group,color,397,6,4,6,0,0,1
group,color,398,6,4,6,0,0,1
group,color,399,6,4,6,0,0,1
group,color,4,6,4,6,0,0,1
group,color,40,6,4,6,0,0,1
group,color,400,6,4,6,0,0,1
group,color,401,6,4,6,0,0,1
group,color,402,6,4,6,0,0,1
group,color,403,6,4,6,0,0,1
group,color,404,6,4,6,0,0,1
group,color,405,6,4,6,0,0,1
group,color,406,6,4,6,0,0,1
group,color,407,6,4,6,0,0,1
group,color,408,6,4,6,0,0,1
group,color,409,6,4,6,0,0,1
group,color,41,6,4,6,0,0,1
group,color,410,6,4,6,0,0,1
group,color,411,6,4,6,0,0,1
group,color,412,6,4,6,0,0,1
group,color,413,6,4,6,0,0,1
group,color,414,6,4,6,0,0,1
group,color,415,6,4,6,0,0,1
group,color,416,6,4,6,0,0,1
group,color,417,6,4,6,0,0,1
group,color,418,6,4,6,0,0,1
group,color,419,6,4,6,0,0,1
group,color,42,6,4,6,0,0,1
group,color,420,6,4,6,0,0,1
group,color,421,6,4,6,0,0,1
group,color,422,6,4,6,0,0,1
group,color,423,6,4,6,0,0,1
group,color,424,6,4,6,0,0,1
group,color,43,6,4,6,0,0,1
group,color,44,6,4,6,0,0,1
group,color,45,6,4,6,0,0,1
group,color,46,6,4,6,0,0,1
group,color,47,6,4,6,0,0,1
group,color,48,6,4,6,0,0,1
group,color,49,6,4,6,0,0,1
group,color,5,6,4,6,0,0,1
group,color,50,6,4,6,0,0,1
group,color,51,6,4,6,0,0,1
group,color,52,6,4,6,0,0,1
group,color,53,6,4,6,0,0,1
group,color,54,6,4,6,0,0,1
group,color,55,6,4,6,0,0,1
group,color,56,6,4,6,0,0,1
group,color,57,6,4,6,0,0,1
group,color,58,6,4,6,0,0,1
group,color,59,6,4,6,0,0,1
group,color,6,6,4,6,0,0,1
group,color,60,6,4,6,0,0,1
group,color,61,6,4,6,0,0,1
group,color,62,6,4,6,0,0,1
group,color,63,6,4,6,0,0,1
group,color,64,6,4,6,0,0,1
group,color,65,6,4,6,0,0,1
group,color,66,6,4,6,0,0,1
group,color,67,6,4,6,0,0,1
group,color,68,6,4,6,0,0,1
group,color,69,6,4,6,0,0,1
group,color,7,6,4,6,0,0,1
group,color,70,6,4,6,0,0,1
group,color,71,6,4,6,0,0,1
group,color,72,6,4,6,0,0,1
group,color,73,6,4,6,0,0,1
group,color,74,6,4,6,0,0,1
group,color,75,6,4,6,0,0,1
group,color,76,6,4,6,0,0,1
group,color,77,6,4,6,0,0,1
group,color,78,6,4,6,0,0,1
group,color,79,6,4,6,0,0,1
group,color,8,6,4,6,0,0,1
group,color,80,6,4,6,0,0,1
group,color,81,6,4,6,0,0,1
group,color,82,6,4,6,0,0,1
group,color,83,6,4,6,0,0,1
group,color,84,6,4,6,0,0,1
group,color,85,6,4,6,0,0,1
group,color,86,6,4,6,0,0,1
group,color,87,6,4,6,0,0,1
group,color,88,6,4,6,0,0,1
group,color,89,6,4,6,0,0,1
group,color,9,6,4,6,0,0,1
group,color,90,6,4,6,0,0,1
group,color,91,6,4,6,0,0,1
group,color,92,6,4,6,0,0,1
group,color,93,6,4,6,0,0,1
group,color,94,6,4,6,0,0,1
group,color,95,6,4,6,0,0,1
group,color,96,6,4,6,0,0,1
group,color,97,6,4,6,0,0,1
group,color,98,6,4,6,0,0,1
group,color,99,6,4,6,0,0,1
group,dynamics_degree,0,6,4,6,0,0,1
group,dynamics_degree,1,6,4,6,0,0,1
group,dynamics_degree,10,6,4,6,0,0,1
group,dynamics_degree,100,6,4,6,0,0,1
group,dynamics_degree,101,6,4,6,0,0,1
group,dynamics_degree,102,6,4,6,0,0,1
group,dynamics_degree,103,6,4,6,0,0,1
group,dynamics_degree,104,6,4,6,0,0,1
group,dynamics_degree,105,6,4,6,0,0,1
group,dynamics_degree,106,6,4,6,0,0,1
group,dynamics_degree,107,6,4,6,0,0,1
group,dynamics_degree,108,6,4,6,0,0,1
group,dynamics_degree,109,6,4,6,0,0,1
group,dynamics_degree,11,6,4,6,0,0,1
group,dynamics_degree,110,6,4,6,0,0,1
group,dynamics_degree,111,6,4,6,0,0,1
group,dynamics_degree,112,6,4,6,0,0,1
group,dynamics_degree,113,6,4,6,0,0,1
group,dynamics_degree,114,6,4,6,0,0,1
group,dynamics_degree,115,6,4,6,0,0,1
group,dynamics_degree,116,6,4,6,0,0,1
group,dynamics_degree,117,6,4,6,0,0,1
group,dynamics_degree,118,6,4,6,0,0,1
group,dynamics_degree,119,6,4,6,0,0,1
group,dynamics_degree,12,6,4,6,0,0,1
group,dynamics_degree,120,6,4,6,0,0,1
group,dynamics_degree,121,6,4,6,0,0,1
group,dynamics_degree,122,6,4,6,0,0,1
group,dynamics_degree,123,6,4,6,0,0,1
group,dynamics_degree,124,6,4,6,0,0,1
group,dynamics_degree,125,6,4,6,0,0,1
group,dynamics_degree,126,6,4,6,0,0,1
group,dynamics_degree,127,6,4,6,0,0,1
group,dynamics_degree,128,6,4,6,0,0,1
group,dynamics_degree,129,6,4,6,0,0,1
group,dynamics_degree,13,6,4,6,0,0,1
group,dynamics_degree,130,6,4,6,0,0,1
group,dynamics_degree,131,6,4,6,0,0,1
group,dynamics_degree,132,6,4,6,0,0,1
group,dynamics_degree,133,6,4,6,0,0,1
group,dynamics_degree,134,6,4,6,0,0,1
group,dynamics_degree,135,6,4,6,0,0,1
group,dynamics_degree,136,6,4,6,0,0,1
group,dynamics_degree,137,6,4,6,0,0,1
group,dynamics_degree,138,6,4,6,0,0,1
group,dynamics_degree,139,6,4,6,0,0,1
group,dynamics_degree,14,6,4,6,0,0,1
group,dynamics_degree,140,6,4,6,0,0,1
group,dynamics_degree,141,6,4,6,0,0,1
group,dynamics_degree,142,6,4,6,0,0,1
group,dynamics_degree,143,6,4,6,0,0,1
group,dynamics_degree,144,6,4,6,0,0,1
group,dynamics_degree,145,6,4,6,0,0,1
group,dynamics_degree,146,6,4,6,0,0,1
group,dynamics_degree,147,6,4,6,0,0,1
group,dynamics_degree,148,6,4,6,0,0,1
group,dynamics_degree,149,6,4,6,0,0,1
group,dynamics_degree,15,6,4,6,0,0,1
group,dynamics_degree,150,6,4,6,0,0,1
group,dynamics_degree,151,6,4,6,0,0,1
group,dynamics_degree,152,6,4,6,0,0,1
group,dynamics_degree,153,6,4,6,0,0,1
group,dynamics_degree,154,6,4,6,0,0,1
group,dynamics_degree,155,6,4,6,0,0,1
group,dynamics_degree,156,6,4,6,0,0,1
group,dynamics_degree,157,6,4,6,0,0,1
group,dynamics_degree,158,6,4,6,0,0,1
group,dynamics_degree,159,6,4,6,0,0,1
group,dynamics_degree,16,6,4,6,0,0,1
group,dynamics_degree,160,6,4,6,0,0,1
group,dynamics_degree,161,6,4,6,0,0,1
group,dynamics_degree,162,6,4,6,0,0,1
group,dynamics_degree,163,6,4,6,0,0,1
group,dynamics_degree,164,6,4,6,0,0,1
group,dynamics_degree,165,6,4,6,0,0,1
group,dynamics_degree,166,6,4,6,0,0,1
group,dynamics_degree,167,6,4,6,0,0,1
group,dynamics_degree,168,6,4,6,0,0,1
group,dynamics_degree,169,6,4,6,0,0,1
group,dynamics_degree,17,6,4,6,0,0,1
group,dynamics_degree,170,6,4,6,0,0,1
group,dynamics_degree,171,6,4,6,0,0,1
group,dynamics_degree,172,6,4,6,0,0,1
group,dynamics_degree,173,6,4,6,0,0,1
group,dynamics_degree,174,6,4,6,0,0,1
group,dynamics_degree,175,6,4,6,0,0,1
group,dynamics_degree,176,6,4,6,0,0,1
group,dynamics_degree,177,6,4,6,0,0,1
group,dynamics_degree,178,6,4,6,0,0,1
group,dynamics_degree,179,6,4,6,0,0,1
group,dynamics_degree,18,6,4,6,0,0,1
group,dynamics_degree,180,6,4,6,0,0,1
group,dynamics_degree,181,6,4,6,0,0,1
group,dynamics_degree,182,6,4,6,0,0,1
group,dynamics_degree,183,6,4,6,0,0,1
group,dynamics_degree,184,6,4,6,0,0,1
group,dynamics_degree,185,6,4,6,0,0,1
group,dynamics_degree,186,6,4,6,0,0,1
group,dynamics_degree,187,6,4,6,0,0,1
group,dynamics_degree,188,6,4,6,0,0,1
group,dynamics_degree,189,6,4,6,0,0,1
group,dynamics_degree,19,6,4,6,0,0,1
group,dynamics_degree,190,6,4,6,0,0,1
group,dynamics_degree,191,6,4,6,0,0,1
group,dynamics_degree,192,6,4,6,0,0,1
group,dynamics_degree,193,6,4,6,0,0,1
group,dynamics_degree,194,6,4,6,0,0,1
group,dynamics_degree,195,6,4,6,0,0,1
group,dynamics_degree,196,6,4,6,0,0,1
group,dynamics_degree,197,6,4,6,0,0,1
group,dynamics_degree,198,6,4,6,0,0,1
group,dynamics_degree,199,6,4,6,0,0,1
group,dynamics_degree,2,6,4,6,0,0,1
group,dynamics_degree,20,6,4,6,0,0,1
group,dynamics_degree,200,6,4,6,0,0,1
group,dynamics_degree,201,6,4,6,0,0,1
group,dynamics_degree,202,6,4,6,0,0,1
group,dynamics_degree,203,6,4,6,0,0,1
group,dynamics_degree,204,6,4,6,0,0,1
group,dynamics_degree,205,6,4,6,0,0,1
group,dynamics_degree,206,6,4,6,0,0,1
group,dynamics_degree,207,6,4,6,0,0,1
group,dynamics_degree,208,6,4,6,0,0,1
group,dynamics_degree,209,6,4,6,0,0,1
group,dynamics_degree,21,6,4,6,0,0,1
group,dynamics_degree,210,6,4,6,0,0,1
group,dynamics_degree,211,6,4,6,0,0,1
group,dynamics_degree,212,6,4,6,0,0,1
group,dynamics_degree,213,6,4,6,0,0,1
group,dynamics_degree,214,6,4,6,0,0,1
group,dynamics_degree,215,6,4,6,0,0,1
group,dynamics_degree,216,6,4,6,0,0,1
group,dynamics_degree,217,6,4,6,0,0,1
group,dynamics_degree,218,6,4,6,0,0,1
group,dynamics_degree,219,6,4,6,0,0,1
group,dynamics_degree,22,6,4,6,0,0,1
group,dynamics_degree,220,6,4,6,0,0,1
group,dynamics_degree,221,6,4,6,0,0,1
group,dynamics_degree,222,6,4,6,0,0,1
group,dynamics_degree,223,6,4,6,0,0,1
group,dynamics_degree,224,6,4,6,0,0,1
group,dynamics_degree,225,6,4,6,0,0,1
group,dynamics_degree,226,6,4,6,0,0,1
group,dynamics_degree,227,6,4,6,0,0,1
group,dynamics_degree,228,6,4,6,0,0,1
group,dynamics_degree,229,6,4,6,0,0,1
group,dynamics_degree,23,6,4,6,0,0,1
group,dynamics_degree,230,6,4,6,0,0,1
group,dynamics_degree,231,6,4,6,0,0,1
group,dynamics_degree,232,6,4,6,0,0,1
group,dynamics_degree,233,6,4,6,0,0,1
group,dynamics_degree,234,6,4,6,0,0,1
group,dynamics_degree,235,6,4,6,0,0,1
group,dynamics_degree,236,6,4,6,0,0,1
group,dynamics_degree,237,6,4,6,0,0,1
group,dynamics_degree,238,6,4,6,0,0,1
group,dynamics_degree,239,6,4,6,0,0,1
group,dynamics_degree,24,6,4,6,0,0,1
group,dynamics_degree,240,6,4,6,0,0,1
group,dynamics_degree,241,6,4,6,0,0,1
group,dynamics_degree,242,6,4,6,0,0,1
group,dynamics_degree,243,6,4,6,0,0,1
group,dynamics_degree,244,6,4,6,0,0,1
group,dynamics_degree,245,6,4,6,0,0,1
group,dynamics_degree,246,6,4,6,0,0,1
group,dynamics_degree,247,6,4,6,0,0,1
group,dynamics_degree,248,6,4,6,0,0,1
group,dynamics_degree,249,6,4,6,0,0,1
group,dynamics_degree,25,6,4,6,0,0,1
group,dynamics_degree,250,6,4,6,0,0,1
group,dynamics_degree,251,6,4,6,0,0,1
group,dynamics_degree,252,6,4,6,0,0,1
group,dynamics_degree,253,6,4,6,0,0,1
group,dynamics_degree,254,6,4,6,0,0,1
group,dynamics_degree,255,6,4,6,0,0,1
group,dynamics_degree,256,6,4,6,0,0,1
group,dynamics_degree,257,6,4,6,0,0,1
group,dynamics_degree,258,6,4,6,0,0,1
group,dynamics_degree,259,6,4,6,0,0,1
group,dynamics_degree,26,6,4,6,0,0,1
group,dynamics_degree,260,6,4,6,0,0,1
group,dynamics_degree,261,6,4,6,0,0,1
group,dynamics_degree,262,6,4,6,0,0,1
group,dynamics_degree,263,6,4,6,0,0,1
group,dynamics_degree,264,6,4,6,0,0,1
group,dynamics_degree,265,6,4,6,0,0,1
group,dynamics_degree,266,6,4,6,0,0,1
group,dynamics_degree,267,6,4,6,0,0,1
group,dynamics_degree,268,6,4,6,0,0,1
group,dynamics_degree,269,6,4,6,0,0,1
group,dynamics_degree,27,6,4,6,0,0,1
group,dynamics_degree,270,6,4,6,0,0,1
group,dynamics_degree,271,6,4,6,0,0,1
group,dynamics_degree,272,6,4,6,0,0,1
group,dynamics_degree,273,6,4,6,0,0,1
group,dynamics_degree,274,6,4,6,0,0,1
group,dynamics_degree,275,6,4,6,0,0,1
group,dynamics_degree,276,6,4,6,0,0,1
group,dynamics_degree,277,6,4,6,0,0,1
group,dynamics_degree,278,6,4,6,0,0,1
group,dynamics_degree,279,6,4,6,0,0,1
group,dynamics_degree,28,6,4,6,0,0,1
group,dynamics_degree,280,6,4,6,0,0,1
group,dynamics_degree,281,6,4,6,0,0,1
group,dynamics_degree,282,6,4,6,0,0,1
group,dynamics_degree,283,6,4,6,0,0,1
group,dynamics_degree,284,6,4,6,0,0,1
group,dynamics_degree,285,6,4,6,0,0,1
group,dynamics_degree,286,6,4,6,0,0,1
group,dynamics_degree,287,6,4,6,0,0,1
group,dynamics_degree,288,6,4,6,0,0,1
group,dynamics_degree,289,6,4,6,0,0,1
group,dynamics_degree,29,6,4,6,0,0,1
group,dynamics_degree,290,6,4,6,0,0,1
group,dynamics_degree,291,6,4,6,0,0,1
group,dynamics_degree,292,6,4,6,0,0,1
group,dynamics_degree,293,6,4,6,0,0,1
group,dynamics_degree,294,6,4,6,0,0,1
group,dynamics_degree,295,6,4,6,0,0,1
group,dynamics_degree,296,6,4,6,0,0,1
group,dynamics_degree,297,6,4,6,0,0,1
group,dynamics_degree,298,6,4,6,0,0,1
group,dynamics_degree,299,6,4,6,0,0,1
group,dynamics_degree,3,6,4,6,0,0,1
group,dynamics_degree,30,6,4,6,0,0,1
group,dynamics_degree,300,6,4,6,0,0,1
group,dynamics_degree,301,6,4,6,0,0,1
group,dynamics_degree,302,6,4,6,0,0,1
group,dynamics_degree,303,6,4,6,0,0,1
group,dynamics_degree,304,6,4,6,0,0,1
group,dynamics_degree,305,6,4,6,0,0,1
group,dynamics_degree,306,6,4,6,0,0,1
group,dynamics_degree,307,6,4,6,0,0,1
group,dynamics_degree,308,6,4,6,0,0,1
group,dynamics_degree,309,6,4,6,0,0,1
group,dynamics_degree,31,6,4,6,0,0,1
group,dynamics_degree,310,6,4,6,0,0,1
group,dynamics_degree,311,6,4,6,0,0,1
group,dynamics_degree,312,6,4,6,0,0,1
group,dynamics_degree,313,6,4,6,0,0,1
group,dynamics_degree,314,6,4,6,0,0,1
group,dynamics_degree,315,6,4,6,0,0,1
group,dynamics_degree,316,6,4,6,0,0,1
group,dynamics_degree,317,6,4,6,0,0,1
group,dynamics_degree,318,6,4,6,0,0,1
group,dynamics_degree,319,6,4,6,0,0,1
group,dynamics_degree,32,6,4,6,0,0,1
group,dynamics_degree,320,6,4,6,0,0,1
group,dynamics_degree,321,6,4,6,0,0,1
group,dynamics_degree,322,6,4,6,0,0,1
group,dynamics_degree,323,6,4,6,0,0,1
group,dynamics_degree,324,6,4,6,0,0,1
group,dynamics_degree,325,6,4,6,0,0,1
group,dynamics_degree,326,6,4,6,0,0,1
group,dynamics_degree,327,6,4,6,0,0,1
group,dynamics_degree,328,6,4,6,0,0,1
group,dynamics_degree,329,6,4,6,0,0,1
group,dynamics_degree,33,6,4,6,0,0,1
group,dynamics_degree,330,6,4,6,0,0,1
group,dynamics_degree,331,6,4,6,0,0,1
group,dynamics_degree,332,6,4,6,0,0,1
group,dynamics_degree,333,6,4,6,0,0,1
group,dynamics_degree,334,6,4,6,0,0,1
group,dynamics_degree,335,6,4,6,0,0,1
group,dynamics_degree,336,6,4,6,0,0,1
group,dynamics_degree,337,6,4,6,0,0,1
group,dynamics_degree,338,6,4,6,0,0,1
group,dynamics_degree,339,6,4,6,0,0,1
group,dynamics_degree,34,6,4,6,0,0,1
group,dynamics_degree,340,6,4,6,0,0,1
group,dynamics_degree,341,6,4,6,0,0,1
group,dynamics_degree,342,6,4,6,0,0,1
group,dynamics_degree,343,6,4,6,0,0,1
group,dynamics_degree,344,6,4,6,0,0,1
group,dynamics_degree,345,6,4,6,0,0,1
group,dynamics_degree,346,6,4,6,0,0,1
group,dynamics_degree,347,6,4,6,0,0,1
group,dynamics_degree,348,6,4,6,0,0,1
group,dynamics_degree,349,6,4,6,0,0,1
group,dynamics_degree,35,6,4,6,0,0,1
group,dynamics_degree,350,6,4,6,0,0,1
group,dynamics_degree,351,6,4,6,0,0,1
group,dynamics_degree,352,6,4,6,0,0,1
group,dynamics_degree,353,6,4,6,0,0,1
group,dynamics_degree,354,6,4,6,0,0,1
group,dynamics_degree,355,6,4,6,0,0,1
group,dynamics_degree,356,6,4,6,0,0,1
group,dynamics_degree,357,6,4,6,0,0,1
group,dynamics_degree,358,6,4,6,0,0,1
group,dynamics_degree,359,6,4,6,0,0,1
group,dynamics_degree,36,6,4,6,0,0,1
group,dynamics_degree,37,6,4,6,0,0,1
group,dynamics_degree,38,6,4,6,0,0,1
group,dynamics_degree,39,6,4,6,0,0,1
group,dynamics_degree,4,6,4,6,0,0,1
group,dynamics_degree,40,6,4,6,0,0,1
group,dynamics_degree,41,6,4,6,0,0,1
group,dynamics_degree,42,6,4,6,0,0,1
group,dynamics_degree,43,6,4,6,0,0,1
group,dynamics_degree,44,6,4,6,0,0,1
group,dynamics_degree,45,6,4,6,0,0,1
group,dynamics_degree,46,6,4,6,0,0,1
group,dynamics_degree,47,6,4,6,0,0,1
group,dynamics_degree,48,6,4,6,0,0,1
group,dynamics_degree,49,6,4,6,0,0,1
group,dynamics_degree,5,6,4,6,0,0,1
group,dynamics_degree,50,6,4,6,0,0,1
group,dynamics_degree,51,6,4,6,0,0,1
group,dynamics_degree,52,6,4,6,0,0,1
group,dynamics_degree,53,6,4,6,0,0,1
group,dynamics_degree,54,6,4,6,0,0,1
group,dynamics_degree,55,6,4,6,0,0,1
group,dynamics_degree,56,6,4,6,0,0,1
group,dynamics_degree,57,6,4,6,0,0,1
group,dynamics_degree,58,6,4,6,0,0,1
group,dynamics_degree,59,6,4,6,0,0,1
group,dynamics_degree,6,6,4,6,0,0,1
group,dynamics_degree,60,6,4,6,0,0,1
group,dynamics_degree,61,6,4,6,0,0,1
group,dynamics_degree,62,6,4,6,0,0,1
group,dynamics_degree,63,6,4,6,0,0,1
group,dynamics_degree,64,6,4,6,0,0,1
group,dynamics_degree,65,6,4,6,0,0,1
group,dynamics_degree,66,6,4,6,0,0,1
group,dynamics_degree,67,6,4,6,0,0,1
group,dynamics_degree,68,6,4,6,0,0,1
group,dynamics_degree,69,6,4,6,0,0,1
group,dynamics_degree,7,6,4,6,0,0,1
group,dynamics_degree,70,6,4,6,0,0,1
group,dynamics_degree,71,6,4,6,0,0,1
group,dynamics_degree,72,6,4,6,0,0,1
group,dynamics_degree,73,6,4,6,0,0,1
group,dynamics_degree,74,6,4,6,0,0,1
group,dynamics_degree,75,6,4,6,0,0,1
group,dynamics_degree,76,6,4,6,0,0,1
group,dynamics_degree,77,6,4,6,0,0,1
group,dynamics_degree,78,6,4,6,0,0,1
group,dynamics_degree,79,6,4,6,0,0,1
group,dynamics_degree,8,6,4,6,0,0,1
group,dynamics_degree,80,6,4,6,0,0,1
group,dynamics_degree,81,6,4,6,0,0,1
group,dynamics_degree,82,6,4,6,0,0,1
group,dynamics_degree,83,6,4,6,0,0,1
group,dynamics_degree,84,6,4,6,0,0,1
group,dynamics_degree,85,6,4,6,0,0,1
group,dynamics_degree,86,6,4,6,0,0,1
group,dynamics_degree,87,6,4,6,0,0,1
group,dynamics_degree,88,6,4,6,0,0,1
group,dynamics_degree,89,6,4,6,0,0,1
group,dynamics_degree,9,6,4,6,0,0,1
group,dynamics_degree,90,6,4,6,0,0,1
group,dynamics_degree,91,6,4,6,0,0,1
group,dynamics_degree,92,6,4,6,0,0,1
group,dynamics_degree,93,6,4,6,0,0,1
group,dynamics_degree,94,6,4,6,0,0,1
group,dynamics_degree,95,6,4,6,0,0,1
group,dynamics_degree,96,6,4,6,0,0,1
group,dynamics_degree,97,6,4,6,0,0,1
group,dynamics_degree,98,6,4,6,0,0,1
group,dynamics_degree,99,6,4,6,0,0,1
group,human_action,0,6,4,6,0,0,1
group,human_action,1,6,4,6,0,0,1
group,human_action,10,6,4,6,0,0,1
group,human_action,100,6,4,6,0,0,1
group,human_action,101,6,4,6,0,0,1
group,human_action,102,6,4,6,0,0,1
group,human_action,103,6,4,6,0,0,1
group,human_action,104,6,4,6,0,0,1
group,human_action,105,6,4,6,0,0,1
group,human_action,106,6,4,6,0,0,1
group,human_action,107,6,4,6,0,0,1
group,human_action,108,6,4,6,0,0,1
group,human_action,109,6,4,6,0,0,1
group,human_action,11,6,4,6,0,0,1
group,human_action,110,6,4,6,0,0,1
group,human_action,111,6,4,6,0,0,1
group,human_action,112,6,4,6,0,0,1
group,human_action,113,6,4,6,0,0,1
group,human_action,114,6,4,6,0,0,1
group,human_action,115,6,4,6,0,0,1
group,human_action,116,6,4,6,0,0,1
group,human_action,117,6,4,6,0,0,1
group,human_action,118,6,4,6,0,0,1
group,human_action,119,6,4,6,0,0,1
group,human_action,12,6,4,6,0,0,1
group,human_action,120,6,4,6,0,0,1
group,human_action,121,6,4,6,0,0,1
group,human_action,122,6,4,6,0,0,1
group,human_action,123,6,4,6,0,0,1
group,human_action,124,6,4,6,0,0,1
group,human_action,125,6,4,6,0,0,1
group,human_action,126,6,4,6,0,0,1
group,human_action,127,6,4,6,0,0,1
group,human_action,128,6,4,6,0,0,1
group,human_action,129,6,4,6,0,0,1
group,human_action,13,6,4,6,0,0,1
group,human_action,130,6,4,6,0,0,1
group,human_action,131,6,4,6,0,0,1
group,human_action,132,6,4,6,0,0,1
group,human_action,133,6,4,6,0,0,1
group,human_action,134,6,4,6,0,0,1
group,human_action,135,6,4,6,0,0,1
group,human_action,136,6,4,6,0,0,1
group,human_action,137,6,4,6,0,0,1
group,human_action,138,6,4,6,0,0,1
group,human_action,139,6,4,6,0,0,1
group,human_action,14,6,4,6,0,0,1
group,human_action,140,6,4,6,0,0,1
group,human_action,141,6,4,6,0,0,1
group,human_action,142,6,4,6,0,0,1
group,human_action,143,6,4,6,0,0,1
group,human_action,144,6,4,6,0,0,1
group,human_action,145,6,4,6,0,0,1
group,human_action,146,6,4,6,0,0,1
group,human_action,147,6,4,6,0,0,1
group,human_action,148,6,4,6,0,0,1
group,human_action,149,6,4,6,0,0,1
group,human_action,15,6,4,6,0,0,1
group,human_action,150,6,4,6,0,0,1
group,human_action,151,6,4,6,0,0,1
group,human_action,152,6,4,6,0,0,1
group,human_action,153,6,4,6,0,0,1
group,human_action,154,6,4,6,0,0,1
group,human_action,155,6,4,6,0,0,1
group,human_action,156,6,4,6,0,0,1
group,human_action,157,6,4,6,0,0,1
group,human_action,158,6,4,6,0,0,1
group,human_action,159,6,4,6,0,0,1
group,human_action,16,6,4,6,0,0,1
group,human_action,160,6,4,6,0,0,1
group,human_action,161,6,4,6,0,0,1
group,human_action,162,6,4,6,0,0,1
group,human_action,163,6,4,6,0,0,1
group,human_action,164,6,4,6,0,0,1
group,human_action,165,6,4,6,0,0,1
group,human_action,166,6,4,6,0,0,1
group,human_action,167,6,4,6,0,0,1
group,human_action,168,6,4,6,0,0,1
group,human_action,169,6,4,6,0,0,1
group,human_action,17,6,4,6,0,0,1
group,human_action,170,6,4,6,0,0,1
group,human_action,171,6,4,6,0,0,1
group,human_action,172,6,4,6,0,0,1
group,human_action,173,6,4,6,0,0,1
group,human_action,174,6,4,6,0,0,1
group,human_action,175,6,4,6,0,0,1
group,human_action,176,6,4,6,0,0,1
group,human_action,177,6,4,6,0,0,1
group,human_action,178,6,4,6,0,0,1
group,human_action,179,6,4,6,0,0,1
group,human_action,18,6,4,6,0,0,1
group,human_action,180,6,4,6,0,0,1
group,human_action,181,6,4,6,0,0,1
group,human_action,182,6,4,6,0,0,1
group,human_action,183,6,4,6,0,0,1
group,human_action,184,6,4,6,0,0,1
group,human_action,185,6,4,6,0,0,1
group,human_action,186,6,4,6,0,0,1
group,human_action,187,6,4,6,0,0,1
group,human_action,188,6,4,6,0,0,1
group,human_action,189,6,4,6,0,0,1
group,human_action,19,6,4,6,0,0,1
group,human_action,190,6,4,6,0,0,1
group,human_action,191,6,4,6,0,0,1
group,human_action,192,6,4,6,0,0,1
group,human_action,193,6,4,6,0,0,1
group,human_action,194,6,4,6,0,0,1
group,human_action,195,6,4,6,0,0,1
group,human_action,196,6,4,6,0,0,1
group,human_action,197,6,4,6,0,0,1
group,human_action,198,6,4,6,0,0,1
group,human_action,199,6,4,6,0,0,1
group,human_action,2,6,4,6,0,0,1
group,human_action,20,6,4,6,0,0,1
group,human_action,200,6,4,6,0,0,1
group,human_action,201,6,4,6,0,0,1
group,human_action,202,6,4,6,0,0,1
group,human_action,203,6,4,6,0,0,1
group,human_action,204,6,4,6,0,0,1
group,human_action,205,6,4,6,0,0,1
group,human_action,206,6,4,6,0,0,1
group,human_action,207,6,4,6,0,0,1
group,human_action,208,6,4,6,0,0,1
group,human_action,209,6,4,6,0,0,1
group,human_action,21,6,4,6,0,0,1
group,human_action,210,6,4,6,0,0,1
group,human_action,211,6,4,6,0,0,1
group,human_action,212,6,4,6,0,0,1
group,human_action,213,6,4,6,0,0,1
group,human_action,214,6,4,6,0,0,1
group,human_action,215,6,4,6,0,0,1
group,human_action,216,6,4,6,0,0,1
group,human_action,217,6,4,6,0,0,1
group,human_action,218,6,4,6,0,0,1
group,human_action,219,6,4,6,0,0,1
group,human_action,22,6,4,6,0,0,1
group,human_action,220,6,4,6,0,0,1
group,human_action,221,6,4,6,0,0,1
group,human_action,222,6,4,6,0,0,1
group,human_action,223,6,4,6,0,0,1
group,human_action,224,6,4,6,0,0,1
group,human_action,225,6,4,6,0,0,1
group,human_action,226,6,4,6,0,0,1
group,human_action,227,6,4,6,0,0,1
group,human_action,228,6,4,6,0,0,1
group,human_action,229,6,4,6,0,0,1
group,human_action,23,6,4,6,0,0,1
group,human_action,230,6,4,6,0,0,1
group,human_action,231,6,4,6,0,0,1
group,human_action,232,6,4,6,0,0,1
group,human_action,233,6,4,6,0,0,1
group,human_action,234,6,4,6,0,0,1
group,human_action,235,6,4,6,0,0,1
group,human_action,236,6,4,6,0,0,1
group,human_action,237,6,4,6,0,0,1
group,human_action,238,6,4,6,0,0,1
group,human_action,239,6,4,6,0,0,1
group,human_action,24,6,4,6,0,0,1
group,human_action,240,6,4,6,0,0,1
group,human_action,241,6,4,6,0,0,1
group,human_action,242,6,4,6,0,0,1
group,human_action,243,6,4,6,0,0,1
group,human_action,244,6,4,6,0,0,1
group,human_action,245,6,4,6,0,0,1
group,human_action,246,6,4,6,0,0,1
group,human_action,247,6,4,6,0,0,1
group,human_action,248,6,4,6,0,0,1
group,human_action,249,6,4,6,0,0,1
group,human_action,25,6,4,6,0,0,1
group,human_action,250,6,4,6,0,0,1
group,human_action,251,6,4,6,0,0,1
group,human_action,252,6,4,6,0,0,1
group,human_action,253,6,4,6,0,0,1
group,human_action,254,6,4,6,0,0,1
group,human_action,255,6,4,6,0,0,1
group,human_action,256,6,4,6,0,0,1
group,human_action,257,6,4,6,0,0,1
group,human_action,258,6,4,6,0,0,1
group,human_action,259,6,4,6,0,0,1
group,human_action,26,6,4,6,0,0,1
group,human_action,260,6,4,6,0,0,1
group,human_action,261,6,4,6,0,0,1
group,human_action,262,6,4,6,0,0,1
group,human_action,263,6,4,6,0,0,1
group,human_action,264,6,4,6,0,0,1
group,human_action,265,6,4,6,0,0,1
group,human_action,266,6,4,6,0,0,1
group,human_action,267,6,4,6,0,0,1
group,human_action,268,6,4,6,0,0,1
group,human_action,269,6,4,6,0,0,1
group,human_action,27,6,4,6,0,0,1
group,human_action,270,6,4,6,0,0,1
group,human_action,271,6,4,6,0,0,1
group,human_action,272,6,4,6,0,0,1
group,human_action,273,6,4,6,0,0,1
group,human_action,274,6,4,6,0,0,1
group,human_action,275,6,4,6,0,0,1
group,human_action,276,6,4,6,0,0,1
group,human_action,277,6,4,6,0,0,1
group,human_action,278,6,4,6,0,0,1
group,human_action,279,6,4,6,0,0,1
group,human_action,28,6,4,6,0,0,1
group,human_action,280,6,4,6,0,0,1
group,human_action,281,6,4,6,0,0,1
group,human_action,282,6,4,6,0,0,1
group,human_action,283,6,4,6,0,0,1
group,human_action,284,6,4,6,0,0,1
group,human_action,285,6,4,6,0,0,1
group,human_action,286,6,4,6,0,0,1
group,human_action,287,6,4,6,0,0,1
group,human_action,288,6,4,6,0,0,1
group,human_action,289,6,4,6,0,0,1
group,human_action,29,6,4,6,0,0,1
group,human_action,290,6,4,6,0,0,1
group,human_action,291,6,4,6,0,0,1
group,human_action,292,6,4,6,0,0,1
group,human_action,293,6,4,6,0,0,1
group,human_action,294,6,4,6,0,0,1
group,human_action,295,6,4,6,0,0,1
group,human_action,296,6,4,6,0,0,1
group,human_action,297,6,4,6,0,0,1
group,human_action,298,6,4,6,0,0,1
group,human_action,299,6,4,6,0,0,1
group,human_action,3,6,4,6,0,0,1
group,human_action,30,6,4,6,0,0,1
group,human_action,300,6,4,6,0,0,1
group,human_action,301,6,4,6,0,0,1
group,human_action,302,6,4,6,0,0,1
group,human_action,303,6,4,6,0,0,1
group,human_action,304,6,4,6,0,0,1
group,human_action,305,6,4,6,0,0,1
group,human_action,306,6,4,6,0,0,1
group,human_action,307,6,4,6,0,0,1
group,human_action,308,6,4,6,0,0,1
group,human_action,309,6,4,6,0,0,1
group,human_action,31,6,4,6,0,0,1
group,human_action,310,6,4,6,0,0,1
group,human_action,311,6,4,6,0,0,1
group,human_action,312,6,4,6,0,0,1
group,human_action,313,6,4,6,0,0,1
group,human_action,314,6,4,6,0,0,1
group,human_action,315,6,4,6,0,0,1
group,human_action,316,6,4,6,0,0,1
group,human_action,317,6,4,6,0,0,1
group,human_action,318,6,4,6,0,0,1
group,human_action,319,6,4,6,0,0,1
group,human_action,32,6,4,6,0,0,1
group,human_action,320,6,4,6,0,0,1
group,human_action,321,6,4,6,0,0,1
group,human_action,322,6,4,6,0,0,1
group,human_action,323,6,4,6,0,0,1
group,human_action,324,6,4,6,0,0,1
group,human_action,325,6,4,6,0,0,1
group,human_action,326,6,4,6,0,0,1
group,human_action,327,6,4,6,0,0,1
group,human_action,328,6,4,6,0,0,1
group,human_action,329,6,4,6,0,0,1
group,human_action,33,6,4,6,0,0,1
group,human_action,330,6,4,6,0,0,1
group,human_action,331,6,4,6,0,0,1
group,human_action,332,6,4,6,0,0,1
group,human_action,333,6,4,6,0,0,1
group,human_action,334,6,4,6,0,0,1
group,human_action,335,6,4,6,0,0,1
group,human_action,336,6,4,6,0,0,1
group,human_action,337,6,4,6,0,0,1
group,human_action,338,6,4,6,0,0,1
group,human_action,339,6,4,6,0,0,1
group,human_action,34,6,4,6,0,0,1
group,human_action,340,6,4,6,0,0,1
group,human_action,341,6,4,6,0,0,1
group,human_action,342,6,4,6,0,0,1
group,human_action,343,6,4,6,0,0,1
group,human_action,344,6,4,6,0,0,1
group,human_action,345,6,4,6,0,0,1
group,human_action,346,6,4,6,0,0,1
group,human_action,347,6,4,6,0,0,1
group,human_action,348,6,4,6,0,0,1
group,human_action,349,6,4,6,0,0,1
group,human_action,35,6,4,6,0,0,1
group,human_action,350,6,4,6,0,0,1
group,human_action,351,6,4,6,0,0,1
group,human_action,352,6,4,6,0,0,1
group,human_action,353,6,4,6,0,0,1
group,human_action,354,6,4,6,0,0,1
group,human_action,355,6,4,6,0,0,1
group,human_action,356,6,4,6,0,0,1
group,human_action,357,6,4,6,0,0,1
group,human_action,358,6,4,6,0,0,1
group,human_action,359,6,4,6,0,0,1
group,human_action,36,6,4,6,0,0,1
group,human_action,360,6,4,6,0,0,1
group,human_action,361,6,4,6,0,0,1
group,human_action,362,6,4,6,0,0,1
group,human_action,363,6,4,6,0,0,1
group,human_action,364,6,4,6,0,0,1
group,human_action,365,6,4,6,0,0,1
group,human_action,366,6,4,6,0,0,1
group,human_action,367,6,4,6,0,0,1
group,human_action,368,6,4,6,0,0,1
group,human_action,369,6,4,6,0,0,1
group,human_action,37,6,4,6,0,0,1
group,human_action,370,6,4,6,0,0,1
group,human_action,371,6,4,6,0,0,1
group,human_action,372,6,4,6,0,0,1
group,human_action,373,6,4,6,0,0,1
group,human_action,374,6,4,6,0,0,1
group,human_action,375,6,4,6,0,0,1
group,human_action,376,6,4,6,0,0,1
group,human_action,377,6,4,6,0,0,1
group,human_action,378,6,4,6,0,0,1
group,human_action,379,6,4,6,0,0,1
group,human_action,38,6,4,6,0,0,1
group,human_action,380,6,4,6,0,0,1
group,human_action,381,6,4,6,0,0,1
group,human_action,382,6,4,6,0,0,1
group,human_action,383,6,4,6,0,0,1
group,human_action,384,6,4,6,0,0,1
group,human_action,385,6,4,6,0,0,1
group,human_action,386,6,4,6,0,0,1
group,human_action,387,6,4,6,0,0,1
group,human_action,388,6,4,6,0,0,1
group,human_action,389,6,4,6,0,0,1
group,human_action,39,6,4,6,0,0,1
group,human_action,390,6,4,6,0,0,1
group,human_action,391,6,4,6,0,0,1
group,human_action,392,6,4,6,0,0,1
group,human_action,393,6,4,6,0,0,1
group,human_action,394,6,4,6,0,0,1
group,human_action,395,6,4,6,0,0,1
group,human_action,396,6,4,6,0,0,1
group,human_action,397,6,4,6,0,0,1
group,human_action,398,6,4,6,0,0,1
group,human_action,399,6,4,6,0,0,1
group,human_action,4,6,4,6,0,0,1
group,human_action,40,6,4,6,0,0,1
group,human_action,400,6,4,6,0,0,1
group,human_action,401,6,4,6,0,0,1
group,human_action,402,6,4,6,0,0,1
group,human_action,403,6,4,6,0,0,1
group,human_action,404,6,4,6,0,0,1
group,human_action,405,6,4,6,0,0,1
group,human_action,406,6,4,6,0,0,1
group,human_action,407,6,4,6,0,0,1
group,human_action,408,6,4,6,0,0,1
group,human_action,409,6,4,6,0,0,1
group,human_action,41,6,4,6,0,0,1
group,human_action,410,6,4,6,0,0,1
group,human_action,411,6,4,6,0,0,1
group,human_action,412,6,4,6,0,0,1
group,human_action,413,6,4,6,0,0,1
group,human_action,414,6,4,6,0,0,1
group,human_action,415,6,4,6,0,0,1
group,human_action,416,6,4,6,0,0,1
group,human_action,417,6,4,6,0,0,1
group,human_action,418,6,4,6,0,0,1
group,human_action,419,6,4,6,0,0,1
group,human_action,42,6,4,6,0,0,1
group,human_action,420,6,4,6,0,0,1
group,human_action,421,6,4,6,0,0,1
group,human_action,422,6,4,6,0,0,1
group,human_action,423,6,4,6,0,0,1
group,human_action,424,6,4,6,0,0,1
group,human_action,425,6,4,6,0,0,1
group,human_action,426,6,4,6,0,0,1
group,human_action,427,6,4,6,0,0,1
group,human_action,428,6,4,6,0,0,1
group,human_action,429,6,4,6,0,0,1
group,human_action,43,6,4,6,0,0,1
group,human_action,430,6,4,6,0,0,1
group,human_action,431,6,4,6,0,0,1
group,human_action,432,6,4,6,0,0,1
group,human_action,433,6,4,6,0,0,1
group,human_action,434,6,4,6,0,0,1
group,human_action,435,6,4,6,0,0,1
group,human_action,436,6,4,6,0,0,1
group,human_action,437,6,4,6,0,0,1
group,human_action,438,6,4,6,0,0,1
group,human_action,439,6,4,6,0,0,1
group,human_action,44,6,4,6,0,0,1
group,human_action,440,6,4,6,0,0,1
group,human_action,441,6,4,6,0,0,1
group,human_action,442,6,4,6,0,0,1
group,human_action,443,6,4,6,0,0,1
group,human_action,444,6,4,6,0,0,1
group,human_action,445,6,4,6,0,0,1
group,human_action,446,6,4,6,0,0,1
group,human_action,447,6,4,6,0,0,1
group,human_action,448,6,4,6,0,0,1
group,human_action,449,6,4,6,0,0,1
group,human_action,45,6,4,6,0,0,1
group,human_action,450,6,4,6,0,0,1
group,human_action,451,6,4,6,0,0,1
group,human_action,452,6,4,6,0,0,1
group,human_action,453,6,4,6,0,0,1
group,human_action,454,6,4,6,0,0,1
group,human_action,455,6,4,6,0,0,1
group,human_action,456,6,4,6,0,0,1
group,human_action,457,6,4,6,0,0,1
group,human_action,458,6,4,6,0,0,1
group,human_action,459,6,4,6,0,0,1
group,human_action,46,6,4,6,0,0,1
group,human_action,460,6,4,6,0,0,1
group,human_action,461,6,4,6,0,0,1
group,human_action,462,6,4,6,0,0,1
group,human_action,463,6,4,6,0,0,1
group,human_action,464,6,4,6,0,0,1
group,human_action,465,6,4,6,0,0,1
group,human_action,466,6,4,6,0,0,1
group,human_action,467,6,4,6,0,0,1
group,human_action,468,6,4,6,0,0,1
group,human_action,469,6,4,6,0,0,1
group,human_action,47,6,4,6,0,0,1
group,human_action,470,6,4,6,0,0,1
group,human_action,471,6,4,6,0,0,1
group,human_action,472,6,4,6,0,0,1
group,human_action,473,6,4,6,0,0,1
group,human_action,474,6,4,6,0,0,1
group,human_action,475,6,4,6,0,0,1
group,human_action,476,6,4,6,0,0,1
group,human_action,477,6,4,6,0,0,1
group,human_action,478,6,4,6,0,0,1
group,human_action,479,6,4,6,0,0,1
group,human_action,48,6,4,6,0,0,1
group,human_action,480,6,4,6,0,0,1
group,human_action,481,6,4,6,0,0,1
group,human_action,482,6,4,6,0,0,1
group,human_action,483,6,4,6,0,0,1
group,human_action,484,6,4,6,0,0,1
group,human_action,485,6,4,6,0,0,1
group,human_action,486,6,4,6,0,0,1
group,human_action,487,6,4,6,0,0,1
group,human_action,488,6,4,6,0,0,1
group,human_action,489,6,4,6,0,0,1
group,human_action,49,6,4,6,0,0,1
group,human_action,490,6,4,6,0,0,1
group,human_action,491,6,4,6,0,0,1
group,human_action,492,6,4,6,0,0,1
group,human_action,493,6,4,6,0,0,1
group,human_action,494,6,4,6,0,0,1
group,human_action,495,6,4,6,0,0,1
group,human_action,496,6,4,6,0,0,1
group,human_action,497,6,4,6,0,0,1
group,human_action,498,6,4,6,0,0,1
group,human_action,499,6,4,6,0,0,1
group,human_action,5,6,4,6,0,0,1
group,human_action,50,6,4,6,0,0,1
group,human_action,51,6,4,6,0,0,1
group,human_action,52,6,4,6,0,0,1
group,human_action,53,6,4,6,0,0,1
group,human_action,54,6,4,6,0,0,1
group,human_action,55,6,4,6,0,0,1
group,human_action,56,6,4,6,0,0,1
group,human_action,57,6,4,6,0,0,1
group,human_action,58,6,4,6,0,0,1
group,human_action,59,6,4,6,0,0,1
group,human_action,6,6,4,6,0,0,1
group,human_action,60,6,4,6,0,0,1
group,human_action,61,6,4,6,0,0,1
group,human_action,62,6,4,6,0,0,1
group,human_action,63,6,4,6,0,0,1
group,human_action,64,6,4,6,0,0,1
group,human_action,65,6,4,6,0,0,1
group,human_action,66,6,4,6,0,0,1
group,human_action,67,6,4,6,0,0,1
group,human_action,68,6,4,6,0,0,1
group,human_action,69,6,4,6,0,0,1
group,human_action,7,6,4,6,0,0,1
group,human_action,70,6,4,6,0,0,1
group,human_action,71,6,4,6,0,0,1
group,human_action,72,6,4,6,0,0,1
group,human_action,73,6,4,6,0,0,1
group,human_action,74,6,4,6,0,0,1
group,human_action,75,6,4,6,0,0,1
group,human_action,76,6,4,6,0,0,1
group,human_action,77,6,4,6,0,0,1
group,human_action,78,6,4,6,0,0,1
group,human_action,79,6,4,6,0,0,1
group,human_action,8,6,4,6,0,0,1
group,human_action,80,6,4,6,0,0,1
group,human_action,81,6,4,6,0,0,1
group,human_action,82,6,4,6,0,0,1
group,human_action,83,6,4,6,0,0,1
group,human_action,84,6,4,6,0,0,1
group,human_action,85,6,4,6,0,0,1
group,human_action,86,6,4,6,0,0,1
group,human_action,87,6,4,6,0,0,1
group,human_action,88,6,4,6,0,0,1
group,human_action,89,6,4,6,0,0,1
group,human_action,9,6,4,6,0,0,1
group,human_action,90,6,4,6,0,0,1
group,human_action,91,6,4,6,0,0,1
group,human_action,92,6,4,6,0,0,1
group,human_action,93,6,4,6,0,0,1
group,human_action,94,6,4,6,0,0,1
group,human_action,95,6,4,6,0,0,1
group,human_action,96,6,4,6,0,0,1
group,human_action,97,6,4,6,0,0,1
group,human_action,98,6,4,6,0,0,1
group,human_action,99,6,4,6,0,0,1
group,motion_smoothness,0,6,4,6,0,0,1
group,motion_smoothness,1,6,4,6,0,0,1
group,motion_smoothness,10,6,4,6,0,0,1
group,motion_smoothness,100,6,4,6,0,0,1
group,motion_smoothness,101,6,4,6,0,0,1
group,motion_smoothness,102,6,4,6,0,0,1
group,motion_smoothness,103,6,4,6,0,0,1
group,motion_smoothness,104,6,4,6,0,0,1
group,motion_smoothness,105,6,4,6,0,0,1
group,motion_smoothness,106,6,4,6,0,0,1
group,motion_smoothness,107,6,4,6,0,0,1
group,motion_smoothness,108,6,4,6,0,0,1
group,motion_smoothness,109,6,4,6,0,0,1
group,motion_smoothness,11,6,4,6,0,0,1
group,motion_smoothness,110,6,4,6,0,0,1
group,motion_smoothness,111,6,4,6,0,0,1
group,motion_smoothness,112,6,4,6,0,0,1
group,motion_smoothness,113,6,4,6,0,0,1
group,motion_smoothness,114,6,4,6,0,0,1
group,motion_smoothness,115,6,4,6,0,0,1
group,motion_smoothness,116,6,4,6,0,0,1
group,motion_smoothness,117,6,4,6,0,0,1
group,motion_smoothness,118,6,4,6,0,0,1
group,motion_smoothness,119,6,4,6,0,0,1
group,motion_smoothness,12,6,4,6,0,0,1
group,motion_smoothness,120,6,4,6,0,0,1
group,motion_smoothness,121,6,4,6,0,0,1
group,motion_smoothness,122,6,4,6,0,0,1
group,motion_smoothness,123,6,4,6,0,0,1
group,motion_smoothness,124,6,4,6,0,0,1
group,motion_smoothness,125,6,4,6,0,0,1
group,motion_smoothness,126,6,4,6,0,0,1
group,motion_smoothness,127,6,4,6,0,0,1
group,motion_smoothness,128,6,4,6,0,0,1
group,motion_smoothness,129,6,4,6,0,0,1
group,motion_smoothness,13,6,4,6,0,0,1
group,motion_smoothness,130,6,4,6,0,0,1
group,motion_smoothness,131,6,4,6,0,0,1
group,motion_smoothness,132,6,4,6,0,0,1
group,motion_smoothness,133,6,4,6,0,0,1
group,motion_smoothness,134,6,4,6,0,0,1
group,motion_smoothness,135,6,4,6,0,0,1
group,motion_smoothness,136,6,4,6,0,0,1
group,motion_smoothness,137,6,4,6,0,0,1
group,motion_smoothness,138,6,4,6,0,0,1
group,motion_smoothness,139,6,4,6,0,0,1
group,motion_smoothness,14,6,4,6,0,0,1
group,motion_smoothness,140,6,4,6,0,0,1
group,motion_smoothness,141,6,4,6,0,0,1
group,motion_smoothness,142,6,4,6,0,0,1
group,motion_smoothness,143,6,4,6,0,0,1
group,motion_smoothness,144,6,4,6,0,0,1
group,motion_smoothness,145,6,4,6,0,0,1
group,motion_smoothness,146,6,4,6,0,0,1
group,motion_smoothness,147,6,4,6,0,0,1
group,motion_smoothness,148,6,4,6,0,0,1
group,motion_smoothness,149,6,4,6,0,0,1
group,motion_smoothness,15,6,4,6,0,0,1
group,motion_smoothness,150,6,4,6,0,0,1
group,motion_smoothness,151,6,4,6,0,0,1
group,motion_smoothness,152,6,4,6,0,0,1
group,motion_smoothness,153,6,4,6,0,0,1
group,motion_smoothness,154,6,4,6,0,0,1
group,motion_smoothness,155,6,4,6,0,0,1
group,motion_smoothness,156,6,4,6,0,0,1
group,motion_smoothness,157,6,4,6,0,0,1
group,motion_smoothness,158,6,4,6,0,0,1
group,motion_smoothness,159,6,4,6,0,0,1
group,motion_smoothness,16,6,4,6,0,0,1
group,motion_smoothness,160,6,4,6,0,0,1
group,motion_smoothness,161,6,4,6,0,0,1
group,motion_smoothness,162,6,4,6,0,0,1
group,motion_smoothness,163,6,4,6,0,0,1
group,motion_smoothness,164,6,4,6,0,0,1
group,motion_smoothness,165,6,4,6,0,0,1
group,motion_smoothness,166,6,4,6,0,0,1
group,motion_smoothness,167,6,4,6,0,0,1
group,motion_smoothness,168,6,4,6,0,0,1
group,motion_smoothness,169,6,4,6,0,0,1
group,motion_smoothness,17,6,4,6,0,0,1
group,motion_smoothness,170,6,4,6,0,0,1
group,motion_smoothness,171,6,4,6,0,0,1
group,motion_smoothness,172,6,4,6,0,0,1
group,motion_smoothness,173,6,4,6,0,0,1
group,motion_smoothness,174,6,4,6,0,0,1
group,motion_smoothness,175,6,4,6,0,0,1
group,motion_smoothness,176,6,4,6,0,0,1
group,motion_smoothness,177,6,4,6,0,0,1
group,motion_smoothness,178,6,4,6,0,0,1
group,motion_smoothness,179,6,4,6,0,0,1
group,motion_smoothness,18,6,4,6,0,0,1
group,motion_smoothness,180,6,4,6,0,0,1
group,motion_smoothness,181,6,4,6,0,0,1
group,motion_smoothness,182,6,4,6,0,0,1
group,motion_smoothness,183,6,4,6,0,0,1
group,motion_smoothness,184,6,4,6,0,0,1
group,motion_smoothness,185,6,4,6,0,0,1
group,motion_smoothness,186,6,4,6,0,0,1
group,motion_smoothness,187,6,4,6,0,0,1
group,motion_smoothness,188,6,4,6,0,0,1
group,motion_smoothness,189,6,4,6,0,0,1
group,motion_smoothness,19,6,4,6,0,0,1
group,motion_smoothness,190,6,4,6,0,0,1
group,motion_smoothness,191,6,4,6,0,0,1
group,motion_smoothness,192,6,4,6,0,0,1
group,motion_smoothness,193,6,4,6,0,0,1
group,motion_smoothness,194,6,4,6,0,0,1
group,motion_smoothness,195,6,4,6,0,0,1
group,motion_smoothness,196,6,4,6,0,0,1
group,motion_smoothness,197,6,4,6,0,0,1
group,motion_smoothness,198,6,4,6,0,0,1
group,motion_smoothness,199,6,4,6,0,0,1
group,motion_smoothness,2,6,4,6,0,0,1
group,motion_smoothness,20,6,4,6,0,0,1
group,motion_smoothness,200,6,4,6,0,0,1
group,motion_smoothness,201,6,4,6,0,0,1
group,motion_smoothness,202,6,4,6,0,0,1
group,motion_smoothness,203,6,4,6,0,0,1
group,motion_smoothness,204,6,4,6,0,0,1
group,motion_smoothness,205,6,4,6,0,0,1
group,motion_smoothness,206,6,4,6,0,0,1
group,motion_smoothness,207,6,4,6,0,0,1
group,motion_smoothness,208,6,4,6,0,0,1
group,motion_smoothness,209,6,4,6,0,0,1
group,motion_smoothness,21,6,4,6,0,0,1
group,motion_smoothness,210,6,4,6,0,0,1
group,motion_smoothness,211,6,4,6,0,0,1
group,motion_smoothness,212,6,4,6,0,0,1
group,motion_smoothness,213,6,4,6,0,0,1
group,motion_smoothness,214,6,4,6,0,0,1
group,motion_smoothness,215,6,4,6,0,0,1
group,motion_smoothness,216,6,4,6,0,0,1
group,motion_smoothness,217,6,4,6,0,0,1
group,motion_smoothness,218,6,4,6,0,0,1
group,motion_smoothness,219,6,4,6,0,0,1
group,motion_smoothness,22,6,4,6,0,0,1
group,motion_smoothness,220,6,4,6,0,0,1
group,motion_smoothness,221,6,4,6,0,0,1
group,motion_smoothness,222,6,4,6,0,0,1
group,motion_smoothness,223,6,4,6,0,0,1
group,motion_smoothness,224,6,4,6,0,0,1
group,motion_smoothness,225,6,4,6,0,0,1
group,motion_smoothness,226,6,4,6,0,0,1
group,motion_smoothness,227,6,4,6,0,0,1
group,motion_smoothness,228,6,4,6,0,0,1
group,motion_smoothness,229,6,4,6,0,0,1
group,motion_smoothness,23,6,4,6,0,0,1
group,motion_smoothness,230,6,4,6,0,0,1
group,motion_smoothness,231,6,4,6,0,0,1
group,motion_smoothness,232,6,4,6,0,0,1
group,motion_smoothness,233,6,4,6,0,0,1
group,motion_smoothness,234,6,4,6,0,0,1
group,motion_smoothness,235,6,4,6,0,0,1
group,motion_smoothness,236,6,4,6,0,0,1
group,motion_smoothness,237,6,4,6,0,0,1
group,motion_smoothness,238,6,4,6,0,0,1
group,motion_smoothness,239,6,4,6,0,0,1
group,motion_smoothness,24,6,4,6,0,0,1
group,motion_smoothness,240,6,4,6,0,0,1
group,motion_smoothness,241,6,4,6,0,0,1
group,motion_smoothness,242,6,4,6,0,0,1
group,motion_smoothness,243,6,4,6,0,0,1
group,motion_smoothness,244,6,4,6,0,0,1
group,motion_smoothness,245,6,4,6,0,0,1
group,motion_smoothness,246,6,4,6,0,0,1
group,motion_smoothness,247,6,4,6,0,0,1
group,motion_smoothness,248,6,4,6,0,0,1
group,motion_smoothness,249,6,4,6,0,0,1
group,motion_smoothness,25,6,4,6,0,0,1
group,motion_smoothness,250,6,4,6,0,0,1
group,motion_smoothness,251,6,4,6,0,0,1
group,motion_smoothness,252,6,4,6,0,0,1
group,motion_smoothness,253,6,4,6,0,0,1
group,motion_smoothness,254,6,4,6,0,0,1
group,motion_smoothness,255,6,4,6,0,0,1
group,motion_smoothness,256,6,4,6,0,0,1
group,motion_smoothness,257,6,4,6,0,0,1
group,motion_smoothness,258,6,4,6,0,0,1
group,motion_smoothness,259,6,4,6,0,0,1
group,motion_smoothness,26,6,4,6,0,0,1
group,motion_smoothness,260,6,4,6,0,0,1
group,motion_smoothness,261,6,4,6,0,0,1
group,motion_smoothness,262,6,4,6,0,0,1
group,motion_smoothness,263,6,4,6,0,0,1
group,motion_smoothness,264,6,4,6,0,0,1
group,motion_smoothness,265,6,4,6,0,0,1
group,motion_smoothness,266,6,4,6,0,0,1
group,motion_smoothness,267,6,4,6,0,0,1
group,motion_smoothness,268,6,4,6,0,0,1
group,motion_smoothness,269,6,4,6,0,0,1
group,motion_smoothness,27,6,4,6,0,0,1
group,motion_smoothness,270,6,4,6,0,0,1
group,motion_smoothness,271,6,4,6,0,0,1
group,motion_smoothness,272,6,4,6,0,0,1
group,motion_smoothness,273,6,4,6,0,0,1
group,motion_smoothness,274,6,4,6,0,0,1
group,motion_smoothness,275,6,4,6,0,0,1
group,motion_smoothness,276,6,4,6,0,0,1
group,motion_smoothness,277,6,4,6,0,0,1
group,motion_smoothness,278,6,4,6,0,0,1
group,motion_smoothness,279,6,4,6,0,0,1
group,motion_smoothness,28,6,4,6,0,0,1
group,motion_smoothness,280,6,4,6,0,0,1
group,motion_smoothness,281,6,4,6,0,0,1
group,motion_smoothness,282,6,4,6,0,0,1
group,motion_smoothness,283,6,4,6,0,0,1
group,motion_smoothness,284,6,4,6,0,0,1
group,motion_smoothness,285,6,4,6,0,0,1
group,motion_smoothness,286,6,4,6,0,0,1
group,motion_smoothness,287,6,4,6,0,0,1
group,motion_smoothness,288,6,4,6,0,0,1
group,motion_smoothness,289,6,4,6,0,0,1
group,motion_smoothness,29,6,4,6,0,0,1
group,motion_smoothness,290,6,4,6,0,0,1
group,motion_smoothness,291,6,4,6,0,0,1
group,motion_smoothness,292,6,4,6,0,0,1
group,motion_smoothness,293,6,4,6,0,0,1
group,motion_smoothness,294,6,4,6,0,0,1
group,motion_smoothness,295,6,4,6,0,0,1
group,motion_smoothness,296,6,4,6,0,0,1
group,motion_smoothness,297,6,4,6,0,0,1
group,motion_smoothness,298,6,4,6,0,0,1
group,motion_smoothness,299,6,4,6,0,0,1
group,motion_smoothness,3,6,4,6,0,0,1
group,motion_smoothness,30,6,4,6,0,0,1
group,motion_smoothness,300,6,4,6,0,0,1
group,motion_smoothness,301,6,4,6,0,0,1
group,motion_smoothness,302,6,4,6,0,0,1
group,motion_smoothness,303,6,4,6,0,0,1
group,motion_smoothness,304,6,4,6,0,0,1
group,motion_smoothness,305,6,4,6,0,0,1
group,motion_smoothness,306,6,4,6,0,0,1
group,motion_smoothness,307,6,4,6,0,0,1
group,motion_smoothness,308,6,4,6,0,0,1
group,motion_smoothness,309,6,4,6,0,0,1
group,motion_smoothness,31,6,4,6,0,0,1
group,motion_smoothness,310,6,4,6,0,0,1
group,motion_smoothness,311,6,4,6,0,0,1
group,motion_smoothness,312,6,4,6,0,0,1
group,motion_smoothness,313,6,4,6,0,0,1
group,motion_smoothness,314,6,4,6,0,0,1
group,motion_smoothness,315,6,4,6,0,0,1
group,motion_smoothness,316,6,4,6,0,0,1
group,motion_smoothness,317,6,4,6,0,0,1
group,motion_smoothness,318,6,4,6,0,0,1
group,motion_smoothness,319,6,4,6,0,0,1
group,motion_smoothness,32,6,4,6,0,0,1
group,motion_smoothness,320,6,4,6,0,0,1
group,motion_smoothness,321,6,4,6,0,0,1
group,motion_smoothness,322,6,4,6,0,0,1
group,motion_smoothness,323,6,4,6,0,0,1
group,motion_smoothness,324,6,4,6,0,0,1
group,motion_smoothness,325,6,4,6,0,0,1
group,motion_smoothness,326,6,4,6,0,0,1
group,motion_smoothness,327,6,4,6,0,0,1
group,motion_smoothness,328,6,4,6,0,0,1
group,motion_smoothness,329,6,4,6,0,0,1
group,motion_smoothness,33,6,4,6,0,0,1
group,motion_smoothness,330,6,4,6,0,0,1
group,motion_smoothness,331,6,4,6,0,0,1
group,motion_smoothness,332,6,4,6,0,0,1
group,motion_smoothness,333,6,4,6,0,0,1
group,motion_smoothness,334,6,4,6,0,0,1
group,motion_smoothness,335,6,4,6,0,0,1
group,motion_smoothness,336,6,4,6,0,0,1
group,motion_smoothness,337,6,4,6,0,0,1
group,motion_smoothness,338,6,4,6,0,0,1
group,motion_smoothness,339,6,4,6,0,0,1
group,motion_smoothness,34,6,4,6,0,0,1
group,motion_smoothness,340,6,4,6,0,0,1
group,motion_smoothness,341,6,4,6,0,0,1
group,motion_smoothness,342,6,4,6,0,0,1
group,motion_smoothness,343,6,4,6,0,0,1
group,motion_smoothness,344,6,4,6,0,0,1
group,motion_smoothness,345,6,4,6,0,0,1
group,motion_smoothness,346,6,4,6,0,0,1
group,motion_smoothness,347,6,4,6,0,0,1
group,motion_smoothness,348,6,4,6,0,0,1
group,motion_smoothness,349,6,4,6,0,0,1
group,motion_smoothness,35,6,4,6,0,0,1
group,motion_smoothness,350,6,4,6,0,0,1
group,motion_smoothness,351,6,4,6,0,0,1
group,motion_smoothness,352,6,4,6,0,0,1
group,motion_smoothness,353,6,4,6,0,0,1
group,motion_smoothness,354,6,4,6,0,0,1
group,motion_smoothness,355,6,4,6,0,0,1
group,motion_smoothness,356,6,4,6,0,0,1
group,motion_smoothness,357,6,4,6,0,0,1
group,motion_smoothness,358,6,4,6,0,0,1
group,motion_smoothness,359,6,4,6,0,0,1
group,motion_smoothness,36,6,4,6,0,0,1
group,motion_smoothness,37,6,4,6,0,0,1
group,motion_smoothness,38,6,4,6,0,0,1
group,motion_smoothness,39,6,4,6,0,0,1
group,motion_smoothness,4,6,4,6,0,0,1
group,motion_smoothness,40,6,4,6,0,0,1
group,motion_smoothness,41,6,4,6,0,0,1
group,motion_smoothness,42,6,4,6,0,0,1
group,motion_smoothness,43,6,4,6,0,0,1
group,motion_smoothness,44,6,4,6,0,0,1
group,motion_smoothness,45,6,4,6,0,0,1
group,motion_smoothness,46,6,4,6,0,0,1
group,motion_smoothness,47,6,4,6,0,0,1
group,motion_smoothness,48,6,4,6,0,0,1
group,motion_smoothness,49,6,4,6,0,0,1
group,motion_smoothness,5,6,4,6,0,0,1
group,motion_smoothness,50,6,4,6,0,0,1
group,motion_smoothness,51,6,4,6,0,0,1
group,motion_smoothness,52,6,4,6,0,0,1
group,motion_smoothness,53,6,4,6,0,0,1
group,motion_smoothness,54,6,4,6,0,0,1
group,motion_smoothness,55,6,4,6,0,0,1
group,motion_smoothness,56,6,4,6,0,0,1
group,motion_smoothness,57,6,4,6,0,0,1
group,motion_smoothness,58,6,4,6,0,0,1
group,motion_smoothness,59,6,4,6,0,0,1
group,motion_smoothness,6,6,4,6,0,0,1
group,motion_smoothness,60,6,4,6,0,0,1
group,motion_smoothness,61,6,4,6,0,0,1
group,motion_smoothness,62,6,4,6,0,0,1
group,motion_smoothness,63,6,4,6,0,0,1
group,motion_smoothness,64,6,4,6,0,0,1
group,motion_smoothness,65,6,4,6,0,0,1
group,motion_smoothness,66,6,4,6,0,0,1
group,motion_smoothness,67,6,4,6,0,0,1
group,motion_smoothness,68,6,4,6,0,0,1
group,motion_smoothness,69,6,4,6,0,0,1
group,motion_smoothness,7,6,4,6,0,0,1
group,motion_smoothness,70,6,4,6,0,0,1
group,motion_smoothness,71,6,4,6,0,0,1
group,motion_smoothness,72,6,4,6,0,0,1
group,motion_smoothness,73,6,4,6,0,0,1
group,motion_smoothness,74,6,4,6,0,0,1
group,motion_smoothness,75,6,4,6,0,0,1
group,motion_smoothness,76,6,4,6,0,0,1
group,motion_smoothness,77,6,4,6,0,0,1
group,motion_smoothness,78,6,4,6,0,0,1
group,motion_smoothness,79,6,4,6,0,0,1
group,motion_smoothness,8,6,4,6,0,0,1
group,motion_smoothness,80,6,4,6,0,0,1
group,motion_smoothness,81,6,4,6,0,0,1
group,motion_smoothness,82,6,4,6,0,0,1
group,motion_smoothness,83,6,4,6,0,0,1
group,motion_smoothness,84,6,4,6,0,0,1
group,motion_smoothness,85,6,4,6,0,0,1
group,motion_smoothness,86,6,4,6,0,0,1
group,motion_smoothness,87,6,4,6,0,0,1
group,motion_smoothness,88,6,4,6,0,0,1
group,motion_smoothness,89,6,4,6,0,0,1
group,motion_smoothness,9,6,4,6,0,0,1
group,motion_smoothness,90,6,4,6,0,0,1
group,motion_smoothness,91,6,4,6,0,0,1
group,motion_smoothness,92,6,4,6,0,0,1
group,motion_smoothness,93,6,4,6,0,0,1
group,motion_smoothness,94,6,4,6,0,0,1
group,motion_smoothness,95,6,4,6,0,0,1
group,motion_smoothness,96,6,4,6,0,0,1
group,motion_smoothness,97,6,4,6,0,0,1
group,motion_smoothness,98,6,4,6,0,0,1
group,motion_smoothness,99,6,4,6,0,0,1
group,multiplt_object,0,6,4,6,0,0,1
group,multiplt_object,1,6,4,6,0,0,1
group,multiplt_object,10,6,4,6,0,0,1
group,multiplt_object,100,6,4,6,0,0,1
group,multiplt_object,101,6,4,6,0,0,1
group,multiplt_object,102,6,4,6,0,0,1
group,multiplt_object,103,6,4,6,0,0,1
group,multiplt_object,104,6,4,6,0,0,1
group,multiplt_object,105,6,4,6,0,0,1
group,multiplt_object,106,6,4,6,0,0,1
group,multiplt_object,107,6,4,6,0,0,1
group,multiplt_object,108,6,4,6,0,0,1
group,multiplt_object,109,6,4,6,0,0,1
group,multiplt_object,11,6,4,6,0,0,1
group,multiplt_object,110,6,4,6,0,0,1
group,multiplt_object,111,6,4,6,0,0,1
group,multiplt_object,112,6,4,6,0,0,1
group,multiplt_object,113,6,4,6,0,0,1
group,multiplt_object,114,6,4,6,0,0,1
group,multiplt_object,115,6,4,6,0,0,1
group,multiplt_object,116,6,4,6,0,0,1
group,multiplt_object,117,6,4,6,0,0,1
group,multiplt_object,118,6,4,6,0,0,1
group,multiplt_object,119,6,4,6,0,0,1
group,multiplt_object,12,6,4,6,0,0,1
group,multiplt_object,120,6,4,6,0,0,1
group,multiplt_object,121,6,4,6,0,0,1
group,multiplt_object,122,6,4,6,0,0,1
group,multiplt_object,123,6,4,6,0,0,1
group,multiplt_object,124,6,4,6,0,0,1
group,multiplt_object,125,6,4,6,0,0,1
group,multiplt_object,126,6,4,6,0,0,1
group,multiplt_object,127,6,4,6,0,0,1
group,multiplt_object,128,6,4,6,0,0,1
group,multiplt_object,129,6,4,6,0,0,1
group,multiplt_object,13,6,4,6,0,0,1
group,multiplt_object,130,6,4,6,0,0,1
group,multiplt_object,131,6,4,6,0,0,1
group,multiplt_object,132,6,4,6,0,0,1
group,multiplt_object,133,6,4,6,0,0,1
group,multiplt_object,134,6,4,6,0,0,1
group,multiplt_object,135,6,4,6,0,0,1
group,multiplt_object,136,6,4,6,0,0,1
group,multiplt_object,137,6,4,6,0,0,1
group,multiplt_object,138,6,4,6,0,0,1
group,multiplt_object,139,6,4,6,0,0,1
group,multiplt_object,14,6,4,6,0,0,1
group,multiplt_object,140,6,4,6,0,0,1
group,multiplt_object,141,6,4,6,0,0,1
group,multiplt_object,142,6,4,6,0,0,1
group,multiplt_object,143,6,4,6,0,0,1
group,multiplt_object,144,6,4,6,0,0,1
group,multiplt_object,145,6,4,6,0,0,1
group,multiplt_object,146,6,4,6,0,0,1
group,multiplt_object,147,6,4,6,0,0,1
group,multiplt_object,148,6,4,6,0,0,1
group,multiplt_object,149,6,4,6,0,0,1
group,multiplt_object,15,6,4,6,0,0,1
group,multiplt_object,150,6,4,6,0,0,1
group,multiplt_object,151,6,4,6,0,0,1
group,multiplt_object,152,6,4,6,0,0,1
group,multiplt_object,153,6,4,6,0,0,1
group,multiplt_object,154,6,4,6,0,0,1
group,multiplt_object,155,6,4,6,0,0,1
group,multiplt_object,156,6,4,6,0,0,1
group,multiplt_object,157,6,4,6,0,0,1
group,multiplt_object,158,6,4,6,0,0,1
group,multiplt_object,159,6,4,6,0,0,1
group,multiplt_object,16,6,4,6,0,0,1
group,multiplt_object,160,6,4,6,0,0,1
group,multiplt_object,161,6,4,6,0,0,1
group,multiplt_object,162,6,4,6,0,0,1
group,multiplt_object,163,6,4,6,0,0,1
group,multiplt_object,164,6,4,6,0,0,1
group,multiplt_object,165,6,4,6,0,0,1
group,multiplt_object,166,6,4,6,0,0,1
group,multiplt_object,167,6,4,6,0,0,1
group,multiplt_object,168,6,4,6,0,0,1
group,multiplt_object,169,6,4,6,0,0,1
group,multiplt_object,17,6,4,6,0,0,1
group,multiplt_object,170,6,4,6,0,0,1
group,multiplt_object,171,6,4,6,0,0,1
group,multiplt_object,172,6,4,6,0,0,1
group,multiplt_object,173,6,4,6,0,0,1
group,multiplt_object,174,6,4,6,0,0,1
group,multiplt_object,175,6,4,6,0,0,1
group,multiplt_object,176,6,4,6,0,0,1
group,multiplt_object,177,6,4,6,0,0,1
group,multiplt_object,178,6,4,6,0,0,1
group,multiplt_object,179,6,4,6,0,0,1
group,multiplt_object,18,6,4,6,0,0,1
group,multiplt_object,180,6,4,6,0,0,1
group,multiplt_object,181,6,4,6,0,0,1
group,multiplt_object,182,6,4,6,0,0,1
group,multiplt_object,183,6,4,6,0,0,1
group,multiplt_object,184,6,4,6,0,0,1
group,multiplt_object,185,6,4,6,0,0,1
group,multiplt_object,186,6,4,6,0,0,1
group,multiplt_object,187,6,4,6,0,0,1
group,multiplt_object,188,6,4,6,0,0,1
group,multiplt_object,189,6,4,6,0,0,1
group,multiplt_object,19,6,4,6,0,0,1
group,multiplt_object,190,6,4,6,0,0,1
group,multiplt_object,191,6,4,6,0,0,1
group,multiplt_object,192,6,4,6,0,0,1
group,multiplt_object,193,6,4,6,0,0,1
group,multiplt_object,194,6,4,6,0,0,1
group,multiplt_object,195,6,4,6,0,0,1
group,multiplt_object,196,6,4,6,0,0,1
group,multiplt_object,197,6,4,6,0,0,1
group,multiplt_object,198,6,4,6,0,0,1
group,multiplt_object,199,6,4,6,0,0,1
group,multiplt_object,2,6,4,6,0,0,1
group,multiplt_object,20,6,4,6,0,0,1
group,multiplt_object,200,6,4,6,0,0,1
group,multiplt_object,201,6,4,6,0,0,1
group,multiplt_object,202,6,4,6,0,0,1
group,multiplt_object,203,6,4,6,0,0,1
group,multiplt_object,204,6,4,6,0,0,1
group,multiplt_object,205,6,4,6,0,0,1
group,multiplt_object,206,6,4,6,0,0,1
group,multiplt_object,207,6,4,6,0,0,1
group,multiplt_object,208,6,4,6,0,0,1
group,multiplt_object,209,6,4,6,0,0,1
group,multiplt_object,21,6,4,6,0,0,1
group,multiplt_object,210,6,4,6,0,0,1
group,multiplt_object,211,6,4,6,0,0,1
group,multiplt_object,212,6,4,6,0,0,1
group,multiplt_object,213,6,4,6,0,0,1
group,multiplt_object,214,6,4,6,0,0,1
group,multiplt_object,215,6,4,6,0,0,1
group,multiplt_object,216,6,4,6,0,0,1
group,multiplt_object,217,6,4,6,0,0,1
group,multiplt_object,218,6,4,6,0,0,1
group,multiplt_object,219,6,4,6,0,0,1
group,multiplt_object,22,6,4,6,0,0,1
group,multiplt_object,220,6,4,6,0,0,1
group,multiplt_object,221,6,4,6,0,0,1
group,multiplt_object,222,6,4,6,0,0,1
group,multiplt_object,223,6,4,6,0,0,1
group,multiplt_object,224,6,4,6,0,0,1
group,multiplt_object,225,6,4,6,0,0,1
group,multiplt_object,226,6,4,6,0,0,1
group,multiplt_object,227,6,4,6,0,0,1
group,multiplt_object,228,6,4,6,0,0,1
group,multiplt_object,229,6,4,6,0,0,1
group,multiplt_object,23,6,4,6,0,0,1
group,multiplt_object,230,6,4,6,0,0,1
group,multiplt_object,231,6,4,6,0,0,1
group,multiplt_object,232,6,4,6,0,0,1
group,multiplt_object,233,6,4,6,0,0,1
group,multiplt_object,234,6,4,6,0,0,1
group,multiplt_object,235,6,4,6,0,0,1
group,multiplt_object,236,6,4,6,0,0,1
group,multiplt_object,237,6,4,6,0,0,1
group,multiplt_object,238,6,4,6,0,0,1
group,multiplt_object,239,6,4,6,0,0,1
group,multiplt_object,24,6,4,6,0,0,1
group,multiplt_object,240,6,4,6,0,0,1
group,multiplt_object,241,6,4,6,0,0,1
group,multiplt_object,242,6,4,6,0,0,1
group,multiplt_object,243,6,4,6,0,0,1
group,multiplt_object,244,6,4,6,0,0,1
group,multiplt_object,245,6,4,6,0,0,1
group,multiplt_object,246,6,4,6,0,0,1
group,multiplt_object,247,6,4,6,0,0,1
group,multiplt_object,248,6,4,6,0,0,1
group,multiplt_object,249,6,4,6,0,0,1
group,multiplt_object,25,6,4,6,0,0,1
group,multiplt_object,250,6,4,6,0,0,1
group,multiplt_object,251,6,4,6,0,0,1
group,multiplt_object,252,6,4,6,0,0,1
group,multiplt_object,253,6,4,6,0,0,1
group,multiplt_object,254,6,4,6,0,0,1
group,multiplt_object,255,6,4,6,0,0,1
group,multiplt_object,256,6,4,6,0,0,1
group,multiplt_object,257,6,4,6,0,0,1
group,multiplt_object,258,6,4,6,0,0,1
group,multiplt_object,259,6,4,6,0,0,1
group,multiplt_object,26,6,4,6,0,0,1
group,multiplt_object,260,6,4,6,0,0,1
group,multiplt_object,261,6,4,6,0,0,1
group,multiplt_object,262,6,4,6,0,0,1
group,multiplt_object,263,6,4,6,0,0,1
group,multiplt_object,264,6,4,6,0,0,1
group,multiplt_object,265,6,4,6,0,0,1
group,multiplt_object,266,6,4,6,0,0,1
group,multiplt_object,267,6,4,6,0,0,1
group,multiplt_object,268,6,4,6,0,0,1
group,multiplt_object,269,6,4,6,0,0,1
group,multiplt_object,27,6,4,6,0,0,1
group,multiplt_object,270,6,4,6,0,0,1
group,multiplt_object,271,6,4,6,0,0,1
group,multiplt_object,272,6,4,6,0,0,1
group,multiplt_object,273,6,4,6,0,0,1
group,multiplt_object,274,6,4,6,0,0,1
group,multiplt_object,275,6,4,6,0,0,1
group,multiplt_object,276,6,4,6,0,0,1
group,multiplt_object,277,6,4,6,0,0,1
group,multiplt_object,278,6,4,6,0,0,1
group,multiplt_object,279,6,4,6,0,0,1
group,multiplt_object,28,6,4,6,0,0,1
group,multiplt_object,280,6,4,6,0,0,1
group,multiplt_object,281,6,4,6,0,0,1
group,multiplt_object,282,6,4,6,0,0,1
group,multiplt_object,283,6,4,6,0,0,1
group,multiplt_object,284,6,4,6,0,0,1
group,multiplt_object,285,6,4,6,0,0,1
group,multiplt_object,286,6,4,6,0,0,1
group,multiplt_object,287,6,4,6,0,0,1
group,multiplt_object,288,6,4,6,0,0,1
group,multiplt_object,289,6,4,6,0,0,1
group,multiplt_object,29,6,4,6,0,0,1
group,multiplt_object,290,6,4,6,0,0,1
group,multiplt_object,291,6,4,6,0,0,1
group,multiplt_object,292,6,4,6,0,0,1
group,multiplt_object,293,6,4,6,0,0,1
group,multiplt_object,294,6,4,6,0,0,1
group,multiplt_object,295,6,4,6,0,0,1
group,multiplt_object,296,6,4,6,0,0,1
group,multiplt_object,297,6,4,6,0,0,1
group,multiplt_object,298,6,4,6,0,0,1
group,multiplt_object,299,6,4,6,0,0,1
group,multiplt_object,3,6,4,6,0,0,1
group,multiplt_object,30,6,4,6,0,0,1
group,multiplt_object,300,6,4,6,0,0,1
group,multiplt_object,301,6,4,6,0,0,1
group,multiplt_object,302,6,4,6,0,0,1
group,multiplt_object,303,6,4,6,0,0,1
group,multiplt_object,304,6,4,6,0,0,1
group,multiplt_object,305,6,4,6,0,0,1
group,multiplt_object,306,6,4,6,0,0,1
group,multiplt_object,307,6,4,6,0,0,1
group,multiplt_object,308,6,4,6,0,0,1
group,multiplt_object,309,6,4,6,0,0,1
group,multiplt_object,31,6,4,6,0,0,1
group,multiplt_object,310,6,4,6,0,0,1
group,multiplt_object,311,6,4,6,0,0,1
group,multiplt_object,312,6,4,6,0,0,1
group,multiplt_object,313,6,4,6,0,0,1
group,multiplt_object,314,6,4,6,0,0,1
group,multiplt_object,315,6,4,6,0,0,1
group,multiplt_object,316,6,4,6,0,0,1
group,multiplt_object,317,6,4,6,0,0,1
group,multiplt_object,318,6,4,6,0,0,1
group,multiplt_object,319,6,4,6,0,0,1
group,multiplt_object,32,6,4,6,0,0,1
group,multiplt_object,320,6,4,6,0,0,1
group,multiplt_object,321,6,4,6,0,0,1
group,multiplt_object,322,6,4,6,0,0,1
group,multiplt_object,323,6,4,6,0,0,1
group,multiplt_object,324,6,4,6,0,0,1
group,multiplt_object,325,6,4,6,0,0,1
group,multiplt_object,326,6,4,6,0,0,1
group,multiplt_object,327,6,4,6,0,0,1
group,multiplt_object,328,6,4,6,0,0,1
group,multiplt_object,329,6,4,6,0,0,1
group,multiplt_object,33,6,4,6,0,0,1
group,multiplt_object,330,6,4,6,0,0,1
group,multiplt_object,331,6,4,6,0,0,1
group,multiplt_object,332,6,4,6,0,0,1
group,multiplt_object,333,6,4,6,0,0,1
group,multiplt_object,334,6,4,6,0,0,1
group,multiplt_object,335,6,4,6,0,0,1
group,multiplt_object,336,6,4,6,0,0,1
group,multiplt_object,337,6,4,6,0,0,1
group,multiplt_object,338,6,4,6,0,0,1
group,multiplt_object,339,6,4,6,0,0,1
group,multiplt_object,34,6,4,6,0,0,1
group,multiplt_object,340,6,4,6,0,0,1
group,multiplt_object,341,6,4,6,0,0,1
group,multiplt_object,342,6,4,6,0,0,1
group,multiplt_object,343,6,4,6,0,0,1
group,multiplt_object,344,6,4,6,0,0,1
group,multiplt_object,345,6,4,6,0,0,1
group,multiplt_object,346,6,4,6,0,0,1
group,multiplt_object,347,6,4,6,0,0,1
group,multiplt_object,348,6,4,6,0,0,1
group,multiplt_object,349,6,4,6,0,0,1
group,multiplt_object,35,6,4,6,0,0,1
group,multiplt_object,350,6,4,6,0,0,1
group,multiplt_object,351,6,4,6,0,0,1
group,multiplt_object,352,6,4,6,0,0,1
group,multiplt_object,353,6,4,6,0,0,1
group,multiplt_object,354,6,4,6,0,0,1
group,multiplt_object,355,6,4,6,0,0,1
group,multiplt_object,356,6,4,6,0,0,1
group,multiplt_object,357,6,4,6,0,0,1
group,multiplt_object,358,6,4,6,0,0,1
group,multiplt_object,359,6,4,6,0,0,1
group,multiplt_object,36,6,4,6,0,0,1
group,multiplt_object,360,6,4,6,0,0,1
group,multiplt_object,361,6,4,6,0,0,1
group,multiplt_object,362,6,4,6,0,0,1
group,multiplt_object,363,6,4,6,0,0,1
group,multiplt_object,364,6,4,6,0,0,1
group,multiplt_object,365,6,4,6,0,0,1
group,multiplt_object,366,6,4,6,0,0,1
group,multiplt_object,367,6,4,6,0,0,1
group,multiplt_object,368,6,4,6,0,0,1
group,multiplt_object,369,6,4,6,0,0,1
group,multiplt_object,37,6,4,6,0,0,1
group,multiplt_object,370,6,4,6,0,0,1
group,multiplt_object,371,6,4,6,0,0,1
group,multiplt_object,372,6,4,6,0,0,1
group,multiplt_object,373,6,4,6,0,0,1
group,multiplt_object,374,6,4,6,0,0,1
group,multiplt_object,375,6,4,6,0,0,1
group,multiplt_object,376,6,4,6,0,0,1
group,multiplt_object,377,6,4,6,0,0,1
group,multiplt_object,378,6,4,6,0,0,1
group,multiplt_object,379,6,4,6,0,0,1
group,multiplt_object,38,6,4,6,0,0,1
group,multiplt_object,380,6,4,6,0,0,1
group,multiplt_object,381,6,4,6,0,0,1
group,multiplt_object,382,6,4,6,0,0,1
group,multiplt_object,383,6,4,6,0,0,1
group,multiplt_object,384,6,4,6,0,0,1
group,multiplt_object,385,6,4,6,0,0,1
group,multiplt_object,386,6,4,6,0,0,1
group,multiplt_object,387,6,4,6,0,0,1
group,multiplt_object,388,6,4,6,0,0,1
group,multiplt_object,389,6,4,6,0,0,1
group,multiplt_object,39,6,4,6,0,0,1
group,multiplt_object,390,6,4,6,0,0,1
group,multiplt_object,391,6,4,6,0,0,1
group,multiplt_object,392,6,4,6,0,0,1
group,multiplt_object,393,6,4,6,0,0,1
group,multiplt_object,394,6,4,6,0,0,1
group,multiplt_object,395,6,4,6,0,0,1
group,multiplt_object,396,6,4,6,0,0,1
group,multiplt_object,397,6,4,6,0,0,1
group,multiplt_object,398,6,4,6,0,0,1
group,multiplt_object,399,6,4,6,0,0,1
group,multiplt_object,4,6,4,6,0,0,1
group,multiplt_object,40,6,4,6,0,0,1
group,multiplt_object,400,6,4,6,0,0,1
group,multiplt_object,401,6,4,6,0,0,1
group,multiplt_object,402,6,4,6,0,0,1
group,multiplt_object,403,6,4,6,0,0,1
group,multiplt_object,404,6,4,6,0,0,1
group,multiplt_object,405,6,4,6,0,0,1
group,multiplt_object,406,6,4,6,0,0,1
group,multiplt_object,407,6,4,6,0,0,1
group,multiplt_object,408,6,4,6,0,0,1
group,multiplt_object,409,6,4,6,0,0,1
group,multiplt_object,41,6,4,6,0,0,1
group,multiplt_object,42,6,4,6,0,0,1
group,multiplt_object,43,6,4,6,0,0,1
group,multiplt_object,44,6,4,6,0,0,1
group,multiplt_object,45,6,4,6,0,0,1
group,multiplt_object,46,6,4,6,0,0,1
group,multiplt_object,47,6,4,6,0,0,1
group,multiplt_object,48,6,4,6,0,0,1
group,multiplt_object,49,6,4,6,0,0,1
group,multiplt_object,5,6,4,6,0,0,1
group,multiplt_object,50,6,4,6,0,0,1
group,multiplt_object,51,6,4,6,0,0,1
group,multiplt_object,52,6,4,6,0,0,1
group,multiplt_object,53,6,4,6,0,0,1
group,multiplt_object,54,6,4,6,0,0,1
group,multiplt_object,55,6,4,6,0,0,1
group,multiplt_object,56,6,4,6,0,0,1
group,multiplt_object,57,6,4,6,0,0,1
group,multiplt_object,58,6,4,6,0,0,1
group,multiplt_object,59,6,4,6,0,0,1
group,multiplt_object,6,6,4,6,0,0,1
group,multiplt_object,60,6,4,6,0,0,1
group,multiplt_object,61,6,4,6,0,0,1
group,multiplt_object,62,6,4,6,0,0,1
group,multiplt_object,63,6,4,6,0,0,1
group,multiplt_object,64,6,4,6,0,0,1
group,multiplt_object,65,6,4,6,0,0,1
group,multiplt_object,66,6,4,6,0,0,1
group,multiplt_object,67,6,4,6,0,0,1
group,multiplt_object,68,6,4,6,0,0,1
group,multiplt_object,69,6,4,6,0,0,1
group,multiplt_object,7,6,4,6,0,0,1
group,multiplt_object,70,6,4,6,0,0,1
group,multiplt_object,71,6,4,6,0,0,1
group,multiplt_object,72,6,4,6,0,0,1
group,multiplt_object,73,6,4,6,0,0,1
group,multiplt_object,74,6,4,6,0,0,1
group,multiplt_object,75,6,4,6,0,0,1
group,multiplt_object,76,6,4,6,0,0,1
group,multiplt_object,77,6,4,6,0,0,1
group,multiplt_object,78,6,4,6,0,0,1
group,multiplt_object,79,6,4,6,0,0,1
group,multiplt_object,8,6,4,6,0,0,1
group,multiplt_object,80,6,4,6,0,0,1
group,multiplt_object,81,6,4,6,0,0,1
group,multiplt_object,82,6,4,6,0,0,1
group,multiplt_object,83,6,4,6,0,0,1
group,multiplt_object,84,6,4,6,0,0,1
group,multiplt_object,85,6,4,6,0,0,1
group,multiplt_object,86,6,4,6,0,0,1
group,multiplt_object,87,6,4,6,0,0,1
group,multiplt_object,88,6,4,6,0,0,1
group,multiplt_object,89,6,4,6,0,0,1
group,multiplt_object,9,6,4,6,0,0,1
group,multiplt_object,90,6,4,6,0,0,1
group,multiplt_object,91,6,4,6,0,0,1
group,multiplt_object,92,6,4,6,0,0,1
group,multiplt_object,93,6,4,6,0,0,1
group,multiplt_object,94,6,4,6,0,0,1
group,multiplt_object,95,6,4,6,0,0,1
group,multiplt_object,96,6,4,6,0,0,1
group,multiplt_object,97,6,4,6,0,0,1
group,multiplt_object,98,6,4,6,0,0,1
group,multiplt_object,99,6,4,6,0,0,1
group,object,0,6,4,6,0,0,1
group,object,1,6,4,6,0,0,1
group,object,10,6,4,6,0,0,1
group,object,100,6,4,6,0,0,1
group,object,101,6,4,6,0,0,1
group,object,102,6,4,6,0,0,1
group,object,103,6,4,6,0,0,1
group,object,104,6,4,6,0,0,1
group,object,105,6,4,6,0,0,1
group,object,106,6,4,6,0,0,1
group,object,107,6,4,6,0,0,1
group,object,108,6,4,6,0,0,1
group,object,109,6,4,6,0,0,1
group,object,11,6,4,6,0,0,1
group,object,110,6,4,6,0,0,1
group,object,111,6,4,6,0,0,1
group,object,112,6,4,6,0,0,1
group,object,113,6,4,6,0,0,1
group,object,114,6,4,6,0,0,1
group,object,115,6,4,6,0,0,1
group,object,116,6,4,6,0,0,1
group,object,117,6,4,6,0,0,1
group,object,118,6,4,6,0,0,1
group,object,119,6,4,6,0,0,1
group,object,12,6,4,6,0,0,1
group,object,120,6,4,6,0,0,1
group,object,121,6,4,6,0,0,1
group,object,122,6,4,6,0,0,1
group,object,123,6,4,6,0,0,1
group,object,124,6,4,6,0,0,1
group,object,125,6,4,6,0,0,1
group,object,126,6,4,6,0,0,1
group,object,127,6,4,6,0,0,1
group,object,128,6,4,6,0,0,1
group,object,129,6,4,6,0,0,1
group,object,13,6,4,6,0,0,1
group,object,130,6,4,6,0,0,1
group,object,131,6,4,6,0,0,1
group,object,132,6,4,6,0,0,1
group,object,133,6,4,6,0,0,1
group,object,134,6,4,6,0,0,1
group,object,135,6,4,6,0,0,1
group,object,136,6,4,6,0,0,1
group,object,137,6,4,6,0,0,1
group,object,138,6,4,6,0,0,1
group,object,139,6,4,6,0,0,1
group,object,14,6,4,6,0,0,1
group,object,140,6,4,6,0,0,1
group,object,141,6,4,6,0,0,1
group,object,142,6,4,6,0,0,1
group,object,143,6,4,6,0,0,1
group,object,144,6,4,6,0,0,1
group,object,145,6,4,6,0,0,1
group,object,146,6,4,6,0,0,1
group,object,147,6,4,6,0,0,1
group,object,148,6,4,6,0,0,1
group,object,149,6,4,6,0,0,1
group,object,15,6,4,6,0,0,1
group,object,150,6,4,6,0,0,1
group,object,151,6,4,6,0,0,1
group,object,152,6,4,6,0,0,1
group,object,153,6,4,6,0,0,1
group,object,154,6,4,6,0,0,1
group,object,155,6,4,6,0,0,1
group,object,156,6,4,6,0,0,1
group,object,157,6,4,6,0,0,1
group,object,158,6,4,6,0,0,1
group,object,159,6,4,6,0,0,1
group,object,16,6,4,6,0,0,1
group,object,160,6,4,6,0,0,1
group,object,161,6,4,6,0,0,1
group,object,162,6,4,6,0,0,1
group,object,163,6,4,6,0,0,1
group,object,164,6,4,6,0,0,1
group,object,165,6,4,6,0,0,1
group,object,166,6,4,6,0,0,1
group,object,167,6,4,6,0,0,1
group,object,168,6,4,6,0,0,1
group,object,169,6,4,6,0,0,1
group,object,17,6,4,6,0,0,1
group,object,170,6,4,6,0,0,1
group,object,171,6,4,6,0,0,1
group,object,172,6,4,6,0,0,1
group,object,173,6,4,6,0,0,1
group,object,174,6,4,6,0,0,1
group,object,175,6,4,6,0,0,1
group,object,176,6,4,6,0,0,1
group,object,177,6,4,6,0,0,1
group,object,178,6,4,6,0,0,1
group,object,179,6,4,6,0,0,1
group,object,18,6,4,6,0,0,1
group,object,180,6,4,6,0,0,1
group,object,181,6,4,6,0,0,1
group,object,182,6,4,6,0,0,1
group,object,183,6,4,6,0,0,1
group,object,184,6,4,6,0,0,1
group,object,185,6,4,6,0,0,1
group,object,186,6,4,6,0,0,1
group,object,187,6,4,6,0,0,1
group,object,188,6,4,6,0,0,1
group,object,189,6,4,6,0,0,1
group,object,19,6,4,6,0,0,1
group,object,190,6,4,6,0,0,1
group,object,191,6,4,6,0,0,1
group,object,192,6,4,6,0,0,1
group,object,193,6,4,6,0,0,1
group,object,194,6,4,6,0,0,1
group,object,195,6,4,6,0,0,1
group,object,196,6,4,6,0,0,1
group,object,197,6,4,6,0,0,1
group,object,198,6,4,6,0,0,1
group,object,199,6,4,6,0,0,1
group,object,2,6,4,6,0,0,1
group,object,20,6,4,6,0,0,1
group,object,200,6,4,6,0,0,1
group,object,201,6,4,6,0,0,1
group,object,202,6,4,6,0,0,1
group,object,203,6,4,6,0,0,1
group,object,204,6,4,6,0,0,1
group,object,205,6,4,6,0,0,1
group,object,206,6,4,6,0,0,1
group,object,207,6,4,6,0,0,1
group,object,208,6,4,6,0,0,1
group,object,209,6,4,6,0,0,1
group,object,21,6,4,6,0,0,1
group,object,210,6,4,6,0,0,1
group,object,211,6,4,6,0,0,1
group,object,212,6,4,6,0,0,1
group,object,213,6,4,6,0,0,1
group,object,214,6,4,6,0,0,1
group,object,215,6,4,6,0,0,1
group,object,216,6,4,6,0,0,1
group,object,217,6,4,6,0,0,1
group,object,218,6,4,6,0,0,1
group,object,219,6,4,6,0,0,1
group,object,22,6,4,6,0,0,1
group,object,220,6,4,6,0,0,1
group,object,221,6,4,6,0,0,1
group,object,222,6,4,6,0,0,1
group,object,223,6,4,6,0,0,1
group,object,224,6,4,6,0,0,1
group,object,225,6,4,6,0,0,1
group,object,226,6,4,6,0,0,1
group,object,227,6,4,6,0,0,1
group,object,228,6,4,6,0,0,1
group,object,229,6,4,6,0,0,1
group,object,23,6,4,6,0,0,1
group,object,230,6,4,6,0,0,1
group,object,231,6,4,6,0,0,1
group,object,232,6,4,6,0,0,1
group,object,233,6,4,6,0,0,1
group,object,234,6,4,6,0,0,1
group,object,235,6,4,6,0,0,1
group,object,236,6,4,6,0,0,1
group,object,237,6,4,6,0,0,1
group,object,238,6,4,6,0,0,1
group,object,239,6,4,6,0,0,1
group,object,24,6,4,6,0,0,1
group,object,240,6,4,6,0,0,1
group,object,241,6,4,6,0,0,1
group,object,242,6,4,6,0,0,1
group,object,243,6,4,6,0,0,1
group,object,244,6,4,6,0,0,1
group,object,245,6,4,6,0,0,1
group,object,246,6,4,6,0,0,1
group,object,247,6,4,6,0,0,1
group,object,248,6,4,6,0,0,1
group,object,249,6,4,6,0,0,1
group,object,25,6,4,6,0,0,1
group,object,250,6,4,6,0,0,1
group,object,251,6,4,6,0,0,1
group,object,252,6,4,6,0,0,1
group,object,253,6,4,6,0,0,1
group,object,254,6,4,6,0,0,1
group,object,255,6,4,6,0,0,1
group,object,256,6,4,6,0,0,1
group,object,257,6,4,6,0,0,1
group,object,258,6,4,6,0,0,1
group,object,259,6,4,6,0,0,1
group,object,26,6,4,6,0,0,1
group,object,260,6,4,6,0,0,1
group,object,261,6,4,6,0,0,1
group,object,262,6,4,6,0,0,1
group,object,263,6,4,6,0,0,1
group,object,264,6,4,6,0,0,1
group,object,265,6,4,6,0,0,1
group,object,266,6,4,6,0,0,1
group,object,267,6,4,6,0,0,1
group,object,268,6,4,6,0,0,1
group,object,269,6,4,6,0,0,1
group,object,27,6,4,6,0,0,1
group,object,270,6,4,6,0,0,1
group,object,271,6,4,6,0,0,1
group,object,272,6,4,6,0,0,1
group,object,273,6,4,6,0,0,1
group,object,274,6,4,6,0,0,1
group,object,275,6,4,6,0,0,1
group,object,276,6,4,6,0,0,1
group,object,277,6,4,6,0,0,1
group,object,278,6,4,6,0,0,1
group,object,279,6,4,6,0,0,1
group,object,28,6,4,6,0,0,1
group,object,280,6,4,6,0,0,1
group,object,281,6,4,6,0,0,1
group,object,282,6,4,6,0,0,1
group,object,283,6,4,6,0,0,1
group,object,284,6,4,6,0,0,1
group,object,285,6,4,6,0,0,1
group,object,286,6,4,6,0,0,1
group,object,287,6,4,6,0,0,1
group,object,288,6,4,6,0,0,1
group,object,289,6,4,6,0,0,1
group,object,29,6,4,6,0,0,1
group,object,290,6,4,6,0,0,1
group,object,291,6,4,6,0,0,1
group,object,292,6,4,6,0,0,1
group,object,293,6,4,6,0,0,1
group,object,294,6,4,6,0,0,1
group,object,295,6,4,6,0,0,1
group,object,296,6,4,6,0,0,1
group,object,297,6,4,6,0,0,1
group,object,298,6,4,6,0,0,1
group,object,299,6,4,6,0,0,1
group,object,3,6,4,6,0,0,1
group,object,30,6,4,6,0,0,1
group,object,300,6,4,6,0,0,1
group,object,301,6,4,6,0,0,1
group,object,302,6,4,6,0,0,1
group,object,303,6,4,6,0,0,1
group,object,304,6,4,6,0,0,1
group,object,305,6,4,6,0,0,1
group,object,306,6,4,6,0,0,1
group,object,307,6,4,6,0,0,1
group,object,308,6,4,6,0,0,1
group,object,309,6,4,6,0,0,1
group,object,31,6,4,6,0,0,1
group,object,310,6,4,6,0,0,1
group,object,311,6,4,6,0,0,1
group,object,312,6,4,6,0,0,1
group,object,313,6,4,6,0,0,1
group,object,314,6,4,6,0,0,1
group,object,315,6,4,6,0,0,1
group,object,316,6,4,6,0,0,1
group,object,317,6,4,6,0,0,1
group,object,318,6,4,6,0,0,1
group,object,319,6,4,6,0,0,1
group,object,32,6,4,6,0,0,1
group,object,320,6,4,6,0,0,1
group,object,321,6,4,6,0,0,1
group,object,322,6,4,6,0,0,1
group,object,323,6,4,6,0,0,1
group,object,324,6,4,6,0,0,1
group,object,325,6,4,6,0,0,1
group,object,326,6,4,6,0,0,1
group,object,327,6,4,6,0,0,1
group,object,328,6,4,6,0,0,1
group,object,329,6,4,6,0,0,1
group,object,33,6,4,6,0,0,1
group,object,330,6,4,6,0,0,1
group,object,331,6,4,6,0,0,1
group,object,332,6,4,6,0,0,1
group,object,333,6,4,6,0,0,1
group,object,334,6,4,6,0,0,1
group,object,335,6,4,6,0,0,1
group,object,336,6,4,6,0,0,1
group,object,337,6,4,6,0,0,1
group,object,338,6,4,6,0,0,1
group,object,339,6,4,6,0,0,1
group,object,34,6,4,6,0,0,1
group,object,340,6,4,6,0,0,1
group,object,341,6,4,6,0,0,1
group,object,342,6,4,6,0,0,1
group,object,343,6,4,6,0,0,1
group,object,344,6,4,6,0,0,1
group,object,345,6,4,6,0,0,1
group,object,346,6,4,6,0,0,1
group,object,347,6,4,6,0,0,1
group,object,348,6,4,6,0,0,1
group,object,349,6,4,6,0,0,1
group,object,35,6,4,6,0,0,1
group,object,350,6,4,6,0,0,1
group,object,351,6,4,6,0,0,1
group,object,352,6,4,6,0,0,1
group,object,353,6,4,6,0,0,1
group,object,354,6,4,6,0,0,1
group,object,355,6,4,6,0,0,1
group,object,356,6,4,6,0,0,1
group,object,357,6,4,6,0,0,1
group,object,358,6,4,6,0,0,1
group,object,359,6,4,6,0,0,1
group,object,36,6,4,6,0,0,1
group,object,360,6,4,6,0,0,1
group,object,361,6,4,6,0,0,1
group,object,362,6,4,6,0,0,1
group,object,363,6,4,6,0,0,1
group,object,364,6,4,6,0,0,1
group,object,365,6,4,6,0,0,1
group,object,366,6,4,6,0,0,1
group,object,367,6,4,6,0,0,1
group,object,368,6,4,6,0,0,1
group,object,369,6,4,6,0,0,1
group,object,37,6,4,6,0,0,1
group,object,370,6,4,6,0,0,1
group,object,371,6,4,6,0,0,1
group,object,372,6,4,6,0,0,1
group,object,373,6,4,6,0,0,1
group,object,374,6,4,6,0,0,1
group,object,375,6,4,6,0,0,1
group,object,376,6,4,6,0,0,1
group,object,377,6,4,6,0,0,1
group,object,378,6,4,6,0,0,1
group,object,379,6,4,6,0,0,1
group,object,38,6,4,6,0,0,1
group,object,380,6,4,6,0,0,1
group,object,381,6,4,6,0,0,1
group,object,382,6,4,6,0,0,1
group,object,383,6,4,6,0,0,1
group,object,384,6,4,6,0,0,1
group,object,385,6,4,6,0,0,1
group,object,386,6,4,6,0,0,1
group,object,387,6,4,6,0,0,1
group,object,388,6,4,6,0,0,1
group,object,389,6,4,6,0,0,1
group,object,39,6,4,6,0,0,1
group,object,390,6,4,6,0,0,1
group,object,391,6,4,6,0,0,1
group,object,392,6,4,6,0,0,1
group,object,393,6,4,6,0,0,1
group,object,394,6,4,6,0,0,1
group,object,4,6,4,6,0,0,1
group,object,40,6,4,6,0,0,1
group,object,41,6,4,6,0,0,1
group,object,42,6,4,6,0,0,1
group,object,43,6,4,6,0,0,1
group,object,44,6,4,6,0,0,1
group,object,45,6,4,6,0,0,1
group,object,46,6,4,6,0,0,1
group,object,47,6,4,6,0,0,1
group,object,48,6,4,6,0,0,1
group,object,49,6,4,6,0,0,1
group,object,5,6,4,6,0,0,1
group,object,50,6,4,6,0,0,1
group,object,51,6,4,6,0,0,1
group,object,52,6,4,6,0,0,1
group,object,53,6,4,6,0,0,1
group,object,54,6,4,6,0,0,1
group,object,55,6,4,6,0,0,1
group,object,56,6,4,6,0,0,1
group,object,57,6,4,6,0,0,1
group,object,58,6,4,6,0,0,1
group,object,59,6,4,6,0,0,1
group,object,6,6,4,6,0,0,1
group,object,60,6,4,6,0,0,1
group,object,61,6,4,6,0,0,1
group,object,62,6,4,6,0,0,1
group,object,63,6,4,6,0,0,1
group,object,64,6,4,6,0,0,1
group,object,65,6,4,6,0,0,1
group,object,66,6,4,6,0,0,1
group,object,67,6,4,6,0,0,1
group,object,68,6,4,6,0,0,1
group,object,69,6,4,6,0,0,1
group,object,7,6,4,6,0,0,1
group,object,70,6,4,6,0,0,1
group,object,71,6,4,6,0,0,1
group,object,72,6,4,6,0,0,1
group,object,73,6,4,6,0,0,1
group,object,74,6,4,6,0,0,1
group,object,75,6,4,6,0,0,1
group,object,76,6,4,6,0,0,1
group,object,77,6,4,6,0,0,1
group,object,78,6,4,6,0,0,1
group,object,79,6,4,6,0,0,1
group,object,8,6,4,6,0,0,1
group,object,80,6,4,6,0,0,1
group,object,81,6,4,6,0,0,1
group,object,82,6,4,6,0,0,1
group,object,83,6,4,6,0,0,1
group,object,84,6,4,6,0,0,1
group,object,85,6,4,6,0,0,1
group,object,86,6,4,6,0,0,1
group,object,87,6,4,6,0,0,1
group,object,88,6,4,6,0,0,1
group,object,89,6,4,6,0,0,1
group,object,9,6,4,6,0,0,1
group,object,90,6,4,6,0,0,1
group,object,91,6,4,6,0,0,1
group,object,92,6,4,6,0,0,1
group,object,93,6,4,6,0,0,1
group,object,94,6,4,6,0,0,1
group,object,95,6,4,6,0,0,1
group,object,96,6,4,6,0,0,1
group,object,97,6,4,6,0,0,1
group,object,98,6,4,6,0,0,1
group,object,99,6,4,6,0,0,1
group,overall_consistency,0,6,4,6,0,0,1
group,overall_consistency,1,6,4,6,0,0,1
group,overall_consistency,10,6,4,6,0,0,1
group,overall_consistency,100,6,4,6,0,0,1
group,overall_consistency,101,6,4,6,0,0,1
group,overall_consistency,102,6,4,6,0,0,1
group,overall_consistency,103,6,4,6,0,0,1
group,overall_consistency,104,6,4,6,0,0,1
group,overall_consistency,105,6,4,6,0,0,1
group,overall_consistency,106,6,4,6,0,0,1
group,overall_consistency,107,6,4,6,0,0,1
group,overall_consistency,108,6,4,6,0,0,1
group,overall_consistency,109,6,4,6,0,0,1
group,overall_consistency,11,6,4,6,0,0,1
group,overall_consistency,110,6,4,6,0,0,1
group,overall_consistency,111,6,4,6,0,0,1
group,overall_consistency,112,6,4,6,0,0,1
group,overall_consistency,113,6,4,6,0,0,1
group,overall_consistency,114,6,4,6,0,0,1
group,overall_consistency,115,6,4,6,0,0,1
group,overall_consistency,116,6,4,6,0,0,1
group,overall_consistency,117,6,4,6,0,0,1
group,overall_consistency,118,6,4,6,0,0,1
group,overall_consistency,119,6,4,6,0,0,1
group,overall_consistency,12,6,4,6,0,0,1
group,overall_consistency,120,6,4,6,0,0,1
group,overall_consistency,121,6,4,6,0,0,1
group,overall_consistency,122,6,4,6,0,0,1
group,overall_consistency,123,6,4,6,0,0,1
group,overall_consistency,124,6,4,6,0,0,1
group,overall_consistency,125,6,4,6,0,0,1
group,overall_consistency,126,6,4,6,0,0,1
group,overall_consistency,127,6,4,6,0,0,1
group,overall_consistency,128,6,4,6,0,0,1
group,overall_consistency,129,6,4,6,0,0,1
group,overall_consistency,13,6,4,6,0,0,1
group,overall_consistency,130,6,4,6,0,0,1
group,overall_consistency,131,6,4,6,0,0,1
group,overall_consistency,132,6,4,6,0,0,1
group,overall_consistency,133,6,4,6,0,0,1
group,overall_consistency,134,6,4,6,0,0,1
group,overall_consistency,135,6,4,6,0,0,1
group,overall_consistency,136,6,4,6,0,0,1
group,overall_consistency,137,6,4,6,0,0,1
group,overall_consistency,138,6,4,6,0,0,1
group,overall_consistency,139,6,4,6,0,0,1
group,overall_consistency,14,6,4,6,0,0,1
group,overall_consistency,140,6,4,6,0,0,1
group,overall_consistency,141,6,4,6,0,0,1
group,overall_consistency,142,6,4,6,0,0,1
group,overall_consistency,143,6,4,6,0,0,1
group,overall_consistency,144,6,4,6,0,0,1
group,overall_consistency,145,6,4,6,0,0,1
group,overall_consistency,146,6,4,6,0,0,1
group,overall_consistency,147,6,4,6,0,0,1
group,overall_consistency,148,6,4,6,0,0,1
group,overall_consistency,149,6,4,6,0,0,1
group,overall_consistency,15,6,4,6,0,0,1
group,overall_consistency,150,6,4,6,0,0,1
group,overall_consistency,151,6,4,6,0,0,1
group,overall_consistency,152,6,4,6,0,0,1
group,overall_consistency,153,6,4,6,0,0,1
group,overall_consistency,154,6,4,6,0,0,1
group,overall_consistency,155,6,4,6,0,0,1
group,overall_consistency,156,6,4,6,0,0,1
group,overall_consistency,157,6,4,6,0,0,1
group,overall_consistency,158,6,4,6,0,0,1
group,overall_consistency,159,6,4,6,0,0,1
group,overall_consistency,16,6,4,6,0,0,1
group,overall_consistency,160,6,4,6,0,0,1
group,overall_consistency,161,6,4,6,0,0,1
group,overall_consistency,162,6,4,6,0,0,1
group,overall_consistency,163,6,4,6,0,0,1
group,overall_consistency,164,6,4,6,0,0,1
group,overall_consistency,165,6,4,6,0,0,1
group,overall_consistency,166,6,4,6,0,0,1
group,overall_consistency,167,6,4,6,0,0,1
group,overall_consistency,168,6,4,6,0,0,1
group,overall_consistency,169,6,4,6,0,0,1
group,overall_consistency,17,6,4,6,0,0,1
group,overall_consistency,170,6,4,6,0,0,1
group,overall_consistency,171,6,4,6,0,0,1
group,overall_consistency,172,6,4,6,0,0,1
group,overall_consistency,173,6,4,6,0,0,1
group,overall_consistency,174,6,4,6,0,0,1
group,overall_consistency,175,6,4,6,0,0,1
group,overall_consistency,176,6,4,6,0,0,1
group,overall_consistency,177,6,4,6,0,0,1
group,overall_consistency,178,6,4,6,0,0,1
group,overall_consistency,179,6,4,6,0,0,1
group,overall_consistency,18,6,4,6,0,0,1
group,overall_consistency,180,6,4,6,0,0,1
group,overall_consistency,181,6,4,6,0,0,1
group,overall_consistency,182,6,4,6,0,0,1
group,overall_consistency,183,6,4,6,0,0,1
group,overall_consistency,184,6,4,6,0,0,1
group,overall_consistency,185,6,4,6,0,0,1
group,overall_consistency,186,6,4,6,0,0,1
group,overall_consistency,187,6,4,6,0,0,1
group,overall_consistency,188,6,4,6,0,0,1
group,overall_consistency,189,6,4,6,0,0,1
group,overall_consistency,19,6,4,6,0,0,1
group,overall_consistency,190,6,4,6,0,0,1
group,overall_consistency,191,6,4,6,0,0,1
group,overall_consistency,192,6,4,6,0,0,1
group,overall_consistency,193,6,4,6,0,0,1
group,overall_consistency,194,6,4,6,0,0,1
group,overall_consistency,195,6,4,6,0,0,1
group,overall_consistency,196,6,4,6,0,0,1
group,overall_consistency,197,6,4,6,0,0,1
group,overall_consistency,198,6,4,6,0,0,1
group,overall_consistency,199,6,4,6,0,0,1
group,overall_consistency,2,6,4,6,0,0,1
group,overall_consistency,20,6,4,6,0,0,1
group,overall_consistency,200,6,4,6,0,0,1
group,overall_consistency,201,6,4,6,0,0,1
group,overall_consistency,202,6,4,6,0,0,1
group,overall_consistency,203,6,4,6,0,0,1
group,overall_consistency,204,6,4,6,0,0,1
group,overall_consistency,205,6,4,6,0,0,1
group,overall_consistency,206,6,4,6,0,0,1
group,overall_consistency,207,6,4,6,0,0,1
group,overall_consistency,208,6,4,6,0,0,1
group,overall_consistency,209,6,4,6,0,0,1
group,overall_consistency,21,6,4,6,0,0,1
group,overall_consistency,210,6,4,6,0,0,1
group,overall_consistency,211,6,4,6,0,0,1
group,overall_consistency,212,6,4,6,0,0,1
group,overall_consistency,213,6,4,6,0,0,1
group,overall_consistency,214,6,4,6,0,0,1
group,overall_consistency,215,6,4,6,0,0,1
group,overall_consistency,216,6,4,6,0,0,1
group,overall_consistency,217,6,4,6,0,0,1
group,overall_consistency,218,6,4,6,0,0,1
group,overall_consistency,219,6,4,6,0,0,1
group,overall_consistency,22,6,4,6,0,0,1
group,overall_consistency,220,6,4,6,0,0,1
group,overall_consistency,221,6,4,6,0,0,1
group,overall_consistency,222,6,4,6,0,0,1
group,overall_consistency,223,6,4,6,0,0,1
group,overall_consistency,224,6,4,6,0,0,1
group,overall_consistency,225,6,4,6,0,0,1
group,overall_consistency,226,6,4,6,0,0,1
group,overall_consistency,227,6,4,6,0,0,1
group,overall_consistency,228,6,4,6,0,0,1
group,overall_consistency,229,6,4,6,0,0,1
group,overall_consistency,23,6,4,6,0,0,1
group,overall_consistency,230,6,4,6,0,0,1
group,overall_consistency,231,6,4,6,0,0,1
group,overall_consistency,232,6,4,6,0,0,1
group,overall_consistency,233,6,4,6,0,0,1
group,overall_consistency,234,6,4,6,0,0,1
group,overall_consistency,235,6,4,6,0,0,1
group,overall_consistency,236,6,4,6,0,0,1
group,overall_consistency,237,6,4,6,0,0,1
group,overall_consistency,238,6,4,6,0,0,1
group,overall_consistency,239,6,4,6,0,0,1
group,overall_consistency,24,6,4,6,0,0,1
group,overall_consistency,240,6,4,6,0,0,1
group,overall_consistency,241,6,4,6,0,0,1
group,overall_consistency,242,6,4,6,0,0,1
group,overall_consistency,243,6,4,6,0,0,1
group,overall_consistency,244,6,4,6,0,0,1
group,overall_consistency,245,6,4,6,0,0,1
group,overall_consistency,246,6,4,6,0,0,1
group,overall_consistency,247,6,4,6,0,0,1
group,overall_consistency,248,6,4,6,0,0,1
group,overall_consistency,249,6,4,6,0,0,1
group,overall_consistency,25,6,4,6,0,0,1
group,overall_consistency,250,6,4,6,0,0,1
group,overall_consistency,251,6,4,6,0,0,1
group,overall_consistency,252,6,4,6,0,0,1
group,overall_consistency,253,6,4,6,0,0,1
group,overall_consistency,254,6,4,6,0,0,1
group,overall_consistency,255,6,4,6,0,0,1
group,overall_consistency,256,6,4,6,0,0,1
group,overall_consistency,257,6,4,6,0,0,1
group,overall_consistency,258,6,4,6,0,0,1
group,overall_consistency,259,6,4,6,0,0,1
group,overall_consistency,26,6,4,6,0,0,1
group,overall_consistency,260,6,4,6,0,0,1
group,overall_consistency,261,6,4,6,0,0,1
group,overall_consistency,262,6,4,6,0,0,1
group,overall_consistency,263,6,4,6,0,0,1
group,overall_consistency,264,6,4,6,0,0,1
group,overall_consistency,265,6,4,6,0,0,1
group,overall_consistency,266,6,4,6,0,0,1
group,overall_consistency,267,6,4,6,0,0,1
group,overall_consistency,268,6,4,6,0,0,1
group,overall_consistency,269,6,4,6,0,0,1
group,overall_consistency,27,6,4,6,0,0,1
group,overall_consistency,270,6,4,6,0,0,1
group,overall_consistency,271,6,4,6,0,0,1
group,overall_consistency,272,6,4,6,0,0,1
group,overall_consistency,273,6,4,6,0,0,1
group,overall_consistency,274,6,4,6,0,0,1
group,overall_consistency,275,6,4,6,0,0,1
group,overall_consistency,276,6,4,6,0,0,1
group,overall_consistency,277,6,4,6,0,0,1
group,overall_consistency,278,6,4,6,0,0,1
group,overall_consistency,279,6,4,6,0,0,1
group,overall_consistency,28,6,4,6,0,0,1
group,overall_consistency,280,6,4,6,0,0,1
group,overall_consistency,281,6,4,6,0,0,1
group,overall_consistency,282,6,4,6,0,0,1
group,overall_consistency,283,6,4,6,0,0,1
group,overall_consistency,284,6,4,6,0,0,1
group,overall_consistency,285,6,4,6,0,0,1
group,overall_consistency,286,6,4,6,0,0,1
group,overall_consistency,287,6,4,6,0,0,1
group,overall_consistency,288,6,4,6,0,0,1
group,overall_consistency,289,6,4,6,0,0,1
group,overall_consistency,29,6,4,6,0,0,1
group,overall_consistency,290,6,4,6,0,0,1
group,overall_consistency,291,6,4,6,0,0,1
group,overall_consistency,292,6,4,6,0,0,1
group,overall_consistency,293,6,4,6,0,0,1
group,overall_consistency,294,6,4,6,0,0,1
group,overall_consistency,295,6,4,6,0,0,1
group,overall_consistency,296,6,4,6,0,0,1
group,overall_consistency,297,6,4,6,0,0,1
group,overall_consistency,298,6,4,6,0,0,1
group,overall_consistency,299,6,4,6,0,0,1
group,overall_consistency,3,6,4,6,0,0,1
group,overall_consistency,30,6,4,6,0,0,1
group,overall_consistency,300,6,4,6,0,0,1
group,overall_consistency,301,6,4,6,0,0,1
group,overall_consistency,302,6,4,6,0,0,1
group,overall_consistency,303,6,4,6,0,0,1
group,overall_consistency,304,6,4,6,0,0,1
group,overall_consistency,305,6,4,6,0,0,1
group,overall_consistency,306,6,4,6,0,0,1
group,overall_consistency,307,6,4,6,0,0,1
group,overall_consistency,308,6,4,6,0,0,1
group,overall_consistency,309,6,4,6,0,0,1
group,overall_consistency,31,6,4,6,0,0,1
group,overall_consistency,310,6,4,6,0,0,1
group,overall_consistency,311,6,4,6,0,0,1
group,overall_consistency,312,6,4,6,0,0,1
group,overall_consistency,313,6,4,6,0,0,1
group,overall_consistency,314,6,4,6,0,0,1
group,overall_consistency,315,6,4,6,0,0,1
group,overall_consistency,316,6,4,6,0,0,1
group,overall_consistency,317,6,4,6,0,0,1
group,overall_consistency,318,6,4,6,0,0,1
group,overall_consistency,319,6,4,6,0,0,1
group,overall_consistency,32,6,4,6,0,0,1
group,overall_consistency,320,6,4,6,0,0,1
group,overall_consistency,321,6,4,6,0,0,1
group,overall_consistency,322,6,4,6,0,0,1
group,overall_consistency,323,6,4,6,0,0,1
group,overall_consistency,324,6,4,6,0,0,1
group,overall_consistency,325,6,4,6,0,0,1
group,overall_consistency,326,6,4,6,0,0,1
group,overall_consistency,327,6,4,6,0,0,1
group,overall_consistency,328,6,4,6,0,0,1
group,overall_consistency,329,6,4,6,0,0,1
group,overall_consistency,33,6,4,6,0,0,1
group,overall_consistency,330,6,4,6,0,0,1
group,overall_consistency,331,6,4,6,0,0,1
group,overall_consistency,332,6,4,6,0,0,1
group,overall_consistency,333,6,4,6,0,0,1
group,overall_consistency,334,6,4,6,0,0,1
group,overall_consistency,335,6,4,6,0,0,1
group,overall_consistency,336,6,4,6,0,0,1
group,overall_consistency,337,6,4,6,0,0,1
group,overall_consistency,338,6,4,6,0,0,1
group,overall_consistency,339,6,4,6,0,0,1
group,overall_consistency,34,6,4,6,0,0,1
group,overall_consistency,340,6,4,6,0,0,1
group,overall_consistency,341,6,4,6,0,0,1
group,overall_consistency,342,6,4,6,0,0,1
group,overall_consistency,343,6,4,6,0,0,1
group,overall_consistency,344,6,4,6,0,0,1
group,overall_consistency,345,6,4,6,0,0,1
group,overall_consistency,346,6,4,6,0,0,1
group,overall_consistency,347,6,4,6,0,0,1
group,overall_consistency,348,6,4,6,0,0,1
group,overall_consistency,349,6,4,6,0,0,1
group,overall_consistency,35,6,4,6,0,0,1
group,overall_consistency,350,6,4,6,0,0,1
group,overall_consistency,351,6,4,6,0,0,1
group,overall_consistency,352,6,4,6,0,0,1
group,overall_consistency,353,6,4,6,0,0,1
group,overall_consistency,354,6,4,6,0,0,1
group,overall_consistency,355,6,4,6,0,0,1
group,overall_consistency,356,6,4,6,0,0,1
group,overall_consistency,357,6,4,6,0,0,1
group,overall_consistency,358,6,4,6,0,0,1
group,overall_consistency,359,6,4,6,0,0,1
group,overall_consistency,36,6,4,6,0,0,1
group,overall_consistency,360,6,4,6,0,0,1
group,overall_consistency,361,6,4,6,0,0,1
group,overall_consistency,362,6,4,6,0,0,1
group,overall_consistency,363,6,4,6,0,0,1
group,overall_consistency,364,6,4,6,0,0,1
group,overall_consistency,365,6,4,6,0,0,1
group,overall_consistency,366,6,4,6,0,0,1
group,overall_consistency,367,6,4,6,0,0,1
group,overall_consistency,368,6,4,6,0,0,1
group,overall_consistency,369,6,4,6,0,0,1
group,overall_consistency,37,6,4,6,0,0,1
group,overall_consistency,370,6,4,6,0,0,1
group,overall_consistency,371,6,4,6,0,0,1
group,overall_consistency,372,6,4,6,0,0,1
group,overall_consistency,373,6,4,6,0,0,1
group,overall_consistency,374,6,4,6,0,0,1
group,overall_consistency,375,6,4,6,0,0,1
group,overall_consistency,376,6,4,6,0,0,1
group,overall_consistency,377,6,4,6,0,0,1
group,overall_consistency,378,6,4,6,0,0,1
group,overall_consistency,379,6,4,6,0,0,1
group,overall_consistency,38,6,4,6,0,0,1
group,overall_consistency,380,6,4,6,0,0,1
group,overall_consistency,381,6,4,6,0,0,1
group,overall_consistency,382,6,4,6,0,0,1
group,overall_consistency,383,6,4,6,0,0,1
group,overall_consistency,384,6,4,6,0,0,1
group,overall_consistency,385,6,4,6,0,0,1
group,overall_consistency,386,6,4,6,0,0,1
group,overall_consistency,387,6,4,6,0,0,1
group,overall_consistency,388,6,4,6,0,0,1
group,overall_consistency,389,6,4,6,0,0,1
group,overall_consistency,39,6,4,6,0,0,1
group,overall_consistency,390,6,4,6,0,0,1
group,overall_consistency,391,6,4,6,0,0,1
group,overall_consistency,392,6,4,6,0,0,1
group,overall_consistency,393,6,4,6,0,0,1
group,overall_consistency,394,6,4,6,0,0,1
group,overall_consistency,395,6,4,6,0,0,1
group,overall_consistency,396,6,4,6,0,0,1
group,overall_consistency,397,6,4,6,0,0,1
group,overall_consistency,398,6,4,6,0,0,1
group,overall_consistency,399,6,4,6,0,0,1
group,overall_consistency,4,6,4,6,0,0,1
group,overall_consistency,40,6,4,6,0,0,1
group,overall_consistency,400,6,4,6,0,0,1
group,overall_consistency,401,6,4,6,0,0,1
group,overall_consistency,402,6,4,6,0,0,1
group,overall_consistency,403,6,4,6,0,0,1
group,overall_consistency,404,6,4,6,0,0,1
group,overall_consistency,405,6,4,6,0,0,1
group,overall_consistency,406,6,4,6,0,0,1
group,overall_consistency,407,6,4,6,0,0,1
group,overall_consistency,408,6,4,6,0,0,1
group,overall_consistency,409,6,4,6,0,0,1
group,overall_consistency,41,6,4,6,0,0,1
group,overall_consistency,410,6,4,6,0,0,1
group,overall_consistency,411,6,4,6,0,0,1
group,overall_consistency,412,6,4,6,0,0,1
group,overall_consistency,413,6,4,6,0,0,1
group,overall_consistency,414,6,4,6,0,0,1
group,overall_consistency,415,6,4,6,0,0,1
group,overall_consistency,416,6,4,6,0,0,1
group,overall_consistency,417,6,4,6,0,0,1
group,overall_consistency,418,6,4,6,0,0,1
group,overall_consistency,419,6,4,6,0,0,1
group,overall_consistency,42,6,4,6,0,0,1
group,overall_consistency,420,6,4,6,0,0,1
group,overall_consistency,421,6,4,6,0,0,1
group,overall_consistency,422,6,4,6,0,0,1
group,overall_consistency,423,6,4,6,0,0,1
group,overall_consistency,424,6,4,6,0,0,1
group,overall_consistency,425,6,4,6,0,0,1
group,overall_consistency,426,6,4,6,0,0,1
group,overall_consistency,427,6,4,6,0,0,1
group,overall_consistency,428,6,4,6,0,0,1
group,overall_consistency,429,6,4,6,0,0,1
group,overall_consistency,43,6,4,6,0,0,1
group,overall_consistency,430,6,4,6,0,0,1
group,overall_consistency,431,6,4,6,0,0,1
group,overall_consistency,432,6,4,6,0,0,1
group,overall_consistency,433,6,4,6,0,0,1
group,overall_consistency,434,6,4,6,0,0,1
group,overall_consistency,435,6,4,6,0,0,1
group,overall_consistency,436,6,4,6,0,0,1
group,overall_consistency,437,6,4,6,0,0,1
group,overall_consistency,438,6,4,6,0,0,1
group,overall_consistency,439,6,4,6,0,0,1
group,overall_consistency,44,6,4,6,0,0,1
group,overall_consistency,440,6,4,6,0,0,1
group,overall_consistency,441,6,4,6,0,0,1
group,overall_consistency,442,6,4,6,0,0,1
group,overall_consistency,443,6,4,6,0,0,1
group,overall_consistency,444,6,4,6,0,0,1
group,overall_consistency,445,6,4,6,0,0,1
group,overall_consistency,446,6,4,6,0,0,1
group,overall_consistency,447,6,4,6,0,0,1
group,overall_consistency,448,6,4,6,0,0,1
group,overall_consistency,449,6,4,6,0,0,1
group,overall_consistency,45,6,4,6,0,0,1
group,overall_consistency,450,6,4,6,0,0,1
group,overall_consistency,451,6,4,6,0,0,1
group,overall_consistency,452,6,4,6,0,0,1
group,overall_consistency,453,6,4,6,0,0,1
group,overall_consistency,454,6,4,6,0,0,1
group,overall_consistency,455,6,4,6,0,0,1
group,overall_consistency,456,6,4,6,0,0,1
group,overall_consistency,457,6,4,6,0,0,1
group,overall_consistency,458,6,4,6,0,0,1
group,overall_consistency,459,6,4,6,0,0,1
group,overall_consistency,46,6,4,6,0,0,1
group,overall_consistency,460,6,4,6,0,0,1
group,overall_consistency,461,6,4,6,0,0,1
group,overall_consistency,462,6,4,6,0,0,1
group,overall_consistency,463,6,4,6,0,0,1
group,overall_consistency,464,6,4,6,0,0,1
group,overall_consistency,47,6,4,6,0,0,1
group,overall_consistency,48,6,4,6,0,0,1
group,overall_consistency,49,6,4,6,0,0,1
group,overall_consistency,5,6,4,6,0,0,1
group,overall_consistency,50,6,4,6,0,0,1
group,overall_consistency,51,6,4,6,0,0,1
group,overall_consistency,52,6,4,6,0,0,1
group,overall_consistency,53,6,4,6,0,0,1
group,overall_consistency,54,6,4,6,0,0,1
group,overall_consistency,55,6,4,6,0,0,1
group,overall_consistency,56,6,4,6,0,0,1
group,overall_consistency,57,6,4,6,0,0,1
group,overall_consistency,58,6,4,6,0,0,1
group,overall_consistency,59,6,4,6,0,0,1
group,overall_consistency,6,6,4,6,0,0,1
group,overall_consistency,60,6,4,6,0,0,1
group,overall_consistency,61,6,4,6,0,0,1
group,overall_consistency,62,6,4,6,0,0,1
group,overall_consistency,63,6,4,6,0,0,1
group,overall_consistency,64,6,4,6,0,0,1
group,overall_consistency,65,6,4,6,0,0,1
group,overall_consistency,66,6,4,6,0,0,1
group,overall_consistency,67,6,4,6,0,0,1
group,overall_consistency,68,6,4,6,0,0,1
group,overall_consistency,69,6,4,6,0,0,1
group,overall_consistency,7,6,4,6,0,0,1
group,overall_consistency,70,6,4,6,0,0,1
group,overall_consistency,71,6,4,6,0,0,1
group,overall_consistency,72,6,4,6,0,0,1
group,overall_consistency,73,6,4,6,0,0,1
group,overall_consistency,74,6,4,6,0,0,1
group,overall_consistency,75,6,4,6,0,0,1
group,overall_consistency,76,6,4,6,0,0,1
group,overall_consistency,77,6,4,6,0,0,1
group,overall_consistency,78,6,4,6,0,0,1
group,overall_consistency,79,6,4,6,0,0,1
group,overall_consistency,8,6,4,6,0,0,1
group,overall_consistency,80,6,4,6,0,0,1
group,overall_consistency,81,6,4,6,0,0,1
group,overall_consistency,82,6,4,6,0,0,1
group,overall_consistency,83,6,4,6,0,0,1
group,overall_consistency,84,6,4,6,0,0,1
group,overall_consistency,85,6,4,6,0,0,1
group,overall_consistency,86,6,4,6,0,0,1
group,overall_consistency,87,6,4,6,0,0,1
group,overall_consistency,88,6,4,6,0,0,1
group,overall_consistency,89,6,4,6,0,0,1
group,overall_consistency,9,6,4,6,0,0,1
group,overall_consistency,90,6,4,6,0,0,1
group,overall_consistency,91,6,4,6,0,0,1
group,overall_consistency,92,6,4,6,0,0,1
group,overall_consistency,93,6,4,6,0,0,1
group,overall_consistency,94,6,4,6,0,0,1
group,overall_consistency,95,6,4,6,0,0,1
group,overall_consistency,96,6,4,6,0,0,1
group,overall_consistency,97,6,4,6,0,0,1
group,overall_consistency,98,6,4,6,0,0,1
group,overall_consistency,99,6,4,6,0,0,1
group,scene,0,6,4,6,0,0,1
group,scene,1,6,4,6,0,0,1
group,scene,10,6,4,6,0,0,1
group,scene,100,6,4,6,0,0,1
group,scene,101,6,4,6,0,0,1
group,scene,102,6,4,6,0,0,1
group,scene,103,6,4,6,0,0,1
group,scene,104,6,4,6,0,0,1
group,scene,105,6,4,6,0,0,1
group,scene,106,6,4,6,0,0,1
group,scene,107,6,4,6,0,0,1
group,scene,108,6,4,6,0,0,1
group,scene,109,6,4,6,0,0,1
group,scene,11,6,4,6,0,0,1
group,scene,110,6,4,6,0,0,1
group,scene,111,6,4,6,0,0,1
group,scene,112,6,4,6,0,0,1
group,scene,113,6,4,6,0,0,1
group,scene,114,6,4,6,0,0,1
group,scene,115,6,4,6,0,0,1
group,scene,116,6,4,6,0,0,1
group,scene,117,6,4,6,0,0,1
group,scene,118,6,4,6,0,0,1
group,scene,119,6,4,6,0,0,1
group,scene,12,6,4,6,0,0,1
group,scene,120,6,4,6,0,0,1
group,scene,121,6,4,6,0,0,1
group,scene,122,6,4,6,0,0,1
group,scene,123,6,4,6,0,0,1
group,scene,124,6,4,6,0,0,1
group,scene,125,6,4,6,0,0,1
group,scene,126,6,4,6,0,0,1
group,scene,127,6,4,6,0,0,1
group,scene,128,6,4,6,0,0,1
group,scene,129,6,4,6,0,0,1
group,scene,13,6,4,6,0,0,1
group,scene,130,6,4,6,0,0,1
group,scene,131,6,4,6,0,0,1
group,scene,132,6,4,6,0,0,1
group,scene,133,6,4,6,0,0,1
group,scene,134,6,4,6,0,0,1
group,scene,135,6,4,6,0,0,1
group,scene,136,6,4,6,0,0,1
group,scene,137,6,4,6,0,0,1
group,scene,138,6,4,6,0,0,1
group,scene,139,6,4,6,0,0,1
group,scene,14,6,4,6,0,0,1
group,scene,140,6,4,6,0,0,1
group,scene,141,6,4,6,0,0,1
group,scene,142,6,4,6,0,0,1
group,scene,143,6,4,6,0,0,1
group,scene,144,6,4,6,0,0,1
group,scene,145,6,4,6,0,0,1
group,scene,146,6,4,6,0,0,1
group,scene,147,6,4,6,0,0,1
group,scene,148,6,4,6,0,0,1
group,scene,149,6,4,6,0,0,1
group,scene,15,6,4,6,0,0,1
group,scene,150,6,4,6,0,0,1
group,scene,151,6,4,6,0,0,1
group,scene,152,6,4,6,0,0,1
group,scene,153,6,4,6,0,0,1
group,scene,154,6,4,6,0,0,1
group,scene,155,6,4,6,0,0,1
group,scene,156,6,4,6,0,0,1
group,scene,157,6,4,6,0,0,1
group,scene,158,6,4,6,0,0,1
group,scene,159,6,4,6,0,0,1
group,scene,16,6,4,6,0,0,1
group,scene,160,6,4,6,0,0,1
group,scene,161,6,4,6,0,0,1
group,scene,162,6,4,6,0,0,1
group,scene,163,6,4,6,0,0,1
group,scene,164,6,4,6,0,0,1
group,scene,165,6,4,6,0,0,1
group,scene,166,6,4,6,0,0,1
group,scene,167,6,4,6,0,0,1
group,scene,168,6,4,6,0,0,1
group,scene,169,6,4,6,0,0,1
group,scene,17,6,4,6,0,0,1
group,scene,170,6,4,6,0,0,1
group,scene,171,6,4,6,0,0,1
group,scene,172,6,4,6,0,0,1
group,scene,173,6,4,6,0,0,1
group,scene,174,6,4,6,0,0,1
group,scene,175,6,4,6,0,0,1
group,scene,176,6,4,6,0,0,1
group,scene,177,6,4,6,0,0,1
group,scene,178,6,4,6,0,0,1
group,scene,179,6,4,6,0,0,1
group,scene,18,6,4,6,0,0,1
group,scene,180,6,4,6,0,0,1
group,scene,181,6,4,6,0,0,1
group,scene,182,6,4,6,0,0,1
group,scene,183,6,4,6,0,0,1
group,scene,184,6,4,6,0,0,1
group,scene,185,6,4,6,0,0,1
group,scene,186,6,4,6,0,0,1
group,scene,187,6,4,6,0,0,1
group,scene,188,6,4,6,0,0,1
group,scene,189,6,4,6,0,0,1
group,scene,19,6,4,6,0,0,1
group,scene,190,6,4,6,0,0,1
group,scene,191,6,4,6,0,0,1
group,scene,192,6,4,6,0,0,1
group,scene,193,6,4,6,0,0,1
group,scene,194,6,4,6,0,0,1
group,scene,195,6,4,6,0,0,1
group,scene,196,6,4,6,0,0,1
group,scene,197,6,4,6,0,0,1
group,scene,198,6,4,6,0,0,1
group,scene,199,6,4,6,0,0,1
group,scene,2,6,4,6,0,0,1
group,scene,20,6,4,6,0,0,1
group,scene,200,6,4,6,0,0,1
group,scene,201,6,4,6,0,0,1
group,scene,202,6,4,6,0,0,1
group,scene,203,6,4,6,0,0,1
group,scene,204,6,4,6,0,0,1
group,scene,205,6,4,6,0,0,1
group,scene,206,6,4,6,0,0,1
group,scene,207,6,4,6,0,0,1
group,scene,208,6,4,6,0,0,1
group,scene,209,6,4,6,0,0,1
group,scene,21,6,4,6,0,0,1
group,scene,210,6,4,6,0,0,1
group,scene,211,6,4,6,0,0,1
group,scene,212,6,4,6,0,0,1
group,scene,213,6,4,6,0,0,1
group,scene,214,6,4,6,0,0,1
group,scene,215,6,4,6,0,0,1
group,scene,216,6,4,6,0,0,1
group,scene,217,6,4,6,0,0,1
group,scene,218,6,4,6,0,0,1
group,scene,219,6,4,6,0,0,1
group,scene,22,6,4,6,0,0,1
group,scene,220,6,4,6,0,0,1
group,scene,221,6,4,6,0,0,1
group,scene,222,6,4,6,0,0,1
group,scene,223,6,4,6,0,0,1
group,scene,224,6,4,6,0,0,1
group,scene,225,6,4,6,0,0,1
group,scene,226,6,4,6,0,0,1
group,scene,227,6,4,6,0,0,1
group,scene,228,6,4,6,0,0,1
group,scene,229,6,4,6,0,0,1
group,scene,23,6,4,6,0,0,1
group,scene,230,6,4,6,0,0,1
group,scene,231,6,4,6,0,0,1
group,scene,232,6,4,6,0,0,1
group,scene,233,6,4,6,0,0,1
group,scene,234,6,4,6,0,0,1
group,scene,235,6,4,6,0,0,1
group,scene,236,6,4,6,0,0,1
group,scene,237,6,4,6,0,0,1
group,scene,238,6,4,6,0,0,1
group,scene,239,6,4,6,0,0,1
group,scene,24,6,4,6,0,0,1
group,scene,240,6,4,6,0,0,1
group,scene,241,6,4,6,0,0,1
group,scene,242,6,4,6,0,0,1
group,scene,243,6,4,6,0,0,1
group,scene,244,6,4,6,0,0,1
group,scene,245,6,4,6,0,0,1
group,scene,246,6,4,6,0,0,1
group,scene,247,6,4,6,0,0,1
group,scene,248,6,4,6,0,0,1
group,scene,249,6,4,6,0,0,1
group,scene,25,6,4,6,0,0,1
group,scene,250,6,4,6,0,0,1
group,scene,251,6,4,6,0,0,1
group,scene,252,6,4,6,0,0,1
group,scene,253,6,4,6,0,0,1
group,scene,254,6,4,6,0,0,1
group,scene,255,6,4,6,0,0,1
group,scene,256,6,4,6,0,0,1
group,scene,257,6,4,6,0,0,1
group,scene,258,6,4,6,0,0,1
group,scene,259,6,4,6,0,0,1
group,scene,26,6,4,6,0,0,1
group,scene,260,6,4,6,0,0,1
group,scene,261,6,4,6,0,0,1
group,scene,262,6,4,6,0,0,1
group,scene,263,6,4,6,0,0,1
group,scene,264,6,4,6,0,0,1
group,scene,265,6,4,6,0,0,1
group,scene,266,6,4,6,0,0,1
group,scene,267,6,4,6,0,0,1
group,scene,268,6,4,6,0,0,1
group,scene,269,6,4,6,0,0,1
group,scene,27,6,4,6,0,0,1
group,scene,270,6,4,6,0,0,1
group,scene,271,6,4,6,0,0,1
group,scene,272,6,4,6,0,0,1
group,scene,273,6,4,6,0,0,1
group,scene,274,6,4,6,0,0,1
group,scene,275,6,4,6,0,0,1
group,scene,276,6,4,6,0,0,1
group,scene,277,6,4,6,0,0,1
group,scene,278,6,4,6,0,0,1
group,scene,279,6,4,6,0,0,1
group,scene,28,6,4,6,0,0,1
group,scene,280,6,4,6,0,0,1
group,scene,281,6,4,6,0,0,1
group,scene,282,6,4,6,0,0,1
group,scene,283,6,4,6,0,0,1
group,scene,284,6,4,6,0,0,1
group,scene,285,6,4,6,0,0,1
group,scene,286,6,4,6,0,0,1
group,scene,287,6,4,6,0,0,1
group,scene,288,6,4,6,0,0,1
group,scene,289,6,4,6,0,0,1
group,scene,29,6,4,6,0,0,1
group,scene,290,6,4,6,0,0,1
group,scene,291,6,4,6,0,0,1
group,scene,292,6,4,6,0,0,1
group,scene,293,6,4,6,0,0,1
group,scene,294,6,4,6,0,0,1
group,scene,295,6,4,6,0,0,1
group,scene,296,6,4,6,0,0,1
group,scene,297,6,4,6,0,0,1
group,scene,298,6,4,6,0,0,1
group,scene,299,6,4,6,0,0,1
group,scene,3,6,4,6,0,0,1
group,scene,30,6,4,6,0,0,1
group,scene,300,6,4,6,0,0,1
group,scene,301,6,4,6,0,0,1
group,scene,302,6,4,6,0,0,1
group,scene,303,6,4,6,0,0,1
group,scene,304,6,4,6,0,0,1
group,scene,305,6,4,6,0,0,1
group,scene,306,6,4,6,0,0,1
group,scene,307,6,4,6,0,0,1
group,scene,308,6,4,6,0,0,1
group,scene,309,6,4,6,0,0,1
group,scene,31,6,4,6,0,0,1
group,scene,310,6,4,6,0,0,1
group,scene,311,6,4,6,0,0,1
group,scene,312,6,4,6,0,0,1
group,scene,313,6,4,6,0,0,1
group,scene,314,6,4,6,0,0,1
group,scene,315,6,4,6,0,0,1
group,scene,316,6,4,6,0,0,1
group,scene,317,6,4,6,0,0,1
group,scene,318,6,4,6,0,0,1
group,scene,319,6,4,6,0,0,1
group,scene,32,6,4,6,0,0,1
group,scene,320,6,4,6,0,0,1
group,scene,321,6,4,6,0,0,1
group,scene,322,6,4,6,0,0,1
group,scene,323,6,4,6,0,0,1
group,scene,324,6,4,6,0,0,1
group,scene,325,6,4,6,0,0,1
group,scene,326,6,4,6,0,0,1
group,scene,327,6,4,6,0,0,1
group,scene,328,6,4,6,0,0,1
group,scene,329,6,4,6,0,0,1
group,scene,33,6,4,6,0,0,1
group,scene,330,6,4,6,0,0,1
group,scene,331,6,4,6,0,0,1
group,scene,332,6,4,6,0,0,1
group,scene,333,6,4,6,0,0,1
group,scene,334,6,4,6,0,0,1
group,scene,335,6,4,6,0,0,1
group,scene,336,6,4,6,0,0,1
group,scene,337,6,4,6,0,0,1
group,scene,338,6,4,6,0,0,1
group,scene,339,6,4,6,0,0,1
group,scene,34,6,4,6,0,0,1
group,scene,340,6,4,6,0,0,1
group,scene,341,6,4,6,0,0,1
group,scene,342,6,4,6,0,0,1
group,scene,343,6,4,6,0,0,1
group,scene,344,6,4,6,0,0,1
group,scene,345,6,4,6,0,0,1
group,scene,346,6,4,6,0,0,1
group,scene,347,6,4,6,0,0,1
group,scene,348,6,4,6,0,0,1
group,scene,349,6,4,6,0,0,1
group,scene,35,6,4,6,0,0,1
group,scene,350,6,4,6,0,0,1
group,scene,351,6,4,6,0,0,1
group,scene,352,6,4,6,0,0,1
group,scene,353,6,4,6,0,0,1
group,scene,354,6,4,6,0,0,1
group,scene,355,6,4,6,0,0,1
group,scene,356,6,4,6,0,0,1
group,scene,357,6,4,6,0,0,1
group,scene,358,6,4,6,0,0,1
group,scene,359,6,4,6,0,0,1
group,scene,36,6,4,6,0,0,1
group,scene,360,6,4,6,0,0,1
group,scene,361,6,4,6,0,0,1
group,scene,362,6,4,6,0,0,1
group,scene,363,6,4,6,0,0,1
group,scene,364,6,4,6,0,0,1
group,scene,365,6,4,6,0,0,1
group,scene,366,6,4,6,0,0,1
group,scene,367,6,4,6,0,0,1
group,scene,368,6,4,6,0,0,1
group,scene,369,6,4,6,0,0,1
group,scene,37,6,4,6,0,0,1
group,scene,370,6,4,6,0,0,1
group,scene,371,6,4,6,0,0,1
group,scene,372,6,4,6,0,0,1
group,scene,373,6,4,6,0,0,1
group,scene,374,6,4,6,0,0,1
group,scene,375,6,4,6,0,0,1
group,scene,376,6,4,6,0,0,1
group,scene,377,6,4,6,0,0,1
group,scene,378,6,4,6,0,0,1
group,scene,379,6,4,6,0,0,1
group,scene,38,6,4,6,0,0,1
group,scene,380,6,4,6,0,0,1
group,scene,381,6,4,6,0,0,1
group,scene,382,6,4,6,0,0,1
group,scene,383,6,4,6,0,0,1
group,scene,384,6,4,6,0,0,1
group,scene,385,6,4,6,0,0,1
group,scene,386,6,4,6,0,0,1
group,scene,387,6,4,6,0,0,1
group,scene,388,6,4,6,0,0,1
group,scene,389,6,4,6,0,0,1
group,scene,39,6,4,6,0,0,1
group,scene,390,6,4,6,0,0,1
group,scene,391,6,4,6,0,0,1
group,scene,392,6,4,6,0,0,1
group,scene,393,6,4,6,0,0,1
group,scene,394,6,4,6,0,0,1
group,scene,395,6,4,6,0,0,1
group,scene,396,6,4,6,0,0,1
group,scene,397,6,4,6,0,0,1
group,scene,398,6,4,6,0,0,1
group,scene,399,6,4,6,0,0,1
group,scene,4,6,4,6,0,0,1
group,scene,40,6,4,6,0,0,1
group,scene,400,6,4,6,0,0,1
group,scene,401,6,4,6,0,0,1
group,scene,402,6,4,6,0,0,1
group,scene,403,6,4,6,0,0,1
group,scene,404,6,4,6,0,0,1
group,scene,405,6,4,6,0,0,1
group,scene,406,6,4,6,0,0,1
group,scene,407,6,4,6,0,0,1
group,scene,408,6,4,6,0,0,1
group,scene,409,6,4,6,0,0,1
group,scene,41,6,4,6,0,0,1
group,scene,410,6,4,6,0,0,1
group,scene,411,6,4,6,0,0,1
group,scene,412,6,4,6,0,0,1
group,scene,413,6,4,6,0,0,1
group,scene,414,6,4,6,0,0,1
group,scene,415,6,4,6,0,0,1
group,scene,416,6,4,6,0,0,1
group,scene,417,6,4,6,0,0,1
group,scene,418,6,4,6,0,0,1
group,scene,419,6,4,6,0,0,1
group,scene,42,6,4,6,0,0,1
group,scene,420,6,4,6,0,0,1
group,scene,421,6,4,6,0,0,1
group,scene,422,6,4,6,0,0,1
group,scene,423,6,4,6,0,0,1
group,scene,424,6,4,6,0,0,1
group,scene,425,6,4,6,0,0,1
group,scene,426,6,4,6,0,0,1
group,scene,427,6,4,6,0,0,1
group,scene,428,6,4,6,0,0,1
group,scene,429,6,4,6,0,0,1
group,scene,43,6,4,6,0,0,1
group,scene,44,6,4,6,0,0,1
group,scene,45,6,4,6,0,0,1
group,scene,46,6,4,6,0,0,1
group,scene,47,6,4,6,0,0,1
group,scene,48,6,4,6,0,0,1
group,scene,49,6,4,6,0,0,1
group,scene,5,6,4,6,0,0,1
group,scene,50,6,4,6,0,0,1
group,scene,51,6,4,6,0,0,1
group,scene,52,6,4,6,0,0,1
group,scene,53,6,4,6,0,0,1
group,scene,54,6,4,6,0,0,1
group,scene,55,6,4,6,0,0,1
group,scene,56,6,4,6,0,0,1
group,scene,57,6,4,6,0,0,1
group,scene,58,6,4,6,0,0,1
group,scene,59,6,4,6,0,0,1
group,scene,6,6,4,6,0,0,1
group,scene,60,6,4,6,0,0,1
group,scene,61,6,4,6,0,0,1
group,scene,62,6,4,6,0,0,1
group,scene,63,6,4,6,0,0,1
group,scene,64,6,4,6,0,0,1
group,scene,65,6,4,6,0,0,1
group,scene,66,6,4,6,0,0,1
group,scene,67,6,4,6,0,0,1
group,scene,68,6,4,6,0,0,1
group,scene,69,6,4,6,0,0,1
group,scene,7,6,4,6,0,0,1
group,scene,70,6,4,6,0,0,1
group,scene,71,6,4,6,0,0,1
group,scene,72,6,4,6,0,0,1
group,scene,73,6,4,6,0,0,1
group,scene,74,6,4,6,0,0,1
group,scene,75,6,4,6,0,0,1
group,scene,76,6,4,6,0,0,1
group,scene,77,6,4,6,0,0,1
group,scene,78,6,4,6,0,0,1
group,scene,79,6,4,6,0,0,1
group,scene,8,6,4,6,0,0,1
group,scene,80,6,4,6,0,0,1
group,scene,81,6,4,6,0,0,1
group,scene,82,6,4,6,0,0,1
group,scene,83,6,4,6,0,0,1
group,scene,84,6,4,6,0,0,1
group,scene,85,6,4,6,0,0,1
group,scene,86,6,4,6,0,0,1
group,scene,87,6,4,6,0,0,1
group,scene,88,6,4,6,0,0,1
group,scene,89,6,4,6,0,0,1
group,scene,9,6,4,6,0,0,1
group,scene,90,6,4,6,0,0,1
group,scene,91,6,4,6,0,0,1
group,scene,92,6,4,6,0,0,1
group,scene,93,6,4,6,0,0,1
group,scene,94,6,4,6,0,0,1
group,scene,95,6,4,6,0,0,1
group,scene,96,6,4,6,0,0,1
group,scene,97,6,4,6,0,0,1
group,scene,98,6,4,6,0,0,1
group,scene,99,6,4,6,0,0,1
group,spatial_relationship,0,6,4,6,0,0,1
group,spatial_relationship,1,6,4,6,0,0,1
group,spatial_relationship,10,6,4,6,0,0,1
group,spatial_relationship,100,6,4,6,0,0,1
group,spatial_relationship,101,6,4,6,0,0,1
group,spatial_relationship,102,6,4,6,0,0,1
group,spatial_relationship,103,6,4,6,0,0,1
group,spatial_relationship,104,6,4,6,0,0,1
group,spatial_relationship,105,6,4,6,0,0,1
group,spatial_relationship,106,6,4,6,0,0,1
group,spatial_relationship,107,6,4,6,0,0,1
group,spatial_relationship,108,6,4,6,0,0,1
group,spatial_relationship,109,6,4,6,0,0,1
group,spatial_relationship,11,6,4,6,0,0,1
group,spatial_relationship,110,6,4,6,0,0,1
group,spatial_relationship,111,6,4,6,0,0,1
group,spatial_relationship,112,6,4,6,0,0,1
group,spatial_relationship,113,6,4,6,0,0,1
group,spatial_relationship,114,6,4,6,0,0,1
group,spatial_relationship,115,6,4,6,0,0,1
group,spatial_relationship,116,6,4,6,0,0,1
group,spatial_relationship,117,6,4,6,0,0,1
group,spatial_relationship,118,6,4,6,0,0,1
group,spatial_relationship,119,6,4,6,0,0,1
group,spatial_relationship,12,6,4,6,0,0,1
group,spatial_relationship,120,6,4,6,0,0,1
group,spatial_relationship,121,6,4,6,0,0,1
group,spatial_relationship,122,6,4,6,0,0,1
group,spatial_relationship,123,6,4,6,0,0,1
group,spatial_relationship,124,6,4,6,0,0,1
group,spatial_relationship,125,6,4,6,0,0,1
group,spatial_relationship,126,6,4,6,0,0,1
group,spatial_relationship,127,6,4,6,0,0,1
group,spatial_relationship,128,6,4,6,0,0,1
group,spatial_relationship,129,6,4,6,0,0,1
group,spatial_relationship,13,6,4,6,0,0,1
group,spatial_relationship,130,6,4,6,0,0,1
group,spatial_relationship,131,6,4,6,0,0,1
group,spatial_relationship,132,6,4,6,0,0,1
group,spatial_relationship,133,6,4,6,0,0,1
group,spatial_relationship,134,6,4,6,0,0,1
group,spatial_relationship,135,6,4,6,0,0,1
group,spatial_relationship,136,6,4,6,0,0,1
group,spatial_relationship,137,6,4,6,0,0,1
group,spatial_relationship,138,6,4,6,0,0,1
group,spatial_relationship,139,6,4,6,0,0,1
group,spatial_relationship,14,6,4,6,0,0,1
group,spatial_relationship,140,6,4,6,0,0,1
group,spatial_relationship,141,6,4,6,0,0,1
group,spatial_relationship,142,6,4,6,0,0,1
group,spatial_relationship,143,6,4,6,0,0,1
group,spatial_relationship,144,6,4,6,0,0,1
group,spatial_relationship,145,6,4,6,0,0,1
group,spatial_relationship,146,6,4,6,0,0,1
group,spatial_relationship,147,6,4,6,0,0,1
group,spatial_relationship,148,6,4,6,0,0,1
group,spatial_relationship,149,6,4,6,0,0,1
group,spatial_relationship,15,6,4,6,0,0,1
group,spatial_relationship,150,6,4,6,0,0,1
group,spatial_relationship,151,6,4,6,0,0,1
group,spatial_relationship,152,6,4,6,0,0,1
group,spatial_relationship,153,6,4,6,0,0,1
group,spatial_relationship,154,6,4,6,0,0,1
group,spatial_relationship,155,6,4,6,0,0,1
group,spatial_relationship,156,6,4,6,0,0,1
group,spatial_relationship,157,6,4,6,0,0,1
group,spatial_relationship,158,6,4,6,0,0,1
group,spatial_relationship,159,6,4,6,0,0,1
group,spatial_relationship,16,6,4,6,0,0,1
group,spatial_relationship,160,6,4,6,0,0,1
group,spatial_relationship,161,6,4,6,0,0,1
group,spatial_relationship,162,6,4,6,0,0,1
group,spatial_relationship,163,6,4,6,0,0,1
group,spatial_relationship,164,6,4,6,0,0,1
group,spatial_relationship,165,6,4,6,0,0,1
group,spatial_relationship,166,6,4,6,0,0,1
group,spatial_relationship,167,6,4,6,0,0,1
group,spatial_relationship,168,6,4,6,0,0,1
group,spatial_relationship,169,6,4,6,0,0,1
group,spatial_relationship,17,6,4,6,0,0,1
group,spatial_relationship,170,6,4,6,0,0,1
group,spatial_relationship,171,6,4,6,0,0,1
group,spatial_relationship,172,6,4,6,0,0,1
group,spatial_relationship,173,6,4,6,0,0,1
group,spatial_relationship,174,6,4,6,0,0,1
group,spatial_relationship,175,6,4,6,0,0,1
group,spatial_relationship,176,6,4,6,0,0,1
group,spatial_relationship,177,6,4,6,0,0,1
group,spatial_relationship,178,6,4,6,0,0,1
group,spatial_relationship,179,6,4,6,0,0,1
group,spatial_relationship,18,6,4,6,0,0,1
group,spatial_relationship,180,6,4,6,0,0,1
group,spatial_relationship,181,6,4,6,0,0,1
group,spatial_relationship,182,6,4,6,0,0,1
group,spatial_relationship,183,6,4,6,0,0,1
group,spatial_relationship,184,6,4,6,0,0,1
group,spatial_relationship,185,6,4,6,0,0,1
group,spatial_relationship,186,6,4,6,0,0,1
group,spatial_relationship,187,6,4,6,0,0,1
group,spatial_relationship,188,6,4,6,0,0,1
group,spatial_relationship,189,6,4,6,0,0,1
group,spatial_relationship,19,6,4,6,0,0,1
group,spatial_relationship,190,6,4,6,0,0,1
group,spatial_relationship,191,6,4,6,0,0,1
group,spatial_relationship,192,6,4,6,0,0,1
group,spatial_relationship,193,6,4,6,0,0,1
group,spatial_relationship,194,6,4,6,0,0,1
group,spatial_relationship,195,6,4,6,0,0,1
group,spatial_relationship,196,6,4,6,0,0,1
group,spatial_relationship,197,6,4,6,0,0,1
group,spatial_relationship,198,6,4,6,0,0,1
group,spatial_relationship,199,6,4,6,0,0,1
group,spatial_relationship,2,6,4,6,0,0,1
group,spatial_relationship,20,6,4,6,0,0,1
group,spatial_relationship,200,6,4,6,0,0,1
group,spatial_relationship,201,6,4,6,0,0,1
group,spatial_relationship,202,6,4,6,0,0,1
group,spatial_relationship,203,6,4,6,0,0,1
group,spatial_relationship,204,6,4,6,0,0,1
group,spatial_relationship,205,6,4,6,0,0,1
group,spatial_relationship,206,6,4,6,0,0,1
group,spatial_relationship,207,6,4,6,0,0,1
group,spatial_relationship,208,6,4,6,0,0,1
group,spatial_relationship,209,6,4,6,0,0,1
group,spatial_relationship,21,6,4,6,0,0,1
group,spatial_relationship,210,6,4,6,0,0,1
group,spatial_relationship,211,6,4,6,0,0,1
group,spatial_relationship,212,6,4,6,0,0,1
group,spatial_relationship,213,6,4,6,0,0,1
group,spatial_relationship,214,6,4,6,0,0,1
group,spatial_relationship,215,6,4,6,0,0,1
group,spatial_relationship,216,6,4,6,0,0,1
group,spatial_relationship,217,6,4,6,0,0,1
group,spatial_relationship,218,6,4,6,0,0,1
group,spatial_relationship,219,6,4,6,0,0,1
group,spatial_relationship,22,6,4,6,0,0,1
group,spatial_relationship,220,6,4,6,0,0,1
group,spatial_relationship,221,6,4,6,0,0,1
group,spatial_relationship,222,6,4,6,0,0,1
group,spatial_relationship,223,6,4,6,0,0,1
group,spatial_relationship,224,6,4,6,0,0,1
group,spatial_relationship,225,6,4,6,0,0,1
group,spatial_relationship,226,6,4,6,0,0,1
group,spatial_relationship,227,6,4,6,0,0,1
group,spatial_relationship,228,6,4,6,0,0,1
group,spatial_relationship,229,6,4,6,0,0,1
group,spatial_relationship,23,6,4,6,0,0,1
group,spatial_relationship,230,6,4,6,0,0,1
group,spatial_relationship,231,6,4,6,0,0,1
group,spatial_relationship,232,6,4,6,0,0,1
group,spatial_relationship,233,6,4,6,0,0,1
group,spatial_relationship,234,6,4,6,0,0,1
group,spatial_relationship,235,6,4,6,0,0,1
group,spatial_relationship,236,6,4,6,0,0,1
group,spatial_relationship,237,6,4,6,0,0,1
group,spatial_relationship,238,6,4,6,0,0,1
group,spatial_relationship,239,6,4,6,0,0,1
group,spatial_relationship,24,6,4,6,0,0,1
group,spatial_relationship,240,6,4,6,0,0,1
group,spatial_relationship,241,6,4,6,0,0,1
group,spatial_relationship,242,6,4,6,0,0,1
group,spatial_relationship,243,6,4,6,0,0,1
group,spatial_relationship,244,6,4,6,0,0,1
group,spatial_relationship,245,6,4,6,0,0,1
group,spatial_relationship,246,6,4,6,0,0,1
group,spatial_relationship,247,6,4,6,0,0,1
group,spatial_relationship,248,6,4,6,0,0,1
group,spatial_relationship,249,6,4,6,0,0,1
group,spatial_relationship,25,6,4,6,0,0,1
group,spatial_relationship,250,6,4,6,0,0,1
group,spatial_relationship,251,6,4,6,0,0,1
group,spatial_relationship,252,6,4,6,0,0,1
group,spatial_relationship,253,6,4,6,0,0,1
group,spatial_relationship,254,6,4,6,0,0,1
group,spatial_relationship,255,6,4,6,0,0,1
group,spatial_relationship,256,6,4,6,0,0,1
group,spatial_relationship,257,6,4,6,0,0,1
group,spatial_relationship,258,6,4,6,0,0,1
group,spatial_relationship,259,6,4,6,0,0,1
group,spatial_relationship,26,6,4,6,0,0,1
group,spatial_relationship,260,6,4,6,0,0,1
group,spatial_relationship,261,6,4,6,0,0,1
group,spatial_relationship,262,6,4,6,0,0,1
group,spatial_relationship,263,6,4,6,0,0,1
group,spatial_relationship,264,6,4,6,0,0,1
group,spatial_relationship,265,6,4,6,0,0,1
group,spatial_relationship,266,6,4,6,0,0,1
group,spatial_relationship,267,6,4,6,0,0,1
group,spatial_relationship,268,6,4,6,0,0,1
group,spatial_relationship,269,6,4,6,0,0,1
group,spatial_relationship,27,6,4,6,0,0,1
group,spatial_relationship,270,6,4,6,0,0,1
group,spatial_relationship,271,6,4,6,0,0,1
group,spatial_relationship,272,6,4,6,0,0,1
group,spatial_relationship,273,6,4,6,0,0,1
group,spatial_relationship,274,6,4,6,0,0,1
group,spatial_relationship,275,6,4,6,0,0,1
group,spatial_relationship,276,6,4,6,0,0,1
group,spatial_relationship,277,6,4,6,0,0,1
group,spatial_relationship,278,6,4,6,0,0,1
group,spatial_relationship,279,6,4,6,0,0,1
group,spatial_relationship,28,6,4,6,0,0,1
group,spatial_relationship,280,6,4,6,0,0,1
group,spatial_relationship,281,6,4,6,0,0,1
group,spatial_relationship,282,6,4,6,0,0,1
group,spatial_relationship,283,6,4,6,0,0,1
group,spatial_relationship,284,6,4,6,0,0,1
group,spatial_relationship,285,6,4,6,0,0,1
group,spatial_relationship,286,6,4,6,0,0,1
group,spatial_relationship,287,6,4,6,0,0,1
group,spatial_relationship,288,6,4,6,0,0,1
group,spatial_relationship,289,6,4,6,0,0,1
group,spatial_relationship,29,6,4,6,0,0,1
group,spatial_relationship,290,6,4,6,0,0,1
group,spatial_relationship,291,6,4,6,0,0,1
group,spatial_relationship,292,6,4,6,0,0,1
group,spatial_relationship,293,6,4,6,0,0,1
group,spatial_relationship,294,6,4,6,0,0,1
group,spatial_relationship,295,6,4,6,0,0,1
group,spatial_relationship,296,6,4,6,0,0,1
group,spatial_relationship,297,6,4,6,0,0,1
group,spatial_relationship,298,6,4,6,0,0,1
group,spatial_relationship,299,6,4,6,0,0,1
group,spatial_relationship,3,6,4,6,0,0,1
group,spatial_relationship,30,6,4,6,0,0,1
group,spatial_relationship,300,6,4,6,0,0,1
group,spatial_relationship,301,6,4,6,0,0,1
group,spatial_relationship,302,6,4,6,0,0,1
group,spatial_relationship,303,6,4,6,0,0,1
group,spatial_relationship,304,6,4,6,0,0,1
group,spatial_relationship,305,6,4,6,0,0,1
group,spatial_relationship,306,6,4,6,0,0,1
group,spatial_relationship,307,6,4,6,0,0,1
group,spatial_relationship,308,6,4,6,0,0,1
group,spatial_relationship,309,6,4,6,0,0,1
group,spatial_relationship,31,6,4,6,0,0,1
group,spatial_relationship,310,6,4,6,0,0,1
group,spatial_relationship,311,6,4,6,0,0,1
group,spatial_relationship,312,6,4,6,0,0,1
group,spatial_relationship,313,6,4,6,0,0,1
group,spatial_relationship,314,6,4,6,0,0,1
group,spatial_relationship,315,6,4,6,0,0,1
group,spatial_relationship,316,6,4,6,0,0,1
group,spatial_relationship,317,6,4,6,0,0,1
group,spatial_relationship,318,6,4,6,0,0,1
group,spatial_relationship,319,6,4,6,0,0,1
group,spatial_relationship,32,6,4,6,0,0,1
group,spatial_relationship,320,6,4,6,0,0,1
group,spatial_relationship,321,6,4,6,0,0,1
group,spatial_relationship,322,6,4,6,0,0,1
group,spatial_relationship,323,6,4,6,0,0,1
group,spatial_relationship,324,6,4,6,0,0,1
group,spatial_relationship,325,6,4,6,0,0,1
group,spatial_relationship,326,6,4,6,0,0,1
group,spatial_relationship,327,6,4,6,0,0,1
group,spatial_relationship,328,6,4,6,0,0,1
group,spatial_relationship,329,6,4,6,0,0,1
group,spatial_relationship,33,6,4,6,0,0,1
group,spatial_relationship,330,6,4,6,0,0,1
group,spatial_relationship,331,6,4,6,0,0,1
group,spatial_relationship,332,6,4,6,0,0,1
group,spatial_relationship,333,6,4,6,0,0,1
group,spatial_relationship,334,6,4,6,0,0,1
group,spatial_relationship,335,6,4,6,0,0,1
group,spatial_relationship,336,6,4,6,0,0,1
group,spatial_relationship,337,6,4,6,0,0,1
group,spatial_relationship,338,6,4,6,0,0,1
group,spatial_relationship,339,6,4,6,0,0,1
group,spatial_relationship,34,6,4,6,0,0,1
group,spatial_relationship,340,6,4,6,0,0,1
group,spatial_relationship,341,6,4,6,0,0,1
group,spatial_relationship,342,6,4,6,0,0,1
group,spatial_relationship,343,6,4,6,0,0,1
group,spatial_relationship,344,6,4,6,0,0,1
group,spatial_relationship,345,6,4,6,0,0,1
group,spatial_relationship,346,6,4,6,0,0,1
group,spatial_relationship,347,6,4,6,0,0,1
group,spatial_relationship,348,6,4,6,0,0,1
group,spatial_relationship,349,6,4,6,0,0,1
group,spatial_relationship,35,6,4,6,0,0,1
group,spatial_relationship,350,6,4,6,0,0,1
group,spatial_relationship,351,6,4,6,0,0,1
group,spatial_relationship,352,6,4,6,0,0,1
group,spatial_relationship,353,6,4,6,0,0,1
group,spatial_relationship,354,6,4,6,0,0,1
group,spatial_relationship,355,6,4,6,0,0,1
group,spatial_relationship,356,6,4,6,0,0,1
group,spatial_relationship,357,6,4,6,0,0,1
group,spatial_relationship,358,6,4,6,0,0,1
group,spatial_relationship,359,6,4,6,0,0,1
group,spatial_relationship,36,6,4,6,0,0,1
group,spatial_relationship,360,6,4,6,0,0,1
group,spatial_relationship,361,6,4,6,0,0,1
group,spatial_relationship,362,6,4,6,0,0,1
group,spatial_relationship,363,6,4,6,0,0,1
group,spatial_relationship,364,6,4,6,0,0,1
group,spatial_relationship,365,6,4,6,0,0,1
group,spatial_relationship,366,6,4,6,0,0,1
group,spatial_relationship,367,6,4,6,0,0,1
group,spatial_relationship,368,6,4,6,0,0,1
group,spatial_relationship,369,6,4,6,0,0,1
group,spatial_relationship,37,6,4,6,0,0,1
group,spatial_relationship,370,6,4,6,0,0,1
group,spatial_relationship,371,6,4,6,0,0,1
group,spatial_relationship,372,6,4,6,0,0,1
group,spatial_relationship,373,6,4,6,0,0,1
group,spatial_relationship,374,6,4,6,0,0,1
group,spatial_relationship,375,6,4,6,0,0,1
group,spatial_relationship,376,6,4,6,0,0,1
group,spatial_relationship,377,6,4,6,0,0,1
group,spatial_relationship,378,6,4,6,0,0,1
group,spatial_relationship,379,6,4,6,0,0,1
group,spatial_relationship,38,6,4,6,0,0,1
group,spatial_relationship,380,6,4,6,0,0,1
group,spatial_relationship,381,6,4,6,0,0,1
group,spatial_relationship,382,6,4,6,0,0,1
group,spatial_relationship,383,6,4,6,0,0,1
group,spatial_relationship,384,6,4,6,0,0,1
group,spatial_relationship,385,6,4,6,0,0,1
group,spatial_relationship,386,6,4,6,0,0,1
group,spatial_relationship,387,6,4,6,0,0,1
group,spatial_relationship,388,6,4,6,0,0,1
group,spatial_relationship,389,6,4,6,0,0,1
group,spatial_relationship,39,6,4,6,0,0,1
group,spatial_relationship,390,6,4,6,0,0,1
group,spatial_relationship,391,6,4,6,0,0,1
group,spatial_relationship,392,6,4,6,0,0,1
group,spatial_relationship,393,6,4,6,0,0,1
group,spatial_relationship,394,6,4,6,0,0,1
group,spatial_relationship,395,6,4,6,0,0,1
group,spatial_relationship,396,6,4,6,0,0,1
group,spatial_relationship,397,6,4,6,0,0,1
group,spatial_relationship,398,6,4,6,0,0,1
group,spatial_relationship,399,6,4,6,0,0,1
group,spatial_relationship,4,6,4,6,0,0,1
group,spatial_relationship,40,6,4,6,0,0,1
group,spatial_relationship,400,6,4,6,0,0,1
group,spatial_relationship,401,6,4,6,0,0,1
group,spatial_relationship,402,6,4,6,0,0,1
group,spatial_relationship,403,6,4,6,0,0,1
group,spatial_relationship,404,6,4,6,0,0,1
group,spatial_relationship,405,6,4,6,0,0,1
group,spatial_relationship,406,6,4,6,0,0,1
group,spatial_relationship,407,6,4,6,0,0,1
group,spatial_relationship,408,6,4,6,0,0,1
group,spatial_relationship,409,6,4,6,0,0,1
group,spatial_relationship,41,6,4,6,0,0,1
group,spatial_relationship,410,6,4,6,0,0,1
group,spatial_relationship,411,6,4,6,0,0,1
group,spatial_relationship,412,6,4,6,0,0,1
group,spatial_relationship,413,6,4,6,0,0,1
group,spatial_relationship,414,6,4,6,0,0,1
group,spatial_relationship,415,6,4,6,0,0,1
group,spatial_relationship,416,6,4,6,0,0,1
group,spatial_relationship,417,6,4,6,0,0,1
group,spatial_relationship,418,6,4,6,0,0,1
group,spatial_relationship,419,6,4,6,0,0,1
group,spatial_relationship,42,6,4,6,0,0,1
group,spatial_relationship,420,6,4,6,0,0,1
group,spatial_relationship,421,6,4,6,0,0,1
group,spatial_relationship,422,6,4,6,0,0,1
group,spatial_relationship,423,6,4,6,0,0,1
group,spatial_relationship,424,6,4,6,0,0,1
group,spatial_relationship,425,6,4,6,0,0,1
group,spatial_relationship,426,6,4,6,0,0,1
group,spatial_relationship,427,6,4,6,0,0,1
group,spatial_relationship,428,6,4,6,0,0,1
group,spatial_relationship,429,6,4,6,0,0,1
group,spatial_relationship,43,6,4,6,0,0,1
group,spatial_relationship,430,6,4,6,0,0,1
group,spatial_relationship,431,6,4,6,0,0,1
group,spatial_relationship,432,6,4,6,0,0,1
group,spatial_relationship,433,6,4,6,0,0,1
group,spatial_relationship,434,6,4,6,0,0,1
group,spatial_relationship,435,6,4,6,0,0,1
group,spatial_relationship,436,6,4,6,0,0,1
group,spatial_relationship,437,6,4,6,0,0,1
group,spatial_relationship,438,6,4,6,0,0,1
group,spatial_relationship,439,6,4,6,0,0,1
group,spatial_relationship,44,6,4,6,0,0,1
group,spatial_relationship,440,6,4,6,0,0,1
group,spatial_relationship,441,6,4,6,0,0,1
group,spatial_relationship,442,6,4,6,0,0,1
group,spatial_relationship,443,6,4,6,0,0,1
group,spatial_relationship,444,6,4,6,0,0,1
group,spatial_relationship,445,6,4,6,0,0,1
group,spatial_relationship,446,6,4,6,0,0,1
group,spatial_relationship,447,6,4,6,0,0,1
group,spatial_relationship,448,6,4,6,0,0,1
group,spatial_relationship,449,6,4,6,0,0,1
group,spatial_relationship,45,6,4,6,0,0,1
group,spatial_relationship,450,6,4,6,0,0,1
group,spatial_relationship,451,6,4,6,0,0,1
group,spatial_relationship,452,6,4,6,0,0,1
group,spatial_relationship,453,6,4,6,0,0,1
group,spatial_relationship,454,6,4,6,0,0,1
group,spatial_relationship,455,6,4,6,0,0,1
group,spatial_relationship,456,6,4,6,0,0,1
group,spatial_relationship,457,6,4,6,0,0,1
group,spatial_relationship,458,6,4,6,0,0,1
group,spatial_relationship,459,6,4,6,0,0,1
group,spatial_relationship,46,6,4,6,0,0,1
group,spatial_relationship,460,6,4,6,0,0,1
group,spatial_relationship,461,6,4,6,0,0,1
group,spatial_relationship,462,6,4,6,0,0,1
group,spatial_relationship,463,6,4,6,0,0,1
group,spatial_relationship,464,6,4,6,0,0,1
group,spatial_relationship,465,6,4,6,0,0,1
group,spatial_relationship,466,6,4,6,0,0,1
group,spatial_relationship,467,6,4,6,0,0,1
group,spatial_relationship,468,6,4,6,0,0,1
group,spatial_relationship,469,6,4,6,0,0,1
group,spatial_relationship,47,6,4,6,0,0,1
group,spatial_relationship,470,6,4,6,0,0,1
group,spatial_relationship,471,6,4,6,0,0,1
group,spatial_relationship,472,6,4,6,0,0,1
group,spatial_relationship,473,6,4,6,0,0,1
group,spatial_relationship,474,6,4,6,0,0,1
group,spatial_relationship,475,6,4,6,0,0,1
group,spatial_relationship,476,6,4,6,0,0,1
group,spatial_relationship,477,6,4,6,0,0,1
group,spatial_relationship,478,6,4,6,0,0,1
group,spatial_relationship,479,6,4,6,0,0,1
group,spatial_relationship,48,6,4,6,0,0,1
group,spatial_relationship,480,6,4,6,0,0,1
group,spatial_relationship,481,6,4,6,0,0,1
group,spatial_relationship,482,6,4,6,0,0,1
group,spatial_relationship,483,6,4,6,0,0,1
group,spatial_relationship,484,6,4,6,0,0,1
group,spatial_relationship,485,6,4,6,0,0,1
group,spatial_relationship,486,6,4,6,0,0,1
group,spatial_relationship,487,6,4,6,0,0,1
group,spatial_relationship,488,6,4,6,0,0,1
group,spatial_relationship,489,6,4,6,0,0,1
group,spatial_relationship,49,6,4,6,0,0,1
group,spatial_relationship,490,6,4,6,0,0,1
group,spatial_relationship,491,6,4,6,0,0,1
group,spatial_relationship,492,6,4,6,0,0,1
group,spatial_relationship,493,6,4,6,0,0,1
group,spatial_relationship,494,6,4,6,0,0,1
group,spatial_relationship,495,6,4,6,0,0,1
group,spatial_relationship,496,6,4,6,0,0,1
group,spatial_relationship,497,6,4,6,0,0,1
group,spatial_relationship,498,6,4,6,0,0,1
group,spatial_relationship,499,6,4,6,0,0,1
group,spatial_relationship,5,6,4,6,0,0,1
group,spatial_relationship,50,6,4,6,0,0,1
group,spatial_relationship,500,6,4,6,0,0,1
group,spatial_relationship,501,6,4,6,0,0,1
group,spatial_relationship,502,6,4,6,0,0,1
group,spatial_relationship,503,6,4,6,0,0,1
group,spatial_relationship,504,6,4,6,0,0,1
group,spatial_relationship,505,6,4,6,0,0,1
group,spatial_relationship,506,6,4,6,0,0,1
group,spatial_relationship,507,6,4,6,0,0,1
group,spatial_relationship,508,6,4,6,0,0,1
group,spatial_relationship,509,6,4,6,0,0,1
group,spatial_relationship,51,6,4,6,0,0,1
group,spatial_relationship,510,6,4,6,0,0,1
group,spatial_relationship,511,6,4,6,0,0,1
group,spatial_relationship,512,6,4,6,0,0,1
group,spatial_relationship,513,6,4,6,0,0,1
group,spatial_relationship,514,6,4,6,0,0,1
group,spatial_relationship,515,6,4,6,0,0,1
group,spatial_relationship,516,6,4,6,0,0,1
group,spatial_relationship,517,6,4,6,0,0,1
group,spatial_relationship,518,6,4,6,0,0,1
group,spatial_relationship,519,6,4,6,0,0,1
group,spatial_relationship,52,6,4,6,0,0,1
group,spatial_relationship,520,6,4,6,0,0,1
group,spatial_relationship,521,6,4,6,0,0,1
group,spatial_relationship,522,6,4,6,0,0,1
group,spatial_relationship,523,6,4,6,0,0,1
group,spatial_relationship,524,6,4,6,0,0,1
group,spatial_relationship,525,6,4,6,0,0,1
group,spatial_relationship,526,6,4,6,0,0,1
group,spatial_relationship,527,6,4,6,0,0,1
group,spatial_relationship,528,6,4,6,0,0,1
group,spatial_relationship,529,6,4,6,0,0,1
group,spatial_relationship,53,6,4,6,0,0,1
group,spatial_relationship,530,6,4,6,0,0,1
group,spatial_relationship,531,6,4,6,0,0,1
group,spatial_relationship,532,6,4,6,0,0,1
group,spatial_relationship,533,6,4,6,0,0,1
group,spatial_relationship,534,6,4,6,0,0,1
group,spatial_relationship,535,6,4,6,0,0,1
group,spatial_relationship,536,6,4,6,0,0,1
group,spatial_relationship,537,6,4,6,0,0,1
group,spatial_relationship,538,6,4,6,0,0,1
group,spatial_relationship,539,6,4,6,0,0,1
group,spatial_relationship,54,6,4,6,0,0,1
group,spatial_relationship,55,6,4,6,0,0,1
group,spatial_relationship,56,6,4,6,0,0,1
group,spatial_relationship,57,6,4,6,0,0,1
group,spatial_relationship,58,6,4,6,0,0,1
group,spatial_relationship,59,6,4,6,0,0,1
group,spatial_relationship,6,6,4,6,0,0,1
group,spatial_relationship,60,6,4,6,0,0,1
group,spatial_relationship,61,6,4,6,0,0,1
group,spatial_relationship,62,6,4,6,0,0,1
group,spatial_relationship,63,6,4,6,0,0,1
group,spatial_relationship,64,6,4,6,0,0,1
group,spatial_relationship,65,6,4,6,0,0,1
group,spatial_relationship,66,6,4,6,0,0,1
group,spatial_relationship,67,6,4,6,0,0,1
group,spatial_relationship,68,6,4,6,0,0,1
group,spatial_relationship,69,6,4,6,0,0,1
group,spatial_relationship,7,6,4,6,0,0,1
group,spatial_relationship,70,6,4,6,0,0,1
group,spatial_relationship,71,6,4,6,0,0,1
group,spatial_relationship,72,6,4,6,0,0,1
group,spatial_relationship,73,6,4,6,0,0,1
group,spatial_relationship,74,6,4,6,0,0,1
group,spatial_relationship,75,6,4,6,0,0,1
group,spatial_relationship,76,6,4,6,0,0,1
group,spatial_relationship,77,6,4,6,0,0,1
group,spatial_relationship,78,6,4,6,0,0,1
group,spatial_relationship,79,6,4,6,0,0,1
group,spatial_relationship,8,6,4,6,0,0,1
group,spatial_relationship,80,6,4,6,0,0,1
group,spatial_relationship,81,6,4,6,0,0,1
group,spatial_relationship,82,6,4,6,0,0,1
group,spatial_relationship,83,6,4,6,0,0,1
group,spatial_relationship,84,6,4,6,0,0,1
group,spatial_relationship,85,6,4,6,0,0,1
group,spatial_relationship,86,6,4,6,0,0,1
group,spatial_relationship,87,6,4,6,0,0,1
group,spatial_relationship,88,6,4,6,0,0,1
group,spatial_relationship,89,6,4,6,0,0,1
group,spatial_relationship,9,6,4,6,0,0,1
group,spatial_relationship,90,6,4,6,0,0,1
group,spatial_relationship,91,6,4,6,0,0,1
group,spatial_relationship,92,6,4,6,0,0,1
group,spatial_relationship,93,6,4,6,0,0,1
group,spatial_relationship,94,6,4,6,0,0,1
group,spatial_relationship,95,6,4,6,0,0,1
group,spatial_relationship,96,6,4,6,0,0,1
group,spatial_relationship,97,6,4,6,0,0,1
group,spatial_relationship,98,6,4,6,0,0,1
group,spatial_relationship,99,6,4,6,0,0,1
group,subject_consistency,0,6,4,6,0,0,1
group,subject_consistency,1,6,4,6,0,0,1
group,subject_consistency,10,6,4,6,0,0,1
group,subject_consistency,100,6,4,6,0,0,1
group,subject_consistency,101,6,4,6,0,0,1
group,subject_consistency,102,6,4,6,0,0,1
group,subject_consistency,103,6,4,6,0,0,1
group,subject_consistency,104,6,4,6,0,0,1
group,subject_consistency,105,6,4,6,0,0,1
group,subject_consistency,106,6,4,6,0,0,1
group,subject_consistency,107,6,4,6,0,0,1
group,subject_consistency,108,6,4,6,0,0,1
group,subject_consistency,109,6,4,6,0,0,1
group,subject_consistency,11,6,4,6,0,0,1
group,subject_consistency,110,6,4,6,0,0,1
group,subject_consistency,111,6,4,6,0,0,1
group,subject_consistency,112,6,4,6,0,0,1
group,subject_consistency,113,6,4,6,0,0,1
group,subject_consistency,114,6,4,6,0,0,1
group,subject_consistency,115,6,4,6,0,0,1
group,subject_consistency,116,6,4,6,0,0,1
group,subject_consistency,117,6,4,6,0,0,1
group,subject_consistency,118,6,4,6,0,0,1
group,subject_consistency,119,6,4,6,0,0,1
group,subject_consistency,12,6,4,6,0,0,1
group,subject_consistency,120,6,4,6,0,0,1
group,subject_consistency,121,6,4,6,0,0,1
group,subject_consistency,122,6,4,6,0,0,1
group,subject_consistency,123,6,4,6,0,0,1
group,subject_consistency,124,6,4,6,0,0,1
group,subject_consistency,125,6,4,6,0,0,1
group,subject_consistency,126,6,4,6,0,0,1
group,subject_consistency,127,6,4,6,0,0,1
group,subject_consistency,128,6,4,6,0,0,1
group,subject_consistency,129,6,4,6,0,0,1
group,subject_consistency,13,6,4,6,0,0,1
group,subject_consistency,130,6,4,6,0,0,1
group,subject_consistency,131,6,4,6,0,0,1
group,subject_consistency,132,6,4,6,0,0,1
group,subject_consistency,133,6,4,6,0,0,1
group,subject_consistency,134,6,4,6,0,0,1
group,subject_consistency,135,6,4,6,0,0,1
group,subject_consistency,136,6,4,6,0,0,1
group,subject_consistency,137,6,4,6,0,0,1
group,subject_consistency,138,6,4,6,0,0,1
group,subject_consistency,139,6,4,6,0,0,1
group,subject_consistency,14,6,4,6,0,0,1
group,subject_consistency,140,6,4,6,0,0,1
group,subject_consistency,141,6,4,6,0,0,1
group,subject_consistency,142,6,4,6,0,0,1
group,subject_consistency,143,6,4,6,0,0,1
group,subject_consistency,144,6,4,6,0,0,1
group,subject_consistency,145,6,4,6,0,0,1
group,subject_consistency,146,6,4,6,0,0,1
group,subject_consistency,147,6,4,6,0,0,1
group,subject_consistency,148,6,4,6,0,0,1
group,subject_consistency,149,6,4,6,0,0,1
group,subject_consistency,15,6,4,6,0,0,1
group,subject_consistency,150,6,4,6,0,0,1
group,subject_consistency,151,6,4,6,0,0,1
group,subject_consistency,152,6,4,6,0,0,1
group,subject_consistency,153,6,4,6,0,0,1
group,subject_consistency,154,6,4,6,0,0,1
group,subject_consistency,155,6,4,6,0,0,1
group,subject_consistency,156,6,4,6,0,0,1
group,subject_consistency,157,6,4,6,0,0,1
group,subject_consistency,158,6,4,6,0,0,1
group,subject_consistency,159,6,4,6,0,0,1
group,subject_consistency,16,6,4,6,0,0,1
group,subject_consistency,160,6,4,6,0,0,1
group,subject_consistency,161,6,4,6,0,0,1
group,subject_consistency,162,6,4,6,0,0,1
group,subject_consistency,163,6,4,6,0,0,1
group,subject_consistency,164,6,4,6,0,0,1
group,subject_consistency,165,6,4,6,0,0,1
group,subject_consistency,166,6,4,6,0,0,1
group,subject_consistency,167,6,4,6,0,0,1
group,subject_consistency,168,6,4,6,0,0,1
group,subject_consistency,169,6,4,6,0,0,1
group,subject_consistency,17,6,4,6,0,0,1
group,subject_consistency,170,6,4,6,0,0,1
group,subject_consistency,171,6,4,6,0,0,1
group,subject_consistency,172,6,4,6,0,0,1
group,subject_consistency,173,6,4,6,0,0,1
group,subject_consistency,174,6,4,6,0,0,1
group,subject_consistency,175,6,4,6,0,0,1
group,subject_consistency,176,6,4,6,0,0,1
group,subject_consistency,177,6,4,6,0,0,1
group,subject_consistency,178,6,4,6,0,0,1
group,subject_consistency,179,6,4,6,0,0,1
group,subject_consistency,18,6,4,6,0,0,1
group,subject_consistency,180,6,4,6,0,0,1
group,subject_consistency,181,6,4,6,0,0,1
group,subject_consistency,182,6,4,6,0,0,1
group,subject_consistency,183,6,4,6,0,0,1
group,subject_consistency,184,6,4,6,0,0,1
group,subject_consistency,185,6,4,6,0,0,1
group,subject_consistency,186,6,4,6,0,0,1
group,subject_consistency,187,6,4,6,0,0,1
group,subject_consistency,188,6,4,6,0,0,1
group,subject_consistency,189,6,4,6,0,0,1
group,subject_consistency,19,6,4,6,0,0,1
group,subject_consistency,190,6,4,6,0,0,1
group,subject_consistency,191,6,4,6,0,0,1
group,subject_consistency,192,6,4,6,0,0,1
group,subject_consistency,193,6,4,6,0,0,1
group,subject_consistency,194,6,4,6,0,0,1
group,subject_consistency,195,6,4,6,0,0,1
group,subject_consistency,196,6,4,6,0,0,1
group,subject_consistency,197,6,4,6,0,0,1
group,subject_consistency,198,6,4,6,0,0,1
group,subject_consistency,199,6,4,6,0,0,1
group,subject_consistency,2,6,4,6,0,0,1
group,subject_consistency,20,6,4,6,0,0,1
group,subject_consistency,200,6,4,6,0,0,1
group,subject_consistency,201,6,4,6,0,0,1
group,subject_consistency,202,6,4,6,0,0,1
group,subject_consistency,203,6,4,6,0,0,1
group,subject_consistency,204,6,4,6,0,0,1
group,subject_consistency,205,6,4,6,0,0,1
group,subject_consistency,206,6,4,6,0,0,1
group,subject_consistency,207,6,4,6,0,0,1
group,subject_consistency,208,6,4,6,0,0,1
group,subject_consistency,209,6,4,6,0,0,1
group,subject_consistency,21,6,4,6,0,0,1
group,subject_consistency,210,6,4,6,0,0,1
group,subject_consistency,211,6,4,6,0,0,1
group,subject_consistency,212,6,4,6,0,0,1
group,subject_consistency,213,6,4,6,0,0,1
group,subject_consistency,214,6,4,6,0,0,1
group,subject_consistency,215,6,4,6,0,0,1
group,subject_consistency,216,6,4,6,0,0,1
group,subject_consistency,217,6,4,6,0,0,1
group,subject_consistency,218,6,4,6,0,0,1
group,subject_consistency,219,6,4,6,0,0,1
group,subject_consistency,22,6,4,6,0,0,1
group,subject_consistency,220,6,4,6,0,0,1
group,subject_consistency,221,6,4,6,0,0,1
group,subject_consistency,222,6,4,6,0,0,1
group,subject_consistency,223,6,4,6,0,0,1
group,subject_consistency,224,6,4,6,0,0,1
group,subject_consistency,225,6,4,6,0,0,1
group,subject_consistency,226,6,4,6,0,0,1
group,subject_consistency,227,6,4,6,0,0,1
group,subject_consistency,228,6,4,6,0,0,1
group,subject_consistency,229,6,4,6,0,0,1
group,subject_consistency,23,6,4,6,0,0,1
group,subject_consistency,230,6,4,6,0,0,1
group,subject_consistency,231,6,4,6,0,0,1
group,subject_consistency,232,6,4,6,0,0,1
group,subject_consistency,233,6,4,6,0,0,1
group,subject_consistency,234,6,4,6,0,0,1
group,subject_consistency,235,6,4,6,0,0,1
group,subject_consistency,236,6,4,6,0,0,1
group,subject_consistency,237,6,4,6,0,0,1
group,subject_consistency,238,6,4,6,0,0,1
group,subject_consistency,239,6,4,6,0,0,1
group,subject_consistency,24,6,4,6,0,0,1
group,subject_consistency,240,6,4,6,0,0,1
group,subject_consistency,241,6,4,6,0,0,1
group,subject_consistency,242,6,4,6,0,0,1
group,subject_consistency,243,6,4,6,0,0,1
group,subject_consistency,244,6,4,6,0,0,1
group,subject_consistency,245,6,4,6,0,0,1
group,subject_consistency,246,6,4,6,0,0,1
group,subject_consistency,247,6,4,6,0,0,1
group,subject_consistency,248,6,4,6,0,0,1
group,subject_consistency,249,6,4,6,0,0,1
group,subject_consistency,25,6,4,6,0,0,1
group,subject_consistency,250,6,4,6,0,0,1
group,subject_consistency,251,6,4,6,0,0,1
group,subject_consistency,252,6,4,6,0,0,1
group,subject_consistency,253,6,4,6,0,0,1
group,subject_consistency,254,6,4,6,0,0,1
group,subject_consistency,255,6,4,6,0,0,1
group,subject_consistency,256,6,4,6,0,0,1
group,subject_consistency,257,6,4,6,0,0,1
group,subject_consistency,258,6,4,6,0,0,1
group,subject_consistency,259,6,4,6,0,0,1
group,subject_consistency,26,6,4,6,0,0,1
group,subject_consistency,260,6,4,6,0,0,1
group,subject_consistency,261,6,4,6,0,0,1
group,subject_consistency,262,6,4,6,0,0,1
group,subject_consistency,263,6,4,6,0,0,1
group,subject_consistency,264,6,4,6,0,0,1
group,subject_consistency,265,6,4,6,0,0,1
group,subject_consistency,266,6,4,6,0,0,1
group,subject_consistency,267,6,4,6,0,0,1
group,subject_consistency,268,6,4,6,0,0,1
group,subject_consistency,269,6,4,6,0,0,1
group,subject_consistency,27,6,4,6,0,0,1
group,subject_consistency,270,6,4,6,0,0,1
group,subject_consistency,271,6,4,6,0,0,1
group,subject_consistency,272,6,4,6,0,0,1
group,subject_consistency,273,6,4,6,0,0,1
group,subject_consistency,274,6,4,6,0,0,1
group,subject_consistency,275,6,4,6,0,0,1
group,subject_consistency,276,6,4,6,0,0,1
group,subject_consistency,277,6,4,6,0,0,1
group,subject_consistency,278,6,4,6,0,0,1
group,subject_consistency,279,6,4,6,0,0,1
group,subject_consistency,28,6,4,6,0,0,1
group,subject_consistency,280,6,4,6,0,0,1
group,subject_consistency,281,6,4,6,0,0,1
group,subject_consistency,282,6,4,6,0,0,1
group,subject_consistency,283,6,4,6,0,0,1
group,subject_consistency,284,6,4,6,0,0,1
group,subject_consistency,285,6,4,6,0,0,1
group,subject_consistency,286,6,4,6,0,0,1
group,subject_consistency,287,6,4,6,0,0,1
group,subject_consistency,288,6,4,6,0,0,1
group,subject_consistency,289,6,4,6,0,0,1
group,subject_consistency,29,6,4,6,0,0,1
group,subject_consistency,290,6,4,6,0,0,1
group,subject_consistency,291,6,4,6,0,0,1
group,subject_consistency,292,6,4,6,0,0,1
group,subject_consistency,293,6,4,6,0,0,1
group,subject_consistency,294,6,4,6,0,0,1
group,subject_consistency,295,6,4,6,0,0,1
group,subject_consistency,296,6,4,6,0,0,1
group,subject_consistency,297,6,4,6,0,0,1
group,subject_consistency,298,6,4,6,0,0,1
group,subject_consistency,299,6,4,6,0,0,1
group,subject_consistency,3,6,4,6,0,0,1
group,subject_consistency,30,6,4,6,0,0,1
group,subject_consistency,300,6,4,6,0,0,1
group,subject_consistency,301,6,4,6,0,0,1
group,subject_consistency,302,6,4,6,0,0,1
group,subject_consistency,303,6,4,6,0,0,1
group,subject_consistency,304,6,4,6,0,0,1
group,subject_consistency,305,6,4,6,0,0,1
group,subject_consistency,306,6,4,6,0,0,1
group,subject_consistency,307,6,4,6,0,0,1
group,subject_consistency,308,6,4,6,0,0,1
group,subject_consistency,309,6,4,6,0,0,1
group,subject_consistency,31,6,4,6,0,0,1
group,subject_consistency,310,6,4,6,0,0,1
group,subject_consistency,311,6,4,6,0,0,1
group,subject_consistency,312,6,4,6,0,0,1
group,subject_consistency,313,6,4,6,0,0,1
group,subject_consistency,314,6,4,6,0,0,1
group,subject_consistency,315,6,4,6,0,0,1
group,subject_consistency,316,6,4,6,0,0,1
group,subject_consistency,317,6,4,6,0,0,1
group,subject_consistency,318,6,4,6,0,0,1
group,subject_consistency,319,6,4,6,0,0,1
group,subject_consistency,32,6,4,6,0,0,1
group,subject_consistency,320,6,4,6,0,0,1
group,subject_consistency,321,6,4,6,0,0,1
group,subject_consistency,322,6,4,6,0,0,1
group,subject_consistency,323,6,4,6,0,0,1
group,subject_consistency,324,6,4,6,0,0,1
group,subject_consistency,325,6,4,6,0,0,1
group,subject_consistency,326,6,4,6,0,0,1
group,subject_consistency,327,6,4,6,0,0,1
group,subject_consistency,328,6,4,6,0,0,1
group,subject_consistency,329,6,4,6,0,0,1
group,subject_consistency,33,6,4,6,0,0,1
group,subject_consistency,330,6,4,6,0,0,1
group,subject_consistency,331,6,4,6,0,0,1
group,subject_consistency,332,6,4,6,0,0,1
group,subject_consistency,333,6,4,6,0,0,1
group,subject_consistency,334,6,4,6,0,0,1
group,subject_consistency,335,6,4,6,0,0,1
group,subject_consistency,336,6,4,6,0,0,1
group,subject_consistency,337,6,4,6,0,0,1
group,subject_consistency,338,6,4,6,0,0,1
group,subject_consistency,339,6,4,6,0,0,1
group,subject_consistency,34,6,4,6,0,0,1
group,subject_consistency,340,6,4,6,0,0,1
group,subject_consistency,341,6,4,6,0,0,1
group,subject_consistency,342,6,4,6,0,0,1
group,subject_consistency,343,6,4,6,0,0,1
group,subject_consistency,344,6,4,6,0,0,1
group,subject_consistency,345,6,4,6,0,0,1
group,subject_consistency,346,6,4,6,0,0,1
group,subject_consistency,347,6,4,6,0,0,1
group,subject_consistency,348,6,4,6,0,0,1
group,subject_consistency,349,6,4,6,0,0,1
group,subject_consistency,35,6,4,6,0,0,1
group,subject_consistency,350,6,4,6,0,0,1
group,subject_consistency,351,6,4,6,0,0,1
group,subject_consistency,352,6,4,6,0,0,1
group,subject_consistency,353,6,4,6,0,0,1
group,subject_consistency,354,6,4,6,0,0,1
group,subject_consistency,355,6,4,6,0,0,1
group,subject_consistency,356,6,4,6,0,0,1
group,subject_consistency,357,6,4,6,0,0,1
group,subject_consistency,358,6,4,6,0,0,1
group,subject_consistency,359,6,4,6,0,0,1
group,subject_consistency,36,6,4,6,0,0,1
group,subject_consistency,37,6,4,6,0,0,1
group,subject_consistency,38,6,4,6,0,0,1
group,subject_consistency,39,6,4,6,0,0,1
group,subject_consistency,4,6,4,6,0,0,1
group,subject_consistency,40,6,4,6,0,0,1
group,subject_consistency,41,6,4,6,0,0,1
group,subject_consistency,42,6,4,6,0,0,1
group,subject_consistency,43,6,4,6,0,0,1
group,subject_consistency,44,6,4,6,0,0,1
group,subject_consistency,45,6,4,6,0,0,1
group,subject_consistency,46,6,4,6,0,0,1
group,subject_consistency,47,6,4,6,0,0,1
group,subject_consistency,48,6,4,6,0,0,1
group,subject_consistency,49,6,4,6,0,0,1
group,subject_consistency,5,6,4,6,0,0,1
group,subject_consistency,50,6,4,6,0,0,1
group,subject_consistency,51,6,4,6,0,0,1
group,subject_consistency,52,6,4,6,0,0,1
group,subject_consistency,53,6,4,6,0,0,1
group,subject_consistency,54,6,4,6,0,0,1
group,subject_consistency,55,6,4,6,0,0,1
group,subject_consistency,56,6,4,6,0,0,1
group,subject_consistency,57,6,4,6,0,0,1
group,subject_consistency,58,6,4,6,0,0,1
group,subject_consistency,59,6,4,6,0,0,1
group,subject_consistency,6,6,4,6,0,0,1
group,subject_consistency,60,6,4,6,0,0,1
group,subject_consistency,61,6,4,6,0,0,1
group,subject_consistency,62,6,4,6,0,0,1
group,subject_consistency,63,6,4,6,0,0,1
group,subject_consistency,64,6,4,6,0,0,1
group,subject_consistency,65,6,4,6,0,0,1
group,subject_consistency,66,6,4,6,0,0,1
group,subject_consistency,67,6,4,6,0,0,1
group,subject_consistency,68,6,4,6,0,0,1
group,subject_consistency,69,6,4,6,0,0,1
group,subject_consistency,7,6,4,6,0,0,1
group,subject_consistency,70,6,4,6,0,0,1
group,subject_consistency,71,6,4,6,0,0,1
group,subject_consistency,72,6,4,6,0,0,1
group,subject_consistency,73,6,4,6,0,0,1
group,subject_consistency,74,6,4,6,0,0,1
group,subject_consistency,75,6,4,6,0,0,1
group,subject_consistency,76,6,4,6,0,0,1
group,subject_consistency,77,6,4,6,0,0,1
group,subject_consistency,78,6,4,6,0,0,1
group,subject_consistency,79,6,4,6,0,0,1
group,subject_consistency,8,6,4,6,0,0,1
group,subject_consistency,80,6,4,6,0,0,1
group,subject_consistency,81,6,4,6,0,0,1
group,subject_consistency,82,6,4,6,0,0,1
group,subject_consistency,83,6,4,6,0,0,1
group,subject_consistency,84,6,4,6,0,0,1
group,subject_consistency,85,6,4,6,0,0,1
group,subject_consistency,86,6,4,6,0,0,1
group,subject_consistency,87,6,4,6,0,0,1
group,subject_consistency,88,6,4,6,0,0,1
group,subject_consistency,89,6,4,6,0,0,1
group,subject_consistency,9,6,4,6,0,0,1
group,subject_consistency,90,6,4,6,0,0,1
group,subject_consistency,91,6,4,6,0,0,1
group,subject_consistency,92,6,4,6,0,0,1
group,subject_consistency,93,6,4,6,0,0,1
group,subject_consistency,94,6,4,6,0,0,1
group,subject_consistency,95,6,4,6,0,0,1
group,subject_consistency,96,6,4,6,0,0,1
group,subject_consistency,97,6,4,6,0,0,1
group,subject_consistency,98,6,4,6,0,0,1
group,subject_consistency,99,6,4,6,0,0,1
group,technical_quality,0,6,4,6,0,0,1
group,technical_quality,1,6,4,6,0,0,1
group,technical_quality,10,6,4,6,0,0,1
group,technical_quality,100,6,4,6,0,0,1
group,technical_quality,101,6,4,6,0,0,1
group,technical_quality,102,6,4,6,0,0,1
group,technical_quality,103,6,4,6,0,0,1
group,technical_quality,104,6,4,6,0,0,1
group,technical_quality,105,6,4,6,0,0,1
group,technical_quality,106,6,4,6,0,0,1
group,technical_quality,107,6,4,6,0,0,1
group,technical_quality,108,6,4,6,0,0,1
group,technical_quality,109,6,4,6,0,0,1
group,technical_quality,11,6,4,6,0,0,1
group,technical_quality,110,6,4,6,0,0,1
group,technical_quality,111,6,4,6,0,0,1
group,technical_quality,112,6,4,6,0,0,1
group,technical_quality,113,6,4,6,0,0,1
group,technical_quality,114,6,4,6,0,0,1
group,technical_quality,115,6,4,6,0,0,1
group,technical_quality,116,6,4,6,0,0,1
group,technical_quality,117,6,4,6,0,0,1
group,technical_quality,118,6,4,6,0,0,1
group,technical_quality,119,6,4,6,0,0,1
group,technical_quality,12,6,4,6,0,0,1
group,technical_quality,120,6,4,6,0,0,1
group,technical_quality,121,6,4,6,0,0,1
group,technical_quality,122,6,4,6,0,0,1
group,technical_quality,123,6,4,6,0,0,1
group,technical_quality,124,6,4,6,0,0,1
group,technical_quality,125,6,4,6,0,0,1
group,technical_quality,126,6,4,6,0,0,1
group,technical_quality,127,6,4,6,0,0,1
group,technical_quality,128,6,4,6,0,0,1
group,technical_quality,129,6,4,6,0,0,1
group,technical_quality,13,6,4,6,0,0,1
group,technical_quality,130,6,4,6,0,0,1
group,technical_quality,131,6,4,6,0,0,1
group,technical_quality,132,6,4,6,0,0,1
group,technical_quality,133,6,4,6,0,0,1
group,technical_quality,134,6,4,6,0,0,1
group,technical_quality,135,6,4,6,0,0,1
group,technical_quality,136,6,4,6,0,0,1
group,technical_quality,137,6,4,6,0,0,1
group,technical_quality,138,6,4,6,0,0,1
group,technical_quality,139,6,4,6,0,0,1
group,technical_quality,14,6,4,6,0,0,1
group,technical_quality,140,6,4,6,0,0,1
group,technical_quality,141,6,4,6,0,0,1
group,technical_quality,142,6,4,6,0,0,1
group,technical_quality,143,6,4,6,0,0,1
group,technical_quality,144,6,4,6,0,0,1
group,technical_quality,145,6,4,6,0,0,1
group,technical_quality,146,6,4,6,0,0,1
group,technical_quality,147,6,4,6,0,0,1
group,technical_quality,148,6,4,6,0,0,1
group,technical_quality,149,6,4,6,0,0,1
group,technical_quality,15,6,4,6,0,0,1
group,technical_quality,150,6,4,6,0,0,1
group,technical_quality,151,6,4,6,0,0,1
group,technical_quality,152,6,4,6,0,0,1
group,technical_quality,153,6,4,6,0,0,1
group,technical_quality,154,6,4,6,0,0,1
group,technical_quality,155,6,4,6,0,0,1
group,technical_quality,156,6,4,6,0,0,1
group,technical_quality,157,6,4,6,0,0,1
group,technical_quality,158,6,4,6,0,0,1
group,technical_quality,159,6,4,6,0,0,1
group,technical_quality,16,6,4,6,0,0,1
group,technical_quality,160,6,4,6,0,0,1
group,technical_quality,161,6,4,6,0,0,1
group,technical_quality,162,6,4,6,0,0,1
group,technical_quality,163,6,4,6,0,0,1
group,technical_quality,164,6,4,6,0,0,1
group,technical_quality,165,6,4,6,0,0,1
group,technical_quality,166,6,4,6,0,0,1
group,technical_quality,167,6,4,6,0,0,1
group,technical_quality,168,6,4,6,0,0,1
group,technical_quality,169,6,4,6,0,0,1
group,technical_quality,17,6,4,6,0,0,1
group,technical_quality,170,6,4,6,0,0,1
group,technical_quality,171,6,4,6,0,0,1
group,technical_quality,172,6,4,6,0,0,1
group,technical_quality,173,6,4,6,0,0,1
group,technical_quality,174,6,4,6,0,0,1
group,technical_quality,175,6,4,6,0,0,1
group,technical_quality,176,6,4,6,0,0,1
group,technical_quality,177,6,4,6,0,0,1
group,technical_quality,178,6,4,6,0,0,1
group,technical_quality,179,6,4,6,0,0,1
group,technical_quality,18,6,4,6,0,0,1
group,technical_quality,180,6,4,6,0,0,1
group,technical_quality,181,6,4,6,0,0,1
group,technical_quality,182,6,4,6,0,0,1
group,technical_quality,183,6,4,6,0,0,1
group,technical_quality,184,6,4,6,0,0,1
group,technical_quality,185,6,4,6,0,0,1
group,technical_quality,186,6,4,6,0,0,1
group,technical_quality,187,6,4,6,0,0,1
group,technical_quality,188,6,4,6,0,0,1
group,technical_quality,189,6,4,6,0,0,1
group,technical_quality,19,6,4,6,0,0,1
group,technical_quality,190,6,4,6,0,0,1
group,technical_quality,191,6,4,6,0,0,1
group,technical_quality,192,6,4,6,0,0,1
group,technical_quality,193,6,4,6,0,0,1
group,technical_quality,194,6,4,6,0,0,1
group,technical_quality,195,6,4,6,0,0,1
group,technical_quality,196,6,4,6,0,0,1
group,technical_quality,197,6,4,6,0,0,1
group,technical_quality,198,6,4,6,0,0,1
group,technical_quality,199,6,4,6,0,0,1
group,technical_quality,2,6,4,6,0,0,1
group,technical_quality,20,6,4,6,0,0,1
group,technical_quality,200,6,4,6,0,0,1
group,technical_quality,201,6,4,6,0,0,1
group,technical_quality,202,6,4,6,0,0,1
group,technical_quality,203,6,4,6,0,0,1
group,technical_quality,204,6,4,6,0,0,1
group,technical_quality,205,6,4,6,0,0,1
group,technical_quality,206,6,4,6,0,0,1
group,technical_quality,207,6,4,6,0,0,1
group,technical_quality,208,6,4,6,0,0,1
group,technical_quality,209,6,4,6,0,0,1
group,technical_quality,21,6,4,6,0,0,1
group,technical_quality,210,6,4,6,0,0,1
group,technical_quality,211,6,4,6,0,0,1
group,technical_quality,212,6,4,6,0,0,1
group,technical_quality,213,6,4,6,0,0,1
group,technical_quality,214,6,4,6,0,0,1
group,technical_quality,215,6,4,6,0,0,1
group,technical_quality,216,6,4,6,0,0,1
group,technical_quality,217,6,4,6,0,0,1
group,technical_quality,218,6,4,6,0,0,1
group,technical_quality,219,6,4,6,0,0,1
group,technical_quality,22,6,4,6,0,0,1
group,technical_quality,220,6,4,6,0,0,1
group,technical_quality,221,6,4,6,0,0,1
group,technical_quality,222,6,4,6,0,0,1
group,technical_quality,223,6,4,6,0,0,1
group,technical_quality,224,6,4,6,0,0,1
group,technical_quality,225,6,4,6,0,0,1
group,technical_quality,226,6,4,6,0,0,1
group,technical_quality,227,6,4,6,0,0,1
group,technical_quality,228,6,4,6,0,0,1
group,technical_quality,229,6,4,6,0,0,1
group,technical_quality,23,6,4,6,0,0,1
group,technical_quality,230,6,4,6,0,0,1
group,technical_quality,231,6,4,6,0,0,1
group,technical_quality,232,6,4,6,0,0,1
group,technical_quality,233,6,4,6,0,0,1
group,technical_quality,234,6,4,6,0,0,1
group,technical_quality,235,6,4,6,0,0,1
group,technical_quality,236,6,4,6,0,0,1
group,technical_quality,237,6,4,6,0,0,1
group,technical_quality,238,6,4,6,0,0,1
group,technical_quality,239,6,4,6,0,0,1
group,technical_quality,24,6,4,6,0,0,1
group,technical_quality,240,6,4,6,0,0,1
group,technical_quality,241,6,4,6,0,0,1
group,technical_quality,242,6,4,6,0,0,1
group,technical_quality,243,6,4,6,0,0,1
group,technical_quality,244,6,4,6,0,0,1
group,technical_quality,245,6,4,6,0,0,1
group,technical_quality,246,6,4,6,0,0,1
group,technical_quality,247,6,4,6,0,0,1
group,technical_quality,248,6,4,6,0,0,1
group,technical_quality,249,6,4,6,0,0,1
group,technical_quality,25,6,4,6,0,0,1
group,technical_quality,250,6,4,6,0,0,1
group,technical_quality,251,6,4,6,0,0,1
group,technical_quality,252,6,4,6,0,0,1
group,technical_quality,253,6,4,6,0,0,1
group,technical_quality,254,6,4,6,0,0,1
group,technical_quality,255,6,4,6,0,0,1
group,technical_quality,256,6,4,6,0,0,1
group,technical_quality,257,6,4,6,0,0,1
group,technical_quality,258,6,4,6,0,0,1
group,technical_quality,259,6,4,6,0,0,1
group,technical_quality,26,6,4,6,0,0,1
group,technical_quality,260,6,4,6,0,0,1
group,technical_quality,261,6,4,6,0,0,1
group,technical_quality,262,6,4,6,0,0,1
group,technical_quality,263,6,4,6,0,0,1
group,technical_quality,264,6,4,6,0,0,1
group,technical_quality,265,6,4,6,0,0,1
group,technical_quality,266,6,4,6,0,0,1
group,technical_quality,267,6,4,6,0,0,1
group,technical_quality,268,6,4,6,0,0,1
group,technical_quality,269,6,4,6,0,0,1
group,technical_quality,27,6,4,6,0,0,1
group,technical_quality,270,6,4,6,0,0,1
group,technical_quality,271,6,4,6,0,0,1
group,technical_quality,272,6,4,6,0,0,1
group,technical_quality,273,6,4,6,0,0,1
group,technical_quality,274,6,4,6,0,0,1
group,technical_quality,275,6,4,6,0,0,1
group,technical_quality,276,6,4,6,0,0,1
group,technical_quality,277,6,4,6,0,0,1
group,technical_quality,278,6,4,6,0,0,1
group,technical_quality,279,6,4,6,0,0,1
group,technical_quality,28,6,4,6,0,0,1
group,technical_quality,280,6,4,6,0,0,1
group,technical_quality,281,6,4,6,0,0,1
group,technical_quality,282,6,4,6,0,0,1
group,technical_quality,283,6,4,6,0,0,1
group,technical_quality,284,6,4,6,0,0,1
group,technical_quality,285,6,4,6,0,0,1
group,technical_quality,286,6,4,6,0,0,1
group,technical_quality,287,6,4,6,0,0,1
group,technical_quality,288,6,4,6,0,0,1
group,technical_quality,289,6,4,6,0,0,1
group,technical_quality,29,6,4,6,0,0,1
group,technical_quality,290,6,4,6,0,0,1
group,technical_quality,291,6,4,6,0,0,1
group,technical_quality,292,6,4,6,0,0,1
group,technical_quality,293,6,4,6,0,0,1
group,technical_quality,294,6,4,6,0,0,1
group,technical_quality,295,6,4,6,0,0,1
group,technical_quality,296,6,4,6,0,0,1
group,technical_quality,297,6,4,6,0,0,1
group,technical_quality,298,6,4,6,0,0,1
group,technical_quality,299,6,4,6,0,0,1
group,technical_quality,3,6,4,6,0,0,1
group,technical_quality,30,6,4,6,0,0,1
group,technical_quality,300,6,4,6,0,0,1
group,technical_quality,301,6,4,6,0,0,1
group,technical_quality,302,6,4,6,0,0,1
group,technical_quality,303,6,4,6,0,0,1
group,technical_quality,304,6,4,6,0,0,1
group,technical_quality,305,6,4,6,0,0,1
group,technical_quality,306,6,4,6,0,0,1
group,technical_quality,307,6,4,6,0,0,1
group,technical_quality,308,6,4,6,0,0,1
group,technical_quality,309,6,4,6,0,0,1
group,technical_quality,31,6,4,6,0,0,1
group,technical_quality,310,6,4,6,0,0,1
group,technical_quality,311,6,4,6,0,0,1
group,technical_quality,312,6,4,6,0,0,1
group,technical_quality,313,6,4,6,0,0,1
group,technical_quality,314,6,4,6,0,0,1
group,technical_quality,315,6,4,6,0,0,1
group,technical_quality,316,6,4,6,0,0,1
group,technical_quality,317,6,4,6,0,0,1
group,technical_quality,318,6,4,6,0,0,1
group,technical_quality,319,6,4,6,0,0,1
group,technical_quality,32,6,4,6,0,0,1
group,technical_quality,320,6,4,6,0,0,1
group,technical_quality,321,6,4,6,0,0,1
group,technical_quality,322,6,4,6,0,0,1
group,technical_quality,323,6,4,6,0,0,1
group,technical_quality,324,6,4,6,0,0,1
group,technical_quality,325,6,4,6,0,0,1
group,technical_quality,326,6,4,6,0,0,1
group,technical_quality,327,6,4,6,0,0,1
group,technical_quality,328,6,4,6,0,0,1
group,technical_quality,329,6,4,6,0,0,1
group,technical_quality,33,6,4,6,0,0,1
group,technical_quality,330,6,4,6,0,0,1
group,technical_quality,331,6,4,6,0,0,1
group,technical_quality,332,6,4,6,0,0,1
group,technical_quality,333,6,4,6,0,0,1
group,technical_quality,334,6,4,6,0,0,1
group,technical_quality,335,6,4,6,0,0,1
group,technical_quality,336,6,4,6,0,0,1
group,technical_quality,337,6,4,6,0,0,1
group,technical_quality,338,6,4,6,0,0,1
group,technical_quality,339,6,4,6,0,0,1
group,technical_quality,34,6,4,6,0,0,1
group,technical_quality,340,6,4,6,0,0,1
group,technical_quality,341,6,4,6,0,0,1
group,technical_quality,342,6,4,6,0,0,1
group,technical_quality,343,6,4,6,0,0,1
group,technical_quality,344,6,4,6,0,0,1
group,technical_quality,345,6,4,6,0,0,1
group,technical_quality,346,6,4,6,0,0,1
group,technical_quality,347,6,4,6,0,0,1
group,technical_quality,348,6,4,6,0,0,1
group,technical_quality,349,6,4,6,0,0,1
group,technical_quality,35,6,4,6,0,0,1
group,technical_quality,350,6,4,6,0,0,1
group,technical_quality,351,6,4,6,0,0,1
group,technical_quality,352,6,4,6,0,0,1
group,technical_quality,353,6,4,6,0,0,1
group,technical_quality,354,6,4,6,0,0,1
group,technical_quality,355,6,4,6,0,0,1
group,technical_quality,356,6,4,6,0,0,1
group,technical_quality,357,6,4,6,0,0,1
group,technical_quality,358,6,4,6,0,0,1
group,technical_quality,359,6,4,6,0,0,1
group,technical_quality,36,6,4,6,0,0,1
group,technical_quality,360,6,4,6,0,0,1
group,technical_quality,361,6,4,6,0,0,1
group,technical_quality,362,6,4,6,0,0,1
group,technical_quality,363,6,4,6,0,0,1
group,technical_quality,364,6,4,6,0,0,1
group,technical_quality,365,6,4,6,0,0,1
group,technical_quality,366,6,4,6,0,0,1
group,technical_quality,367,6,4,6,0,0,1
group,technical_quality,368,6,4,6,0,0,1
group,technical_quality,369,6,4,6,0,0,1
group,technical_quality,37,6,4,6,0,0,1
group,technical_quality,370,6,4,6,0,0,1
group,technical_quality,371,6,4,6,0,0,1
group,technical_quality,372,6,4,6,0,0,1
group,technical_quality,373,6,4,6,0,0,1
group,technical_quality,374,6,4,6,0,0,1
group,technical_quality,375,6,4,6,0,0,1
group,technical_quality,376,6,4,6,0,0,1
group,technical_quality,377,6,4,6,0,0,1
group,technical_quality,378,6,4,6,0,0,1
group,technical_quality,379,6,4,6,0,0,1
group,technical_quality,38,6,4,6,0,0,1
group,technical_quality,380,6,4,6,0,0,1
group,technical_quality,381,6,4,6,0,0,1
group,technical_quality,382,6,4,6,0,0,1
group,technical_quality,383,6,4,6,0,0,1
group,technical_quality,384,6,4,6,0,0,1
group,technical_quality,385,6,4,6,0,0,1
group,technical_quality,386,6,4,6,0,0,1
group,technical_quality,387,6,4,6,0,0,1
group,technical_quality,388,6,4,6,0,0,1
group,technical_quality,389,6,4,6,0,0,1
group,technical_quality,39,6,4,6,0,0,1
group,technical_quality,390,6,4,6,0,0,1
group,technical_quality,391,6,4,6,0,0,1
group,technical_quality,392,6,4,6,0,0,1
group,technical_quality,393,6,4,6,0,0,1
group,technical_quality,394,6,4,6,0,0,1
group,technical_quality,395,6,4,6,0,0,1
group,technical_quality,396,6,4,6,0,0,1
group,technical_quality,397,6,4,6,0,0,1
group,technical_quality,398,6,4,6,0,0,1
group,technical_quality,399,6,4,6,0,0,1
group,technical_quality,4,6,4,6,0,0,1
group,technical_quality,40,6,4,6,0,0,1
group,technical_quality,400,6,4,6,0,0,1
group,technical_quality,401,6,4,6,0,0,1
group,technical_quality,402,6,4,6,0,0,1
group,technical_quality,403,6,4,6,0,0,1
group,technical_quality,404,6,4,6,0,0,1
group,technical_quality,405,6,4,6,0,0,1
group,technical_quality,406,6,4,6,0,0,1
group,technical_quality,407,6,4,6,0,0,1
group,technical_quality,408,6,4,6,0,0,1
group,technical_quality,409,6,4,6,0,0,1
group,technical_quality,41,6,4,6,0,0,1
group,technical_quality,410,6,4,6,0,0,1
group,technical_quality,411,6,4,6,0,0,1
group,technical_quality,412,6,4,6,0,0,1
group,technical_quality,413,6,4,6,0,0,1
group,technical_quality,414,6,4,6,0,0,1
group,technical_quality,415,6,4,6,0,0,1
group,technical_quality,416,6,4,6,0,0,1
group,technical_quality,417,6,4,6,0,0,1
group,technical_quality,418,6,4,6,0,0,1
group,technical_quality,419,6,4,6,0,0,1
group,technical_quality,42,6,4,6,0,0,1
group,technical_quality,420,6,4,6,0,0,1
group,technical_quality,421,6,4,6,0,0,1
group,technical_quality,422,6,4,6,0,0,1
group,technical_quality,423,6,4,6,0,0,1
group,technical_quality,424,6,4,6,0,0,1
group,technical_quality,425,6,4,6,0,0,1
group,technical_quality,426,6,4,6,0,0,1
group,technical_quality,427,6,4,6,0,0,1
group,technical_quality,428,6,4,6,0,0,1
group,technical_quality,429,6,4,6,0,0,1
group,technical_quality,43,6,4,6,0,0,1
group,technical_quality,430,6,4,6,0,0,1
group,technical_quality,431,6,4,6,0,0,1
group,technical_quality,432,6,4,6,0,0,1
group,technical_quality,433,6,4,6,0,0,1
group,technical_quality,434,6,4,6,0,0,1
group,technical_quality,435,6,4,6,0,0,1
group,technical_quality,436,6,4,6,0,0,1
group,technical_quality,437,6,4,6,0,0,1
group,technical_quality,438,6,4,6,0,0,1
group,technical_quality,439,6,4,6,0,0,1
group,technical_quality,44,6,4,6,0,0,1
group,technical_quality,440,6,4,6,0,0,1
group,technical_quality,441,6,4,6,0,0,1
group,technical_quality,442,6,4,6,0,0,1
group,technical_quality,443,6,4,6,0,0,1
group,technical_quality,444,6,4,6,0,0,1
group,technical_quality,445,6,4,6,0,0,1
group,technical_quality,446,6,4,6,0,0,1
group,technical_quality,447,6,4,6,0,0,1
group,technical_quality,448,6,4,6,0,0,1
group,technical_quality,449,6,4,6,0,0,1
group,technical_quality,45,6,4,6,0,0,1
group,technical_quality,450,6,4,6,0,0,1
group,technical_quality,451,6,4,6,0,0,1
group,technical_quality,452,6,4,6,0,0,1
group,technical_quality,453,6,4,6,0,0,1
group,technical_quality,454,6,4,6,0,0,1
group,technical_quality,455,6,4,6,0,0,1
group,technical_quality,456,6,4,6,0,0,1
group,technical_quality,457,6,4,6,0,0,1
group,technical_quality,458,6,4,6,0,0,1
group,technical_quality,459,6,4,6,0,0,1
group,technical_quality,46,6,4,6,0,0,1
group,technical_quality,460,6,4,6,0,0,1
group,technical_quality,461,6,4,6,0,0,1
group,technical_quality,462,6,4,6,0,0,1
group,technical_quality,463,6,4,6,0,0,1
group,technical_quality,464,6,4,6,0,0,1
group,technical_quality,47,6,4,6,0,0,1
group,technical_quality,48,6,4,6,0,0,1
group,technical_quality,49,6,4,6,0,0,1
group,technical_quality,5,6,4,6,0,0,1
group,technical_quality,50,6,4,6,0,0,1
group,technical_quality,51,6,4,6,0,0,1
group,technical_quality,52,6,4,6,0,0,1
group,technical_quality,53,6,4,6,0,0,1
group,technical_quality,54,6,4,6,0,0,1
group,technical_quality,55,6,4,6,0,0,1
group,technical_quality,56,6,4,6,0,0,1
group,technical_quality,57,6,4,6,0,0,1
group,technical_quality,58,6,4,6,0,0,1
group,technical_quality,59,6,4,6,0,0,1
group,technical_quality,6,6,4,6,0,0,1
group,technical_quality,60,6,4,6,0,0,1
group,technical_quality,61,6,4,6,0,0,1
group,technical_quality,62,6,4,6,0,0,1
group,technical_quality,63,6,4,6,0,0,1
group,technical_quality,64,6,4,6,0,0,1
group,technical_quality,65,6,4,6,0,0,1
group,technical_quality,66,6,4,6,0,0,1
group,technical_quality,67,6,4,6,0,0,1
group,technical_quality,68,6,4,6,0,0,1
group,technical_quality,69,6,4,6,0,0,1
group,technical_quality,7,6,4,6,0,0,1
group,technical_quality,70,6,4,6,0,0,1
group,technical_quality,71,6,4,6,0,0,1
group,technical_quality,72,6,4,6,0,0,1
group,technical_quality,73,6,4,6,0,0,1
group,technical_quality,74,6,4,6,0,0,1
group,technical_quality,75,6,4,6,0,0,1
group,technical_quality,76,6,4,6,0,0,1
group,technical_quality,77,6,4,6,0,0,1
group,technical_quality,78,6,4,6,0,0,1
group,technical_quality,79,6,4,6,0,0,1
group,technical_quality,8,6,4,6,0,0,1
group,technical_quality,80,6,4,6,0,0,1
group,technical_quality,81,6,4,6,0,0,1
group,technical_quality,82,6,4,6,0,0,1
group,technical_quality,83,6,4,6,0,0,1
group,technical_quality,84,6,4,6,0,0,1
group,technical_quality,85,6,4,6,0,0,1
group,technical_quality,86,6,4,6,0,0,1
group,technical_quality,87,6,4,6,0,0,1
group,technical_quality,88,6,4,6,0,0,1
group,technical_quality,89,6,4,6,0,0,1
group,technical_quality,9,6,4,6,0,0,1
group,technical_quality,90,6,4,6,0,0,1
group,technical_quality,91,6,4,6,0,0,1
group,technical_quality,92,6,4,6,0,0,1
group,technical_quality,93,6,4,6,0,0,1
group,technical_quality,94,6,4,6,0,0,1
group,technical_quality,95,6,4,6,0,0,1
group,technical_quality,96,6,4,6,0,0,1
group,technical_quality,97,6,4,6,0,0,1
group,technical_quality,98,6,4,6,0,0,1
group,technical_quality,99,6,4,6,0,0,1
group,temporal_flickering,0,6,4,6,0,0,1
group,temporal_flickering,1,6,4,6,0,0,1
group,temporal_flickering,10,6,4,6,0,0,1
group,temporal_flickering,100,6,4,6,0,0,1
group,temporal_flickering,101,6,4,6,0,0,1
group,temporal_flickering,102,6,4,6,0,0,1
group,temporal_flickering,103,6,4,6,0,0,1
group,temporal_flickering,104,6,4,6,0,0,1
group,temporal_flickering,105,6,4,6,0,0,1
group,temporal_flickering,106,6,4,6,0,0,1
group,temporal_flickering,107,6,4,6,0,0,1
group,temporal_flickering,108,6,4,6,0,0,1
group,temporal_flickering,109,6,4,6,0,0,1
group,temporal_flickering,11,6,4,6,0,0,1
group,temporal_flickering,110,6,4,6,0,0,1
group,temporal_flickering,111,6,4,6,0,0,1
group,temporal_flickering,112,6,4,6,0,0,1
group,temporal_flickering,113,6,4,6,0,0,1
group,temporal_flickering,114,6,4,6,0,0,1
group,temporal_flickering,115,6,4,6,0,0,1
group,temporal_flickering,116,6,4,6,0,0,1
group,temporal_flickering,117,6,4,6,0,0,1
group,temporal_flickering,118,6,4,6,0,0,1
group,temporal_flickering,119,6,4,6,0,0,1
group,temporal_flickering,12,6,4,6,0,0,1
group,temporal_flickering,120,6,4,6,0,0,1
group,temporal_flickering,121,6,4,6,0,0,1
group,temporal_flickering,122,6,4,6,0,0,1
group,temporal_flickering,123,6,4,6,0,0,1
group,temporal_flickering,124,6,4,6,0,0,1
group,temporal_flickering,125,6,4,6,0,0,1
group,temporal_flickering,126,6,4,6,0,0,1
group,temporal_flickering,127,6,4,6,0,0,1
group,temporal_flickering,128,6,4,6,0,0,1
group,temporal_flickering,129,6,4,6,0,0,1
group,temporal_flickering,13,6,4,6,0,0,1
group,temporal_flickering,130,6,4,6,0,0,1
group,temporal_flickering,131,6,4,6,0,0,1
group,temporal_flickering,132,6,4,6,0,0,1
group,temporal_flickering,133,6,4,6,0,0,1
group,temporal_flickering,134,6,4,6,0,0,1
group,temporal_flickering,135,6,4,6,0,0,1
group,temporal_flickering,136,6,4,6,0,0,1
group,temporal_flickering,137,6,4,6,0,0,1
group,temporal_flickering,138,6,4,6,0,0,1
group,temporal_flickering,139,6,4,6,0,0,1
group,temporal_flickering,14,6,4,6,0,0,1
group,temporal_flickering,140,6,4,6,0,0,1
group,temporal_flickering,141,6,4,6,0,0,1
group,temporal_flickering,142,6,4,6,0,0,1
group,temporal_flickering,143,6,4,6,0,0,1
group,temporal_flickering,144,6,4,6,0,0,1
group,temporal_flickering,145,6,4,6,0,0,1
group,temporal_flickering,146,6,4,6,0,0,1
group,temporal_flickering,147,6,4,6,0,0,1
group,temporal_flickering,148,6,4,6,0,0,1
group,temporal_flickering,149,6,4,6,0,0,1
group,temporal_flickering,15,6,4,6,0,0,1
group,temporal_flickering,150,6,4,6,0,0,1
group,temporal_flickering,151,6,4,6,0,0,1
group,temporal_flickering,152,6,4,6,0,0,1
group,temporal_flickering,153,6,4,6,0,0,1
group,temporal_flickering,154,6,4,6,0,0,1
group,temporal_flickering,155,6,4,6,0,0,1
group,temporal_flickering,156,6,4,6,0,0,1
group,temporal_flickering,157,6,4,6,0,0,1
group,temporal_flickering,158,6,4,6,0,0,1
group,temporal_flickering,159,6,4,6,0,0,1
group,temporal_flickering,16,6,4,6,0,0,1
group,temporal_flickering,160,6,4,6,0,0,1
group,temporal_flickering,161,6,4,6,0,0,1
group,temporal_flickering,162,6,4,6,0,0,1
group,temporal_flickering,163,6,4,6,0,0,1
group,temporal_flickering,164,6,4,6,0,0,1
group,temporal_flickering,165,6,4,6,0,0,1
group,temporal_flickering,166,6,4,6,0,0,1
group,temporal_flickering,167,6,4,6,0,0,1
group,temporal_flickering,168,6,4,6,0,0,1
group,temporal_flickering,169,6,4,6,0,0,1
group,temporal_flickering,17,6,4,6,0,0,1
group,temporal_flickering,170,6,4,6,0,0,1
group,temporal_flickering,171,6,4,6,0,0,1
group,temporal_flickering,172,6,4,6,0,0,1
group,temporal_flickering,173,6,4,6,0,0,1
group,temporal_flickering,174,6,4,6,0,0,1
group,temporal_flickering,175,6,4,6,0,0,1
group,temporal_flickering,176,6,4,6,0,0,1
group,temporal_flickering,177,6,4,6,0,0,1
group,temporal_flickering,178,6,4,6,0,0,1
group,temporal_flickering,179,6,4,6,0,0,1
group,temporal_flickering,18,6,4,6,0,0,1
group,temporal_flickering,180,6,4,6,0,0,1
group,temporal_flickering,181,6,4,6,0,0,1
group,temporal_flickering,182,6,4,6,0,0,1
group,temporal_flickering,183,6,4,6,0,0,1
group,temporal_flickering,184,6,4,6,0,0,1
group,temporal_flickering,185,6,4,6,0,0,1
group,temporal_flickering,186,6,4,6,0,0,1
group,temporal_flickering,187,6,4,6,0,0,1
group,temporal_flickering,188,6,4,6,0,0,1
group,temporal_flickering,189,6,4,6,0,0,1
group,temporal_flickering,19,6,4,6,0,0,1
group,temporal_flickering,190,6,4,6,0,0,1
group,temporal_flickering,191,6,4,6,0,0,1
group,temporal_flickering,192,6,4,6,0,0,1
group,temporal_flickering,193,6,4,6,0,0,1
group,temporal_flickering,194,6,4,6,0,0,1
group,temporal_flickering,195,6,4,6,0,0,1
group,temporal_flickering,196,6,4,6,0,0,1
group,temporal_flickering,197,6,4,6,0,0,1
group,temporal_flickering,198,6,4,6,0,0,1
group,temporal_flickering,199,6,4,6,0,0,1
group,temporal_flickering,2,6,4,6,0,0,1
group,temporal_flickering,20,6,4,6,0,0,1
group,temporal_flickering,200,6,4,6,0,0,1
group,temporal_flickering,201,6,4,6,0,0,1
group,temporal_flickering,202,6,4,6,0,0,1
group,temporal_flickering,203,6,4,6,0,0,1
group,temporal_flickering,204,6,4,6,0,0,1
group,temporal_flickering,205,6,4,6,0,0,1
group,temporal_flickering,206,6,4,6,0,0,1
group,temporal_flickering,207,6,4,6,0,0,1
group,temporal_flickering,208,6,4,6,0,0,1
group,temporal_flickering,209,6,4,6,0,0,1
group,temporal_flickering,21,6,4,6,0,0,1
group,temporal_flickering,210,6,4,6,0,0,1
group,temporal_flickering,211,6,4,6,0,0,1
group,temporal_flickering,212,6,4,6,0,0,1
group,temporal_flickering,213,6,4,6,0,0,1
group,temporal_flickering,214,6,4,6,0,0,1
group,temporal_flickering,215,6,4,6,0,0,1
group,temporal_flickering,216,6,4,6,0,0,1
group,temporal_flickering,217,6,4,6,0,0,1
group,temporal_flickering,218,6,4,6,0,0,1
group,temporal_flickering,219,6,4,6,0,0,1
group,temporal_flickering,22,6,4,6,0,0,1
group,temporal_flickering,220,6,4,6,0,0,1
group,temporal_flickering,221,6,4,6,0,0,1
group,temporal_flickering,222,6,4,6,0,0,1
group,temporal_flickering,223,6,4,6,0,0,1
group,temporal_flickering,224,6,4,6,0,0,1
group,temporal_flickering,225,6,4,6,0,0,1
group,temporal_flickering,226,6,4,6,0,0,1
group,temporal_flickering,227,6,4,6,0,0,1
group,temporal_flickering,228,6,4,6,0,0,1
group,temporal_flickering,229,6,4,6,0,0,1
group,temporal_flickering,23,6,4,6,0,0,1
group,temporal_flickering,230,6,4,6,0,0,1
group,temporal_flickering,231,6,4,6,0,0,1
group,temporal_flickering,232,6,4,6,0,0,1
group,temporal_flickering,233,6,4,6,0,0,1
group,temporal_flickering,234,6,4,6,0,0,1
group,temporal_flickering,235,6,4,6,0,0,1
group,temporal_flickering,236,6,4,6,0,0,1
group,temporal_flickering,237,6,4,6,0,0,1
group,temporal_flickering,238,6,4,6,0,0,1
group,temporal_flickering,239,6,4,6,0,0,1
group,temporal_flickering,24,6,4,6,0,0,1
group,temporal_flickering,240,6,4,6,0,0,1
group,temporal_flickering,241,6,4,6,0,0,1
group,temporal_flickering,242,6,4,6,0,0,1
group,temporal_flickering,243,6,4,6,0,0,1
group,temporal_flickering,244,6,4,6,0,0,1
group,temporal_flickering,245,6,4,6,0,0,1
group,temporal_flickering,246,6,4,6,0,0,1
group,temporal_flickering,247,6,4,6,0,0,1
group,temporal_flickering,248,6,4,6,0,0,1
group,temporal_flickering,249,6,4,6,0,0,1
group,temporal_flickering,25,6,4,6,0,0,1
group,temporal_flickering,250,6,4,6,0,0,1
group,temporal_flickering,251,6,4,6,0,0,1
group,temporal_flickering,252,6,4,6,0,0,1
group,temporal_flickering,253,6,4,6,0,0,1
group,temporal_flickering,254,6,4,6,0,0,1
group,temporal_flickering,255,6,4,6,0,0,1
group,temporal_flickering,256,6,4,6,0,0,1
group,temporal_flickering,257,6,4,6,0,0,1
group,temporal_flickering,258,6,4,6,0,0,1
group,temporal_flickering,259,6,4,6,0,0,1
group,temporal_flickering,26,6,4,6,0,0,1
group,temporal_flickering,260,6,4,6,0,0,1
group,temporal_flickering,261,6,4,6,0,0,1
group,temporal_flickering,262,6,4,6,0,0,1
group,temporal_flickering,263,6,4,6,0,0,1
group,temporal_flickering,264,6,4,6,0,0,1
group,temporal_flickering,265,6,4,6,0,0,1
group,temporal_flickering,266,6,4,6,0,0,1
group,temporal_flickering,267,6,4,6,0,0,1
group,temporal_flickering,268,6,4,6,0,0,1
group,temporal_flickering,269,6,4,6,0,0,1
group,temporal_flickering,27,6,4,6,0,0,1
group,temporal_flickering,270,6,4,6,0,0,1
group,temporal_flickering,271,6,4,6,0,0,1
group,temporal_flickering,272,6,4,6,0,0,1
group,temporal_flickering,273,6,4,6,0,0,1
group,temporal_flickering,274,6,4,6,0,0,1
group,temporal_flickering,275,6,4,6,0,0,1
group,temporal_flickering,276,6,4,6,0,0,1
group,temporal_flickering,277,6,4,6,0,0,1
group,temporal_flickering,278,6,4,6,0,0,1
group,temporal_flickering,279,6,4,6,0,0,1
group,temporal_flickering,28,6,4,6,0,0,1
group,temporal_flickering,280,6,4,6,0,0,1
group,temporal_flickering,281,6,4,6,0,0,1
group,temporal_flickering,282,6,4,6,0,0,1
group,temporal_flickering,283,6,4,6,0,0,1
group,temporal_flickering,284,6,4,6,0,0,1
group,temporal_flickering,285,6,4,6,0,0,1
group,temporal_flickering,286,6,4,6,0,0,1
group,temporal_flickering,287,6,4,6,0,0,1
group,temporal_flickering,288,6,4,6,0,0,1
group,temporal_flickering,289,6,4,6,0,0,1
group,temporal_flickering,29,6,4,6,0,0,1
group,temporal_flickering,290,6,4,6,0,0,1
group,temporal_flickering,291,6,4,6,0,0,1
group,temporal_flickering,292,6,4,6,0,0,1
group,temporal_flickering,293,6,4,6,0,0,1
group,temporal_flickering,294,6,4,6,0,0,1
group,temporal_flickering,295,6,4,6,0,0,1
group,temporal_flickering,296,6,4,6,0,0,1
group,temporal_flickering,297,6,4,6,0,0,1
group,temporal_flickering,298,6,4,6,0,0,1
group,temporal_flickering,299,6,4,6,0,0,1
group,temporal_flickering,3,6,4,6,0,0,1
group,temporal_flickering,30,6,4,6,0,0,1
group,temporal_flickering,300,6,4,6,0,0,1
group,temporal_flickering,301,6,4,6,0,0,1
group,temporal_flickering,302,6,4,6,0,0,1
group,temporal_flickering,303,6,4,6,0,0,1
group,temporal_flickering,304,6,4,6,0,0,1
group,temporal_flickering,305,6,4,6,0,0,1
group,temporal_flickering,306,6,4,6,0,0,1
group,temporal_flickering,307,6,4,6,0,0,1
group,temporal_flickering,308,6,4,6,0,0,1
group,temporal_flickering,309,6,4,6,0,0,1
group,temporal_flickering,31,6,4,6,0,0,1
group,temporal_flickering,310,6,4,6,0,0,1
group,temporal_flickering,311,6,4,6,0,0,1
group,temporal_flickering,312,6,4,6,0,0,1
group,temporal_flickering,313,6,4,6,0,0,1
group,temporal_flickering,314,6,4,6,0,0,1
group,temporal_flickering,315,6,4,6,0,0,1
group,temporal_flickering,316,6,4,6,0,0,1
group,temporal_flickering,317,6,4,6,0,0,1
group,temporal_flickering,318,6,4,6,0,0,1
group,temporal_flickering,319,6,4,6,0,0,1
group,temporal_flickering,32,6,4,6,0,0,1
group,temporal_flickering,320,6,4,6,0,0,1
group,temporal_flickering,321,6,4,6,0,0,1
group,temporal_flickering,322,6,4,6,0,0,1
group,temporal_flickering,323,6,4,6,0,0,1
group,temporal_flickering,324,6,4,6,0,0,1
group,temporal_flickering,325,6,4,6,0,0,1
group,temporal_flickering,326,6,4,6,0,0,1
group,temporal_flickering,327,6,4,6,0,0,1
group,temporal_flickering,328,6,4,6,0,0,1
group,temporal_flickering,329,6,4,6,0,0,1
group,temporal_flickering,33,6,4,6,0,0,1
group,temporal_flickering,330,6,4,6,0,0,1
group,temporal_flickering,331,6,4,6,0,0,1
group,temporal_flickering,332,6,4,6,0,0,1
group,temporal_flickering,333,6,4,6,0,0,1
group,temporal_flickering,334,6,4,6,0,0,1
group,temporal_flickering,335,6,4,6,0,0,1
group,temporal_flickering,336,6,4,6,0,0,1
group,temporal_flickering,337,6,4,6,0,0,1
group,temporal_flickering,338,6,4,6,0,0,1
group,temporal_flickering,339,6,4,6,0,0,1
group,temporal_flickering,34,6,4,6,0,0,1
group,temporal_flickering,340,6,4,6,0,0,1
group,temporal_flickering,341,6,4,6,0,0,1
group,temporal_flickering,342,6,4,6,0,0,1
group,temporal_flickering,343,6,4,6,0,0,1
group,temporal_flickering,344,6,4,6,0,0,1
group,temporal_flickering,345,6,4,6,0,0,1
group,temporal_flickering,346,6,4,6,0,0,1
group,temporal_flickering,347,6,4,6,0,0,1
group,temporal_flickering,348,6,4,6,0,0,1
group,temporal_flickering,349,6,4,6,0,0,1
group,temporal_flickering,35,6,4,6,0,0,1
group,temporal_flickering,350,6,4,6,0,0,1
group,temporal_flickering,351,6,4,6,0,0,1
group,temporal_flickering,352,6,4,6,0,0,1
group,temporal_flickering,353,6,4,6,0,0,1
group,temporal_flickering,354,6,4,6,0,0,1
group,temporal_flickering,355,6,4,6,0,0,1
group,temporal_flickering,356,6,4,6,0,0,1
group,temporal_flickering,357,6,4,6,0,0,1
group,temporal_flickering,358,6,4,6,0,0,1
group,temporal_flickering,359,6,4,6,0,0,1
group,temporal_flickering,36,6,4,6,0,0,1
group,temporal_flickering,360,6,4,6,0,0,1
group,temporal_flickering,361,6,4,6,0,0,1
group,temporal_flickering,362,6,4,6,0,0,1
group,temporal_flickering,363,6,4,6,0,0,1
group,temporal_flickering,364,6,4,6,0,0,1
group,temporal_flickering,365,6,4,6,0,0,1
group,temporal_flickering,366,6,4,6,0,0,1
group,temporal_flickering,367,6,4,6,0,0,1
group,temporal_flickering,368,6,4,6,0,0,1
group,temporal_flickering,369,6,4,6,0,0,1
group,temporal_flickering,37,6,4,6,0,0,1
group,temporal_flickering,370,6,4,6,0,0,1
group,temporal_flickering,371,6,4,6,0,0,1
group,temporal_flickering,372,6,4,6,0,0,1
group,temporal_flickering,373,6,4,6,0,0,1
group,temporal_flickering,374,6,4,6,0,0,1
group,temporal_flickering,38,6,4,6,0,0,1
group,temporal_flickering,39,6,4,6,0,0,1
group,temporal_flickering,4,6,4,6,0,0,1
group,temporal_flickering,40,6,4,6,0,0,1
group,temporal_flickering,41,6,4,6,0,0,1
group,temporal_flickering,42,6,4,6,0,0,1
group,temporal_flickering,43,6,4,6,0,0,1
group,temporal_flickering,44,6,4,6,0,0,1
group,temporal_flickering,45,6,4,6,0,0,1
group,temporal_flickering,46,6,4,6,0,0,1
group,temporal_flickering,47,6,4,6,0,0,1
group,temporal_flickering,48,6,4,6,0,0,1
group,temporal_flickering,49,6,4,6,0,0,1
group,temporal_flickering,5,6,4,6,0,0,1
group,temporal_flickering,50,6,4,6,0,0,1
group,temporal_flickering,51,6,4,6,0,0,1
group,temporal_flickering,52,6,4,6,0,0,1
group,temporal_flickering,53,6,4,6,0,0,1
group,temporal_flickering,54,6,4,6,0,0,1
group,temporal_flickering,55,6,4,6,0,0,1
group,temporal_flickering,56,6,4,6,0,0,1
group,temporal_flickering,57,6,4,6,0,0,1
group,temporal_flickering,58,6,4,6,0,0,1
group,temporal_flickering,59,6,4,6,0,0,1
group,temporal_flickering,6,6,4,6,0,0,1
group,temporal_flickering,60,6,4,6,0,0,1
group,temporal_flickering,61,6,4,6,0,0,1
group,temporal_flickering,62,6,4,6,0,0,1
group,temporal_flickering,63,6,4,6,0,0,1
group,temporal_flickering,64,6,4,6,0,0,1
group,temporal_flickering,65,6,4,6,0,0,1
group,temporal_flickering,66,6,4,6,0,0,1
group,temporal_flickering,67,6,4,6,0,0,1
group,temporal_flickering,68,6,4,6,0,0,1
group,temporal_flickering,69,6,4,6,0,0,1
group,temporal_flickering,7,6,4,6,0,0,1
group,temporal_flickering,70,6,4,6,0,0,1
group,temporal_flickering,71,6,4,6,0,0,1
group,temporal_flickering,72,6,4,6,0,0,1
group,temporal_flickering,73,6,4,6,0,0,1
group,temporal_flickering,74,6,4,6,0,0,1
group,temporal_flickering,75,6,4,6,0,0,1
group,temporal_flickering,76,6,4,6,0,0,1
group,temporal_flickering,77,6,4,6,0,0,1
group,temporal_flickering,78,6,4,6,0,0,1
group,temporal_flickering,79,6,4,6,0,0,1
group,temporal_flickering,8,6,4,6,0,0,1
group,temporal_flickering,80,6,4,6,0,0,1
group,temporal_flickering,81,6,4,6,0,0,1
group,temporal_flickering,82,6,4,6,0,0,1
group,temporal_flickering,83,6,4,6,0,0,1
group,temporal_flickering,84,6,4,6,0,0,1
group,temporal_flickering,85,6,4,6,0,0,1
group,temporal_flickering,86,6,4,6,0,0,1
group,temporal_flickering,87,6,4,6,0,0,1
group,temporal_flickering,88,6,4,6,0,0,1
group,temporal_flickering,89,6,4,6,0,0,1
group,temporal_flickering,9,6,4,6,0,0,1
group,temporal_flickering,90,6,4,6,0,0,1
group,temporal_flickering,91,6,4,6,0,0,1
group,temporal_flickering,92,6,4,6,0,0,1
group,temporal_flickering,93,6,4,6,0,0,1
group,temporal_flickering,94,6,4,6,0,0,1
group,temporal_flickering,95,6,4,6,0,0,1
group,temporal_flickering,96,6,4,6,0,0,1
group,temporal_flickering,97,6,4,6,0,0,1
group,temporal_flickering,98,6,4,6,0,0,1
group,temporal_flickering,99,6,4,6,0,0,1
group,temporal_style,0,6,4,6,0,0,1
group,temporal_style,1,6,4,6,0,0,1
group,temporal_style,10,6,4,6,0,0,1
group,temporal_style,100,6,4,6,0,0,1
group,temporal_style,101,6,4,6,0,0,1
group,temporal_style,102,6,4,6,0,0,1
group,temporal_style,103,6,4,6,0,0,1
group,temporal_style,104,6,4,6,0,0,1
group,temporal_style,105,6,4,6,0,0,1
group,temporal_style,106,6,4,6,0,0,1
group,temporal_style,107,6,4,6,0,0,1
group,temporal_style,108,6,4,6,0,0,1
group,temporal_style,109,6,4,6,0,0,1
group,temporal_style,11,6,4,6,0,0,1
group,temporal_style,110,6,4,6,0,0,1
group,temporal_style,111,6,4,6,0,0,1
group,temporal_style,112,6,4,6,0,0,1
group,temporal_style,113,6,4,6,0,0,1
group,temporal_style,114,6,4,6,0,0,1
group,temporal_style,115,6,4,6,0,0,1
group,temporal_style,116,6,4,6,0,0,1
group,temporal_style,117,6,4,6,0,0,1
group,temporal_style,118,6,4,6,0,0,1
group,temporal_style,119,6,4,6,0,0,1
group,temporal_style,12,6,4,6,0,0,1
group,temporal_style,120,6,4,6,0,0,1
group,temporal_style,121,6,4,6,0,0,1
group,temporal_style,122,6,4,6,0,0,1
group,temporal_style,123,6,4,6,0,0,1
group,temporal_style,124,6,4,6,0,0,1
group,temporal_style,125,6,4,6,0,0,1
group,temporal_style,126,6,4,6,0,0,1
group,temporal_style,127,6,4,6,0,0,1
group,temporal_style,128,6,4,6,0,0,1
group,temporal_style,129,6,4,6,0,0,1
group,temporal_style,13,6,4,6,0,0,1
group,temporal_style,130,6,4,6,0,0,1
group,temporal_style,131,6,4,6,0,0,1
group,temporal_style,132,6,4,6,0,0,1
group,temporal_style,133,6,4,6,0,0,1
group,temporal_style,134,6,4,6,0,0,1
group,temporal_style,135,6,4,6,0,0,1
group,temporal_style,136,6,4,6,0,0,1
group,temporal_style,137,6,4,6,0,0,1
group,temporal_style,138,6,4,6,0,0,1
group,temporal_style,139,6,4,6,0,0,1
group,temporal_style,14,6,4,6,0,0,1
group,temporal_style,140,6,4,6,0,0,1
group,temporal_style,141,6,4,6,0,0,1
group,temporal_style,142,6,4,6,0,0,1
group,temporal_style,143,6,4,6,0,0,1
group,temporal_style,144,6,4,6,0,0,1
group,temporal_style,145,6,4,6,0,0,1
group,temporal_style,146,6,4,6,0,0,1
group,temporal_style,147,6,4,6,0,0,1
group,temporal_style,148,6,4,6,0,0,1
group,temporal_style,149,6,4,6,0,0,1
group,temporal_style,15,6,4,6,0,0,1
group,temporal_style,150,6,4,6,0,0,1
group,temporal_style,151,6,4,6,0,0,1
group,temporal_style,152,6,4,6,0,0,1
group,temporal_style,153,6,4,6,0,0,1
group,temporal_style,154,6,4,6,0,0,1
group,temporal_style,155,6,4,6,0,0,1
group,temporal_style,156,6,4,6,0,0,1
group,temporal_style,157,6,4,6,0,0,1
group,temporal_style,158,6,4,6,0,0,1
group,temporal_style,159,6,4,6,0,0,1
group,temporal_style,16,6,4,6,0,0,1
group,temporal_style,160,6,4,6,0,0,1
group,temporal_style,161,6,4,6,0,0,1
group,temporal_style,162,6,4,6,0,0,1
group,temporal_style,163,6,4,6,0,0,1
group,temporal_style,164,6,4,6,0,0,1
group,temporal_style,165,6,4,6,0,0,1
group,temporal_style,166,6,4,6,0,0,1
group,temporal_style,167,6,4,6,0,0,1
group,temporal_style,168,6,4,6,0,0,1
group,temporal_style,169,6,4,6,0,0,1
group,temporal_style,17,6,4,6,0,0,1
group,temporal_style,170,6,4,6,0,0,1
group,temporal_style,171,6,4,6,0,0,1
group,temporal_style,172,6,4,6,0,0,1
group,temporal_style,173,6,4,6,0,0,1
group,temporal_style,174,6,4,6,0,0,1
group,temporal_style,175,6,4,6,0,0,1
group,temporal_style,176,6,4,6,0,0,1
group,temporal_style,177,6,4,6,0,0,1
group,temporal_style,178,6,4,6,0,0,1
group,temporal_style,179,6,4,6,0,0,1
group,temporal_style,18,6,4,6,0,0,1
group,temporal_style,180,6,4,6,0,0,1
group,temporal_style,181,6,4,6,0,0,1
group,temporal_style,182,6,4,6,0,0,1
group,temporal_style,183,6,4,6,0,0,1
group,temporal_style,184,6,4,6,0,0,1
group,temporal_style,185,6,4,6,0,0,1
group,temporal_style,186,6,4,6,0,0,1
group,temporal_style,187,6,4,6,0,0,1
group,temporal_style,188,6,4,6,0,0,1
group,temporal_style,189,6,4,6,0,0,1
group,temporal_style,19,6,4,6,0,0,1
group,temporal_style,190,6,4,6,0,0,1
group,temporal_style,191,6,4,6,0,0,1
group,temporal_style,192,6,4,6,0,0,1
group,temporal_style,193,6,4,6,0,0,1
group,temporal_style,194,6,4,6,0,0,1
group,temporal_style,195,6,4,6,0,0,1
group,temporal_style,196,6,4,6,0,0,1
group,temporal_style,197,6,4,6,0,0,1
group,temporal_style,198,6,4,6,0,0,1
group,temporal_style,199,6,4,6,0,0,1
group,temporal_style,2,6,4,6,0,0,1
group,temporal_style,20,6,4,6,0,0,1
group,temporal_style,200,6,4,6,0,0,1
group,temporal_style,201,6,4,6,0,0,1
group,temporal_style,202,6,4,6,0,0,1
group,temporal_style,203,6,4,6,0,0,1
group,temporal_style,204,6,4,6,0,0,1
group,temporal_style,205,6,4,6,0,0,1
group,temporal_style,206,6,4,6,0,0,1
group,temporal_style,207,6,4,6,0,0,1
group,temporal_style,208,6,4,6,0,0,1
group,temporal_style,209,6,4,6,0,0,1
group,temporal_style,21,6,4,6,0,0,1
group,temporal_style,210,6,4,6,0,0,1
group,temporal_style,211,6,4,6,0,0,1
group,temporal_style,212,6,4,6,0,0,1
group,temporal_style,213,6,4,6,0,0,1
group,temporal_style,214,6,4,6,0,0,1
group,temporal_style,215,6,4,6,0,0,1
group,temporal_style,216,6,4,6,0,0,1
group,temporal_style,217,6,4,6,0,0,1
group,temporal_style,218,6,4,6,0,0,1
group,temporal_style,219,6,4,6,0,0,1
group,temporal_style,22,6,4,6,0,0,1
group,temporal_style,220,6,4,6,0,0,1
group,temporal_style,221,6,4,6,0,0,1
group,temporal_style,222,6,4,6,0,0,1
group,temporal_style,223,6,4,6,0,0,1
group,temporal_style,224,6,4,6,0,0,1
group,temporal_style,225,6,4,6,0,0,1
group,temporal_style,226,6,4,6,0,0,1
group,temporal_style,227,6,4,6,0,0,1
group,temporal_style,228,6,4,6,0,0,1
group,temporal_style,229,6,4,6,0,0,1
group,temporal_style,23,6,4,6,0,0,1
group,temporal_style,230,6,4,6,0,0,1
group,temporal_style,231,6,4,6,0,0,1
group,temporal_style,232,6,4,6,0,0,1
group,temporal_style,233,6,4,6,0,0,1
group,temporal_style,234,6,4,6,0,0,1
group,temporal_style,235,6,4,6,0,0,1
group,temporal_style,236,6,4,6,0,0,1
group,temporal_style,237,6,4,6,0,0,1
group,temporal_style,238,6,4,6,0,0,1
group,temporal_style,239,6,4,6,0,0,1
group,temporal_style,24,6,4,6,0,0,1
group,temporal_style,240,6,4,6,0,0,1
group,temporal_style,241,6,4,6,0,0,1
group,temporal_style,242,6,4,6,0,0,1
group,temporal_style,243,6,4,6,0,0,1
group,temporal_style,244,6,4,6,0,0,1
group,temporal_style,245,6,4,6,0,0,1
group,temporal_style,246,6,4,6,0,0,1
group,temporal_style,247,6,4,6,0,0,1
group,temporal_style,248,6,4,6,0,0,1
group,temporal_style,249,6,4,6,0,0,1
group,temporal_style,25,6,4,6,0,0,1
group,temporal_style,250,6,4,6,0,0,1
group,temporal_style,251,6,4,6,0,0,1
group,temporal_style,252,6,4,6,0,0,1
group,temporal_style,253,6,4,6,0,0,1
group,temporal_style,254,6,4,6,0,0,1
group,temporal_style,255,6,4,6,0,0,1
group,temporal_style,256,6,4,6,0,0,1
group,temporal_style,257,6,4,6,0,0,1
group,temporal_style,258,6,4,6,0,0,1
group,temporal_style,259,6,4,6,0,0,1
group,temporal_style,26,6,4,6,0,0,1
group,temporal_style,260,6,4,6,0,0,1
group,temporal_style,261,6,4,6,0,0,1
group,temporal_style,262,6,4,6,0,0,1
group,temporal_style,263,6,4,6,0,0,1
group,temporal_style,264,6,4,6,0,0,1
group,temporal_style,265,6,4,6,0,0,1
group,temporal_style,266,6,4,6,0,0,1
group,temporal_style,267,6,4,6,0,0,1
group,temporal_style,268,6,4,6,0,0,1
group,temporal_style,269,6,4,6,0,0,1
group,temporal_style,27,6,4,6,0,0,1
group,temporal_style,270,6,4,6,0,0,1
group,temporal_style,271,6,4,6,0,0,1
group,temporal_style,272,6,4,6,0,0,1
group,temporal_style,273,6,4,6,0,0,1
group,temporal_style,274,6,4,6,0,0,1
group,temporal_style,275,6,4,6,0,0,1
group,temporal_style,276,6,4,6,0,0,1
group,temporal_style,277,6,4,6,0,0,1
group,temporal_style,278,6,4,6,0,0,1
group,temporal_style,279,6,4,6,0,0,1
group,temporal_style,28,6,4,6,0,0,1
group,temporal_style,280,6,4,6,0,0,1
group,temporal_style,281,6,4,6,0,0,1
group,temporal_style,282,6,4,6,0,0,1
group,temporal_style,283,6,4,6,0,0,1
group,temporal_style,284,6,4,6,0,0,1
group,temporal_style,285,6,4,6,0,0,1
group,temporal_style,286,6,4,6,0,0,1
group,temporal_style,287,6,4,6,0,0,1
group,temporal_style,288,6,4,6,0,0,1
group,temporal_style,289,6,4,6,0,0,1
group,temporal_style,29,6,4,6,0,0,1
group,temporal_style,290,6,4,6,0,0,1
group,temporal_style,291,6,4,6,0,0,1
group,temporal_style,292,6,4,6,0,0,1
group,temporal_style,293,6,4,6,0,0,1
group,temporal_style,294,6,4,6,0,0,1
group,temporal_style,295,6,4,6,0,0,1
group,temporal_style,296,6,4,6,0,0,1
group,temporal_style,297,6,4,6,0,0,1
group,temporal_style,298,6,4,6,0,0,1
group,temporal_style,299,6,4,6,0,0,1
group,temporal_style,3,6,4,6,0,0,1
group,temporal_style,30,6,4,6,0,0,1
group,temporal_style,300,6,4,6,0,0,1
group,temporal_style,301,6,4,6,0,0,1
group,temporal_style,302,6,4,6,0,0,1
group,temporal_style,303,6,4,6,0,0,1
group,temporal_style,304,6,4,6,0,0,1
group,temporal_style,305,6,4,6,0,0,1
group,temporal_style,306,6,4,6,0,0,1
group,temporal_style,307,6,4,6,0,0,1
group,temporal_style,308,6,4,6,0,0,1
group,temporal_style,309,6,4,6,0,0,1
group,temporal_style,31,6,4,6,0,0,1
group,temporal_style,310,6,4,6,0,0,1
group,temporal_style,311,6,4,6,0,0,1
group,temporal_style,312,6,4,6,0,0,1
group,temporal_style,313,6,4,6,0,0,1
group,temporal_style,314,6,4,6,0,0,1
group,temporal_style,315,6,4,6,0,0,1
group,temporal_style,316,6,4,6,0,0,1
group,temporal_style,317,6,4,6,0,0,1
group,temporal_style,318,6,4,6,0,0,1
group,temporal_style,319,6,4,6,0,0,1
group,temporal_style,32,6,4,6,0,0,1
group,temporal_style,320,6,4,6,0,0,1
group,temporal_style,321,6,4,6,0,0,1
group,temporal_style,322,6,4,6,0,0,1
group,temporal_style,323,6,4,6,0,0,1
group,temporal_style,324,6,4,6,0,0,1
group,temporal_style,325,6,4,6,0,0,1
group,temporal_style,326,6,4,6,0,0,1
group,temporal_style,327,6,4,6,0,0,1
group,temporal_style,328,6,4,6,0,0,1
group,temporal_style,329,6,4,6,0,0,1
group,temporal_style,33,6,4,6,0,0,1
group,temporal_style,330,6,4,6,0,0,1
group,temporal_style,331,6,4,6,0,0,1
group,temporal_style,332,6,4,6,0,0,1
group,temporal_style,333,6,4,6,0,0,1
group,temporal_style,334,6,4,6,0,0,1
group,temporal_style,335,6,4,6,0,0,1
group,temporal_style,336,6,4,6,0,0,1
group,temporal_style,337,6,4,6,0,0,1
group,temporal_style,338,6,4,6,0,0,1
group,temporal_style,339,6,4,6,0,0,1
group,temporal_style,34,6,4,6,0,0,1
group,temporal_style,340,6,4,6,0,0,1
group,temporal_style,341,6,4,6,0,0,1
group,temporal_style,342,6,4,6,0,0,1
group,temporal_style,343,6,4,6,0,0,1
group,temporal_style,344,6,4,6,0,0,1
group,temporal_style,345,6,4,6,0,0,1
group,temporal_style,346,6,4,6,0,0,1
group,temporal_style,347,6,4,6,0,0,1
group,temporal_style,348,6,4,6,0,0,1
group,temporal_style,349,6,4,6,0,0,1
group,temporal_style,35,6,4,6,0,0,1
group,temporal_style,350,6,4,6,0,0,1
group,temporal_style,351,6,4,6,0,0,1
group,temporal_style,352,6,4,6,0,0,1
group,temporal_style,353,6,4,6,0,0,1
group,temporal_style,354,6,4,6,0,0,1
group,temporal_style,355,6,4,6,0,0,1
group,temporal_style,356,6,4,6,0,0,1
group,temporal_style,357,6,4,6,0,0,1
group,temporal_style,358,6,4,6,0,0,1
group,temporal_style,359,6,4,6,0,0,1
group,temporal_style,36,6,4,6,0,0,1
group,temporal_style,360,6,4,6,0,0,1
group,temporal_style,361,6,4,6,0,0,1
group,temporal_style,362,6,4,6,0,0,1
group,temporal_style,363,6,4,6,0,0,1
group,temporal_style,364,6,4,6,0,0,1
group,temporal_style,365,6,4,6,0,0,1
group,temporal_style,366,6,4,6,0,0,1
group,temporal_style,367,6,4,6,0,0,1
group,temporal_style,368,6,4,6,0,0,1
group,temporal_style,369,6,4,6,0,0,1
group,temporal_style,37,6,4,6,0,0,1
group,temporal_style,370,6,4,6,0,0,1
group,temporal_style,371,6,4,6,0,0,1
group,temporal_style,372,6,4,6,0,0,1
group,temporal_style,373,6,4,6,0,0,1
group,temporal_style,374,6,4,6,0,0,1
group,temporal_style,375,6,4,6,0,0,1
group,temporal_style,376,6,4,6,0,0,1
group,temporal_style,377,6,4,6,0,0,1
group,temporal_style,378,6,4,6,0,0,1
group,temporal_style,379,6,4,6,0,0,1
group,temporal_style,38,6,4,6,0,0,1
group,temporal_style,380,6,4,6,0,0,1
group,temporal_style,381,6,4,6,0,0,1
group,temporal_style,382,6,4,6,0,0,1
group,temporal_style,383,6,4,6,0,0,1
group,temporal_style,384,6,4,6,0,0,1
group,temporal_style,385,6,4,6,0,0,1
group,temporal_style,386,6,4,6,0,0,1
group,temporal_style,387,6,4,6,0,0,1
group,temporal_style,388,6,4,6,0,0,1
group,temporal_style,389,6,4,6,0,0,1
group,temporal_style,39,6,4,6,0,0,1
group,temporal_style,390,6,4,6,0,0,1
group,temporal_style,391,6,4,6,0,0,1
group,temporal_style,392,6,4,6,0,0,1
group,temporal_style,393,6,4,6,0,0,1
group,temporal_style,394,6,4,6,0,0,1
group,temporal_style,395,6,4,6,0,0,1
group,temporal_style,396,6,4,6,0,0,1
group,temporal_style,397,6,4,6,0,0,1
group,temporal_style,398,6,4,6,0,0,1
group,temporal_style,399,6,4,6,0,0,1
group,temporal_style,4,6,4,6,0,0,1
group,temporal_style,40,6,4,6,0,0,1
group,temporal_style,400,6,4,6,0,0,1
group,temporal_style,401,6,4,6,0,0,1
group,temporal_style,402,6,4,6,0,0,1
group,temporal_style,403,6,4,6,0,0,1
group,temporal_style,404,6,4,6,0,0,1
group,temporal_style,405,6,4,6,0,0,1
group,temporal_style,406,6,4,6,0,0,1
group,temporal_style,407,6,4,6,0,0,1
group,temporal_style,408,6,4,6,0,0,1
group,temporal_style,409,6,4,6,0,0,1
group,temporal_style,41,6,4,6,0,0,1
group,temporal_style,410,6,4,6,0,0,1
group,temporal_style,411,6,4,6,0,0,1
group,temporal_style,412,6,4,6,0,0,1
group,temporal_style,413,6,4,6,0,0,1
group,temporal_style,414,6,4,6,0,0,1
group,temporal_style,415,6,4,6,0,0,1
group,temporal_style,416,6,4,6,0,0,1
group,temporal_style,417,6,4,6,0,0,1
group,temporal_style,418,6,4,6,0,0,1
group,temporal_style,419,6,4,6,0,0,1
group,temporal_style,42,6,4,6,0,0,1
group,temporal_style,420,6,4,6,0,0,1
group,temporal_style,421,6,4,6,0,0,1
group,temporal_style,422,6,4,6,0,0,1
group,temporal_style,423,6,4,6,0,0,1
group,temporal_style,424,6,4,6,0,0,1
group,temporal_style,425,6,4,6,0,0,1
group,temporal_style,426,6,4,6,0,0,1
group,temporal_style,427,6,4,6,0,0,1
group,temporal_style,428,6,4,6,0,0,1
group,temporal_style,429,6,4,6,0,0,1
group,temporal_style,43,6,4,6,0,0,1
group,temporal_style,430,6,4,6,0,0,1
group,temporal_style,431,6,4,6,0,0,1
group,temporal_style,432,6,4,6,0,0,1
group,temporal_style,433,6,4,6,0,0,1
group,temporal_style,434,6,4,6,0,0,1
group,temporal_style,435,6,4,6,0,0,1
group,temporal_style,436,6,4,6,0,0,1
group,temporal_style,437,6,4,6,0,0,1
group,temporal_style,438,6,4,6,0,0,1
group,temporal_style,439,6,4,6,0,0,1
group,temporal_style,44,6,4,6,0,0,1
group,temporal_style,440,6,4,6,0,0,1
group,temporal_style,441,6,4,6,0,0,1
group,temporal_style,442,6,4,6,0,0,1
group,temporal_style,443,6,4,6,0,0,1
group,temporal_style,444,6,4,6,0,0,1
group,temporal_style,445,6,4,6,0,0,1
group,temporal_style,446,6,4,6,0,0,1
group,temporal_style,447,6,4,6,0,0,1
group,temporal_style,448,6,4,6,0,0,1
group,temporal_style,449,6,4,6,0,0,1
group,temporal_style,45,6,4,6,0,0,1
group,temporal_style,450,6,4,6,0,0,1
group,temporal_style,451,6,4,6,0,0,1
group,temporal_style,452,6,4,6,0,0,1
group,temporal_style,453,6,4,6,0,0,1
group,temporal_style,454,6,4,6,0,0,1
group,temporal_style,455,6,4,6,0,0,1
group,temporal_style,456,6,4,6,0,0,1
group,temporal_style,457,6,4,6,0,0,1
group,temporal_style,458,6,4,6,0,0,1
group,temporal_style,459,6,4,6,0,0,1
group,temporal_style,46,6,4,6,0,0,1
group,temporal_style,460,6,4,6,0,0,1
group,temporal_style,461,6,4,6,0,0,1
group,temporal_style,462,6,4,6,0,0,1
group,temporal_style,463,6,4,6,0,0,1
group,temporal_style,464,6,4,6,0,0,1
group,temporal_style,465,6,4,6,0,0,1
group,temporal_style,466,6,4,6,0,0,1
group,temporal_style,467,6,4,6,0,0,1
group,temporal_style,468,6,4,6,0,0,1
group,temporal_style,469,6,4,6,0,0,1
group,temporal_style,47,6,4,6,0,0,1
group,temporal_style,470,6,4,6,0,0,1
group,temporal_style,471,6,4,6,0,0,1
group,temporal_style,472,6,4,6,0,0,1
group,temporal_style,473,6,4,6,0,0,1
group,temporal_style,474,6,4,6,0,0,1
group,temporal_style,475,6,4,6,0,0,1
group,temporal_style,476,6,4,6,0,0,1
group,temporal_style,477,6,4,6,0,0,1
group,temporal_style,478,6,4,6,0,0,1
group,temporal_style,479,6,4,6,0,0,1
group,temporal_style,48,6,4,6,0,0,1
group,temporal_style,480,6,4,6,0,0,1
group,temporal_style,481,6,4,6,0,0,1
group,temporal_style,482,6,4,6,0,0,1
group,temporal_style,483,6,4,6,0,0,1
group,temporal_style,484,6,4,6,0,0,1
group,temporal_style,485,6,4,6,0,0,1
group,temporal_style,486,6,4,6,0,0,1
group,temporal_style,487,6,4,6,0,0,1
group,temporal_style,488,6,4,6,0,0,1
group,temporal_style,489,6,4,6,0,0,1
group,temporal_style,49,6,4,6,0,0,1
group,temporal_style,490,6,4,6,0,0,1
group,temporal_style,491,6,4,6,0,0,1
group,temporal_style,492,6,4,6,0,0,1
group,temporal_style,493,6,4,6,0,0,1
group,temporal_style,494,6,4,6,0,0,1
group,temporal_style,495,6,4,6,0,0,1
group,temporal_style,496,6,4,6,0,0,1
group,temporal_style,497,6,4,6,0,0,1
group,temporal_style,498,6,4,6,0,0,1
group,temporal_style,499,6,4,6,0,0,1
group,temporal_style,5,6,4,6,0,0,1
group,temporal_style,50,6,4,6,0,0,1
group,temporal_style,51,6,4,6,0,0,1
group,temporal_style,52,6,4,6,0,0,1
group,temporal_style,53,6,4,6,0,0,1
group,temporal_style,54,6,4,6,0,0,1
group,temporal_style,55,6,4,6,0,0,1
group,temporal_style,56,6,4,6,0,0,1
group,temporal_style,57,6,4,6,0,0,1
group,temporal_style,58,6,4,6,0,0,1
group,temporal_style,59,6,4,6,0,0,1
group,temporal_style,6,6,4,6,0,0,1
group,temporal_style,60,6,4,6,0,0,1
group,temporal_style,61,6,4,6,0,0,1
group,temporal_style,62,6,4,6,0,0,1
group,temporal_style,63,6,4,6,0,0,1
group,temporal_style,64,6,4,6,0,0,1
group,temporal_style,65,6,4,6,0,0,1
group,temporal_style,66,6,4,6,0,0,1
group,temporal_style,67,6,4,6,0,0,1
group,temporal_style,68,6,4,6,0,0,1
group,temporal_style,69,6,4,6,0,0,1
group,temporal_style,7,6,4,6,0,0,1
group,temporal_style,70,6,4,6,0,0,1
group,temporal_style,71,6,4,6,0,0,1
group,temporal_style,72,6,4,6,0,0,1
group,temporal_style,73,6,4,6,0,0,1
group,temporal_style,74,6,4,6,0,0,1
group,temporal_style,75,6,4,6,0,0,1
group,temporal_style,76,6,4,6,0,0,1
group,temporal_style,77,6,4,6,0,0,1
group,temporal_style,78,6,4,6,0,0,1
group,temporal_style,79,6,4,6,0,0,1
group,temporal_style,8,6,4,6,0,0,1
group,temporal_style,80,6,4,6,0,0,1
group,temporal_style,81,6,4,6,0,0,1
group,temporal_style,82,6,4,6,0,0,1
group,temporal_style,83,6,4,6,0,0,1
group,temporal_style,84,6,4,6,0,0,1
group,temporal_style,85,6,4,6,0,0,1
group,temporal_style,86,6,4,6,0,0,1
group,temporal_style,87,6,4,6,0,0,1
group,temporal_style,88,6,4,6,0,0,1
group,temporal_style,89,6,4,6,0,0,1
group,temporal_style,9,6,4,6,0,0,1
group,temporal_style,90,6,4,6,0,0,1
group,temporal_style,91,6,4,6,0,0,1
group,temporal_style,92,6,4,6,0,0,1
group,temporal_style,93,6,4,6,0,0,1
group,temporal_style,94,6,4,6,0,0,1
group,temporal_style,95,6,4,6,0,0,1
group,temporal_style,96,6,4,6,0,0,1
group,temporal_style,97,6,4,6,0,0,1
group,temporal_style,98,6,4,6,0,0,1
group,temporal_style,99,6,4,6,0,0,1
global,__ALL__,__ALL__,41580,4,41580,0,0,1
