video_uid,dimension,split,prompt_id,group_id,generator,relative_video_path,score,status,elapsed_s,error,official_video_boolean
v_c62afa58ec5c876f50ec,human_action,test,A person is air drumming,210,cogvideo,cogvideo/human_action/A person is air drumming-0.gif,1.0,success,0.379712,,true
v_7f8c00b20be1c63b1c40,human_action,test,A person is air drumming,211,cogvideo,cogvideo/human_action/A person is air drumming-1.gif,1.0,success,0.198904,,true
v_ecb64b5d3855ed6ddc89,human_action,test,A person is air drumming,212,cogvideo,cogvideo/human_action/A person is air drumming-2.gif,1.0,success,0.187822,,true
v_cc90ec0461ed4442ed14,human_action,test,A person is air drumming,213,cogvideo,cogvideo/human_action/A person is air drumming-3.gif,0.0,success,0.171111,,false
v_4ed1d3d79121ced9bc80,human_action,test,A person is air drumming,214,cogvideo,cogvideo/human_action/A person is air drumming-4.gif,1.0,success,0.168105,,true
v_6359b19a167ee6a47a71,human_action,dev,A person is archery,395,cogvideo,cogvideo/human_action/A person is archery-0.gif,1.0,success,0.182365,,true
v_cde3cd1e3c28e4d5ccd4,human_action,dev,A person is archery,396,cogvideo,cogvideo/human_action/A person is archery-1.gif,1.0,success,0.170085,,true
v_88308353b6a3eb7c17b2,human_action,dev,A person is archery,397,cogvideo,cogvideo/human_action/A person is archery-2.gif,1.0,success,0.166248,,true
v_8b64aee48995c6ee8712,human_action,dev,A person is archery,398,cogvideo,cogvideo/human_action/A person is archery-3.gif,1.0,success,0.175416,,true
v_d4314156fd1ac313a910,human_action,dev,A person is archery,399,cogvideo,cogvideo/human_action/A person is archery-4.gif,1.0,success,0.184637,,true
v_5804bcdf4c5db27d7a8e,human_action,test,A person is arranging flowers,420,cogvideo,cogvideo/human_action/A person is arranging flowers-0.gif,1.0,success,0.183101,,true
v_0167d1a97d7ec2312a5a,human_action,test,A person is arranging flowers,421,cogvideo,cogvideo/human_action/A person is arranging flowers-1.gif,1.0,success,0.177149,,true
v_50d4ad7e182e037f9082,human_action,test,A person is arranging flowers,422,cogvideo,cogvideo/human_action/A person is arranging flowers-2.gif,1.0,success,0.186703,,true
v_d3914aeef7ddeef6891f,human_action,test,A person is arranging flowers,423,cogvideo,cogvideo/human_action/A person is arranging flowers-3.gif,1.0,success,0.182564,,true
v_fb1c9474f48e96e2cacf,human_action,test,A person is arranging flowers,424,cogvideo,cogvideo/human_action/A person is arranging flowers-4.gif,1.0,success,0.179015,,true
v_8b7cad9df389df3270a8,human_action,dev,A person is baby waking up,335,cogvideo,cogvideo/human_action/A person is baby waking up-0.gif,1.0,success,0.181755,,true
v_9fcbd9c515329e24b56b,human_action,dev,A person is baby waking up,336,cogvideo,cogvideo/human_action/A person is baby waking up-1.gif,1.0,success,0.182328,,true
v_2e8cb81e05235bd748b5,human_action,dev,A person is baby waking up,337,cogvideo,cogvideo/human_action/A person is baby waking up-2.gif,0.0,success,0.203561,,false
v_abf78439a25f052fc5be,human_action,dev,A person is baby waking up,338,cogvideo,cogvideo/human_action/A person is baby waking up-3.gif,1.0,success,0.194979,,true
v_cb853d2780d3aa4050e2,human_action,dev,A person is baby waking up,339,cogvideo,cogvideo/human_action/A person is baby waking up-4.gif,1.0,success,0.173353,,true
v_df9724bf66e8d372f256,human_action,test,A person is bandaging,140,cogvideo,cogvideo/human_action/A person is bandaging-0.gif,1.0,success,0.180075,,true
v_06b29f680427ed003bc6,human_action,test,A person is bandaging,141,cogvideo,cogvideo/human_action/A person is bandaging-1.gif,1.0,success,0.174784,,true
v_b37bd6f3079c6ead7e0a,human_action,test,A person is bandaging,142,cogvideo,cogvideo/human_action/A person is bandaging-2.gif,1.0,success,0.164766,,true
v_780272c9cfef7baaecce,human_action,test,A person is bandaging,143,cogvideo,cogvideo/human_action/A person is bandaging-3.gif,1.0,success,0.180679,,true
v_091c3ada072454be85c6,human_action,test,A person is bandaging,144,cogvideo,cogvideo/human_action/A person is bandaging-4.gif,0.0,success,0.178441,,false
v_c9a53c7ceeaa00c783f6,human_action,dev,A person is barbequing,470,cogvideo,cogvideo/human_action/A person is barbequing-0.gif,0.0,success,0.175501,,false
v_9220baa939c737fd1f12,human_action,dev,A person is barbequing,471,cogvideo,cogvideo/human_action/A person is barbequing-1.gif,1.0,success,0.183188,,true
v_a7242b8fce8628404d41,human_action,dev,A person is barbequing,472,cogvideo,cogvideo/human_action/A person is barbequing-2.gif,1.0,success,0.188156,,true
v_cc89ed0ca2f11e9c7511,human_action,dev,A person is barbequing,473,cogvideo,cogvideo/human_action/A person is barbequing-3.gif,0.0,success,0.176870,,false
v_1808fc12e91059692836,human_action,dev,A person is barbequing,474,cogvideo,cogvideo/human_action/A person is barbequing-4.gif,0.0,success,0.176780,,false
v_38bdb12ef1de4bfe3a3e,human_action,test,A person is bending back,130,cogvideo,cogvideo/human_action/A person is bending back-0.gif,0.0,success,0.162555,,false
v_a3e4603ffda169a25e39,human_action,test,A person is bending back,131,cogvideo,cogvideo/human_action/A person is bending back-1.gif,0.0,success,0.182232,,false
v_855545a4fe9bf70316f0,human_action,test,A person is bending back,132,cogvideo,cogvideo/human_action/A person is bending back-2.gif,0.0,success,0.186196,,false
v_11e923484287e77026d5,human_action,test,A person is bending back,133,cogvideo,cogvideo/human_action/A person is bending back-3.gif,0.0,success,0.174061,,false
v_75636ecbf353299da706,human_action,test,A person is bending back,134,cogvideo,cogvideo/human_action/A person is bending back-4.gif,0.0,success,0.183728,,false
v_955c5c64d615728b0f88,human_action,test,A person is bending metal,425,cogvideo,cogvideo/human_action/A person is bending metal-0.gif,1.0,success,0.178461,,true
v_8aca12e4da59c57491c6,human_action,test,A person is bending metal,426,cogvideo,cogvideo/human_action/A person is bending metal-1.gif,0.0,success,0.164580,,false
v_1c2625864d502adf061f,human_action,test,A person is bending metal,427,cogvideo,cogvideo/human_action/A person is bending metal-2.gif,0.0,success,0.185094,,false
v_4ff7c0bf48e7f1cb870c,human_action,test,A person is bending metal,428,cogvideo,cogvideo/human_action/A person is bending metal-3.gif,1.0,success,0.175523,,true
v_a3ca57b38a047798615f,human_action,test,A person is bending metal,429,cogvideo,cogvideo/human_action/A person is bending metal-4.gif,1.0,success,0.191211,,true
v_522190659536cf788e09,human_action,test,A person is brushing teeth,345,cogvideo,cogvideo/human_action/A person is brushing teeth-0.gif,1.0,success,0.181509,,true
v_8e58caa8427c38565053,human_action,test,A person is brushing teeth,346,cogvideo,cogvideo/human_action/A person is brushing teeth-1.gif,1.0,success,0.181004,,true
v_7c3e4dba1f28527cacbb,human_action,test,A person is brushing teeth,347,cogvideo,cogvideo/human_action/A person is brushing teeth-2.gif,1.0,success,0.186885,,true
v_2c30d4b2a5037dc161cd,human_action,test,A person is brushing teeth,348,cogvideo,cogvideo/human_action/A person is brushing teeth-3.gif,0.0,success,0.178876,,false
v_e00b416d728509838ba2,human_action,test,A person is brushing teeth,349,cogvideo,cogvideo/human_action/A person is brushing teeth-4.gif,1.0,success,0.173769,,true
v_dbd5e631d85279ab3eb0,human_action,dev,A person is bungee jumping,250,cogvideo,cogvideo/human_action/A person is bungee jumping-0.gif,1.0,success,0.176292,,true
v_d9f816d88ff834e4948c,human_action,dev,A person is bungee jumping,251,cogvideo,cogvideo/human_action/A person is bungee jumping-1.gif,0.0,success,0.170948,,false
v_7b6115a4383c515903d9,human_action,dev,A person is bungee jumping,252,cogvideo,cogvideo/human_action/A person is bungee jumping-2.gif,1.0,success,0.168560,,true
v_f1809ab85fb5bbac7edd,human_action,dev,A person is bungee jumping,253,cogvideo,cogvideo/human_action/A person is bungee jumping-3.gif,1.0,success,0.164151,,true
v_068a6e293eecc813e645,human_action,dev,A person is bungee jumping,254,cogvideo,cogvideo/human_action/A person is bungee jumping-4.gif,1.0,success,0.164838,,true
v_1c0fc14946d916e5ba04,human_action,test,A person is canoeing or kayaking,105,cogvideo,cogvideo/human_action/A person is canoeing or kayaking-0.gif,1.0,success,0.178544,,true
v_994e42009b0f0d300bf8,human_action,test,A person is canoeing or kayaking,106,cogvideo,cogvideo/human_action/A person is canoeing or kayaking-1.gif,1.0,success,0.170610,,true
v_dcbda1e901367cfab321,human_action,test,A person is canoeing or kayaking,107,cogvideo,cogvideo/human_action/A person is canoeing or kayaking-2.gif,1.0,success,0.177365,,true
v_46168329c69bcdda63ef,human_action,test,A person is canoeing or kayaking,108,cogvideo,cogvideo/human_action/A person is canoeing or kayaking-3.gif,1.0,success,0.183323,,true
v_99f3ab362b99fc53ee55,human_action,test,A person is canoeing or kayaking,109,cogvideo,cogvideo/human_action/A person is canoeing or kayaking-4.gif,1.0,success,0.171931,,true
v_d03262ed1890f610aa15,human_action,dev,A person is catching or throwing baseball,400,cogvideo,cogvideo/human_action/A person is catching or throwing baseball-0.gif,1.0,success,0.191690,,true
v_e16bb37bb876dae40c8f,human_action,dev,A person is catching or throwing baseball,401,cogvideo,cogvideo/human_action/A person is catching or throwing baseball-1.gif,1.0,success,0.180634,,true
v_5a46025d4707356e7891,human_action,dev,A person is catching or throwing baseball,402,cogvideo,cogvideo/human_action/A person is catching or throwing baseball-2.gif,1.0,success,0.172226,,true
v_7141b34a874224c44528,human_action,dev,A person is catching or throwing baseball,403,cogvideo,cogvideo/human_action/A person is catching or throwing baseball-3.gif,1.0,success,0.165266,,true
v_19d893b7d2ca1b01dc61,human_action,dev,A person is catching or throwing baseball,404,cogvideo,cogvideo/human_action/A person is catching or throwing baseball-4.gif,1.0,success,0.181962,,true
v_3102dce2ff4a8ed24f7d,human_action,test,A person is catching or throwing frisbee,150,cogvideo,cogvideo/human_action/A person is catching or throwing frisbee-0.gif,1.0,success,0.175334,,true
v_d16d62de59c912e7587d,human_action,test,A person is catching or throwing frisbee,151,cogvideo,cogvideo/human_action/A person is catching or throwing frisbee-1.gif,1.0,success,0.175250,,true
v_8c35f0dcf974fcf32c83,human_action,test,A person is catching or throwing frisbee,152,cogvideo,cogvideo/human_action/A person is catching or throwing frisbee-2.gif,1.0,success,0.231705,,true
v_6afbde54603707e920a1,human_action,test,A person is catching or throwing frisbee,153,cogvideo,cogvideo/human_action/A person is catching or throwing frisbee-3.gif,1.0,success,0.154754,,true
v_9f7d3e655e83e5694d32,human_action,test,A person is catching or throwing frisbee,154,cogvideo,cogvideo/human_action/A person is catching or throwing frisbee-4.gif,1.0,success,0.170691,,true
v_8323e1fd0b9da341eae7,human_action,test,A person is cheerleading,270,cogvideo,cogvideo/human_action/A person is cheerleading-0.gif,1.0,success,0.185824,,true
v_e34a6b9341b1cce3b587,human_action,test,A person is cheerleading,271,cogvideo,cogvideo/human_action/A person is cheerleading-1.gif,1.0,success,0.183135,,true
v_26a30d2383bf2af58031,human_action,test,A person is cheerleading,272,cogvideo,cogvideo/human_action/A person is cheerleading-2.gif,1.0,success,0.182468,,true
v_fd2ba55e960f3c9586b1,human_action,test,A person is cheerleading,273,cogvideo,cogvideo/human_action/A person is cheerleading-3.gif,1.0,success,0.188487,,true
v_d1c400b33cc042d16540,human_action,test,A person is cheerleading,274,cogvideo,cogvideo/human_action/A person is cheerleading-4.gif,1.0,success,0.199039,,true
v_a4813486288edb195388,human_action,dev,A person is clapping,20,cogvideo,cogvideo/human_action/A person is clapping-0.gif,1.0,success,0.185305,,true
v_8cda4e318b5346ddba1c,human_action,dev,A person is clapping,21,cogvideo,cogvideo/human_action/A person is clapping-1.gif,1.0,success,0.186858,,true
v_8eb63338dfd1e9d5be55,human_action,dev,A person is clapping,22,cogvideo,cogvideo/human_action/A person is clapping-2.gif,1.0,success,0.181695,,true
v_446204a379411152bb77,human_action,dev,A person is clapping,23,cogvideo,cogvideo/human_action/A person is clapping-3.gif,1.0,success,0.182112,,true
v_fc1f756d53f100e26c27,human_action,dev,A person is clapping,24,cogvideo,cogvideo/human_action/A person is clapping-4.gif,1.0,success,0.168705,,true
v_1df5c7b4330fa423e3f8,human_action,dev,A person is clay pottery making,120,cogvideo,cogvideo/human_action/A person is clay pottery making-0.gif,1.0,success,0.184565,,true
v_573aca261cf9be9c07dd,human_action,dev,A person is clay pottery making,121,cogvideo,cogvideo/human_action/A person is clay pottery making-1.gif,1.0,success,0.180219,,true
v_bb029bbdf212a4b53a41,human_action,dev,A person is clay pottery making,122,cogvideo,cogvideo/human_action/A person is clay pottery making-2.gif,1.0,success,0.209622,,true
v_85b52d0ecd9ca47bcc0f,human_action,dev,A person is clay pottery making,123,cogvideo,cogvideo/human_action/A person is clay pottery making-3.gif,1.0,success,0.182329,,true
v_8e6cff67319df3839374,human_action,dev,A person is clay pottery making,124,cogvideo,cogvideo/human_action/A person is clay pottery making-4.gif,1.0,success,0.180183,,true
v_9467de5a230c67122817,human_action,dev,A person is cleaning windows,260,cogvideo,cogvideo/human_action/A person is cleaning windows-0.gif,0.0,success,0.170819,,false
v_944b11355b3c004c29f6,human_action,dev,A person is cleaning windows,261,cogvideo,cogvideo/human_action/A person is cleaning windows-1.gif,0.0,success,0.173208,,false
v_15994f0cc5309b02932d,human_action,dev,A person is cleaning windows,262,cogvideo,cogvideo/human_action/A person is cleaning windows-2.gif,1.0,success,0.181356,,true
v_56ef3eb3bfe256b10682,human_action,dev,A person is cleaning windows,263,cogvideo,cogvideo/human_action/A person is cleaning windows-3.gif,0.0,success,0.172982,,false
v_802ff706e96f8481179a,human_action,dev,A person is cleaning windows,264,cogvideo,cogvideo/human_action/A person is cleaning windows-4.gif,0.0,success,0.177423,,false
v_23794e130caf337df9e0,human_action,test,A person is climbing a rope,435,cogvideo,cogvideo/human_action/A person is climbing a rope-0.gif,1.0,success,0.199665,,true
v_abeb57f7f8b05e5ee3f5,human_action,test,A person is climbing a rope,436,cogvideo,cogvideo/human_action/A person is climbing a rope-1.gif,0.0,success,0.167821,,false
v_f84276dbb6f3a0cae6f3,human_action,test,A person is climbing a rope,437,cogvideo,cogvideo/human_action/A person is climbing a rope-2.gif,0.0,success,0.178676,,false
v_3562e73a6eaf8f4ef2f7,human_action,test,A person is climbing a rope,438,cogvideo,cogvideo/human_action/A person is climbing a rope-3.gif,0.0,success,0.168322,,false
v_bc9b0a38379d25e000e8,human_action,test,A person is climbing a rope,439,cogvideo,cogvideo/human_action/A person is climbing a rope-4.gif,0.0,success,0.175429,,false
v_8a3f7b638e2a34652f67,human_action,dev,A person is counting money,465,cogvideo,cogvideo/human_action/A person is counting money-0.gif,1.0,success,0.184683,,true
v_d0b5a26aec8d135e4acd,human_action,dev,A person is counting money,466,cogvideo,cogvideo/human_action/A person is counting money-1.gif,1.0,success,0.177276,,true
v_8d5a676f736b73460fd5,human_action,dev,A person is counting money,467,cogvideo,cogvideo/human_action/A person is counting money-2.gif,1.0,success,0.186202,,true
v_fc4fe38e2f323a8b2926,human_action,dev,A person is counting money,468,cogvideo,cogvideo/human_action/A person is counting money-3.gif,1.0,success,0.184354,,true
v_ea89a9e61a6efc1c574d,human_action,dev,A person is counting money,469,cogvideo,cogvideo/human_action/A person is counting money-4.gif,1.0,success,0.204292,,true
v_ea8c8b5d19495d8c8341,human_action,test,A person is crawling baby,350,cogvideo,cogvideo/human_action/A person is crawling baby-0.gif,0.0,success,0.177103,,false
v_686b5e6f61553e38e4c8,human_action,test,A person is crawling baby,351,cogvideo,cogvideo/human_action/A person is crawling baby-1.gif,1.0,success,0.177222,,true
v_c7f949c1991fcd70e338,human_action,test,A person is crawling baby,352,cogvideo,cogvideo/human_action/A person is crawling baby-2.gif,1.0,success,0.179011,,true
v_6149685427e311f9b83f,human_action,test,A person is crawling baby,353,cogvideo,cogvideo/human_action/A person is crawling baby-3.gif,0.0,success,0.175994,,false
v_4171d986bcd6268ad129,human_action,test,A person is crawling baby,354,cogvideo,cogvideo/human_action/A person is crawling baby-4.gif,0.0,success,0.161677,,false
v_6e8d380f4c6c54356f28,human_action,test,A person is crying,440,cogvideo,cogvideo/human_action/A person is crying-0.gif,0.0,success,0.187706,,false
v_dfd3845dad748f95d60b,human_action,test,A person is crying,441,cogvideo,cogvideo/human_action/A person is crying-1.gif,0.0,success,0.177661,,false
v_f1014801e00bfdb05a98,human_action,test,A person is crying,442,cogvideo,cogvideo/human_action/A person is crying-2.gif,1.0,success,0.196290,,true
v_e588b2766df151bb1c28,human_action,test,A person is crying,443,cogvideo,cogvideo/human_action/A person is crying-3.gif,0.0,success,0.192198,,false
v_8debcd12e25b11d9793b,human_action,test,A person is crying,444,cogvideo,cogvideo/human_action/A person is crying-4.gif,1.0,success,0.175099,,true
v_da834beb6502a5445d44,human_action,dev,A person is cutting nails,285,cogvideo,cogvideo/human_action/A person is cutting nails-0.gif,1.0,success,0.182770,,true
v_dab057cf7dfd86e7785a,human_action,dev,A person is cutting nails,286,cogvideo,cogvideo/human_action/A person is cutting nails-1.gif,1.0,success,0.183260,,true
v_8c98d190c4b819f97b82,human_action,dev,A person is cutting nails,287,cogvideo,cogvideo/human_action/A person is cutting nails-2.gif,0.0,success,0.240746,,false
v_9543b8da50e038c821da,human_action,dev,A person is cutting nails,288,cogvideo,cogvideo/human_action/A person is cutting nails-3.gif,1.0,success,0.180286,,true
v_b75d272f7984e5826dde,human_action,dev,A person is cutting nails,289,cogvideo,cogvideo/human_action/A person is cutting nails-4.gif,1.0,success,0.175815,,true
v_efee19c441892fb30e36,human_action,test,A person is cutting watermelon,265,cogvideo,cogvideo/human_action/A person is cutting watermelon-0.gif,1.0,success,0.178209,,true
v_25ab1a36e64cc0f64547,human_action,test,A person is cutting watermelon,266,cogvideo,cogvideo/human_action/A person is cutting watermelon-1.gif,1.0,success,0.177071,,true
v_0894f1610bf43397dece,human_action,test,A person is cutting watermelon,267,cogvideo,cogvideo/human_action/A person is cutting watermelon-2.gif,1.0,success,0.172880,,true
v_908c9cb6f56256e07b6f,human_action,test,A person is cutting watermelon,268,cogvideo,cogvideo/human_action/A person is cutting watermelon-3.gif,1.0,success,0.183250,,true
v_a257609f112cad203677,human_action,test,A person is cutting watermelon,269,cogvideo,cogvideo/human_action/A person is cutting watermelon-4.gif,1.0,success,0.178801,,true
v_2530f42a2d3245193804,human_action,dev,A person is dancing ballet,445,cogvideo,cogvideo/human_action/A person is dancing ballet-0.gif,1.0,success,0.169360,,true
v_26a19865567af672dce4,human_action,dev,A person is dancing ballet,446,cogvideo,cogvideo/human_action/A person is dancing ballet-1.gif,1.0,success,0.165294,,true
v_d291c2250eac49f54be4,human_action,dev,A person is dancing ballet,447,cogvideo,cogvideo/human_action/A person is dancing ballet-2.gif,1.0,success,0.171291,,true
v_6bb70269aeb2f97f4498,human_action,dev,A person is dancing ballet,448,cogvideo,cogvideo/human_action/A person is dancing ballet-3.gif,1.0,success,0.175519,,true
v_9686188e6e8bab9f71fd,human_action,dev,A person is dancing ballet,449,cogvideo,cogvideo/human_action/A person is dancing ballet-4.gif,1.0,success,0.175905,,true
v_8d46b69d676912588ef2,human_action,dev,A person is digging,115,cogvideo,cogvideo/human_action/A person is digging-0.gif,0.0,success,0.180398,,false
v_39ae1b4e6927d67f7c74,human_action,dev,A person is digging,116,cogvideo,cogvideo/human_action/A person is digging-1.gif,1.0,success,0.193723,,true
v_fec8ea02c3249805c562,human_action,dev,A person is digging,117,cogvideo,cogvideo/human_action/A person is digging-2.gif,1.0,success,0.179418,,true
v_60c666f869a360867a0a,human_action,dev,A person is digging,118,cogvideo,cogvideo/human_action/A person is digging-3.gif,1.0,success,0.179614,,true
v_dcc581fec68b3e543510,human_action,dev,A person is digging,119,cogvideo,cogvideo/human_action/A person is digging-4.gif,1.0,success,0.186858,,true
v_ab8ba2d03a7a42074f61,human_action,test,A person is doing aerobics,380,cogvideo,cogvideo/human_action/A person is doing aerobics-0.gif,0.0,success,0.166267,,false
v_5058a64d11f8b883680b,human_action,test,A person is doing aerobics,381,cogvideo,cogvideo/human_action/A person is doing aerobics-1.gif,1.0,success,0.164113,,true
v_0165f152220067bb99a6,human_action,test,A person is doing aerobics,382,cogvideo,cogvideo/human_action/A person is doing aerobics-2.gif,0.0,success,0.172791,,false
v_ca575b210939be3f716f,human_action,test,A person is doing aerobics,383,cogvideo,cogvideo/human_action/A person is doing aerobics-3.gif,0.0,success,0.177537,,false
v_8d1d524e63febf09cc77,human_action,test,A person is doing aerobics,384,cogvideo,cogvideo/human_action/A person is doing aerobics-4.gif,0.0,success,0.185027,,false
v_0639c4c8c3e9cd6ff829,human_action,test,A person is doing laundry,320,cogvideo,cogvideo/human_action/A person is doing laundry-0.gif,1.0,success,0.185567,,true
v_3dd979500f3836c9c8e9,human_action,test,A person is doing laundry,321,cogvideo,cogvideo/human_action/A person is doing laundry-1.gif,1.0,success,0.186801,,true
v_5fd7f83c622acdf9f604,human_action,test,A person is doing laundry,322,cogvideo,cogvideo/human_action/A person is doing laundry-2.gif,1.0,success,0.192899,,true
v_b7659cef11cce7711bbb,human_action,test,A person is doing laundry,323,cogvideo,cogvideo/human_action/A person is doing laundry-3.gif,0.0,success,0.187380,,false
v_f9b144701d4fc8608cdd,human_action,test,A person is doing laundry,324,cogvideo,cogvideo/human_action/A person is doing laundry-4.gif,1.0,success,0.185987,,true
v_fd0080dad5144a0ce331,human_action,test,A person is drawing,25,cogvideo,cogvideo/human_action/A person is drawing-0.gif,1.0,success,0.191502,,true
v_5ae791f62a4cc4ae392f,human_action,test,A person is drawing,26,cogvideo,cogvideo/human_action/A person is drawing-1.gif,0.0,success,0.177341,,false
v_28cb14978c23cc219c93,human_action,test,A person is drawing,27,cogvideo,cogvideo/human_action/A person is drawing-2.gif,1.0,success,0.178672,,true
v_f147862d4fe4a5d39c41,human_action,test,A person is drawing,28,cogvideo,cogvideo/human_action/A person is drawing-3.gif,0.0,success,0.183862,,false
v_b29c3241ad243eecf3d9,human_action,test,A person is drawing,29,cogvideo,cogvideo/human_action/A person is drawing-4.gif,0.0,success,0.188148,,false
v_0038e62d552772579d90,human_action,test,A person is driving car,360,cogvideo,cogvideo/human_action/A person is driving car-0.gif,1.0,success,0.186459,,true
v_69bb942a4f190c49a44d,human_action,test,A person is driving car,361,cogvideo,cogvideo/human_action/A person is driving car-1.gif,1.0,success,0.178889,,true
v_9d6b5621262bba3283cd,human_action,test,A person is driving car,362,cogvideo,cogvideo/human_action/A person is driving car-2.gif,1.0,success,0.178130,,true
v_24b403ff6100a1e32739,human_action,test,A person is driving car,363,cogvideo,cogvideo/human_action/A person is driving car-3.gif,1.0,success,0.187768,,true
v_b951095182a23954f0b8,human_action,test,A person is driving car,364,cogvideo,cogvideo/human_action/A person is driving car-4.gif,1.0,success,0.184492,,true
v_d25bfdb4bf255b32d2cf,human_action,test,A person is dunking basketball,65,cogvideo,cogvideo/human_action/A person is dunking basketball-0.gif,0.0,success,0.167075,,false
v_0a86348f9a5134cbc0d0,human_action,test,A person is dunking basketball,66,cogvideo,cogvideo/human_action/A person is dunking basketball-1.gif,1.0,success,0.193489,,true
v_d416459482e2595a33b7,human_action,test,A person is dunking basketball,67,cogvideo,cogvideo/human_action/A person is dunking basketball-2.gif,1.0,success,0.175040,,true
v_d01d84d9fab667813a8b,human_action,test,A person is dunking basketball,68,cogvideo,cogvideo/human_action/A person is dunking basketball-3.gif,1.0,success,0.200749,,true
v_cf23184c40e3ce032ae2,human_action,test,A person is dunking basketball,69,cogvideo,cogvideo/human_action/A person is dunking basketball-4.gif,1.0,success,0.200446,,true
v_d35a7891b77a7c22ccef,human_action,dev,A person is eating watermelon,35,cogvideo,cogvideo/human_action/A person is eating watermelon-0.gif,1.0,success,0.181632,,true
v_379cedac09335600dbc1,human_action,dev,A person is eating watermelon,36,cogvideo,cogvideo/human_action/A person is eating watermelon-1.gif,1.0,success,0.181924,,true
v_106ec832643a6560f648,human_action,dev,A person is eating watermelon,37,cogvideo,cogvideo/human_action/A person is eating watermelon-2.gif,1.0,success,0.177538,,true
v_12a8d0898e3e73b0796d,human_action,dev,A person is eating watermelon,38,cogvideo,cogvideo/human_action/A person is eating watermelon-3.gif,1.0,success,0.182157,,true
v_063446cc993cd5234183,human_action,dev,A person is eating watermelon,39,cogvideo,cogvideo/human_action/A person is eating watermelon-4.gif,1.0,success,0.187762,,true
v_d40372a57211b2bc2b56,human_action,test,A person is filling eyebrows,165,cogvideo,cogvideo/human_action/A person is filling eyebrows-0.gif,1.0,success,0.185943,,true
v_74d45cc44b24b7d092c1,human_action,test,A person is filling eyebrows,166,cogvideo,cogvideo/human_action/A person is filling eyebrows-1.gif,1.0,success,0.191550,,true
v_6985e91ceead6be5e2a9,human_action,test,A person is filling eyebrows,167,cogvideo,cogvideo/human_action/A person is filling eyebrows-2.gif,1.0,success,0.189781,,true
v_562be4274f8b0f22ddda,human_action,test,A person is filling eyebrows,168,cogvideo,cogvideo/human_action/A person is filling eyebrows-3.gif,1.0,success,0.181816,,true
v_885c9b62903cdf9c2e62,human_action,test,A person is filling eyebrows,169,cogvideo,cogvideo/human_action/A person is filling eyebrows-4.gif,1.0,success,0.173865,,true
v_ee9c9dac6a3f386be7ef,human_action,test,A person is finger snapping,100,cogvideo,cogvideo/human_action/A person is finger snapping-0.gif,1.0,success,0.186117,,true
v_68a15d1aed93a5f90118,human_action,test,A person is finger snapping,101,cogvideo,cogvideo/human_action/A person is finger snapping-1.gif,1.0,success,0.184904,,true
v_978ccc0a9fee0ec9c07c,human_action,test,A person is finger snapping,102,cogvideo,cogvideo/human_action/A person is finger snapping-2.gif,1.0,success,0.181655,,true
v_f271d661da1fb088a420,human_action,test,A person is finger snapping,103,cogvideo,cogvideo/human_action/A person is finger snapping-3.gif,0.0,success,0.183499,,false
v_71a148a223c72b09ce06,human_action,test,A person is finger snapping,104,cogvideo,cogvideo/human_action/A person is finger snapping-4.gif,0.0,success,0.169920,,false
v_cdf7968324f9efd0429d,human_action,test,A person is flying kite,160,cogvideo,cogvideo/human_action/A person is flying kite-0.gif,1.0,success,0.167596,,true
v_8f14cd8812a901491946,human_action,test,A person is flying kite,161,cogvideo,cogvideo/human_action/A person is flying kite-1.gif,1.0,success,0.172326,,true
v_443e9376c350c2d19c82,human_action,test,A person is flying kite,162,cogvideo,cogvideo/human_action/A person is flying kite-2.gif,1.0,success,0.172848,,true
v_ebc9a5102b0bcff6d10a,human_action,test,A person is flying kite,163,cogvideo,cogvideo/human_action/A person is flying kite-3.gif,1.0,success,0.163147,,true
v_c84eca4d6cb54a8e2d74,human_action,test,A person is flying kite,164,cogvideo,cogvideo/human_action/A person is flying kite-4.gif,1.0,success,0.172208,,true
v_7d7c93839b191cb0c5cd,human_action,test,A person is folding clothes,175,cogvideo,cogvideo/human_action/A person is folding clothes-0.gif,1.0,success,0.184264,,true
v_b1bcee071ccc3540f2d2,human_action,test,A person is folding clothes,176,cogvideo,cogvideo/human_action/A person is folding clothes-1.gif,0.0,success,0.175846,,false
v_b60194ac4d299f0bdb14,human_action,test,A person is folding clothes,177,cogvideo,cogvideo/human_action/A person is folding clothes-2.gif,1.0,success,0.184531,,true
v_b3a9e1844c3e16b77d23,human_action,test,A person is folding clothes,178,cogvideo,cogvideo/human_action/A person is folding clothes-3.gif,1.0,success,0.176887,,true
v_639fa35d46bc7e1b694f,human_action,test,A person is folding clothes,179,cogvideo,cogvideo/human_action/A person is folding clothes-4.gif,1.0,success,0.191847,,true
v_1ce3bc18876f3dd535c9,human_action,test,A person is getting a haircut,450,cogvideo,cogvideo/human_action/A person is getting a haircut-0.gif,1.0,success,0.182145,,true
v_af6ffee1bbb4bf007d8d,human_action,test,A person is getting a haircut,451,cogvideo,cogvideo/human_action/A person is getting a haircut-1.gif,1.0,success,0.187664,,true
v_88389cdf339515975ba6,human_action,test,A person is getting a haircut,452,cogvideo,cogvideo/human_action/A person is getting a haircut-2.gif,1.0,success,0.189357,,true
v_4c0de78419b9b33e1d05,human_action,test,A person is getting a haircut,453,cogvideo,cogvideo/human_action/A person is getting a haircut-3.gif,1.0,success,0.184621,,true
v_60e698b3370545402b3d,human_action,test,A person is getting a haircut,454,cogvideo,cogvideo/human_action/A person is getting a haircut-4.gif,1.0,success,0.187348,,true
v_4065121b581db1c624b5,human_action,dev,A person is giving or receiving award,205,cogvideo,cogvideo/human_action/A person is giving or receiving award-0.gif,1.0,success,0.200686,,true
v_b3ca084fe92f810e19c9,human_action,dev,A person is giving or receiving award,206,cogvideo,cogvideo/human_action/A person is giving or receiving award-1.gif,1.0,success,0.168291,,true
v_95f546272bf313023ccf,human_action,dev,A person is giving or receiving award,207,cogvideo,cogvideo/human_action/A person is giving or receiving award-2.gif,1.0,success,0.176418,,true
v_9d0b8c5ec750055bd8d5,human_action,dev,A person is giving or receiving award,208,cogvideo,cogvideo/human_action/A person is giving or receiving award-3.gif,0.0,success,0.179651,,false
v_d9e2ade54214fb0a7fae,human_action,dev,A person is giving or receiving award,209,cogvideo,cogvideo/human_action/A person is giving or receiving award-4.gif,0.0,success,0.177257,,false
v_25ab56968076039e334a,human_action,test,A person is grooming dog,315,cogvideo,cogvideo/human_action/A person is grooming dog-0.gif,1.0,success,0.182988,,true
v_665670f7ea3cc94c2509,human_action,test,A person is grooming dog,316,cogvideo,cogvideo/human_action/A person is grooming dog-1.gif,0.0,success,0.183407,,false
v_c5aaa977a03e8cccb29e,human_action,test,A person is grooming dog,317,cogvideo,cogvideo/human_action/A person is grooming dog-2.gif,1.0,success,0.178122,,true
v_f8e60243c734d1873849,human_action,test,A person is grooming dog,318,cogvideo,cogvideo/human_action/A person is grooming dog-3.gif,1.0,success,0.177710,,true
v_f7a157ca906ed18f1971,human_action,test,A person is grooming dog,319,cogvideo,cogvideo/human_action/A person is grooming dog-4.gif,1.0,success,0.168117,,true
v_eb2d580fd66260e183a9,human_action,dev,A person is hugging,290,cogvideo,cogvideo/human_action/A person is hugging-0.gif,1.0,success,0.189826,,true
v_3238a6f61a977f4a9974,human_action,dev,A person is hugging,291,cogvideo,cogvideo/human_action/A person is hugging-1.gif,1.0,success,0.177919,,true
v_b6d07c53b75e5e5cd5f0,human_action,dev,A person is hugging,292,cogvideo,cogvideo/human_action/A person is hugging-2.gif,1.0,success,0.187788,,true
v_a3e7ed2d1e20dccde6a7,human_action,dev,A person is hugging,293,cogvideo,cogvideo/human_action/A person is hugging-3.gif,1.0,success,0.174737,,true
v_1c323bbf690693235b31,human_action,dev,A person is hugging,294,cogvideo,cogvideo/human_action/A person is hugging-4.gif,1.0,success,0.186444,,true
v_7ec034bc48da35ed87a1,human_action,dev,A person is hula hooping,240,cogvideo,cogvideo/human_action/A person is hula hooping-0.gif,1.0,success,0.172177,,true
v_ad4030677323839ad3ab,human_action,dev,A person is hula hooping,241,cogvideo,cogvideo/human_action/A person is hula hooping-1.gif,1.0,success,0.164282,,true
v_3c581e33bed7e0d30963,human_action,dev,A person is hula hooping,242,cogvideo,cogvideo/human_action/A person is hula hooping-2.gif,1.0,success,0.183254,,true
v_846dfba43dfb58eae49d,human_action,dev,A person is hula hooping,243,cogvideo,cogvideo/human_action/A person is hula hooping-3.gif,1.0,success,0.166588,,true
v_3a0815e31cd9ccbe2d6e,human_action,dev,A person is hula hooping,244,cogvideo,cogvideo/human_action/A person is hula hooping-4.gif,1.0,success,0.163115,,true
v_e498782dd93d0075fe54,human_action,dev,A person is ice skating,430,cogvideo,cogvideo/human_action/A person is ice skating-0.gif,1.0,success,0.175337,,true
v_019fa6ad734570dbeb6d,human_action,dev,A person is ice skating,431,cogvideo,cogvideo/human_action/A person is ice skating-1.gif,0.0,success,0.178325,,false
v_20f39cecd76343ee6006,human_action,dev,A person is ice skating,432,cogvideo,cogvideo/human_action/A person is ice skating-2.gif,0.0,success,0.177240,,false
v_a2aad9feefd5b0baf2ca,human_action,dev,A person is ice skating,433,cogvideo,cogvideo/human_action/A person is ice skating-3.gif,0.0,success,0.175453,,false
v_3cf882537ff58a1b7e5a,human_action,dev,A person is ice skating,434,cogvideo,cogvideo/human_action/A person is ice skating-4.gif,1.0,success,0.172001,,true
v_b5a00a2827832a603ffe,human_action,test,A person is ironing,280,cogvideo,cogvideo/human_action/A person is ironing-0.gif,1.0,success,0.174959,,true
v_48f6e03e8749191dfd5d,human_action,test,A person is ironing,281,cogvideo,cogvideo/human_action/A person is ironing-1.gif,1.0,success,0.181837,,true
v_5046de9f777eab0b885d,human_action,test,A person is ironing,282,cogvideo,cogvideo/human_action/A person is ironing-2.gif,1.0,success,0.168293,,true
v_bb324f295c3530154ab1,human_action,test,A person is ironing,283,cogvideo,cogvideo/human_action/A person is ironing-3.gif,1.0,success,0.181818,,true
v_cfc033b45e80947ed319,human_action,test,A person is ironing,284,cogvideo,cogvideo/human_action/A person is ironing-4.gif,1.0,success,0.162467,,true
v_a7911642658bc50c3d09,human_action,test,A person is jogging,300,cogvideo,cogvideo/human_action/A person is jogging-0.gif,1.0,success,0.174957,,true
v_6dada6f2ef8fb3c2283d,human_action,test,A person is jogging,301,cogvideo,cogvideo/human_action/A person is jogging-1.gif,1.0,success,0.176466,,true
v_1881edd6299cc71e8efb,human_action,test,A person is jogging,302,cogvideo,cogvideo/human_action/A person is jogging-2.gif,1.0,success,0.174370,,true
v_aa4a0fc10fa227b9cdb5,human_action,test,A person is jogging,303,cogvideo,cogvideo/human_action/A person is jogging-3.gif,1.0,success,0.182364,,true
v_27c66f3af036e40ecdda,human_action,test,A person is jogging,304,cogvideo,cogvideo/human_action/A person is jogging-4.gif,1.0,success,0.172974,,true
v_0fb8025ceb541a7381bf,human_action,test,A person is kissing,460,cogvideo,cogvideo/human_action/A person is kissing-0.gif,1.0,success,0.167473,,true
v_c62064ed875e26aace56,human_action,test,A person is kissing,461,cogvideo,cogvideo/human_action/A person is kissing-1.gif,1.0,success,0.169698,,true
v_7b98e80945c2f3f39074,human_action,test,A person is kissing,462,cogvideo,cogvideo/human_action/A person is kissing-2.gif,1.0,success,0.184553,,true
v_3d8a77a0f3c1c5ac9454,human_action,test,A person is kissing,463,cogvideo,cogvideo/human_action/A person is kissing-3.gif,1.0,success,0.191843,,true
v_a9898e3dcf2498e60169,human_action,test,A person is kissing,464,cogvideo,cogvideo/human_action/A person is kissing-4.gif,1.0,success,0.182754,,true
v_5e18844bea4fd1101743,human_action,dev,A person is knitting,325,cogvideo,cogvideo/human_action/A person is knitting-0.gif,0.0,success,0.185266,,false
v_549536991bf96a5dd5fd,human_action,dev,A person is knitting,326,cogvideo,cogvideo/human_action/A person is knitting-1.gif,1.0,success,0.187396,,true
v_3a753202793957966ceb,human_action,dev,A person is knitting,327,cogvideo,cogvideo/human_action/A person is knitting-2.gif,0.0,success,0.179574,,false
v_8ed32dcadf2b8921ee89,human_action,dev,A person is knitting,328,cogvideo,cogvideo/human_action/A person is knitting-3.gif,0.0,success,0.191946,,false
v_e7974d74b9ca95cbc187,human_action,dev,A person is knitting,329,cogvideo,cogvideo/human_action/A person is knitting-4.gif,0.0,success,0.179930,,false
v_9052093f8d312493db3f,human_action,dev,A person is laughing,110,cogvideo,cogvideo/human_action/A person is laughing-0.gif,1.0,success,0.187710,,true
v_a24d98b9598af18c5583,human_action,dev,A person is laughing,111,cogvideo,cogvideo/human_action/A person is laughing-1.gif,1.0,success,0.180914,,true
v_4d71194a9c6bf04c5cd5,human_action,dev,A person is laughing,112,cogvideo,cogvideo/human_action/A person is laughing-2.gif,1.0,success,0.171613,,true
v_ad89346507e88380fdb7,human_action,dev,A person is laughing,113,cogvideo,cogvideo/human_action/A person is laughing-3.gif,1.0,success,0.185136,,true
v_ee6a291e25848fea2206,human_action,dev,A person is laughing,114,cogvideo,cogvideo/human_action/A person is laughing-4.gif,1.0,success,0.179539,,true
v_136fccc11dbd7bc94e54,human_action,dev,A person is making bed,305,cogvideo,cogvideo/human_action/A person is making bed-0.gif,0.0,success,0.182517,,false
v_8cd94e8083a5c891d948,human_action,dev,A person is making bed,306,cogvideo,cogvideo/human_action/A person is making bed-1.gif,0.0,success,0.163741,,false
v_329bc5c39968a0b96ace,human_action,dev,A person is making bed,307,cogvideo,cogvideo/human_action/A person is making bed-2.gif,1.0,success,0.184338,,true
v_105481086ec9a19cd337,human_action,dev,A person is making bed,308,cogvideo,cogvideo/human_action/A person is making bed-3.gif,0.0,success,0.178674,,false
v_ba188b43d31288874aaa,human_action,dev,A person is making bed,309,cogvideo,cogvideo/human_action/A person is making bed-4.gif,0.0,success,0.176158,,false
v_c4fcef90862f74f606bf,human_action,test,A person is making snowman,490,cogvideo,cogvideo/human_action/A person is making snowman-0.gif,1.0,success,0.180279,,true
v_f2982dc796116ef44d7e,human_action,test,A person is making snowman,491,cogvideo,cogvideo/human_action/A person is making snowman-1.gif,1.0,success,0.159537,,true
v_e674238ddc76c7af5424,human_action,test,A person is making snowman,492,cogvideo,cogvideo/human_action/A person is making snowman-2.gif,1.0,success,0.175275,,true
v_e58c742817168ead237c,human_action,test,A person is making snowman,493,cogvideo,cogvideo/human_action/A person is making snowman-3.gif,1.0,success,0.182918,,true
v_d1fc6af6630c285f103f,human_action,test,A person is making snowman,494,cogvideo,cogvideo/human_action/A person is making snowman-4.gif,1.0,success,0.177514,,true
v_c03e6bc2976865ddeef8,human_action,test,A person is marching,5,cogvideo,cogvideo/human_action/A person is marching-0.gif,0.0,success,0.171598,,false
v_ff5e3ecab39294195840,human_action,test,A person is marching,6,cogvideo,cogvideo/human_action/A person is marching-1.gif,0.0,success,0.183895,,false
v_a511a2a97e2245a8bcb8,human_action,test,A person is marching,7,cogvideo,cogvideo/human_action/A person is marching-2.gif,0.0,success,0.172193,,false
v_c3c2ec75974300578459,human_action,test,A person is marching,8,cogvideo,cogvideo/human_action/A person is marching-3.gif,1.0,success,0.181428,,true
v_1f946549e009d0648ff7,human_action,test,A person is marching,9,cogvideo,cogvideo/human_action/A person is marching-4.gif,0.0,success,0.175468,,false
v_fd0fb494015da07c3ee3,human_action,test,A person is massaging legs,340,cogvideo,cogvideo/human_action/A person is massaging legs-0.gif,1.0,success,0.182862,,true
v_11af66f80e039cd11cb7,human_action,test,A person is massaging legs,341,cogvideo,cogvideo/human_action/A person is massaging legs-1.gif,1.0,success,0.183919,,true
v_ad878d7dbc12485a9601,human_action,test,A person is massaging legs,342,cogvideo,cogvideo/human_action/A person is massaging legs-2.gif,1.0,success,0.186184,,true
v_ce5935645f3600d6a3dc,human_action,test,A person is massaging legs,343,cogvideo,cogvideo/human_action/A person is massaging legs-3.gif,1.0,success,0.192862,,true
v_98c0f42d35b129c5caac,human_action,test,A person is massaging legs,344,cogvideo,cogvideo/human_action/A person is massaging legs-4.gif,1.0,success,0.169754,,true
v_cad4a315dccfaad04a0a,human_action,dev,A person is milking cow,480,cogvideo,cogvideo/human_action/A person is milking cow-0.gif,0.0,success,0.175678,,false
v_c830349ecf9af1436095,human_action,dev,A person is milking cow,481,cogvideo,cogvideo/human_action/A person is milking cow-1.gif,1.0,success,0.177627,,true
v_e63d0978b043655a7406,human_action,dev,A person is milking cow,482,cogvideo,cogvideo/human_action/A person is milking cow-2.gif,0.0,success,0.202949,,false
v_1dfcee214f1156ead6d0,human_action,dev,A person is milking cow,483,cogvideo,cogvideo/human_action/A person is milking cow-3.gif,0.0,success,0.181984,,false
v_45607675bf3439e8cb38,human_action,dev,A person is milking cow,484,cogvideo,cogvideo/human_action/A person is milking cow-4.gif,1.0,success,0.173460,,true
v_e45f0366e9a6f5b5d9d7,human_action,dev,A person is motorcycling,355,cogvideo,cogvideo/human_action/A person is motorcycling-0.gif,1.0,success,0.183053,,true
v_b167f72e7dba5dd29244,human_action,dev,A person is motorcycling,356,cogvideo,cogvideo/human_action/A person is motorcycling-1.gif,1.0,success,0.169010,,true
v_50413053a431ed05f703,human_action,dev,A person is motorcycling,357,cogvideo,cogvideo/human_action/A person is motorcycling-2.gif,1.0,success,0.205476,,true
v_b190b41dcd0bd7deb977,human_action,dev,A person is motorcycling,358,cogvideo,cogvideo/human_action/A person is motorcycling-3.gif,1.0,success,0.181654,,true
v_d22699cb8f692a16644f,human_action,dev,A person is motorcycling,359,cogvideo,cogvideo/human_action/A person is motorcycling-4.gif,1.0,success,0.177354,,true
v_3cf1c1f0edb31d3bfb82,human_action,dev,A person is peeling apples,475,cogvideo,cogvideo/human_action/A person is peeling apples-0.gif,1.0,success,0.166308,,true
v_439fdad3b02ad2406a45,human_action,dev,A person is peeling apples,476,cogvideo,cogvideo/human_action/A person is peeling apples-1.gif,1.0,success,0.184192,,true
v_7df966a49d0f32ea5795,human_action,dev,A person is peeling apples,477,cogvideo,cogvideo/human_action/A person is peeling apples-2.gif,0.0,success,0.172044,,false
v_603af211344f8b92607e,human_action,dev,A person is peeling apples,478,cogvideo,cogvideo/human_action/A person is peeling apples-3.gif,0.0,success,0.180735,,false
v_de82b0f96134ddc3aa3f,human_action,dev,A person is peeling apples,479,cogvideo,cogvideo/human_action/A person is peeling apples-4.gif,0.0,success,0.180826,,false
v_7a0c14a7cf7dd4dfb896,human_action,test,A person is petting animal (not cat),30,cogvideo,cogvideo/human_action/A person is petting animal (not cat)-0.gif,1.0,success,0.183605,,true
v_4902a6b4025a57b7022c,human_action,test,A person is petting animal (not cat),31,cogvideo,cogvideo/human_action/A person is petting animal (not cat)-1.gif,1.0,success,0.186637,,true
v_dcdaab41e8826bbc80c0,human_action,test,A person is petting animal (not cat),32,cogvideo,cogvideo/human_action/A person is petting animal (not cat)-2.gif,1.0,success,0.180361,,true
v_101e3360cd28582f770c,human_action,test,A person is petting animal (not cat),33,cogvideo,cogvideo/human_action/A person is petting animal (not cat)-3.gif,1.0,success,0.176400,,true
v_748ca0d1b2abd8a8615c,human_action,test,A person is petting animal (not cat),34,cogvideo,cogvideo/human_action/A person is petting animal (not cat)-4.gif,1.0,success,0.183255,,true
v_35acdeb828d9e56a897d,human_action,dev,A person is planting trees,220,cogvideo,cogvideo/human_action/A person is planting trees-0.gif,0.0,success,0.183262,,false
v_536b41f3af36e4747f3e,human_action,dev,A person is planting trees,221,cogvideo,cogvideo/human_action/A person is planting trees-1.gif,0.0,success,0.182853,,false
v_905aebca9e85023cfb27,human_action,dev,A person is planting trees,222,cogvideo,cogvideo/human_action/A person is planting trees-2.gif,0.0,success,0.201583,,false
v_3441a1fb0783167c6728,human_action,dev,A person is planting trees,223,cogvideo,cogvideo/human_action/A person is planting trees-3.gif,0.0,success,0.187547,,false
v_a89d7be249a7985235cc,human_action,dev,A person is planting trees,224,cogvideo,cogvideo/human_action/A person is planting trees-4.gif,0.0,success,0.184306,,false
v_acd1fa90491e62920724,human_action,test,A person is playing chess,405,cogvideo,cogvideo/human_action/A person is playing chess-0.gif,1.0,success,0.196638,,true
v_35594b259cfc0a488749,human_action,test,A person is playing chess,406,cogvideo,cogvideo/human_action/A person is playing chess-1.gif,1.0,success,0.171209,,true
v_f098158c28975fee5314,human_action,test,A person is playing chess,407,cogvideo,cogvideo/human_action/A person is playing chess-2.gif,1.0,success,0.172309,,true
v_bd824e60db3308fcae48,human_action,test,A person is playing chess,408,cogvideo,cogvideo/human_action/A person is playing chess-3.gif,1.0,success,0.177219,,true
v_b4d95ddcb6d4b5363c9a,human_action,test,A person is playing chess,409,cogvideo,cogvideo/human_action/A person is playing chess-4.gif,1.0,success,0.186714,,true
v_1f3ac07e9c96a6d3f367,human_action,dev,A person is playing controller,195,cogvideo,cogvideo/human_action/A person is playing controller-0.gif,1.0,success,0.183567,,true
v_abd8ab6feff963439a30,human_action,dev,A person is playing controller,196,cogvideo,cogvideo/human_action/A person is playing controller-1.gif,1.0,success,0.170599,,true
v_ef854a60ea6193065d2b,human_action,dev,A person is playing controller,197,cogvideo,cogvideo/human_action/A person is playing controller-2.gif,1.0,success,0.187915,,true
v_9dfa60c91d34c9a1e8f8,human_action,dev,A person is playing controller,198,cogvideo,cogvideo/human_action/A person is playing controller-3.gif,1.0,success,0.180728,,true
v_ccaa6cce87352df38adc,human_action,dev,A person is playing controller,199,cogvideo,cogvideo/human_action/A person is playing controller-4.gif,1.0,success,0.190837,,true
v_e2031aa20a6140baba4c,human_action,test,A person is playing flute,70,cogvideo,cogvideo/human_action/A person is playing flute-0.gif,1.0,success,0.172428,,true
v_6793ac2e0dcb27827b26,human_action,test,A person is playing flute,71,cogvideo,cogvideo/human_action/A person is playing flute-1.gif,1.0,success,0.185578,,true
v_23c387928c9ada7f83b0,human_action,test,A person is playing flute,72,cogvideo,cogvideo/human_action/A person is playing flute-2.gif,1.0,success,0.190532,,true
v_39ce05a0b66e369b02cf,human_action,test,A person is playing flute,73,cogvideo,cogvideo/human_action/A person is playing flute-3.gif,1.0,success,0.169997,,true
v_6d5cfeddfc117af1b7fe,human_action,test,A person is playing flute,74,cogvideo,cogvideo/human_action/A person is playing flute-4.gif,1.0,success,0.180882,,true
v_9f180acfa2a171f07762,human_action,test,A person is playing harp,40,cogvideo,cogvideo/human_action/A person is playing harp-0.gif,1.0,success,0.189799,,true
v_93aa55e5eaab38c73726,human_action,test,A person is playing harp,41,cogvideo,cogvideo/human_action/A person is playing harp-1.gif,1.0,success,0.191096,,true
v_defaf00b6e1ef891eb26,human_action,test,A person is playing harp,42,cogvideo,cogvideo/human_action/A person is playing harp-2.gif,1.0,success,0.190053,,true
v_11ebfcb1bf12f1f73af3,human_action,test,A person is playing harp,43,cogvideo,cogvideo/human_action/A person is playing harp-3.gif,1.0,success,0.195189,,true
v_c44c9bfebe14830c3107,human_action,test,A person is playing harp,44,cogvideo,cogvideo/human_action/A person is playing harp-4.gif,1.0,success,0.185461,,true
v_42cb7fa4a3f414c73940,human_action,test,A person is playing piano,95,cogvideo,cogvideo/human_action/A person is playing piano-0.gif,0.0,success,0.165518,,false
v_6c4743285034ec4e8106,human_action,test,A person is playing piano,96,cogvideo,cogvideo/human_action/A person is playing piano-1.gif,1.0,success,0.173813,,true
v_562724d041a4442d4c88,human_action,test,A person is playing piano,97,cogvideo,cogvideo/human_action/A person is playing piano-2.gif,1.0,success,0.177804,,true
v_cda6891ca99d77d770c8,human_action,test,A person is playing piano,98,cogvideo,cogvideo/human_action/A person is playing piano-3.gif,1.0,success,0.179626,,true
v_979b7633c82ba1777f02,human_action,test,A person is playing piano,99,cogvideo,cogvideo/human_action/A person is playing piano-4.gif,1.0,success,0.170402,,true
v_2fb1a6e3855b36827c76,human_action,dev,A person is playing trumpet,155,cogvideo,cogvideo/human_action/A person is playing trumpet-0.gif,1.0,success,0.177161,,true
v_a6c394c0ee6de57b158b,human_action,dev,A person is playing trumpet,156,cogvideo,cogvideo/human_action/A person is playing trumpet-1.gif,1.0,success,0.178407,,true
v_696d52277f2975c22d6c,human_action,dev,A person is playing trumpet,157,cogvideo,cogvideo/human_action/A person is playing trumpet-2.gif,1.0,success,0.184297,,true
v_041ed571f471d143afd7,human_action,dev,A person is playing trumpet,158,cogvideo,cogvideo/human_action/A person is playing trumpet-3.gif,1.0,success,0.185020,,true
v_e81c76163ce83ce5f317,human_action,dev,A person is playing trumpet,159,cogvideo,cogvideo/human_action/A person is playing trumpet-4.gif,1.0,success,0.208075,,true
v_cc226c67a7760fc6e77c,human_action,test,A person is push up,145,cogvideo,cogvideo/human_action/A person is push up-0.gif,1.0,success,0.204629,,true
v_4b2867f4071211d0bbc0,human_action,test,A person is push up,146,cogvideo,cogvideo/human_action/A person is push up-1.gif,1.0,success,0.181721,,true
v_98142bcf4e537ddbef21,human_action,test,A person is push up,147,cogvideo,cogvideo/human_action/A person is push up-2.gif,1.0,success,0.178635,,true
v_ad37522ee15c718e3611,human_action,test,A person is push up,148,cogvideo,cogvideo/human_action/A person is push up-3.gif,1.0,success,0.185367,,true
v_cd704348bd9ba6b2f6fb,human_action,test,A person is push up,149,cogvideo,cogvideo/human_action/A person is push up-4.gif,1.0,success,0.175276,,true
v_8ffce2175c0db33915d7,human_action,dev,A person is pushing cart,255,cogvideo,cogvideo/human_action/A person is pushing cart-0.gif,1.0,success,0.175406,,true
v_0fd657271d25218dc5b4,human_action,dev,A person is pushing cart,256,cogvideo,cogvideo/human_action/A person is pushing cart-1.gif,1.0,success,0.180628,,true
v_0f9dd3e1772d867a86c1,human_action,dev,A person is pushing cart,257,cogvideo,cogvideo/human_action/A person is pushing cart-2.gif,1.0,success,0.174397,,true
v_1f51bfd42d2d18601076,human_action,dev,A person is pushing cart,258,cogvideo,cogvideo/human_action/A person is pushing cart-3.gif,1.0,success,0.179256,,true
v_eed1d9c209f3684ed7aa,human_action,dev,A person is pushing cart,259,cogvideo,cogvideo/human_action/A person is pushing cart-4.gif,0.0,success,0.182241,,false
v_4fa2b644e3633bbaeb81,human_action,test,A person is reading book,330,cogvideo,cogvideo/human_action/A person is reading book-0.gif,1.0,success,0.182116,,true
v_69a8c99ac54f3da3c93c,human_action,test,A person is reading book,331,cogvideo,cogvideo/human_action/A person is reading book-1.gif,1.0,success,0.182391,,true
v_6638855c3360d529c526,human_action,test,A person is reading book,332,cogvideo,cogvideo/human_action/A person is reading book-2.gif,1.0,success,0.160694,,true
v_db5ca721fa8d63c896d9,human_action,test,A person is reading book,333,cogvideo,cogvideo/human_action/A person is reading book-3.gif,1.0,success,0.184273,,true
v_6fab945c2c83fa63f376,human_action,test,A person is reading book,334,cogvideo,cogvideo/human_action/A person is reading book-4.gif,0.0,success,0.187714,,false
v_71eb5b9dd787921e72b4,human_action,dev,A person is riding a bike,0,cogvideo,cogvideo/human_action/A person is riding a bike-0.gif,1.0,success,0.178047,,true
v_77521e6cf57b0196974b,human_action,dev,A person is riding a bike,1,cogvideo,cogvideo/human_action/A person is riding a bike-1.gif,1.0,success,0.191862,,true
v_c9499711acf7d35d162c,human_action,dev,A person is riding a bike,2,cogvideo,cogvideo/human_action/A person is riding a bike-2.gif,1.0,success,0.180602,,true
v_29a6b816effd1f731a50,human_action,dev,A person is riding a bike,3,cogvideo,cogvideo/human_action/A person is riding a bike-3.gif,1.0,success,0.182091,,true
v_545fa94eee74ebfb6bb5,human_action,dev,A person is riding a bike,4,cogvideo,cogvideo/human_action/A person is riding a bike-4.gif,1.0,success,0.180383,,true
v_f4911ea97dfaa14cc1c1,human_action,test,A person is riding or walking with horse,390,cogvideo,cogvideo/human_action/A person is riding or walking with horse-0.gif,1.0,success,0.194317,,true
v_50970589c9a2be1b6b5e,human_action,test,A person is riding or walking with horse,391,cogvideo,cogvideo/human_action/A person is riding or walking with horse-1.gif,1.0,success,0.187682,,true
v_cf2a619f9cb0b6107b3a,human_action,test,A person is riding or walking with horse,392,cogvideo,cogvideo/human_action/A person is riding or walking with horse-2.gif,1.0,success,0.172199,,true
v_f9ca85670dccc6b948de,human_action,test,A person is riding or walking with horse,393,cogvideo,cogvideo/human_action/A person is riding or walking with horse-3.gif,1.0,success,0.210908,,true
v_b376ffc00f259894d8fc,human_action,test,A person is riding or walking with horse,394,cogvideo,cogvideo/human_action/A person is riding or walking with horse-4.gif,1.0,success,0.186305,,true
v_ebe52a1348f16400ad78,human_action,test,A person is riding scooter,50,cogvideo,cogvideo/human_action/A person is riding scooter-0.gif,1.0,success,0.180820,,true
v_8f108f178edefff59327,human_action,test,A person is riding scooter,51,cogvideo,cogvideo/human_action/A person is riding scooter-1.gif,1.0,success,0.176849,,true
v_7f867fe86d41d433e255,human_action,test,A person is riding scooter,52,cogvideo,cogvideo/human_action/A person is riding scooter-2.gif,1.0,success,0.171387,,true
v_ce05d914fffccc7fbae1,human_action,test,A person is riding scooter,53,cogvideo,cogvideo/human_action/A person is riding scooter-3.gif,1.0,success,0.169620,,true
v_1194e554604769543129,human_action,test,A person is riding scooter,54,cogvideo,cogvideo/human_action/A person is riding scooter-4.gif,1.0,success,0.170145,,true
v_e29f322ddf1ce0ab603a,human_action,test,A person is robot dancing,230,cogvideo,cogvideo/human_action/A person is robot dancing-0.gif,0.0,success,0.172856,,false
v_96b357c8699fd7866344,human_action,test,A person is robot dancing,231,cogvideo,cogvideo/human_action/A person is robot dancing-1.gif,1.0,success,0.178661,,true
v_d6a6c9c6af25cb000f9d,human_action,test,A person is robot dancing,232,cogvideo,cogvideo/human_action/A person is robot dancing-2.gif,1.0,success,0.175220,,true
v_aabb560992b01030eefd,human_action,test,A person is robot dancing,233,cogvideo,cogvideo/human_action/A person is robot dancing-3.gif,1.0,success,0.175297,,true
v_6ba79e8b90550e4ffc22,human_action,test,A person is robot dancing,234,cogvideo,cogvideo/human_action/A person is robot dancing-4.gif,1.0,success,0.178826,,true
v_43de58785b7dcdd99bba,human_action,dev,A person is rock climbing,235,cogvideo,cogvideo/human_action/A person is rock climbing-0.gif,0.0,success,0.184349,,false
v_0eafad45b87988f35174,human_action,dev,A person is rock climbing,236,cogvideo,cogvideo/human_action/A person is rock climbing-1.gif,1.0,success,0.178324,,true
v_94239b88ba36c72a6511,human_action,dev,A person is rock climbing,237,cogvideo,cogvideo/human_action/A person is rock climbing-2.gif,1.0,success,0.183724,,true
v_2ad7a5feafde99d4ffc9,human_action,dev,A person is rock climbing,238,cogvideo,cogvideo/human_action/A person is rock climbing-3.gif,1.0,success,0.176965,,true
v_94870b82192cd7a5ff08,human_action,dev,A person is rock climbing,239,cogvideo,cogvideo/human_action/A person is rock climbing-4.gif,0.0,success,0.187614,,false
v_6354846a6f60fe6f4db6,human_action,test,A person is rock scissors paper,410,cogvideo,cogvideo/human_action/A person is rock scissors paper-0.gif,0.0,success,0.176352,,false
v_bd42e45e61a84373c0e4,human_action,test,A person is rock scissors paper,411,cogvideo,cogvideo/human_action/A person is rock scissors paper-1.gif,0.0,success,0.182001,,false
v_51cbc1ce2f16e9fe4ce6,human_action,test,A person is rock scissors paper,412,cogvideo,cogvideo/human_action/A person is rock scissors paper-2.gif,0.0,success,0.171809,,false
v_04abc84e9305baa27200,human_action,test,A person is rock scissors paper,413,cogvideo,cogvideo/human_action/A person is rock scissors paper-3.gif,0.0,success,0.184003,,false
v_b4e796ce32a29903433c,human_action,test,A person is rock scissors paper,414,cogvideo,cogvideo/human_action/A person is rock scissors paper-4.gif,0.0,success,0.171177,,false
v_2aa6d1133bdb8f51bb84,human_action,test,A person is roller skating,10,cogvideo,cogvideo/human_action/A person is roller skating-0.gif,1.0,success,0.178460,,true
v_0d5fb1a504b9369a3796,human_action,test,A person is roller skating,11,cogvideo,cogvideo/human_action/A person is roller skating-1.gif,1.0,success,0.165757,,true
v_2941a77a80cf0ccbd2e2,human_action,test,A person is roller skating,12,cogvideo,cogvideo/human_action/A person is roller skating-2.gif,1.0,success,0.172775,,true
v_33ce960565d3f85d7649,human_action,test,A person is roller skating,13,cogvideo,cogvideo/human_action/A person is roller skating-3.gif,1.0,success,0.172177,,true
v_3777cf79dc78ef3ae6eb,human_action,test,A person is roller skating,14,cogvideo,cogvideo/human_action/A person is roller skating-4.gif,1.0,success,0.177107,,true
v_fe4d3f94a21d6f5ffbdf,human_action,test,A person is running on treadmill,455,cogvideo,cogvideo/human_action/A person is running on treadmill-0.gif,1.0,success,0.180858,,true
v_dfbedac82e80527432c0,human_action,test,A person is running on treadmill,456,cogvideo,cogvideo/human_action/A person is running on treadmill-1.gif,1.0,success,0.180531,,true
v_1454379643415ed35fd9,human_action,test,A person is running on treadmill,457,cogvideo,cogvideo/human_action/A person is running on treadmill-2.gif,1.0,success,0.188162,,true
v_a31e84bb58c260a02dc2,human_action,test,A person is running on treadmill,458,cogvideo,cogvideo/human_action/A person is running on treadmill-3.gif,1.0,success,0.190013,,true
v_9aebf6821e76f35c7469,human_action,test,A person is running on treadmill,459,cogvideo,cogvideo/human_action/A person is running on treadmill-4.gif,1.0,success,0.182538,,true
v_31209d2e34de1081fe4c,human_action,test,A person is sailing,495,cogvideo,cogvideo/human_action/A person is sailing-0.gif,0.0,success,0.182791,,false
v_a6781a94183176fd5b2c,human_action,test,A person is sailing,496,cogvideo,cogvideo/human_action/A person is sailing-1.gif,0.0,success,0.166614,,false
v_eca31b01bba11698e793,human_action,test,A person is sailing,497,cogvideo,cogvideo/human_action/A person is sailing-2.gif,0.0,success,0.173375,,false
v_64ecd22de5c0d808cf39,human_action,test,A person is sailing,498,cogvideo,cogvideo/human_action/A person is sailing-3.gif,0.0,success,0.182681,,false
v_2d8ce7c341a7175e305b,human_action,test,A person is sailing,499,cogvideo,cogvideo/human_action/A person is sailing-4.gif,0.0,success,0.177780,,false
v_6f7b2f23cfc35eb512b2,human_action,test,A person is shaking hands,135,cogvideo,cogvideo/human_action/A person is shaking hands-0.gif,1.0,success,0.172068,,true
v_2f0c25664ae0acd1fcf3,human_action,test,A person is shaking hands,136,cogvideo,cogvideo/human_action/A person is shaking hands-1.gif,1.0,success,0.185454,,true
v_c7439342e8172dc364ff,human_action,test,A person is shaking hands,137,cogvideo,cogvideo/human_action/A person is shaking hands-2.gif,1.0,success,0.175019,,true
v_f3279419b9912c67a666,human_action,test,A person is shaking hands,138,cogvideo,cogvideo/human_action/A person is shaking hands-3.gif,1.0,success,0.177356,,true
v_22e18ab6f37de12a2344,human_action,test,A person is shaking hands,139,cogvideo,cogvideo/human_action/A person is shaking hands-4.gif,1.0,success,0.176706,,true
v_6ca6fc54b2f88f14365c,human_action,test,A person is shaking head,370,cogvideo,cogvideo/human_action/A person is shaking head-0.gif,1.0,success,0.174422,,true
v_054547bf9576a3b85ecf,human_action,test,A person is shaking head,371,cogvideo,cogvideo/human_action/A person is shaking head-1.gif,0.0,success,0.173457,,false
v_8845671f1eeb7e18a6f5,human_action,test,A person is shaking head,372,cogvideo,cogvideo/human_action/A person is shaking head-2.gif,0.0,success,0.181887,,false
v_54773d0047a1f06d5bb5,human_action,test,A person is shaking head,373,cogvideo,cogvideo/human_action/A person is shaking head-3.gif,0.0,success,0.173192,,false
v_cf853738ce810110ead2,human_action,test,A person is shaking head,374,cogvideo,cogvideo/human_action/A person is shaking head-4.gif,0.0,success,0.196188,,false
v_bf3b59253f0bc2792de6,human_action,test,A person is sharpening knives,225,cogvideo,cogvideo/human_action/A person is sharpening knives-0.gif,1.0,success,0.182277,,true
v_86e61a96420cba727790,human_action,test,A person is sharpening knives,226,cogvideo,cogvideo/human_action/A person is sharpening knives-1.gif,1.0,success,0.182744,,true
v_129391fc6339fd0d6e4a,human_action,test,A person is sharpening knives,227,cogvideo,cogvideo/human_action/A person is sharpening knives-2.gif,1.0,success,0.187543,,true
v_ccf1d70efc4bade9d73f,human_action,test,A person is sharpening knives,228,cogvideo,cogvideo/human_action/A person is sharpening knives-3.gif,0.0,success,0.176810,,false
v_e5e2b0fe546845930051,human_action,test,A person is sharpening knives,229,cogvideo,cogvideo/human_action/A person is sharpening knives-4.gif,1.0,success,0.188272,,true
v_d9f1cf7f0b17df59af6b,human_action,test,A person is shining shoes,485,cogvideo,cogvideo/human_action/A person is shining shoes-0.gif,1.0,success,0.173302,,true
v_ceacc69d27926339d386,human_action,test,A person is shining shoes,486,cogvideo,cogvideo/human_action/A person is shining shoes-1.gif,1.0,success,0.177468,,true
v_83fde4765e5b985e9015,human_action,test,A person is shining shoes,487,cogvideo,cogvideo/human_action/A person is shining shoes-2.gif,1.0,success,0.178987,,true
v_09df58d4d80c32366df5,human_action,test,A person is shining shoes,488,cogvideo,cogvideo/human_action/A person is shining shoes-3.gif,0.0,success,0.186459,,false
v_39b4fe112b97cf689caa,human_action,test,A person is shining shoes,489,cogvideo,cogvideo/human_action/A person is shining shoes-4.gif,0.0,success,0.183746,,false
v_e18f233dd504bfcacace,human_action,test,A person is shooting basketball,125,cogvideo,cogvideo/human_action/A person is shooting basketball-0.gif,1.0,success,0.177203,,true
v_8ff8f443b4ba89c1e1f3,human_action,test,A person is shooting basketball,126,cogvideo,cogvideo/human_action/A person is shooting basketball-1.gif,1.0,success,0.165127,,true
v_d24ca339b252f3fe6f5a,human_action,test,A person is shooting basketball,127,cogvideo,cogvideo/human_action/A person is shooting basketball-2.gif,1.0,success,0.188561,,true
v_121a0d4e510c3b46e6d3,human_action,test,A person is shooting basketball,128,cogvideo,cogvideo/human_action/A person is shooting basketball-3.gif,1.0,success,0.182662,,true
v_9d776a8bbf66f996384a,human_action,test,A person is shooting basketball,129,cogvideo,cogvideo/human_action/A person is shooting basketball-4.gif,1.0,success,0.174553,,true
v_67c09aacec6a619a83d2,human_action,test,A person is shooting goal (soccer),90,cogvideo,cogvideo/human_action/A person is shooting goal (soccer)-0.gif,1.0,success,0.192939,,true
v_2ed0c4bb31984d3b7d7e,human_action,test,A person is shooting goal (soccer),91,cogvideo,cogvideo/human_action/A person is shooting goal (soccer)-1.gif,1.0,success,0.171711,,true
v_224c26319154a67f7343,human_action,test,A person is shooting goal (soccer),92,cogvideo,cogvideo/human_action/A person is shooting goal (soccer)-2.gif,0.0,success,0.177660,,false
v_644f0b80eff3a8c67283,human_action,test,A person is shooting goal (soccer),93,cogvideo,cogvideo/human_action/A person is shooting goal (soccer)-3.gif,0.0,success,0.168128,,false
v_9f354130c720a09d3a85,human_action,test,A person is shooting goal (soccer),94,cogvideo,cogvideo/human_action/A person is shooting goal (soccer)-4.gif,1.0,success,0.188224,,true
v_73b51b08c852064d0131,human_action,dev,A person is shuffling cards,170,cogvideo,cogvideo/human_action/A person is shuffling cards-0.gif,0.0,success,0.181629,,false
v_2fd6577f7d452ba96653,human_action,dev,A person is shuffling cards,171,cogvideo,cogvideo/human_action/A person is shuffling cards-1.gif,0.0,success,0.180114,,false
v_657b051bf1fa96524d89,human_action,dev,A person is shuffling cards,172,cogvideo,cogvideo/human_action/A person is shuffling cards-2.gif,0.0,success,0.175842,,false
v_c36b5bac6ade35240aa7,human_action,dev,A person is shuffling cards,173,cogvideo,cogvideo/human_action/A person is shuffling cards-3.gif,0.0,success,0.178814,,false
v_3d21a6c796849546a5f0,human_action,dev,A person is shuffling cards,174,cogvideo,cogvideo/human_action/A person is shuffling cards-4.gif,0.0,success,0.173554,,false
v_8c7decd0471bcc0ffab7,human_action,dev,A person is skateboarding,60,cogvideo,cogvideo/human_action/A person is skateboarding-0.gif,1.0,success,0.163240,,true
v_5fb7f6adb030e6b07d10,human_action,dev,A person is skateboarding,61,cogvideo,cogvideo/human_action/A person is skateboarding-1.gif,1.0,success,0.174557,,true
v_4abe650d4f5e093a5207,human_action,dev,A person is skateboarding,62,cogvideo,cogvideo/human_action/A person is skateboarding-2.gif,1.0,success,0.182917,,true
v_8111cbf5883a1f5ad1c7,human_action,dev,A person is skateboarding,63,cogvideo,cogvideo/human_action/A person is skateboarding-3.gif,1.0,success,0.192212,,true
v_1fe7bf985d9517fe1e4e,human_action,dev,A person is skateboarding,64,cogvideo,cogvideo/human_action/A person is skateboarding-4.gif,1.0,success,0.173360,,true
v_c57486bb55a9f0bc7cd1,human_action,dev,A person is skydiving,85,cogvideo,cogvideo/human_action/A person is skydiving-0.gif,1.0,success,0.171274,,true
v_9bd4c85334b2f531373a,human_action,dev,A person is skydiving,86,cogvideo,cogvideo/human_action/A person is skydiving-1.gif,1.0,success,0.163511,,true
v_7c35bee6d9ba494841a1,human_action,dev,A person is skydiving,87,cogvideo,cogvideo/human_action/A person is skydiving-2.gif,1.0,success,0.167018,,true
v_e7dce8704778f28821f6,human_action,dev,A person is skydiving,88,cogvideo,cogvideo/human_action/A person is skydiving-3.gif,1.0,success,0.184170,,true
v_d10129d6d179b98ed490,human_action,dev,A person is skydiving,89,cogvideo,cogvideo/human_action/A person is skydiving-4.gif,1.0,success,0.171902,,true
v_7fe6ada9f5870db53cec,human_action,dev,A person is smoking,180,cogvideo,cogvideo/human_action/A person is smoking-0.gif,1.0,success,0.191983,,true
v_f8ca8aa35e6f2c79ab20,human_action,dev,A person is smoking,181,cogvideo,cogvideo/human_action/A person is smoking-1.gif,1.0,success,0.181197,,true
v_fa91b4547d1fd436ae6f,human_action,dev,A person is smoking,182,cogvideo,cogvideo/human_action/A person is smoking-2.gif,1.0,success,0.180527,,true
v_d9b0a5a6cbbed866d4cf,human_action,dev,A person is smoking,183,cogvideo,cogvideo/human_action/A person is smoking-3.gif,1.0,success,0.186168,,true
v_0332a7b2751590276788,human_action,dev,A person is smoking,184,cogvideo,cogvideo/human_action/A person is smoking-4.gif,1.0,success,0.180352,,true
v_27259b408ba03e546ddf,human_action,test,A person is squat,190,cogvideo,cogvideo/human_action/A person is squat-0.gif,1.0,success,0.179916,,true
v_cbae3c5a33c1a2e0742c,human_action,test,A person is squat,191,cogvideo,cogvideo/human_action/A person is squat-1.gif,1.0,success,0.180551,,true
v_90aa39e7a6eaebf0e39f,human_action,test,A person is squat,192,cogvideo,cogvideo/human_action/A person is squat-2.gif,0.0,success,0.180648,,false
v_15967439df37d36cec41,human_action,test,A person is squat,193,cogvideo,cogvideo/human_action/A person is squat-3.gif,1.0,success,0.177877,,true
v_7ef57c15ceaed70be3c1,human_action,test,A person is squat,194,cogvideo,cogvideo/human_action/A person is squat-4.gif,1.0,success,0.170220,,true
v_607adbc76e84a30c89a4,human_action,test,A person is sticking tongue out,365,cogvideo,cogvideo/human_action/A person is sticking tongue out-0.gif,1.0,success,0.179435,,true
v_f844a5dd8e52544aa138,human_action,test,A person is sticking tongue out,366,cogvideo,cogvideo/human_action/A person is sticking tongue out-1.gif,0.0,success,0.183521,,false
v_519dda0d16abadc84704,human_action,test,A person is sticking tongue out,367,cogvideo,cogvideo/human_action/A person is sticking tongue out-2.gif,1.0,success,0.186009,,true
v_aa568050346ec9390355,human_action,test,A person is sticking tongue out,368,cogvideo,cogvideo/human_action/A person is sticking tongue out-3.gif,1.0,success,0.180007,,true
v_3f67841d59ecfb49be27,human_action,test,A person is sticking tongue out,369,cogvideo,cogvideo/human_action/A person is sticking tongue out-4.gif,1.0,success,0.173203,,true
v_6ab287b63363b46444e3,human_action,dev,A person is stretching leg,75,cogvideo,cogvideo/human_action/A person is stretching leg-0.gif,1.0,success,0.173002,,true
v_b0b6861ba5971c71c0e3,human_action,dev,A person is stretching leg,76,cogvideo,cogvideo/human_action/A person is stretching leg-1.gif,1.0,success,0.174994,,true
v_64f474d636f5385cc33a,human_action,dev,A person is stretching leg,77,cogvideo,cogvideo/human_action/A person is stretching leg-2.gif,1.0,success,0.173120,,true
v_1ff0e8f5e29675ea5e1a,human_action,dev,A person is stretching leg,78,cogvideo,cogvideo/human_action/A person is stretching leg-3.gif,1.0,success,0.179497,,true
v_81959f32efa2cdfc07f3,human_action,dev,A person is stretching leg,79,cogvideo,cogvideo/human_action/A person is stretching leg-4.gif,1.0,success,0.177760,,true
v_17df558975be890e342d,human_action,dev,A person is strumming guitar,385,cogvideo,cogvideo/human_action/A person is strumming guitar-0.gif,1.0,success,0.186277,,true
v_c8b2593e5e43b9ceb3dd,human_action,dev,A person is strumming guitar,386,cogvideo,cogvideo/human_action/A person is strumming guitar-1.gif,0.0,success,0.182992,,false
v_8eaa3c33c261268ed7f1,human_action,dev,A person is strumming guitar,387,cogvideo,cogvideo/human_action/A person is strumming guitar-2.gif,1.0,success,0.183312,,true
v_71a28c5980e798365c68,human_action,dev,A person is strumming guitar,388,cogvideo,cogvideo/human_action/A person is strumming guitar-3.gif,1.0,success,0.186312,,true
v_d627701a524309d24cc5,human_action,dev,A person is strumming guitar,389,cogvideo,cogvideo/human_action/A person is strumming guitar-4.gif,1.0,success,0.182414,,true
v_5871108fad53a04f607b,human_action,test,A person is sweeping floor,55,cogvideo,cogvideo/human_action/A person is sweeping floor-0.gif,0.0,success,0.176576,,false
v_73d1f6c48181a3b4d4f1,human_action,test,A person is sweeping floor,56,cogvideo,cogvideo/human_action/A person is sweeping floor-1.gif,1.0,success,0.173332,,true
v_d3aea6879c8991c5aade,human_action,test,A person is sweeping floor,57,cogvideo,cogvideo/human_action/A person is sweeping floor-2.gif,1.0,success,0.179777,,true
v_fc34ea9d2ffc42083bae,human_action,test,A person is sweeping floor,58,cogvideo,cogvideo/human_action/A person is sweeping floor-3.gif,1.0,success,0.177642,,true
v_ad4dc675bd7d7dd22935,human_action,test,A person is sweeping floor,59,cogvideo,cogvideo/human_action/A person is sweeping floor-4.gif,1.0,success,0.173267,,true
v_22194edf07a1b7cc63c0,human_action,dev,A person is sword fighting,375,cogvideo,cogvideo/human_action/A person is sword fighting-0.gif,0.0,success,0.177301,,false
v_05468c48837c114e6b1f,human_action,dev,A person is sword fighting,376,cogvideo,cogvideo/human_action/A person is sword fighting-1.gif,1.0,success,0.167111,,true
v_a5704accfde8c794a459,human_action,dev,A person is sword fighting,377,cogvideo,cogvideo/human_action/A person is sword fighting-2.gif,1.0,success,0.170593,,true
v_ea8780ea11a17e34d59a,human_action,dev,A person is sword fighting,378,cogvideo,cogvideo/human_action/A person is sword fighting-3.gif,1.0,success,0.190479,,true
v_843dc6dc043bf8e965ba,human_action,dev,A person is sword fighting,379,cogvideo,cogvideo/human_action/A person is sword fighting-4.gif,1.0,success,0.175274,,true
v_055cf28c4b57d0f8d890,human_action,test,A person is tai chi,185,cogvideo,cogvideo/human_action/A person is tai chi-0.gif,1.0,success,0.182655,,true
v_8bc25ac96d73ac349485,human_action,test,A person is tai chi,186,cogvideo,cogvideo/human_action/A person is tai chi-1.gif,1.0,success,0.170672,,true
v_bfe2c6b5813b745d2fee,human_action,test,A person is tai chi,187,cogvideo,cogvideo/human_action/A person is tai chi-2.gif,1.0,success,0.175201,,true
v_d088a62c55f2785f0be1,human_action,test,A person is tai chi,188,cogvideo,cogvideo/human_action/A person is tai chi-3.gif,1.0,success,0.161357,,true
v_22fbf33f55c6b304e590,human_action,test,A person is tai chi,189,cogvideo,cogvideo/human_action/A person is tai chi-4.gif,1.0,success,0.182325,,true
v_6b9deb7559696d4b81ff,human_action,dev,A person is taking a shower,215,cogvideo,cogvideo/human_action/A person is taking a shower-0.gif,1.0,success,0.183744,,true
v_944307eaf8c9c458c401,human_action,dev,A person is taking a shower,216,cogvideo,cogvideo/human_action/A person is taking a shower-1.gif,1.0,success,0.179256,,true
v_a446df92702971f9bcbb,human_action,dev,A person is taking a shower,217,cogvideo,cogvideo/human_action/A person is taking a shower-2.gif,1.0,success,0.182892,,true
v_ce610c5c5805dd220f51,human_action,dev,A person is taking a shower,218,cogvideo,cogvideo/human_action/A person is taking a shower-3.gif,1.0,success,0.185633,,true
v_ec40f7de7ab506c97d32,human_action,dev,A person is taking a shower,219,cogvideo,cogvideo/human_action/A person is taking a shower-4.gif,1.0,success,0.183808,,true
v_5b4317943b6e11daeac2,human_action,test,A person is tasting beer,15,cogvideo,cogvideo/human_action/A person is tasting beer-0.gif,1.0,success,0.178582,,true
v_6b87c14d4125c1cdc2c9,human_action,test,A person is tasting beer,16,cogvideo,cogvideo/human_action/A person is tasting beer-1.gif,1.0,success,0.185131,,true
v_8aa873c9b06a619c3277,human_action,test,A person is tasting beer,17,cogvideo,cogvideo/human_action/A person is tasting beer-2.gif,1.0,success,0.187623,,true
v_d5c7be379302fbce5a01,human_action,test,A person is tasting beer,18,cogvideo,cogvideo/human_action/A person is tasting beer-3.gif,1.0,success,0.194632,,true
v_1ac69a5e38c0d1c408c7,human_action,test,A person is tasting beer,19,cogvideo,cogvideo/human_action/A person is tasting beer-4.gif,1.0,success,0.188652,,true
v_170d3b33f061b44493ce,human_action,test,A person is throwing axe,200,cogvideo,cogvideo/human_action/A person is throwing axe-0.gif,1.0,success,0.163608,,true
v_9c8c68089dde262cc7ab,human_action,test,A person is throwing axe,201,cogvideo,cogvideo/human_action/A person is throwing axe-1.gif,0.0,success,0.175902,,false
v_1b7df4d5f664c25f3999,human_action,test,A person is throwing axe,202,cogvideo,cogvideo/human_action/A person is throwing axe-2.gif,0.0,success,0.173682,,false
v_1aff18efaa87bddca1a4,human_action,test,A person is throwing axe,203,cogvideo,cogvideo/human_action/A person is throwing axe-3.gif,1.0,success,0.179649,,true
v_4460061236e6d2197d6e,human_action,test,A person is throwing axe,204,cogvideo,cogvideo/human_action/A person is throwing axe-4.gif,0.0,success,0.184519,,false
v_bc872a47d429e2376c2a,human_action,test,A person is trimming or shaving beard,295,cogvideo,cogvideo/human_action/A person is trimming or shaving beard-0.gif,1.0,success,0.185996,,true
v_de0983269ac984083b86,human_action,test,A person is trimming or shaving beard,296,cogvideo,cogvideo/human_action/A person is trimming or shaving beard-1.gif,1.0,success,0.186927,,true
v_53666fae973fbe09cbe4,human_action,test,A person is trimming or shaving beard,297,cogvideo,cogvideo/human_action/A person is trimming or shaving beard-2.gif,1.0,success,0.189325,,true
v_ee847a0d16e6579c2cf7,human_action,test,A person is trimming or shaving beard,298,cogvideo,cogvideo/human_action/A person is trimming or shaving beard-3.gif,1.0,success,0.193344,,true
v_02d9606f12f066b846b6,human_action,test,A person is trimming or shaving beard,299,cogvideo,cogvideo/human_action/A person is trimming or shaving beard-4.gif,1.0,success,0.253529,,true
v_f98109651a96851569c8,human_action,test,A person is tying tie,80,cogvideo,cogvideo/human_action/A person is tying tie-0.gif,1.0,success,0.194749,,true
v_d0fc2fded42fe7c4c2fa,human_action,test,A person is tying tie,81,cogvideo,cogvideo/human_action/A person is tying tie-1.gif,1.0,success,0.181452,,true
v_fad5d8c565004d3f396b,human_action,test,A person is tying tie,82,cogvideo,cogvideo/human_action/A person is tying tie-2.gif,1.0,success,0.167456,,true
v_d11d91b182676d9398dc,human_action,test,A person is tying tie,83,cogvideo,cogvideo/human_action/A person is tying tie-3.gif,1.0,success,0.189203,,true
v_85e57eee44d8e8601182,human_action,test,A person is tying tie,84,cogvideo,cogvideo/human_action/A person is tying tie-4.gif,1.0,success,0.197132,,true
v_97600f4755d0d550c9a7,human_action,test,A person is using computer,415,cogvideo,cogvideo/human_action/A person is using computer-0.gif,1.0,success,0.190246,,true
v_bd8fdefb2b804af11a8a,human_action,test,A person is using computer,416,cogvideo,cogvideo/human_action/A person is using computer-1.gif,1.0,success,0.186706,,true
v_08406d64fa00ba89bfa9,human_action,test,A person is using computer,417,cogvideo,cogvideo/human_action/A person is using computer-2.gif,1.0,success,0.186415,,true
v_4f11b0350d619f45a561,human_action,test,A person is using computer,418,cogvideo,cogvideo/human_action/A person is using computer-3.gif,1.0,success,0.180951,,true
v_1d13a6023840ebde5777,human_action,test,A person is using computer,419,cogvideo,cogvideo/human_action/A person is using computer-4.gif,1.0,success,0.174342,,true
v_1f7f6900b9007efc544b,human_action,dev,A person is washing dishes,310,cogvideo,cogvideo/human_action/A person is washing dishes-0.gif,1.0,success,0.182150,,true
v_8282afbcf24434514154,human_action,dev,A person is washing dishes,311,cogvideo,cogvideo/human_action/A person is washing dishes-1.gif,1.0,success,0.176666,,true
v_c1551e43ef3fbc404faa,human_action,dev,A person is washing dishes,312,cogvideo,cogvideo/human_action/A person is washing dishes-2.gif,1.0,success,0.188569,,true
v_744b758cda97c116f20f,human_action,dev,A person is washing dishes,313,cogvideo,cogvideo/human_action/A person is washing dishes-3.gif,0.0,success,0.175432,,false
v_cf7387965b7a1baf9aa7,human_action,dev,A person is washing dishes,314,cogvideo,cogvideo/human_action/A person is washing dishes-4.gif,1.0,success,0.184428,,true
v_3a71794b8373ec8a6fe8,human_action,test,A person is washing hands,275,cogvideo,cogvideo/human_action/A person is washing hands-0.gif,1.0,success,0.178101,,true
v_f40fc57840a45386a854,human_action,test,A person is washing hands,276,cogvideo,cogvideo/human_action/A person is washing hands-1.gif,1.0,success,0.189171,,true
v_f9eb531213e55b0e91e3,human_action,test,A person is washing hands,277,cogvideo,cogvideo/human_action/A person is washing hands-2.gif,1.0,success,0.181931,,true
v_539e1a9561ae01f148b6,human_action,test,A person is washing hands,278,cogvideo,cogvideo/human_action/A person is washing hands-3.gif,1.0,success,0.186673,,true
v_9b88c7d501802e8a6f76,human_action,test,A person is washing hands,279,cogvideo,cogvideo/human_action/A person is washing hands-4.gif,1.0,success,0.180554,,true
v_e6581e9de51058542af7,human_action,dev,A person is wrestling,45,cogvideo,cogvideo/human_action/A person is wrestling-0.gif,1.0,success,0.174620,,true
v_6472ce2479e1a4830df8,human_action,dev,A person is wrestling,46,cogvideo,cogvideo/human_action/A person is wrestling-1.gif,1.0,success,0.179812,,true
v_73b63c3d52fdfb59b394,human_action,dev,A person is wrestling,47,cogvideo,cogvideo/human_action/A person is wrestling-2.gif,1.0,success,0.175763,,true
v_9348dfafd0e03273e0b2,human_action,dev,A person is wrestling,48,cogvideo,cogvideo/human_action/A person is wrestling-3.gif,1.0,success,0.189443,,true
v_ec56b58f875e81592411,human_action,dev,A person is wrestling,49,cogvideo,cogvideo/human_action/A person is wrestling-4.gif,1.0,success,0.182591,,true
v_6411758c5377822f01be,human_action,dev,A person is writing,245,cogvideo,cogvideo/human_action/A person is writing-0.gif,1.0,success,0.182753,,true
v_1490811ae698fc786a04,human_action,dev,A person is writing,246,cogvideo,cogvideo/human_action/A person is writing-1.gif,1.0,success,0.182370,,true
v_15826b983640a05d26a8,human_action,dev,A person is writing,247,cogvideo,cogvideo/human_action/A person is writing-2.gif,1.0,success,0.176051,,true
v_5a59058d58b130d6a571,human_action,dev,A person is writing,248,cogvideo,cogvideo/human_action/A person is writing-3.gif,1.0,success,0.169361,,true
v_224114d6fe12c12407dd,human_action,dev,A person is writing,249,cogvideo,cogvideo/human_action/A person is writing-4.gif,1.0,success,0.180000,,true
v_858d95223739fdb3fb64,human_action,test,A person is air drumming,210,lavie,lavie/human_action/A person is air drumming-0.mp4,1.0,success,0.156001,,true
v_6f02782a2d07013af1c0,human_action,test,A person is air drumming,211,lavie,lavie/human_action/A person is air drumming-1.mp4,1.0,success,0.188672,,true
v_f53c67a7401206c79ba7,human_action,test,A person is air drumming,212,lavie,lavie/human_action/A person is air drumming-2.mp4,1.0,success,0.183425,,true
v_6bda6a8be95520c5bd5b,human_action,test,A person is air drumming,213,lavie,lavie/human_action/A person is air drumming-3.mp4,1.0,success,0.194108,,true
v_d4a7d92c5fc823301658,human_action,test,A person is air drumming,214,lavie,lavie/human_action/A person is air drumming-4.mp4,1.0,success,0.192326,,true
v_58d35d6114fb7587ba31,human_action,dev,A person is archery,395,lavie,lavie/human_action/A person is archery-0.mp4,1.0,success,0.206075,,true
v_07d3adb80fe8fc3fa379,human_action,dev,A person is archery,396,lavie,lavie/human_action/A person is archery-1.mp4,1.0,success,0.201606,,true
v_9ab3941acd2618f1a6df,human_action,dev,A person is archery,397,lavie,lavie/human_action/A person is archery-2.mp4,1.0,success,0.202726,,true
v_1f0fd8546026d5cc7d77,human_action,dev,A person is archery,398,lavie,lavie/human_action/A person is archery-3.mp4,1.0,success,0.197965,,true
v_b102ba32ebdc2db51709,human_action,dev,A person is archery,399,lavie,lavie/human_action/A person is archery-4.mp4,1.0,success,0.195720,,true
v_8527ecdc435386d3f94a,human_action,test,A person is arranging flowers,420,lavie,lavie/human_action/A person is arranging flowers-0.mp4,1.0,success,0.196962,,true
v_dc14b670642389e79353,human_action,test,A person is arranging flowers,421,lavie,lavie/human_action/A person is arranging flowers-1.mp4,1.0,success,0.206510,,true
v_bacca33f4cc3f56363a6,human_action,test,A person is arranging flowers,422,lavie,lavie/human_action/A person is arranging flowers-2.mp4,1.0,success,0.199551,,true
v_01cbecfd7a192a5537db,human_action,test,A person is arranging flowers,423,lavie,lavie/human_action/A person is arranging flowers-3.mp4,1.0,success,0.177746,,true
v_fa83312e8b18dc2e5618,human_action,test,A person is arranging flowers,424,lavie,lavie/human_action/A person is arranging flowers-4.mp4,1.0,success,0.194116,,true
v_47fc4461c6a52e5335ca,human_action,dev,A person is baby waking up,335,lavie,lavie/human_action/A person is baby waking up-0.mp4,1.0,success,0.190526,,true
v_bba440df69193f54bfb8,human_action,dev,A person is baby waking up,336,lavie,lavie/human_action/A person is baby waking up-1.mp4,1.0,success,0.189239,,true
v_80c001afb9f6ab7eed0e,human_action,dev,A person is baby waking up,337,lavie,lavie/human_action/A person is baby waking up-2.mp4,1.0,success,0.194021,,true
v_3683005738cee1f95405,human_action,dev,A person is baby waking up,338,lavie,lavie/human_action/A person is baby waking up-3.mp4,1.0,success,0.191579,,true
v_2d624a5c56abafd82f81,human_action,dev,A person is baby waking up,339,lavie,lavie/human_action/A person is baby waking up-4.mp4,1.0,success,0.188789,,true
v_821c82e94545ecd5816e,human_action,test,A person is bandaging,140,lavie,lavie/human_action/A person is bandaging-0.mp4,1.0,success,0.191697,,true
v_d74a196d3c79684da872,human_action,test,A person is bandaging,141,lavie,lavie/human_action/A person is bandaging-1.mp4,1.0,success,0.192942,,true
v_a52947bb188cdada759a,human_action,test,A person is bandaging,142,lavie,lavie/human_action/A person is bandaging-2.mp4,1.0,success,0.192812,,true
v_0debbd4d445e40d1b774,human_action,test,A person is bandaging,143,lavie,lavie/human_action/A person is bandaging-3.mp4,1.0,success,0.192023,,true
v_cadba6d39630ba09ced6,human_action,test,A person is bandaging,144,lavie,lavie/human_action/A person is bandaging-4.mp4,1.0,success,0.196862,,true
v_259700e5776eeff198e2,human_action,dev,A person is barbequing,470,lavie,lavie/human_action/A person is barbequing-0.mp4,1.0,success,0.213037,,true
v_274063a0117a2c56f59a,human_action,dev,A person is barbequing,471,lavie,lavie/human_action/A person is barbequing-1.mp4,1.0,success,0.215890,,true
v_d9a3886daf82709ec744,human_action,dev,A person is barbequing,472,lavie,lavie/human_action/A person is barbequing-2.mp4,1.0,success,0.207442,,true
v_52c8488e178bca3be3b0,human_action,dev,A person is barbequing,473,lavie,lavie/human_action/A person is barbequing-3.mp4,1.0,success,0.219349,,true
v_a5e5348db78d7335a049,human_action,dev,A person is barbequing,474,lavie,lavie/human_action/A person is barbequing-4.mp4,1.0,success,0.262601,,true
v_028b4027862873e5749c,human_action,test,A person is bending back,130,lavie,lavie/human_action/A person is bending back-0.mp4,1.0,success,0.179448,,true
v_b9014ae27fa5d40e362f,human_action,test,A person is bending back,131,lavie,lavie/human_action/A person is bending back-1.mp4,0.0,success,0.186422,,false
v_624327e361e780515963,human_action,test,A person is bending back,132,lavie,lavie/human_action/A person is bending back-2.mp4,1.0,success,0.178685,,true
v_a665ab67d14391775802,human_action,test,A person is bending back,133,lavie,lavie/human_action/A person is bending back-3.mp4,1.0,success,0.146035,,true
v_add22aa776c413ca329d,human_action,test,A person is bending back,134,lavie,lavie/human_action/A person is bending back-4.mp4,0.0,success,0.183136,,false
v_c32edab9b6f0dfc6c266,human_action,test,A person is bending metal,425,lavie,lavie/human_action/A person is bending metal-0.mp4,1.0,success,0.189231,,true
v_37c561cbf06b45dbbece,human_action,test,A person is bending metal,426,lavie,lavie/human_action/A person is bending metal-1.mp4,1.0,success,0.168514,,true
v_2cc671c8420304fb8095,human_action,test,A person is bending metal,427,lavie,lavie/human_action/A person is bending metal-2.mp4,1.0,success,0.187308,,true
v_e77f124485d5d966a425,human_action,test,A person is bending metal,428,lavie,lavie/human_action/A person is bending metal-3.mp4,1.0,success,0.189158,,true
v_5ed1fbc91326d8161c7f,human_action,test,A person is bending metal,429,lavie,lavie/human_action/A person is bending metal-4.mp4,1.0,success,0.195834,,true
v_8772464690942b332907,human_action,test,A person is brushing teeth,345,lavie,lavie/human_action/A person is brushing teeth-0.mp4,1.0,success,0.188425,,true
v_cbb39398c993a8207291,human_action,test,A person is brushing teeth,346,lavie,lavie/human_action/A person is brushing teeth-1.mp4,1.0,success,0.195090,,true
v_673907a49791c165d93a,human_action,test,A person is brushing teeth,347,lavie,lavie/human_action/A person is brushing teeth-2.mp4,1.0,success,0.190574,,true
v_6d7ab2827e5811c1cf89,human_action,test,A person is brushing teeth,348,lavie,lavie/human_action/A person is brushing teeth-3.mp4,1.0,success,0.196229,,true
v_de719e75e5268ec3f2ff,human_action,test,A person is brushing teeth,349,lavie,lavie/human_action/A person is brushing teeth-4.mp4,1.0,success,0.192604,,true
v_5f1711cfe3ab14f8be6b,human_action,dev,A person is bungee jumping,250,lavie,lavie/human_action/A person is bungee jumping-0.mp4,1.0,success,0.193718,,true
v_7f884860bd8b8f669b15,human_action,dev,A person is bungee jumping,251,lavie,lavie/human_action/A person is bungee jumping-1.mp4,1.0,success,0.198441,,true
v_65f4707b0d5c2e4cb176,human_action,dev,A person is bungee jumping,252,lavie,lavie/human_action/A person is bungee jumping-2.mp4,1.0,success,0.196084,,true
v_24faa088757afe238f93,human_action,dev,A person is bungee jumping,253,lavie,lavie/human_action/A person is bungee jumping-3.mp4,1.0,success,0.197647,,true
v_240d82cf7ef9c654bfd3,human_action,dev,A person is bungee jumping,254,lavie,lavie/human_action/A person is bungee jumping-4.mp4,1.0,success,0.226520,,true
v_1ad92f5701820f0ed268,human_action,test,A person is canoeing or kayaking,105,lavie,lavie/human_action/A person is canoeing or kayaking-0.mp4,1.0,success,0.198822,,true
v_052af6f5fab651cbeb84,human_action,test,A person is canoeing or kayaking,106,lavie,lavie/human_action/A person is canoeing or kayaking-1.mp4,1.0,success,0.199145,,true
v_89a203eb92004040cc1e,human_action,test,A person is canoeing or kayaking,107,lavie,lavie/human_action/A person is canoeing or kayaking-2.mp4,1.0,success,0.224463,,true
v_bf0007dc4f05894d9d43,human_action,test,A person is canoeing or kayaking,108,lavie,lavie/human_action/A person is canoeing or kayaking-3.mp4,1.0,success,0.199524,,true
v_468947f5b1e404153b63,human_action,test,A person is canoeing or kayaking,109,lavie,lavie/human_action/A person is canoeing or kayaking-4.mp4,1.0,success,0.204724,,true
v_e5acadb77cdbb142b7c4,human_action,dev,A person is catching or throwing baseball,400,lavie,lavie/human_action/A person is catching or throwing baseball-0.mp4,1.0,success,0.199136,,true
v_58095e5b0c8d5ba49c3e,human_action,dev,A person is catching or throwing baseball,401,lavie,lavie/human_action/A person is catching or throwing baseball-1.mp4,1.0,success,0.198894,,true
v_055f98ef43282736aa42,human_action,dev,A person is catching or throwing baseball,402,lavie,lavie/human_action/A person is catching or throwing baseball-2.mp4,1.0,success,0.195238,,true
v_0869550793182d0b9d3d,human_action,dev,A person is catching or throwing baseball,403,lavie,lavie/human_action/A person is catching or throwing baseball-3.mp4,1.0,success,0.196515,,true
v_7398b6b49669a716ae7c,human_action,dev,A person is catching or throwing baseball,404,lavie,lavie/human_action/A person is catching or throwing baseball-4.mp4,1.0,success,0.202342,,true
v_ebf72c6f175cd954d048,human_action,test,A person is catching or throwing frisbee,150,lavie,lavie/human_action/A person is catching or throwing frisbee-0.mp4,1.0,success,0.197753,,true
v_106396480b2f578b2b03,human_action,test,A person is catching or throwing frisbee,151,lavie,lavie/human_action/A person is catching or throwing frisbee-1.mp4,1.0,success,0.188048,,true
v_15c798ee226ad970b144,human_action,test,A person is catching or throwing frisbee,152,lavie,lavie/human_action/A person is catching or throwing frisbee-2.mp4,1.0,success,0.205020,,true
v_a8ce1bcc69b283affa4b,human_action,test,A person is catching or throwing frisbee,153,lavie,lavie/human_action/A person is catching or throwing frisbee-3.mp4,0.0,success,0.198901,,false
v_3c3ea4568d8278deb876,human_action,test,A person is catching or throwing frisbee,154,lavie,lavie/human_action/A person is catching or throwing frisbee-4.mp4,1.0,success,0.191335,,true
v_943f6850544f037fc1c4,human_action,test,A person is cheerleading,270,lavie,lavie/human_action/A person is cheerleading-0.mp4,1.0,success,0.207535,,true
v_eb76ded776a8898efca8,human_action,test,A person is cheerleading,271,lavie,lavie/human_action/A person is cheerleading-1.mp4,1.0,success,0.211340,,true
v_821a65e2e5b2917df488,human_action,test,A person is cheerleading,272,lavie,lavie/human_action/A person is cheerleading-2.mp4,1.0,success,0.180817,,true
v_5cac544c010522bd1a8e,human_action,test,A person is cheerleading,273,lavie,lavie/human_action/A person is cheerleading-3.mp4,1.0,success,0.212220,,true
v_d36b1516cfab84c70929,human_action,test,A person is cheerleading,274,lavie,lavie/human_action/A person is cheerleading-4.mp4,1.0,success,0.214389,,true
v_4ed51236fb05628cd697,human_action,dev,A person is clapping,20,lavie,lavie/human_action/A person is clapping-0.mp4,1.0,success,0.178119,,true
v_abb79003b38469c6a36a,human_action,dev,A person is clapping,21,lavie,lavie/human_action/A person is clapping-1.mp4,1.0,success,0.200695,,true
v_1fddde33540a14a5fd7b,human_action,dev,A person is clapping,22,lavie,lavie/human_action/A person is clapping-2.mp4,1.0,success,0.174236,,true
v_ab8d92f4b9a9c884cfa3,human_action,dev,A person is clapping,23,lavie,lavie/human_action/A person is clapping-3.mp4,1.0,success,0.191588,,true
v_2c54650343ad3cdb6196,human_action,dev,A person is clapping,24,lavie,lavie/human_action/A person is clapping-4.mp4,1.0,success,0.202571,,true
v_a32a9133a6d986094b80,human_action,dev,A person is clay pottery making,120,lavie,lavie/human_action/A person is clay pottery making-0.mp4,1.0,success,0.198220,,true
v_55aa9ca9a65ed073ae82,human_action,dev,A person is clay pottery making,121,lavie,lavie/human_action/A person is clay pottery making-1.mp4,1.0,success,0.195379,,true
v_db86c1f5ba75e3bfbfa4,human_action,dev,A person is clay pottery making,122,lavie,lavie/human_action/A person is clay pottery making-2.mp4,1.0,success,0.196348,,true
v_8920276594954b7da5eb,human_action,dev,A person is clay pottery making,123,lavie,lavie/human_action/A person is clay pottery making-3.mp4,1.0,success,0.196939,,true
v_bb272b13711731c9ca02,human_action,dev,A person is clay pottery making,124,lavie,lavie/human_action/A person is clay pottery making-4.mp4,1.0,success,0.185166,,true
v_8fb33599170eeeeae3f6,human_action,dev,A person is cleaning windows,260,lavie,lavie/human_action/A person is cleaning windows-0.mp4,1.0,success,0.184596,,true
v_c206dbdbc9019bdf3fc5,human_action,dev,A person is cleaning windows,261,lavie,lavie/human_action/A person is cleaning windows-1.mp4,1.0,success,0.167306,,true
v_c3fabb767ec7aa6d08ee,human_action,dev,A person is cleaning windows,262,lavie,lavie/human_action/A person is cleaning windows-2.mp4,1.0,success,0.189264,,true
v_5c7cc4d1794929124040,human_action,dev,A person is cleaning windows,263,lavie,lavie/human_action/A person is cleaning windows-3.mp4,1.0,success,0.186692,,true
v_67d74cee240708207bda,human_action,dev,A person is cleaning windows,264,lavie,lavie/human_action/A person is cleaning windows-4.mp4,1.0,success,0.187718,,true
v_ae8468117aa6a17e666a,human_action,test,A person is climbing a rope,435,lavie,lavie/human_action/A person is climbing a rope-0.mp4,1.0,success,0.218818,,true
v_66897c725c880cc5302e,human_action,test,A person is climbing a rope,436,lavie,lavie/human_action/A person is climbing a rope-1.mp4,1.0,success,0.201898,,true
v_f66d86d57412627906b4,human_action,test,A person is climbing a rope,437,lavie,lavie/human_action/A person is climbing a rope-2.mp4,1.0,success,0.215056,,true
v_257775b598a3b8549410,human_action,test,A person is climbing a rope,438,lavie,lavie/human_action/A person is climbing a rope-3.mp4,1.0,success,0.218052,,true
v_176a3c58e8aba64b0660,human_action,test,A person is climbing a rope,439,lavie,lavie/human_action/A person is climbing a rope-4.mp4,1.0,success,0.187120,,true
v_840e752397083b2cca96,human_action,dev,A person is counting money,465,lavie,lavie/human_action/A person is counting money-0.mp4,1.0,success,0.192746,,true
v_750a2c3f45e1383aa75b,human_action,dev,A person is counting money,466,lavie,lavie/human_action/A person is counting money-1.mp4,1.0,success,0.196279,,true
v_f7a89bfae910e046e549,human_action,dev,A person is counting money,467,lavie,lavie/human_action/A person is counting money-2.mp4,1.0,success,0.199521,,true
v_98b730e4b83bfe341923,human_action,dev,A person is counting money,468,lavie,lavie/human_action/A person is counting money-3.mp4,1.0,success,0.206051,,true
v_3eb4b47fc7da663fdf6d,human_action,dev,A person is counting money,469,lavie,lavie/human_action/A person is counting money-4.mp4,1.0,success,0.191647,,true
v_8f487d4862279a150231,human_action,test,A person is crawling baby,350,lavie,lavie/human_action/A person is crawling baby-0.mp4,1.0,success,0.202579,,true
v_8fad28d727f7122c9745,human_action,test,A person is crawling baby,351,lavie,lavie/human_action/A person is crawling baby-1.mp4,1.0,success,0.187459,,true
v_3e901df04941d06b9d5a,human_action,test,A person is crawling baby,352,lavie,lavie/human_action/A person is crawling baby-2.mp4,1.0,success,0.179220,,true
v_8bac672400528f2ead43,human_action,test,A person is crawling baby,353,lavie,lavie/human_action/A person is crawling baby-3.mp4,1.0,success,0.177562,,true
v_448c6d8cedae01ffdd76,human_action,test,A person is crawling baby,354,lavie,lavie/human_action/A person is crawling baby-4.mp4,1.0,success,0.186868,,true
v_4ce18321055694d20ba7,human_action,test,A person is crying,440,lavie,lavie/human_action/A person is crying-0.mp4,1.0,success,0.186751,,true
v_40a16115da9d5a81e2ea,human_action,test,A person is crying,441,lavie,lavie/human_action/A person is crying-1.mp4,1.0,success,0.187895,,true
v_654149171fabe55499a4,human_action,test,A person is crying,442,lavie,lavie/human_action/A person is crying-2.mp4,1.0,success,0.190891,,true
v_d4abebbff8d9d17c122d,human_action,test,A person is crying,443,lavie,lavie/human_action/A person is crying-3.mp4,1.0,success,0.187042,,true
v_63d8c10cee0578679e91,human_action,test,A person is crying,444,lavie,lavie/human_action/A person is crying-4.mp4,1.0,success,0.191153,,true
v_84ff5da7e46a24f795a9,human_action,dev,A person is cutting nails,285,lavie,lavie/human_action/A person is cutting nails-0.mp4,1.0,success,0.189239,,true
v_5c8a2e2e38e5be667308,human_action,dev,A person is cutting nails,286,lavie,lavie/human_action/A person is cutting nails-1.mp4,1.0,success,0.190437,,true
v_bfa394354b2ea73e339a,human_action,dev,A person is cutting nails,287,lavie,lavie/human_action/A person is cutting nails-2.mp4,1.0,success,0.189329,,true
v_8e76b0460a43c6f07e6d,human_action,dev,A person is cutting nails,288,lavie,lavie/human_action/A person is cutting nails-3.mp4,1.0,success,0.190623,,true
v_e5cf6e0f2f58adfc64d6,human_action,dev,A person is cutting nails,289,lavie,lavie/human_action/A person is cutting nails-4.mp4,1.0,success,0.190845,,true
v_29fd87079b99989cf788,human_action,test,A person is cutting watermelon,265,lavie,lavie/human_action/A person is cutting watermelon-0.mp4,1.0,success,0.186354,,true
v_5dec7b3d14e3b8abdc6f,human_action,test,A person is cutting watermelon,266,lavie,lavie/human_action/A person is cutting watermelon-1.mp4,1.0,success,0.191950,,true
v_1ea01437ca5c8245e4cf,human_action,test,A person is cutting watermelon,267,lavie,lavie/human_action/A person is cutting watermelon-2.mp4,1.0,success,0.186951,,true
v_8077a530c2281541e8eb,human_action,test,A person is cutting watermelon,268,lavie,lavie/human_action/A person is cutting watermelon-3.mp4,1.0,success,0.196506,,true
v_2089f7b228d6233c871f,human_action,test,A person is cutting watermelon,269,lavie,lavie/human_action/A person is cutting watermelon-4.mp4,1.0,success,0.192535,,true
v_06bdd0924c6075ba28ce,human_action,dev,A person is dancing ballet,445,lavie,lavie/human_action/A person is dancing ballet-0.mp4,1.0,success,0.190583,,true
v_a0d270864c9e60e62ec6,human_action,dev,A person is dancing ballet,446,lavie,lavie/human_action/A person is dancing ballet-1.mp4,1.0,success,0.185831,,true
v_356c80721b91eac67cee,human_action,dev,A person is dancing ballet,447,lavie,lavie/human_action/A person is dancing ballet-2.mp4,1.0,success,0.188532,,true
v_fd38afb21ee915cd55b6,human_action,dev,A person is dancing ballet,448,lavie,lavie/human_action/A person is dancing ballet-3.mp4,1.0,success,0.190592,,true
v_4cb9f2f854bdc22516fc,human_action,dev,A person is dancing ballet,449,lavie,lavie/human_action/A person is dancing ballet-4.mp4,1.0,success,0.191199,,true
v_2707c8251ca5c88f9c27,human_action,dev,A person is digging,115,lavie,lavie/human_action/A person is digging-0.mp4,1.0,success,0.239772,,true
v_8575ea99b1ea723b89a3,human_action,dev,A person is digging,116,lavie,lavie/human_action/A person is digging-1.mp4,1.0,success,0.240591,,true
v_658733dd1f6717b84460,human_action,dev,A person is digging,117,lavie,lavie/human_action/A person is digging-2.mp4,1.0,success,0.219344,,true
v_b457743cb53f47cef69b,human_action,dev,A person is digging,118,lavie,lavie/human_action/A person is digging-3.mp4,1.0,success,0.247295,,true
v_3e24b6ca522ba84c196e,human_action,dev,A person is digging,119,lavie,lavie/human_action/A person is digging-4.mp4,1.0,success,0.214349,,true
v_9eee3b9924e4fced9f27,human_action,test,A person is doing aerobics,380,lavie,lavie/human_action/A person is doing aerobics-0.mp4,1.0,success,0.188022,,true
v_e73e6a5197ab4cd6b5b6,human_action,test,A person is doing aerobics,381,lavie,lavie/human_action/A person is doing aerobics-1.mp4,1.0,success,0.188215,,true
v_20a982c6ca8733dcab9c,human_action,test,A person is doing aerobics,382,lavie,lavie/human_action/A person is doing aerobics-2.mp4,1.0,success,0.197517,,true
v_f1193d7ada12cb5fe060,human_action,test,A person is doing aerobics,383,lavie,lavie/human_action/A person is doing aerobics-3.mp4,1.0,success,0.162624,,true
v_a219e9003f198ec75954,human_action,test,A person is doing aerobics,384,lavie,lavie/human_action/A person is doing aerobics-4.mp4,1.0,success,0.192692,,true
v_59bbf619732db0909fb5,human_action,test,A person is doing laundry,320,lavie,lavie/human_action/A person is doing laundry-0.mp4,1.0,success,0.191707,,true
v_511572ca5a08043e101c,human_action,test,A person is doing laundry,321,lavie,lavie/human_action/A person is doing laundry-1.mp4,1.0,success,0.200232,,true
v_14346c30a6335b796056,human_action,test,A person is doing laundry,322,lavie,lavie/human_action/A person is doing laundry-2.mp4,1.0,success,0.176942,,true
v_98f58fc42420cb2dbd50,human_action,test,A person is doing laundry,323,lavie,lavie/human_action/A person is doing laundry-3.mp4,1.0,success,0.177683,,true
v_5d1e98f00e6f1442706e,human_action,test,A person is doing laundry,324,lavie,lavie/human_action/A person is doing laundry-4.mp4,1.0,success,0.179161,,true
v_7f0af72e966eabe4cd1c,human_action,test,A person is drawing,25,lavie,lavie/human_action/A person is drawing-0.mp4,1.0,success,0.182511,,true
v_482f99ce80522bc04722,human_action,test,A person is drawing,26,lavie,lavie/human_action/A person is drawing-1.mp4,1.0,success,0.193187,,true
v_b245870613cb0617767b,human_action,test,A person is drawing,27,lavie,lavie/human_action/A person is drawing-2.mp4,1.0,success,0.197256,,true
v_fd59d092b5847064c6e5,human_action,test,A person is drawing,28,lavie,lavie/human_action/A person is drawing-3.mp4,1.0,success,0.199077,,true
v_20522881081ab1445eb1,human_action,test,A person is drawing,29,lavie,lavie/human_action/A person is drawing-4.mp4,1.0,success,0.193179,,true
v_6c79199e7ff2f7e7e136,human_action,test,A person is driving car,360,lavie,lavie/human_action/A person is driving car-0.mp4,1.0,success,0.190584,,true
v_32321e0839ddd6a1d0b2,human_action,test,A person is driving car,361,lavie,lavie/human_action/A person is driving car-1.mp4,1.0,success,0.194368,,true
v_b9048e824d54abcdc283,human_action,test,A person is driving car,362,lavie,lavie/human_action/A person is driving car-2.mp4,1.0,success,0.191917,,true
v_f0bbd23a09a06ad5c2e1,human_action,test,A person is driving car,363,lavie,lavie/human_action/A person is driving car-3.mp4,1.0,success,0.190965,,true
v_567a3e88ea677f082178,human_action,test,A person is driving car,364,lavie,lavie/human_action/A person is driving car-4.mp4,1.0,success,0.194098,,true
v_3e34512d26b62d82478f,human_action,test,A person is dunking basketball,65,lavie,lavie/human_action/A person is dunking basketball-0.mp4,1.0,success,0.208156,,true
v_b9d065ed6e5261ba617f,human_action,test,A person is dunking basketball,66,lavie,lavie/human_action/A person is dunking basketball-1.mp4,1.0,success,0.200633,,true
v_9d255409faea668605d5,human_action,test,A person is dunking basketball,67,lavie,lavie/human_action/A person is dunking basketball-2.mp4,1.0,success,0.205088,,true
v_66049b6fe00f5ca3f4f9,human_action,test,A person is dunking basketball,68,lavie,lavie/human_action/A person is dunking basketball-3.mp4,1.0,success,0.209362,,true
v_fbde2ad4155cadd25725,human_action,test,A person is dunking basketball,69,lavie,lavie/human_action/A person is dunking basketball-4.mp4,1.0,success,0.216613,,true
v_b6a925db6593c09241e9,human_action,dev,A person is eating watermelon,35,lavie,lavie/human_action/A person is eating watermelon-0.mp4,1.0,success,0.194678,,true
v_cd96b5d0c904f2711182,human_action,dev,A person is eating watermelon,36,lavie,lavie/human_action/A person is eating watermelon-1.mp4,1.0,success,0.197351,,true
v_05f068e9a0540193b10d,human_action,dev,A person is eating watermelon,37,lavie,lavie/human_action/A person is eating watermelon-2.mp4,1.0,success,0.194846,,true
v_f985a52a228c31448a57,human_action,dev,A person is eating watermelon,38,lavie,lavie/human_action/A person is eating watermelon-3.mp4,1.0,success,0.191129,,true
v_d4ebbfbceb918de60f95,human_action,dev,A person is eating watermelon,39,lavie,lavie/human_action/A person is eating watermelon-4.mp4,1.0,success,0.197039,,true
v_893c3cff148aae281be2,human_action,test,A person is filling eyebrows,165,lavie,lavie/human_action/A person is filling eyebrows-0.mp4,1.0,success,0.222824,,true
v_22b834567ee4017c5db9,human_action,test,A person is filling eyebrows,166,lavie,lavie/human_action/A person is filling eyebrows-1.mp4,1.0,success,0.179598,,true
v_76a54354ff64dfbc190c,human_action,test,A person is filling eyebrows,167,lavie,lavie/human_action/A person is filling eyebrows-2.mp4,1.0,success,0.188294,,true
v_1541adac2213a45223b7,human_action,test,A person is filling eyebrows,168,lavie,lavie/human_action/A person is filling eyebrows-3.mp4,1.0,success,0.191520,,true
v_f95b9dd0f4d0473ce81d,human_action,test,A person is filling eyebrows,169,lavie,lavie/human_action/A person is filling eyebrows-4.mp4,1.0,success,0.194114,,true
v_a6997763549dc1620a6f,human_action,test,A person is finger snapping,100,lavie,lavie/human_action/A person is finger snapping-0.mp4,1.0,success,0.190880,,true
v_c4be65261fa0329f4b57,human_action,test,A person is finger snapping,101,lavie,lavie/human_action/A person is finger snapping-1.mp4,1.0,success,0.191151,,true
v_f506ebdba0248b77ff13,human_action,test,A person is finger snapping,102,lavie,lavie/human_action/A person is finger snapping-2.mp4,1.0,success,0.186628,,true
v_3de300db77b77e1f4175,human_action,test,A person is finger snapping,103,lavie,lavie/human_action/A person is finger snapping-3.mp4,1.0,success,0.187695,,true
v_50522aabf29dc0ba6436,human_action,test,A person is finger snapping,104,lavie,lavie/human_action/A person is finger snapping-4.mp4,1.0,success,0.192258,,true
v_b5aa8118315a8179444f,human_action,test,A person is flying kite,160,lavie,lavie/human_action/A person is flying kite-0.mp4,1.0,success,0.186185,,true
v_ca96d9b264bbd78ee897,human_action,test,A person is flying kite,161,lavie,lavie/human_action/A person is flying kite-1.mp4,0.0,success,0.190704,,false
v_58f5e03d53c44c18dd5b,human_action,test,A person is flying kite,162,lavie,lavie/human_action/A person is flying kite-2.mp4,1.0,success,0.187175,,true
v_6c9cddf4a66fc035ecc4,human_action,test,A person is flying kite,163,lavie,lavie/human_action/A person is flying kite-3.mp4,1.0,success,0.186160,,true
v_48c01fa19bb64d66d16a,human_action,test,A person is flying kite,164,lavie,lavie/human_action/A person is flying kite-4.mp4,1.0,success,0.189767,,true
v_1ff356814cdb90d2d729,human_action,test,A person is folding clothes,175,lavie,lavie/human_action/A person is folding clothes-0.mp4,1.0,success,0.196999,,true
v_c462eceede947bb642c5,human_action,test,A person is folding clothes,176,lavie,lavie/human_action/A person is folding clothes-1.mp4,1.0,success,0.197110,,true
v_47527495d1615f2fce86,human_action,test,A person is folding clothes,177,lavie,lavie/human_action/A person is folding clothes-2.mp4,1.0,success,0.196842,,true
v_ecd5da539a0eb2e63a4c,human_action,test,A person is folding clothes,178,lavie,lavie/human_action/A person is folding clothes-3.mp4,1.0,success,0.192154,,true
v_bbc2a74665111916c189,human_action,test,A person is folding clothes,179,lavie,lavie/human_action/A person is folding clothes-4.mp4,1.0,success,0.189939,,true
v_c40be236365ec6b47c81,human_action,test,A person is getting a haircut,450,lavie,lavie/human_action/A person is getting a haircut-0.mp4,1.0,success,0.192352,,true
v_6ed04e13059fd95ddd9b,human_action,test,A person is getting a haircut,451,lavie,lavie/human_action/A person is getting a haircut-1.mp4,1.0,success,0.195666,,true
v_30922bc2b2b5b39cb41b,human_action,test,A person is getting a haircut,452,lavie,lavie/human_action/A person is getting a haircut-2.mp4,1.0,success,0.194936,,true
v_386a640479599a780de7,human_action,test,A person is getting a haircut,453,lavie,lavie/human_action/A person is getting a haircut-3.mp4,1.0,success,0.193458,,true
v_ae829dd533185c1e119d,human_action,test,A person is getting a haircut,454,lavie,lavie/human_action/A person is getting a haircut-4.mp4,1.0,success,0.194428,,true
v_a17e57fcfa1145be7636,human_action,dev,A person is giving or receiving award,205,lavie,lavie/human_action/A person is giving or receiving award-0.mp4,1.0,success,0.205061,,true
v_53aa47b8e906fad44bfe,human_action,dev,A person is giving or receiving award,206,lavie,lavie/human_action/A person is giving or receiving award-1.mp4,1.0,success,0.193534,,true
v_311c48861cfd1fef117e,human_action,dev,A person is giving or receiving award,207,lavie,lavie/human_action/A person is giving or receiving award-2.mp4,1.0,success,0.197300,,true
v_3d031b22d0dbfaaef9aa,human_action,dev,A person is giving or receiving award,208,lavie,lavie/human_action/A person is giving or receiving award-3.mp4,1.0,success,0.193752,,true
v_63bef1201af7f9c9e879,human_action,dev,A person is giving or receiving award,209,lavie,lavie/human_action/A person is giving or receiving award-4.mp4,1.0,success,0.191875,,true
v_f02c32dffe220346dac8,human_action,test,A person is grooming dog,315,lavie,lavie/human_action/A person is grooming dog-0.mp4,1.0,success,0.197116,,true
v_e7efae9b3affc7da8bfe,human_action,test,A person is grooming dog,316,lavie,lavie/human_action/A person is grooming dog-1.mp4,1.0,success,0.195800,,true
v_8dc7bd84bef9d3c2bf5e,human_action,test,A person is grooming dog,317,lavie,lavie/human_action/A person is grooming dog-2.mp4,1.0,success,0.198502,,true
v_7986baca440b04ef1cc6,human_action,test,A person is grooming dog,318,lavie,lavie/human_action/A person is grooming dog-3.mp4,1.0,success,0.196354,,true
v_9702774b0c94c80ae738,human_action,test,A person is grooming dog,319,lavie,lavie/human_action/A person is grooming dog-4.mp4,1.0,success,0.194572,,true
v_407bf2d427f546a9dc60,human_action,dev,A person is hugging,290,lavie,lavie/human_action/A person is hugging-0.mp4,1.0,success,0.182129,,true
v_523a3ea99d1b091b4f07,human_action,dev,A person is hugging,291,lavie,lavie/human_action/A person is hugging-1.mp4,1.0,success,0.178740,,true
v_f22daa06352fcbf09bca,human_action,dev,A person is hugging,292,lavie,lavie/human_action/A person is hugging-2.mp4,1.0,success,0.190541,,true
v_b4e10f93789efd44eb5a,human_action,dev,A person is hugging,293,lavie,lavie/human_action/A person is hugging-3.mp4,1.0,success,0.194449,,true
v_e57152df3967fc817df3,human_action,dev,A person is hugging,294,lavie,lavie/human_action/A person is hugging-4.mp4,1.0,success,0.192208,,true
v_5914f576fc5b7ec6a80b,human_action,dev,A person is hula hooping,240,lavie,lavie/human_action/A person is hula hooping-0.mp4,1.0,success,0.194871,,true
v_a704cb98dcacf3db6e1b,human_action,dev,A person is hula hooping,241,lavie,lavie/human_action/A person is hula hooping-1.mp4,1.0,success,0.193162,,true
v_17eead310b8909f2852e,human_action,dev,A person is hula hooping,242,lavie,lavie/human_action/A person is hula hooping-2.mp4,1.0,success,0.189481,,true
v_8af1607d673893694c15,human_action,dev,A person is hula hooping,243,lavie,lavie/human_action/A person is hula hooping-3.mp4,1.0,success,0.192092,,true
v_650c236ade3af9ad7c50,human_action,dev,A person is hula hooping,244,lavie,lavie/human_action/A person is hula hooping-4.mp4,1.0,success,0.208923,,true
v_47cc6daaab916ff04b1d,human_action,dev,A person is ice skating,430,lavie,lavie/human_action/A person is ice skating-0.mp4,1.0,success,0.196148,,true
v_fcb6de216ffbb895053a,human_action,dev,A person is ice skating,431,lavie,lavie/human_action/A person is ice skating-1.mp4,1.0,success,0.187957,,true
v_7c52080de7e9a4f7e0ed,human_action,dev,A person is ice skating,432,lavie,lavie/human_action/A person is ice skating-2.mp4,1.0,success,0.199986,,true
v_031b5c5e1ad0ee7cb5fa,human_action,dev,A person is ice skating,433,lavie,lavie/human_action/A person is ice skating-3.mp4,1.0,success,0.196744,,true
v_3fad88eb86f3eebf64c5,human_action,dev,A person is ice skating,434,lavie,lavie/human_action/A person is ice skating-4.mp4,1.0,success,0.194060,,true
v_a3d9c648cf36d75d4a39,human_action,test,A person is ironing,280,lavie,lavie/human_action/A person is ironing-0.mp4,1.0,success,0.190147,,true
v_d1eb5b99688a7754262d,human_action,test,A person is ironing,281,lavie,lavie/human_action/A person is ironing-1.mp4,1.0,success,0.189596,,true
v_9135c30d043ac15d0c02,human_action,test,A person is ironing,282,lavie,lavie/human_action/A person is ironing-2.mp4,1.0,success,0.189435,,true
v_31ddbb07491707337c2b,human_action,test,A person is ironing,283,lavie,lavie/human_action/A person is ironing-3.mp4,1.0,success,0.191892,,true
v_7512097db48d7c15b8d8,human_action,test,A person is ironing,284,lavie,lavie/human_action/A person is ironing-4.mp4,1.0,success,0.191181,,true
v_82a8eda329edd542f139,human_action,test,A person is jogging,300,lavie,lavie/human_action/A person is jogging-0.mp4,1.0,success,0.192580,,true
v_e6c5e2ed78c6c5f74161,human_action,test,A person is jogging,301,lavie,lavie/human_action/A person is jogging-1.mp4,1.0,success,0.195752,,true
v_66d16cab4e266d785e7a,human_action,test,A person is jogging,302,lavie,lavie/human_action/A person is jogging-2.mp4,1.0,success,0.192941,,true
v_7be512753090679d5826,human_action,test,A person is jogging,303,lavie,lavie/human_action/A person is jogging-3.mp4,1.0,success,0.197557,,true
v_c83aff688004b9229d28,human_action,test,A person is jogging,304,lavie,lavie/human_action/A person is jogging-4.mp4,1.0,success,0.188245,,true
v_ab3e9e79079d04db1d83,human_action,test,A person is kissing,460,lavie,lavie/human_action/A person is kissing-0.mp4,1.0,success,0.186675,,true
v_3124d742445453a4f4c4,human_action,test,A person is kissing,461,lavie,lavie/human_action/A person is kissing-1.mp4,1.0,success,0.196423,,true
v_3a3cbe13f1adbd99cd42,human_action,test,A person is kissing,462,lavie,lavie/human_action/A person is kissing-2.mp4,1.0,success,0.189296,,true
v_333e3190b1b75e74916c,human_action,test,A person is kissing,463,lavie,lavie/human_action/A person is kissing-3.mp4,1.0,success,0.190137,,true
v_b37fef84e282e0808dd6,human_action,test,A person is kissing,464,lavie,lavie/human_action/A person is kissing-4.mp4,1.0,success,0.182120,,true
v_080888b3e1b0b3bdbe79,human_action,dev,A person is knitting,325,lavie,lavie/human_action/A person is knitting-0.mp4,1.0,success,0.202699,,true
v_5f8132ae56cf0936031e,human_action,dev,A person is knitting,326,lavie,lavie/human_action/A person is knitting-1.mp4,1.0,success,0.196347,,true
v_14db4aebc2c724de4ad6,human_action,dev,A person is knitting,327,lavie,lavie/human_action/A person is knitting-2.mp4,1.0,success,0.201846,,true
v_517344e475bdf57232c1,human_action,dev,A person is knitting,328,lavie,lavie/human_action/A person is knitting-3.mp4,1.0,success,0.202363,,true
v_cd78fb6f683b0149a2c2,human_action,dev,A person is knitting,329,lavie,lavie/human_action/A person is knitting-4.mp4,1.0,success,0.200439,,true
v_e92f51adabcf542a372f,human_action,dev,A person is laughing,110,lavie,lavie/human_action/A person is laughing-0.mp4,1.0,success,0.184264,,true
v_45fa5fbc55667348957d,human_action,dev,A person is laughing,111,lavie,lavie/human_action/A person is laughing-1.mp4,1.0,success,0.191156,,true
v_214126b54b9f67f8a418,human_action,dev,A person is laughing,112,lavie,lavie/human_action/A person is laughing-2.mp4,1.0,success,0.189152,,true
v_634bda94cb246dbb56bc,human_action,dev,A person is laughing,113,lavie,lavie/human_action/A person is laughing-3.mp4,1.0,success,0.190378,,true
v_edfccf24704990a0acd5,human_action,dev,A person is laughing,114,lavie,lavie/human_action/A person is laughing-4.mp4,1.0,success,0.193573,,true
v_5b2627243f366bbcd5c7,human_action,dev,A person is making bed,305,lavie,lavie/human_action/A person is making bed-0.mp4,1.0,success,0.187819,,true
v_40ba34d0214c1da40150,human_action,dev,A person is making bed,306,lavie,lavie/human_action/A person is making bed-1.mp4,1.0,success,0.189919,,true
v_89982f536470b2d3fab2,human_action,dev,A person is making bed,307,lavie,lavie/human_action/A person is making bed-2.mp4,1.0,success,0.191746,,true
v_bd0b0fb00c7721e99b44,human_action,dev,A person is making bed,308,lavie,lavie/human_action/A person is making bed-3.mp4,1.0,success,0.192203,,true
v_0add02a88c67016a0a44,human_action,dev,A person is making bed,309,lavie,lavie/human_action/A person is making bed-4.mp4,1.0,success,0.187473,,true
v_c0d14d654cf4cff9cde4,human_action,test,A person is making snowman,490,lavie,lavie/human_action/A person is making snowman-0.mp4,1.0,success,0.194000,,true
v_73051ad48e0deb6015aa,human_action,test,A person is making snowman,491,lavie,lavie/human_action/A person is making snowman-1.mp4,1.0,success,0.191460,,true
v_0770586d3c4fb0a4f5a8,human_action,test,A person is making snowman,492,lavie,lavie/human_action/A person is making snowman-2.mp4,1.0,success,0.196470,,true
v_49f9543b2b5ef7121a86,human_action,test,A person is making snowman,493,lavie,lavie/human_action/A person is making snowman-3.mp4,1.0,success,0.190153,,true
v_38d89c279074ccacb2d1,human_action,test,A person is making snowman,494,lavie,lavie/human_action/A person is making snowman-4.mp4,1.0,success,0.193999,,true
v_6dc3159cf4336f030411,human_action,test,A person is marching,5,lavie,lavie/human_action/A person is marching-0.mp4,1.0,success,0.213693,,true
v_0d37c131b73b625d5cd5,human_action,test,A person is marching,6,lavie,lavie/human_action/A person is marching-1.mp4,1.0,success,0.207035,,true
v_6ac116dabafa5e942ff7,human_action,test,A person is marching,7,lavie,lavie/human_action/A person is marching-2.mp4,1.0,success,0.208174,,true
v_a4f95752a696a474221e,human_action,test,A person is marching,8,lavie,lavie/human_action/A person is marching-3.mp4,1.0,success,0.206868,,true
v_987a7e32c8cc9dc47c68,human_action,test,A person is marching,9,lavie,lavie/human_action/A person is marching-4.mp4,1.0,success,0.205674,,true
v_f7143dc705a0d0167724,human_action,test,A person is massaging legs,340,lavie,lavie/human_action/A person is massaging legs-0.mp4,1.0,success,0.192123,,true
v_0e568b6807d29de84bc6,human_action,test,A person is massaging legs,341,lavie,lavie/human_action/A person is massaging legs-1.mp4,1.0,success,0.191244,,true
v_92a0dc125edd0f581d83,human_action,test,A person is massaging legs,342,lavie,lavie/human_action/A person is massaging legs-2.mp4,1.0,success,0.193488,,true
v_ba276eeb6098a212dad8,human_action,test,A person is massaging legs,343,lavie,lavie/human_action/A person is massaging legs-3.mp4,1.0,success,0.190011,,true
v_02d0384e676d8e667985,human_action,test,A person is massaging legs,344,lavie,lavie/human_action/A person is massaging legs-4.mp4,1.0,success,0.187702,,true
v_e6c06ebe2963eb0efd60,human_action,dev,A person is milking cow,480,lavie,lavie/human_action/A person is milking cow-0.mp4,1.0,success,0.211330,,true
v_bffe58e2e35e05f078aa,human_action,dev,A person is milking cow,481,lavie,lavie/human_action/A person is milking cow-1.mp4,1.0,success,0.217755,,true
v_2b7fab0d0bb371bbc0c7,human_action,dev,A person is milking cow,482,lavie,lavie/human_action/A person is milking cow-2.mp4,1.0,success,0.214021,,true
v_158935989dbf5eec0b75,human_action,dev,A person is milking cow,483,lavie,lavie/human_action/A person is milking cow-3.mp4,1.0,success,0.213728,,true
v_6fcbdbdb4d6b1891a451,human_action,dev,A person is milking cow,484,lavie,lavie/human_action/A person is milking cow-4.mp4,1.0,success,0.210147,,true
v_aae2be2b5da72a26950b,human_action,dev,A person is motorcycling,355,lavie,lavie/human_action/A person is motorcycling-0.mp4,1.0,success,0.198017,,true
v_fbf34420d41db2e7d77b,human_action,dev,A person is motorcycling,356,lavie,lavie/human_action/A person is motorcycling-1.mp4,1.0,success,0.170909,,true
v_e1e4218a18f1bc80aef2,human_action,dev,A person is motorcycling,357,lavie,lavie/human_action/A person is motorcycling-2.mp4,1.0,success,0.199396,,true
v_75a354558c011d6cb1e4,human_action,dev,A person is motorcycling,358,lavie,lavie/human_action/A person is motorcycling-3.mp4,1.0,success,0.197810,,true
v_491868edd3b7b0118083,human_action,dev,A person is motorcycling,359,lavie,lavie/human_action/A person is motorcycling-4.mp4,1.0,success,0.202943,,true
v_81ad377e9e2a8883c953,human_action,dev,A person is peeling apples,475,lavie,lavie/human_action/A person is peeling apples-0.mp4,1.0,success,0.194779,,true
v_6f6b2b0222d8651f82bd,human_action,dev,A person is peeling apples,476,lavie,lavie/human_action/A person is peeling apples-1.mp4,1.0,success,0.197129,,true
v_4da343bac5694cfdaee3,human_action,dev,A person is peeling apples,477,lavie,lavie/human_action/A person is peeling apples-2.mp4,1.0,success,0.194818,,true
v_0d72ca339f1c689a1204,human_action,dev,A person is peeling apples,478,lavie,lavie/human_action/A person is peeling apples-3.mp4,1.0,success,0.218450,,true
v_0768115ac1974fe91a59,human_action,dev,A person is peeling apples,479,lavie,lavie/human_action/A person is peeling apples-4.mp4,1.0,success,0.194471,,true
v_f30ea30698c462c28250,human_action,test,A person is petting animal (not cat),30,lavie,lavie/human_action/A person is petting animal (not cat)-0.mp4,1.0,success,0.190463,,true
v_026ea7a33777e5080ff1,human_action,test,A person is petting animal (not cat),31,lavie,lavie/human_action/A person is petting animal (not cat)-1.mp4,1.0,success,0.194682,,true
v_c3c7b8e50f040f7ff460,human_action,test,A person is petting animal (not cat),32,lavie,lavie/human_action/A person is petting animal (not cat)-2.mp4,1.0,success,0.194091,,true
v_d0238f164b5829ffe8b5,human_action,test,A person is petting animal (not cat),33,lavie,lavie/human_action/A person is petting animal (not cat)-3.mp4,1.0,success,0.197032,,true
v_1e5fae57eabfe85b333a,human_action,test,A person is petting animal (not cat),34,lavie,lavie/human_action/A person is petting animal (not cat)-4.mp4,1.0,success,0.197764,,true
v_896928792359b195daf4,human_action,dev,A person is planting trees,220,lavie,lavie/human_action/A person is planting trees-0.mp4,1.0,success,0.232695,,true
v_2974ef502eacf39d5e91,human_action,dev,A person is planting trees,221,lavie,lavie/human_action/A person is planting trees-1.mp4,1.0,success,0.213931,,true
v_03e8cdcacc2176f8f1db,human_action,dev,A person is planting trees,222,lavie,lavie/human_action/A person is planting trees-2.mp4,1.0,success,0.221427,,true
v_ad7d6c50c0ed8723ca42,human_action,dev,A person is planting trees,223,lavie,lavie/human_action/A person is planting trees-3.mp4,1.0,success,0.200770,,true
v_834e6468800c9708cc12,human_action,dev,A person is planting trees,224,lavie,lavie/human_action/A person is planting trees-4.mp4,1.0,success,0.196197,,true
v_3e1e78a18ccb228d00c4,human_action,test,A person is playing chess,405,lavie,lavie/human_action/A person is playing chess-0.mp4,1.0,success,0.194578,,true
v_c0d1014157c55d1e6350,human_action,test,A person is playing chess,406,lavie,lavie/human_action/A person is playing chess-1.mp4,1.0,success,0.198277,,true
v_2a84256658341c185956,human_action,test,A person is playing chess,407,lavie,lavie/human_action/A person is playing chess-2.mp4,1.0,success,0.171074,,true
v_f0542bed9a9380dd6af4,human_action,test,A person is playing chess,408,lavie,lavie/human_action/A person is playing chess-3.mp4,1.0,success,0.184836,,true
v_16e7e32a548f059531fc,human_action,test,A person is playing chess,409,lavie,lavie/human_action/A person is playing chess-4.mp4,1.0,success,0.199778,,true
v_965c03d9a3b262421434,human_action,dev,A person is playing controller,195,lavie,lavie/human_action/A person is playing controller-0.mp4,1.0,success,0.192223,,true
v_e3e9db63b3668233a68c,human_action,dev,A person is playing controller,196,lavie,lavie/human_action/A person is playing controller-1.mp4,1.0,success,0.189462,,true
v_90ca27401d84cdda5d9f,human_action,dev,A person is playing controller,197,lavie,lavie/human_action/A person is playing controller-2.mp4,1.0,success,0.190480,,true
v_4288207f1e99981072a6,human_action,dev,A person is playing controller,198,lavie,lavie/human_action/A person is playing controller-3.mp4,1.0,success,0.186637,,true
v_5eb897dc756457486bd8,human_action,dev,A person is playing controller,199,lavie,lavie/human_action/A person is playing controller-4.mp4,1.0,success,0.185079,,true
v_23926627bf178118226f,human_action,test,A person is playing flute,70,lavie,lavie/human_action/A person is playing flute-0.mp4,1.0,success,0.195609,,true
v_70dc2d7c529ae4a79898,human_action,test,A person is playing flute,71,lavie,lavie/human_action/A person is playing flute-1.mp4,1.0,success,0.193770,,true
v_90b816eac2f820620f34,human_action,test,A person is playing flute,72,lavie,lavie/human_action/A person is playing flute-2.mp4,1.0,success,0.195655,,true
v_f53871df8336f8615755,human_action,test,A person is playing flute,73,lavie,lavie/human_action/A person is playing flute-3.mp4,1.0,success,0.193749,,true
v_f4bc8d723c62edffc578,human_action,test,A person is playing flute,74,lavie,lavie/human_action/A person is playing flute-4.mp4,1.0,success,0.192257,,true
v_3f9a2845eb4a827adeb7,human_action,test,A person is playing harp,40,lavie,lavie/human_action/A person is playing harp-0.mp4,1.0,success,0.206275,,true
v_b6701712a3c077e490d2,human_action,test,A person is playing harp,41,lavie,lavie/human_action/A person is playing harp-1.mp4,1.0,success,0.202801,,true
v_ca09c9840effe98c232d,human_action,test,A person is playing harp,42,lavie,lavie/human_action/A person is playing harp-2.mp4,1.0,success,0.187383,,true
v_12b49955ba5e662eaf6b,human_action,test,A person is playing harp,43,lavie,lavie/human_action/A person is playing harp-3.mp4,1.0,success,0.189137,,true
v_adff58d5782a95374a00,human_action,test,A person is playing harp,44,lavie,lavie/human_action/A person is playing harp-4.mp4,1.0,success,0.194626,,true
v_2fbc7b13a6a599fa2bd4,human_action,test,A person is playing piano,95,lavie,lavie/human_action/A person is playing piano-0.mp4,1.0,success,0.184892,,true
v_1958bfa53a48f44b4cd8,human_action,test,A person is playing piano,96,lavie,lavie/human_action/A person is playing piano-1.mp4,1.0,success,0.187636,,true
v_aa9ab40a4255f66c0dc9,human_action,test,A person is playing piano,97,lavie,lavie/human_action/A person is playing piano-2.mp4,1.0,success,0.182424,,true
v_51e6de8de53758049db9,human_action,test,A person is playing piano,98,lavie,lavie/human_action/A person is playing piano-3.mp4,1.0,success,0.215304,,true
v_c9bc5c10407ae88cc242,human_action,test,A person is playing piano,99,lavie,lavie/human_action/A person is playing piano-4.mp4,1.0,success,0.195757,,true
v_03e6407f929d13421f08,human_action,dev,A person is playing trumpet,155,lavie,lavie/human_action/A person is playing trumpet-0.mp4,1.0,success,0.200810,,true
v_bb174c63e3667a893298,human_action,dev,A person is playing trumpet,156,lavie,lavie/human_action/A person is playing trumpet-1.mp4,1.0,success,0.195489,,true
v_f0c0772593c9324ac039,human_action,dev,A person is playing trumpet,157,lavie,lavie/human_action/A person is playing trumpet-2.mp4,1.0,success,0.199444,,true
v_013fb1906ced86414a22,human_action,dev,A person is playing trumpet,158,lavie,lavie/human_action/A person is playing trumpet-3.mp4,1.0,success,0.201440,,true
v_a9b74fcac013e17d0891,human_action,dev,A person is playing trumpet,159,lavie,lavie/human_action/A person is playing trumpet-4.mp4,1.0,success,0.194298,,true
v_8799de935b41ff669547,human_action,test,A person is push up,145,lavie,lavie/human_action/A person is push up-0.mp4,1.0,success,0.193562,,true
v_fb87c037aa385a139309,human_action,test,A person is push up,146,lavie,lavie/human_action/A person is push up-1.mp4,1.0,success,0.198168,,true
v_41144a9773f938abff87,human_action,test,A person is push up,147,lavie,lavie/human_action/A person is push up-2.mp4,1.0,success,0.158855,,true
v_78e009f209a743ab81a8,human_action,test,A person is push up,148,lavie,lavie/human_action/A person is push up-3.mp4,1.0,success,0.153889,,true
v_2ada7c3c5cd821a6429c,human_action,test,A person is push up,149,lavie,lavie/human_action/A person is push up-4.mp4,1.0,success,0.188950,,true
v_d835a21f73f2b276d33f,human_action,dev,A person is pushing cart,255,lavie,lavie/human_action/A person is pushing cart-0.mp4,1.0,success,0.193478,,true
v_9f17dfc2cae7b17225c0,human_action,dev,A person is pushing cart,256,lavie,lavie/human_action/A person is pushing cart-1.mp4,1.0,success,0.206510,,true
v_cc1138301a019f4a46b1,human_action,dev,A person is pushing cart,257,lavie,lavie/human_action/A person is pushing cart-2.mp4,1.0,success,0.217424,,true
v_6629674ece9966b597e1,human_action,dev,A person is pushing cart,258,lavie,lavie/human_action/A person is pushing cart-3.mp4,1.0,success,0.200660,,true
v_8048585a2c09df5329b7,human_action,dev,A person is pushing cart,259,lavie,lavie/human_action/A person is pushing cart-4.mp4,1.0,success,0.202094,,true
v_d604f080e6ff8dc89b03,human_action,test,A person is reading book,330,lavie,lavie/human_action/A person is reading book-0.mp4,1.0,success,0.178035,,true
v_097c513a07878caf097a,human_action,test,A person is reading book,331,lavie,lavie/human_action/A person is reading book-1.mp4,1.0,success,0.166479,,true
v_4284129aa5465771a777,human_action,test,A person is reading book,332,lavie,lavie/human_action/A person is reading book-2.mp4,1.0,success,0.191216,,true
v_b94a6832a0da1334ad65,human_action,test,A person is reading book,333,lavie,lavie/human_action/A person is reading book-3.mp4,1.0,success,0.195002,,true
v_83233ccdb9c6057185d7,human_action,test,A person is reading book,334,lavie,lavie/human_action/A person is reading book-4.mp4,1.0,success,0.201842,,true
v_f6af8449f5af9ae7e8f8,human_action,dev,A person is riding a bike,0,lavie,lavie/human_action/A person is riding a bike-0.mp4,1.0,success,0.197680,,true
v_f1a58206efceb080e394,human_action,dev,A person is riding a bike,1,lavie,lavie/human_action/A person is riding a bike-1.mp4,1.0,success,0.197180,,true
v_328cb01404c6d4482d8b,human_action,dev,A person is riding a bike,2,lavie,lavie/human_action/A person is riding a bike-2.mp4,1.0,success,0.191393,,true
v_f39204fab04db9651623,human_action,dev,A person is riding a bike,3,lavie,lavie/human_action/A person is riding a bike-3.mp4,1.0,success,0.200403,,true
v_7ae745fed779bdcf39e5,human_action,dev,A person is riding a bike,4,lavie,lavie/human_action/A person is riding a bike-4.mp4,1.0,success,0.193137,,true
v_070b9eb8048a773217e1,human_action,test,A person is riding or walking with horse,390,lavie,lavie/human_action/A person is riding or walking with horse-0.mp4,1.0,success,0.199729,,true
v_2ea9d47c7db803e6e4a1,human_action,test,A person is riding or walking with horse,391,lavie,lavie/human_action/A person is riding or walking with horse-1.mp4,1.0,success,0.205859,,true
v_2739f4b263651f918540,human_action,test,A person is riding or walking with horse,392,lavie,lavie/human_action/A person is riding or walking with horse-2.mp4,1.0,success,0.251797,,true
v_94cdbbcd083124a433c3,human_action,test,A person is riding or walking with horse,393,lavie,lavie/human_action/A person is riding or walking with horse-3.mp4,1.0,success,0.202317,,true
v_3088437dd3322a6b55ae,human_action,test,A person is riding or walking with horse,394,lavie,lavie/human_action/A person is riding or walking with horse-4.mp4,1.0,success,0.202662,,true
v_b59c499e7e18ebeac2af,human_action,test,A person is riding scooter,50,lavie,lavie/human_action/A person is riding scooter-0.mp4,1.0,success,0.207291,,true
v_f2f7bf70f6edbe8c96f2,human_action,test,A person is riding scooter,51,lavie,lavie/human_action/A person is riding scooter-1.mp4,1.0,success,0.199502,,true
v_9c0de7b69c3b5c7b0e32,human_action,test,A person is riding scooter,52,lavie,lavie/human_action/A person is riding scooter-2.mp4,1.0,success,0.197698,,true
v_ace773292d62ceef4c68,human_action,test,A person is riding scooter,53,lavie,lavie/human_action/A person is riding scooter-3.mp4,1.0,success,0.194115,,true
v_a9ed60c7f2fb71fb6734,human_action,test,A person is riding scooter,54,lavie,lavie/human_action/A person is riding scooter-4.mp4,1.0,success,0.195130,,true
v_2d6539e0808180d720a6,human_action,test,A person is robot dancing,230,lavie,lavie/human_action/A person is robot dancing-0.mp4,1.0,success,0.189378,,true
v_f389cc8bf18a05673e17,human_action,test,A person is robot dancing,231,lavie,lavie/human_action/A person is robot dancing-1.mp4,1.0,success,0.184766,,true
v_285e10b8c3b08cd28e91,human_action,test,A person is robot dancing,232,lavie,lavie/human_action/A person is robot dancing-2.mp4,1.0,success,0.185530,,true
v_534c46d87c78f827bb2e,human_action,test,A person is robot dancing,233,lavie,lavie/human_action/A person is robot dancing-3.mp4,1.0,success,0.184429,,true
v_39bbba5b34d33dc6aa2b,human_action,test,A person is robot dancing,234,lavie,lavie/human_action/A person is robot dancing-4.mp4,1.0,success,0.200635,,true
v_63bcc79c0982499ede50,human_action,dev,A person is rock climbing,235,lavie,lavie/human_action/A person is rock climbing-0.mp4,1.0,success,0.210763,,true
v_b4cc36732d8c3f02af2b,human_action,dev,A person is rock climbing,236,lavie,lavie/human_action/A person is rock climbing-1.mp4,1.0,success,0.210207,,true
v_8f63caa4a4c3937f501b,human_action,dev,A person is rock climbing,237,lavie,lavie/human_action/A person is rock climbing-2.mp4,1.0,success,0.222487,,true
v_888e9106c15f3e99ee5c,human_action,dev,A person is rock climbing,238,lavie,lavie/human_action/A person is rock climbing-3.mp4,1.0,success,0.214266,,true
v_47521ad248c9a78cc7c9,human_action,dev,A person is rock climbing,239,lavie,lavie/human_action/A person is rock climbing-4.mp4,1.0,success,0.216691,,true
v_89b62543605cb4f90944,human_action,test,A person is rock scissors paper,410,lavie,lavie/human_action/A person is rock scissors paper-0.mp4,1.0,success,0.181956,,true
v_e0489060f33eb9b6960a,human_action,test,A person is rock scissors paper,411,lavie,lavie/human_action/A person is rock scissors paper-1.mp4,1.0,success,0.190923,,true
v_a9f03f6d442171855ce8,human_action,test,A person is rock scissors paper,412,lavie,lavie/human_action/A person is rock scissors paper-2.mp4,0.0,success,0.197020,,false
v_f8e6816be96d7f97e300,human_action,test,A person is rock scissors paper,413,lavie,lavie/human_action/A person is rock scissors paper-3.mp4,1.0,success,0.193016,,true
v_02247a740ebe7080f97d,human_action,test,A person is rock scissors paper,414,lavie,lavie/human_action/A person is rock scissors paper-4.mp4,1.0,success,0.191925,,true
v_ce922e82fa12b910d12c,human_action,test,A person is roller skating,10,lavie,lavie/human_action/A person is roller skating-0.mp4,1.0,success,0.189124,,true
v_e53366fdc15f6ecd33ba,human_action,test,A person is roller skating,11,lavie,lavie/human_action/A person is roller skating-1.mp4,1.0,success,0.186720,,true
v_41cb899091ec36d337b8,human_action,test,A person is roller skating,12,lavie,lavie/human_action/A person is roller skating-2.mp4,1.0,success,0.194465,,true
v_8c8b8a39a8c560c2b4b9,human_action,test,A person is roller skating,13,lavie,lavie/human_action/A person is roller skating-3.mp4,1.0,success,0.193302,,true
v_fa6864554b634368bb58,human_action,test,A person is roller skating,14,lavie,lavie/human_action/A person is roller skating-4.mp4,1.0,success,0.190586,,true
v_4ee4b968b93d715574bd,human_action,test,A person is running on treadmill,455,lavie,lavie/human_action/A person is running on treadmill-0.mp4,1.0,success,0.193634,,true
v_eb13e05ea52a865d4b46,human_action,test,A person is running on treadmill,456,lavie,lavie/human_action/A person is running on treadmill-1.mp4,1.0,success,0.190136,,true
v_9c4d82a1f01e39eb4a4e,human_action,test,A person is running on treadmill,457,lavie,lavie/human_action/A person is running on treadmill-2.mp4,1.0,success,0.184079,,true
v_2c3be0d3c16b200f9095,human_action,test,A person is running on treadmill,458,lavie,lavie/human_action/A person is running on treadmill-3.mp4,1.0,success,0.189036,,true
v_2c022169aad8535afa09,human_action,test,A person is running on treadmill,459,lavie,lavie/human_action/A person is running on treadmill-4.mp4,1.0,success,0.195723,,true
v_4713ff0c0805416b409a,human_action,test,A person is sailing,495,lavie,lavie/human_action/A person is sailing-0.mp4,1.0,success,0.190160,,true
v_ba802b7871ed5f441801,human_action,test,A person is sailing,496,lavie,lavie/human_action/A person is sailing-1.mp4,1.0,success,0.199396,,true
v_00b3c09c8eeb02e454c3,human_action,test,A person is sailing,497,lavie,lavie/human_action/A person is sailing-2.mp4,0.0,success,0.195228,,false
v_309e3f0fcebd4f7fac5e,human_action,test,A person is sailing,498,lavie,lavie/human_action/A person is sailing-3.mp4,1.0,success,0.182996,,true
v_9dd065c818b26cc3e74e,human_action,test,A person is sailing,499,lavie,lavie/human_action/A person is sailing-4.mp4,1.0,success,0.185253,,true
v_e4478e2d867e5dfd0c11,human_action,test,A person is shaking hands,135,lavie,lavie/human_action/A person is shaking hands-0.mp4,1.0,success,0.187796,,true
v_18a8ca5285f31920aab1,human_action,test,A person is shaking hands,136,lavie,lavie/human_action/A person is shaking hands-1.mp4,1.0,success,0.188651,,true
v_b1f72f52809f51adf42d,human_action,test,A person is shaking hands,137,lavie,lavie/human_action/A person is shaking hands-2.mp4,1.0,success,0.189432,,true
v_51b9e83e5c766c148cb8,human_action,test,A person is shaking hands,138,lavie,lavie/human_action/A person is shaking hands-3.mp4,1.0,success,0.183806,,true
v_005ad96dd5a8e13b2404,human_action,test,A person is shaking hands,139,lavie,lavie/human_action/A person is shaking hands-4.mp4,1.0,success,0.190406,,true
v_be625be6aec5dae351f7,human_action,test,A person is shaking head,370,lavie,lavie/human_action/A person is shaking head-0.mp4,0.0,success,0.190417,,false
v_ad99ae6eb9b8630bcea1,human_action,test,A person is shaking head,371,lavie,lavie/human_action/A person is shaking head-1.mp4,0.0,success,0.194849,,false
v_5462335ea333c6b8c828,human_action,test,A person is shaking head,372,lavie,lavie/human_action/A person is shaking head-2.mp4,0.0,success,0.183748,,false
v_e9347b37d8b0e00f7cd0,human_action,test,A person is shaking head,373,lavie,lavie/human_action/A person is shaking head-3.mp4,0.0,success,0.191779,,false
v_6bb487fb65378ea5d211,human_action,test,A person is shaking head,374,lavie,lavie/human_action/A person is shaking head-4.mp4,0.0,success,0.186475,,false
v_0bf03d3cb35b769a4046,human_action,test,A person is sharpening knives,225,lavie,lavie/human_action/A person is sharpening knives-0.mp4,1.0,success,0.188561,,true
v_09de8962aa9afd7ea3cc,human_action,test,A person is sharpening knives,226,lavie,lavie/human_action/A person is sharpening knives-1.mp4,1.0,success,0.192975,,true
v_cbb316a76c39e9c0b6dc,human_action,test,A person is sharpening knives,227,lavie,lavie/human_action/A person is sharpening knives-2.mp4,1.0,success,0.194269,,true
v_78d8da834d2590cace6d,human_action,test,A person is sharpening knives,228,lavie,lavie/human_action/A person is sharpening knives-3.mp4,1.0,success,0.194923,,true
v_3016e65e594f66c4fed1,human_action,test,A person is sharpening knives,229,lavie,lavie/human_action/A person is sharpening knives-4.mp4,1.0,success,0.191892,,true
v_afc567dbaf6158330ebd,human_action,test,A person is shining shoes,485,lavie,lavie/human_action/A person is shining shoes-0.mp4,1.0,success,0.188145,,true
v_d9981faf1f242cfcd5b3,human_action,test,A person is shining shoes,486,lavie,lavie/human_action/A person is shining shoes-1.mp4,1.0,success,0.375671,,true
v_aa63c17a805e162503d6,human_action,test,A person is shining shoes,487,lavie,lavie/human_action/A person is shining shoes-2.mp4,1.0,success,0.191448,,true
v_aeac5f3e0ccf6e4aa371,human_action,test,A person is shining shoes,488,lavie,lavie/human_action/A person is shining shoes-3.mp4,1.0,success,0.186471,,true
v_07826afdf28a0a1b4c9e,human_action,test,A person is shining shoes,489,lavie,lavie/human_action/A person is shining shoes-4.mp4,1.0,success,0.184101,,true
v_5be20b354e5ad3b186d1,human_action,test,A person is shooting basketball,125,lavie,lavie/human_action/A person is shooting basketball-0.mp4,1.0,success,0.204605,,true
v_5e406677ef502f64e7c5,human_action,test,A person is shooting basketball,126,lavie,lavie/human_action/A person is shooting basketball-1.mp4,1.0,success,0.213577,,true
v_1956cb78601861bb1ab3,human_action,test,A person is shooting basketball,127,lavie,lavie/human_action/A person is shooting basketball-2.mp4,1.0,success,0.212053,,true
v_2834b69139286ce686cd,human_action,test,A person is shooting basketball,128,lavie,lavie/human_action/A person is shooting basketball-3.mp4,1.0,success,0.210598,,true
v_39b4472ed2981b901e60,human_action,test,A person is shooting basketball,129,lavie,lavie/human_action/A person is shooting basketball-4.mp4,1.0,success,0.201217,,true
v_c5bfb71be15b5c55df5f,human_action,test,A person is shooting goal (soccer),90,lavie,lavie/human_action/A person is shooting goal (soccer)-0.mp4,1.0,success,0.190760,,true
v_e8d77bb7835d4dd2cdb6,human_action,test,A person is shooting goal (soccer),91,lavie,lavie/human_action/A person is shooting goal (soccer)-1.mp4,1.0,success,0.196636,,true
v_c17430dbfcd62e43917d,human_action,test,A person is shooting goal (soccer),92,lavie,lavie/human_action/A person is shooting goal (soccer)-2.mp4,1.0,success,0.195790,,true
v_958a2aece8bb94b2b783,human_action,test,A person is shooting goal (soccer),93,lavie,lavie/human_action/A person is shooting goal (soccer)-3.mp4,1.0,success,0.187216,,true
v_249f88d7451515ad3cb0,human_action,test,A person is shooting goal (soccer),94,lavie,lavie/human_action/A person is shooting goal (soccer)-4.mp4,1.0,success,0.192409,,true
v_b5bb45a93fabc4ac1d18,human_action,dev,A person is shuffling cards,170,lavie,lavie/human_action/A person is shuffling cards-0.mp4,1.0,success,0.191060,,true
v_1d0aff8a5ebf92799b61,human_action,dev,A person is shuffling cards,171,lavie,lavie/human_action/A person is shuffling cards-1.mp4,1.0,success,0.191646,,true
v_32e18b9ae0d9183ef1ab,human_action,dev,A person is shuffling cards,172,lavie,lavie/human_action/A person is shuffling cards-2.mp4,1.0,success,0.188554,,true
v_5ff0ef584fdddebd4695,human_action,dev,A person is shuffling cards,173,lavie,lavie/human_action/A person is shuffling cards-3.mp4,1.0,success,0.191343,,true
v_93313011e254c9b8ed96,human_action,dev,A person is shuffling cards,174,lavie,lavie/human_action/A person is shuffling cards-4.mp4,1.0,success,0.161428,,true
v_1ae8351bb6d33c023a86,human_action,dev,A person is skateboarding,60,lavie,lavie/human_action/A person is skateboarding-0.mp4,1.0,success,0.193418,,true
v_86336b434c75868b922b,human_action,dev,A person is skateboarding,61,lavie,lavie/human_action/A person is skateboarding-1.mp4,1.0,success,0.194666,,true
v_0258d4876b09db99b118,human_action,dev,A person is skateboarding,62,lavie,lavie/human_action/A person is skateboarding-2.mp4,1.0,success,0.194429,,true
v_82e94f948993a515d828,human_action,dev,A person is skateboarding,63,lavie,lavie/human_action/A person is skateboarding-3.mp4,1.0,success,0.202485,,true
v_41572059eb71c1ecc6cd,human_action,dev,A person is skateboarding,64,lavie,lavie/human_action/A person is skateboarding-4.mp4,1.0,success,0.193308,,true
v_94948120bcb77f21069c,human_action,dev,A person is skydiving,85,lavie,lavie/human_action/A person is skydiving-0.mp4,1.0,success,0.191241,,true
v_5bc1be333fb6e552b811,human_action,dev,A person is skydiving,86,lavie,lavie/human_action/A person is skydiving-1.mp4,1.0,success,0.187667,,true
v_6a11d77335c6f5305df1,human_action,dev,A person is skydiving,87,lavie,lavie/human_action/A person is skydiving-2.mp4,1.0,success,0.189353,,true
v_c92f2b8f7553246352d8,human_action,dev,A person is skydiving,88,lavie,lavie/human_action/A person is skydiving-3.mp4,1.0,success,0.192180,,true
v_2c0e5bbf5ba450e37c99,human_action,dev,A person is skydiving,89,lavie,lavie/human_action/A person is skydiving-4.mp4,1.0,success,0.186482,,true
v_4b3224f3b74e4583e462,human_action,dev,A person is smoking,180,lavie,lavie/human_action/A person is smoking-0.mp4,1.0,success,0.188386,,true
v_5a2cdbdc7090a9e4810b,human_action,dev,A person is smoking,181,lavie,lavie/human_action/A person is smoking-1.mp4,1.0,success,0.183357,,true
v_0a2c23672faf5c5d2556,human_action,dev,A person is smoking,182,lavie,lavie/human_action/A person is smoking-2.mp4,1.0,success,0.188084,,true
v_251eb2845ffad894cf3e,human_action,dev,A person is smoking,183,lavie,lavie/human_action/A person is smoking-3.mp4,1.0,success,0.188445,,true
v_ec994d752942cd3cb146,human_action,dev,A person is smoking,184,lavie,lavie/human_action/A person is smoking-4.mp4,1.0,success,0.186833,,true
v_23008f33727b310c55c6,human_action,test,A person is squat,190,lavie,lavie/human_action/A person is squat-0.mp4,0.0,success,0.197234,,false
v_f057ee685b22201a3171,human_action,test,A person is squat,191,lavie,lavie/human_action/A person is squat-1.mp4,0.0,success,0.195150,,false
v_e30fcc3b3cb2fa15fc61,human_action,test,A person is squat,192,lavie,lavie/human_action/A person is squat-2.mp4,0.0,success,0.214408,,false
v_d868b1036af22eae3cd2,human_action,test,A person is squat,193,lavie,lavie/human_action/A person is squat-3.mp4,0.0,success,0.195419,,false
v_0c4e49df052d41c93cc7,human_action,test,A person is squat,194,lavie,lavie/human_action/A person is squat-4.mp4,1.0,success,0.191819,,true
v_cda94dc9092a491b4588,human_action,test,A person is sticking tongue out,365,lavie,lavie/human_action/A person is sticking tongue out-0.mp4,1.0,success,0.188877,,true
v_f959c2fa592f7c6280c9,human_action,test,A person is sticking tongue out,366,lavie,lavie/human_action/A person is sticking tongue out-1.mp4,1.0,success,0.189701,,true
v_1e594de7b6e07dc57b44,human_action,test,A person is sticking tongue out,367,lavie,lavie/human_action/A person is sticking tongue out-2.mp4,1.0,success,0.189676,,true
v_28d770ff8e16be3961cf,human_action,test,A person is sticking tongue out,368,lavie,lavie/human_action/A person is sticking tongue out-3.mp4,1.0,success,0.192706,,true
v_c99d38d12a634046f7ba,human_action,test,A person is sticking tongue out,369,lavie,lavie/human_action/A person is sticking tongue out-4.mp4,1.0,success,0.199996,,true
v_c40b86463ff75234f22b,human_action,dev,A person is stretching leg,75,lavie,lavie/human_action/A person is stretching leg-0.mp4,1.0,success,0.186795,,true
v_80af221d97eefab951e8,human_action,dev,A person is stretching leg,76,lavie,lavie/human_action/A person is stretching leg-1.mp4,1.0,success,0.189770,,true
v_f1eacbb387f1494bf451,human_action,dev,A person is stretching leg,77,lavie,lavie/human_action/A person is stretching leg-2.mp4,1.0,success,0.188075,,true
v_9c235f90efd22fab4938,human_action,dev,A person is stretching leg,78,lavie,lavie/human_action/A person is stretching leg-3.mp4,1.0,success,0.200096,,true
v_cd2a651a53766bdac732,human_action,dev,A person is stretching leg,79,lavie,lavie/human_action/A person is stretching leg-4.mp4,1.0,success,0.191496,,true
v_e592537db4fa059d1ecb,human_action,dev,A person is strumming guitar,385,lavie,lavie/human_action/A person is strumming guitar-0.mp4,1.0,success,0.195439,,true
v_38f18f3c0e4d76725e68,human_action,dev,A person is strumming guitar,386,lavie,lavie/human_action/A person is strumming guitar-1.mp4,1.0,success,0.188201,,true
v_7be10379270e85730405,human_action,dev,A person is strumming guitar,387,lavie,lavie/human_action/A person is strumming guitar-2.mp4,1.0,success,0.192134,,true
v_635d56d9147be9af6385,human_action,dev,A person is strumming guitar,388,lavie,lavie/human_action/A person is strumming guitar-3.mp4,0.0,success,0.192786,,false
v_09cf5af0ff26a75375ee,human_action,dev,A person is strumming guitar,389,lavie,lavie/human_action/A person is strumming guitar-4.mp4,1.0,success,0.192893,,true
v_ee0555c63db0ae24a86a,human_action,test,A person is sweeping floor,55,lavie,lavie/human_action/A person is sweeping floor-0.mp4,1.0,success,0.190622,,true
v_9d0e790a86e2cc34474d,human_action,test,A person is sweeping floor,56,lavie,lavie/human_action/A person is sweeping floor-1.mp4,1.0,success,0.192051,,true
v_d9ed3b4c2232d8f92afe,human_action,test,A person is sweeping floor,57,lavie,lavie/human_action/A person is sweeping floor-2.mp4,1.0,success,0.193417,,true
v_25a1794f6124f8514ccc,human_action,test,A person is sweeping floor,58,lavie,lavie/human_action/A person is sweeping floor-3.mp4,1.0,success,0.188169,,true
v_fa2ba236ffe267f60bb5,human_action,test,A person is sweeping floor,59,lavie,lavie/human_action/A person is sweeping floor-4.mp4,1.0,success,0.192375,,true
v_6706f4e091430eab0380,human_action,dev,A person is sword fighting,375,lavie,lavie/human_action/A person is sword fighting-0.mp4,1.0,success,0.190672,,true
v_3100a4c01062f70b1685,human_action,dev,A person is sword fighting,376,lavie,lavie/human_action/A person is sword fighting-1.mp4,1.0,success,0.192937,,true
v_fca75428e398291d8ed4,human_action,dev,A person is sword fighting,377,lavie,lavie/human_action/A person is sword fighting-2.mp4,1.0,success,0.222235,,true
v_0b1e40c4e367fdc41968,human_action,dev,A person is sword fighting,378,lavie,lavie/human_action/A person is sword fighting-3.mp4,1.0,success,0.192224,,true
v_11620efcf8325be615e9,human_action,dev,A person is sword fighting,379,lavie,lavie/human_action/A person is sword fighting-4.mp4,1.0,success,0.185338,,true
v_a0065f771d5c9fd0c405,human_action,test,A person is tai chi,185,lavie,lavie/human_action/A person is tai chi-0.mp4,1.0,success,0.204568,,true
v_bd5127bcae4ea7e2166d,human_action,test,A person is tai chi,186,lavie,lavie/human_action/A person is tai chi-1.mp4,1.0,success,0.215731,,true
v_6bf114fcbc5294022bea,human_action,test,A person is tai chi,187,lavie,lavie/human_action/A person is tai chi-2.mp4,1.0,success,0.208560,,true
v_fb5aed93ac5b3a4b0520,human_action,test,A person is tai chi,188,lavie,lavie/human_action/A person is tai chi-3.mp4,1.0,success,0.204839,,true
v_d458e7ed579b2305ecc9,human_action,test,A person is tai chi,189,lavie,lavie/human_action/A person is tai chi-4.mp4,1.0,success,0.197203,,true
v_9701f9b8a68d22ee9b04,human_action,dev,A person is taking a shower,215,lavie,lavie/human_action/A person is taking a shower-0.mp4,1.0,success,0.187328,,true
v_d4c211001699e4b332ce,human_action,dev,A person is taking a shower,216,lavie,lavie/human_action/A person is taking a shower-1.mp4,1.0,success,0.183664,,true
v_c812f707dc6a16c280b7,human_action,dev,A person is taking a shower,217,lavie,lavie/human_action/A person is taking a shower-2.mp4,1.0,success,0.186586,,true
v_3c43b5709878168e3350,human_action,dev,A person is taking a shower,218,lavie,lavie/human_action/A person is taking a shower-3.mp4,1.0,success,0.188693,,true
v_0e6c1ea812015feca853,human_action,dev,A person is taking a shower,219,lavie,lavie/human_action/A person is taking a shower-4.mp4,1.0,success,0.190200,,true
v_f73f09ca6bd4736ec98d,human_action,test,A person is tasting beer,15,lavie,lavie/human_action/A person is tasting beer-0.mp4,1.0,success,0.182453,,true
v_9f9a1dd0f601cbe26fa6,human_action,test,A person is tasting beer,16,lavie,lavie/human_action/A person is tasting beer-1.mp4,1.0,success,0.185694,,true
v_cf82ae45db2e73aa6864,human_action,test,A person is tasting beer,17,lavie,lavie/human_action/A person is tasting beer-2.mp4,1.0,success,0.193763,,true
v_6c06b2735c7ea3a0bb7b,human_action,test,A person is tasting beer,18,lavie,lavie/human_action/A person is tasting beer-3.mp4,1.0,success,0.192730,,true
v_fe00f94a4644e94a86c6,human_action,test,A person is tasting beer,19,lavie,lavie/human_action/A person is tasting beer-4.mp4,1.0,success,0.192032,,true
v_7577a95a71f6449fdbfa,human_action,test,A person is throwing axe,200,lavie,lavie/human_action/A person is throwing axe-0.mp4,1.0,success,0.192642,,true
v_e7eb36f97fd69a9f295c,human_action,test,A person is throwing axe,201,lavie,lavie/human_action/A person is throwing axe-1.mp4,1.0,success,0.193196,,true
v_7be0ceaa7020e7e1bcad,human_action,test,A person is throwing axe,202,lavie,lavie/human_action/A person is throwing axe-2.mp4,1.0,success,0.187490,,true
v_19d8c37fc6dcbfd4dce2,human_action,test,A person is throwing axe,203,lavie,lavie/human_action/A person is throwing axe-3.mp4,1.0,success,0.193184,,true
v_7c49293707cff0c2d08e,human_action,test,A person is throwing axe,204,lavie,lavie/human_action/A person is throwing axe-4.mp4,1.0,success,0.222914,,true
v_92471a7637ed2f7b5ef8,human_action,test,A person is trimming or shaving beard,295,lavie,lavie/human_action/A person is trimming or shaving beard-0.mp4,1.0,success,0.197371,,true
v_0045345e7f7c92fbf8ff,human_action,test,A person is trimming or shaving beard,296,lavie,lavie/human_action/A person is trimming or shaving beard-1.mp4,1.0,success,0.196440,,true
v_9bbed8f968636fee6b1e,human_action,test,A person is trimming or shaving beard,297,lavie,lavie/human_action/A person is trimming or shaving beard-2.mp4,1.0,success,0.194719,,true
v_c4ac91f1e6d982d17f89,human_action,test,A person is trimming or shaving beard,298,lavie,lavie/human_action/A person is trimming or shaving beard-3.mp4,1.0,success,0.190377,,true
v_c5c268f07ecf264501bb,human_action,test,A person is trimming or shaving beard,299,lavie,lavie/human_action/A person is trimming or shaving beard-4.mp4,1.0,success,0.198963,,true
v_911c50da33abd4f56f81,human_action,test,A person is tying tie,80,lavie,lavie/human_action/A person is tying tie-0.mp4,1.0,success,0.192526,,true
v_6359100ed910b7cc6a70,human_action,test,A person is tying tie,81,lavie,lavie/human_action/A person is tying tie-1.mp4,1.0,success,0.193164,,true
v_37442968c88c727c6466,human_action,test,A person is tying tie,82,lavie,lavie/human_action/A person is tying tie-2.mp4,1.0,success,0.191127,,true
v_f32502cf7993802d4ee8,human_action,test,A person is tying tie,83,lavie,lavie/human_action/A person is tying tie-3.mp4,1.0,success,0.189370,,true
v_f9335926a4c642016780,human_action,test,A person is tying tie,84,lavie,lavie/human_action/A person is tying tie-4.mp4,1.0,success,0.188963,,true
v_fc2e08b6ec02f5775773,human_action,test,A person is using computer,415,lavie,lavie/human_action/A person is using computer-0.mp4,1.0,success,0.189403,,true
v_0f9eaca97bc0d060f9e0,human_action,test,A person is using computer,416,lavie,lavie/human_action/A person is using computer-1.mp4,1.0,success,0.186257,,true
v_3a13dd43a18790b16713,human_action,test,A person is using computer,417,lavie,lavie/human_action/A person is using computer-2.mp4,1.0,success,0.190827,,true
v_df2721cb461aa8302635,human_action,test,A person is using computer,418,lavie,lavie/human_action/A person is using computer-3.mp4,1.0,success,0.188071,,true
v_094143ead2110a80ca61,human_action,test,A person is using computer,419,lavie,lavie/human_action/A person is using computer-4.mp4,1.0,success,0.188863,,true
v_1c76da7523805247b21f,human_action,dev,A person is washing dishes,310,lavie,lavie/human_action/A person is washing dishes-0.mp4,1.0,success,0.189419,,true
v_2077ea9dc62d54494e2f,human_action,dev,A person is washing dishes,311,lavie,lavie/human_action/A person is washing dishes-1.mp4,1.0,success,0.190920,,true
v_506a421579104f58f63d,human_action,dev,A person is washing dishes,312,lavie,lavie/human_action/A person is washing dishes-2.mp4,1.0,success,0.187571,,true
v_f99ef6d71b569ea49b4f,human_action,dev,A person is washing dishes,313,lavie,lavie/human_action/A person is washing dishes-3.mp4,1.0,success,0.190475,,true
v_1e9d9c12cae28d810018,human_action,dev,A person is washing dishes,314,lavie,lavie/human_action/A person is washing dishes-4.mp4,1.0,success,0.189440,,true
v_e785384e21c5f3b79d69,human_action,test,A person is washing hands,275,lavie,lavie/human_action/A person is washing hands-0.mp4,1.0,success,0.191423,,true
v_4e61dad5d8ca8926e783,human_action,test,A person is washing hands,276,lavie,lavie/human_action/A person is washing hands-1.mp4,1.0,success,0.187491,,true
v_c990b2bd0ee2f07027c4,human_action,test,A person is washing hands,277,lavie,lavie/human_action/A person is washing hands-2.mp4,1.0,success,0.192876,,true
v_6845521dbc9fd6d1bbf1,human_action,test,A person is washing hands,278,lavie,lavie/human_action/A person is washing hands-3.mp4,1.0,success,0.186911,,true
v_167201576158adc16743,human_action,test,A person is washing hands,279,lavie,lavie/human_action/A person is washing hands-4.mp4,1.0,success,0.190904,,true
v_7c2b8e30be0d8bbb8fa8,human_action,dev,A person is wrestling,45,lavie,lavie/human_action/A person is wrestling-0.mp4,1.0,success,0.180701,,true
v_48add398145c49316590,human_action,dev,A person is wrestling,46,lavie,lavie/human_action/A person is wrestling-1.mp4,1.0,success,0.191469,,true
v_1fa2c2d9ce4e0fe7cdbd,human_action,dev,A person is wrestling,47,lavie,lavie/human_action/A person is wrestling-2.mp4,1.0,success,0.195766,,true
v_d9b3e5f31f4594b0b140,human_action,dev,A person is wrestling,48,lavie,lavie/human_action/A person is wrestling-3.mp4,1.0,success,0.197588,,true
v_dd8f168002d51ae48bf7,human_action,dev,A person is wrestling,49,lavie,lavie/human_action/A person is wrestling-4.mp4,1.0,success,0.202333,,true
v_3a929204bcfac5e0966e,human_action,dev,A person is writing,245,lavie,lavie/human_action/A person is writing-0.mp4,1.0,success,0.188525,,true
v_3f519bc73124ee9c862d,human_action,dev,A person is writing,246,lavie,lavie/human_action/A person is writing-1.mp4,1.0,success,0.190222,,true
v_56a3de84efc6e07a89de,human_action,dev,A person is writing,247,lavie,lavie/human_action/A person is writing-2.mp4,1.0,success,0.194056,,true
v_ba7ffcadd949c51de02b,human_action,dev,A person is writing,248,lavie,lavie/human_action/A person is writing-3.mp4,1.0,success,0.192967,,true
v_b3a73d9a3a811621ed6d,human_action,dev,A person is writing,249,lavie,lavie/human_action/A person is writing-4.mp4,1.0,success,0.177286,,true
v_cdf2abee502f6f660c6f,human_action,test,A person is air drumming,210,modelscope,modelscope/human_action/A person is air drumming-0.mp4,1.0,success,0.161560,,true
v_51ed23dd2478344f6a2e,human_action,test,A person is air drumming,211,modelscope,modelscope/human_action/A person is air drumming-1.mp4,1.0,success,0.114520,,true
v_5d6aca79680aaaa2d40a,human_action,test,A person is air drumming,212,modelscope,modelscope/human_action/A person is air drumming-2.mp4,0.0,success,0.113942,,false
v_2c38f9a53fafe9804e37,human_action,test,A person is air drumming,213,modelscope,modelscope/human_action/A person is air drumming-3.mp4,1.0,success,0.113543,,true
v_f5717d6b4057a3f8d1f3,human_action,test,A person is air drumming,214,modelscope,modelscope/human_action/A person is air drumming-4.mp4,0.0,success,0.112404,,false
v_4129ccdf96ac9eae7773,human_action,dev,A person is archery,395,modelscope,modelscope/human_action/A person is archery-0.mp4,1.0,success,0.115318,,true
v_516607715aaa1e34d441,human_action,dev,A person is archery,396,modelscope,modelscope/human_action/A person is archery-1.mp4,1.0,success,0.115105,,true
v_6a13fa1bfc3ba456302b,human_action,dev,A person is archery,397,modelscope,modelscope/human_action/A person is archery-2.mp4,1.0,success,0.113886,,true
v_8d41b2673155dab39765,human_action,dev,A person is archery,398,modelscope,modelscope/human_action/A person is archery-3.mp4,1.0,success,0.112033,,true
v_86fd94cdd6955fd6646c,human_action,dev,A person is archery,399,modelscope,modelscope/human_action/A person is archery-4.mp4,1.0,success,0.116359,,true
v_5e73322ffe84592d138d,human_action,test,A person is arranging flowers,420,modelscope,modelscope/human_action/A person is arranging flowers-0.mp4,1.0,success,0.111667,,true
v_8df8d77e5af4d46a177b,human_action,test,A person is arranging flowers,421,modelscope,modelscope/human_action/A person is arranging flowers-1.mp4,1.0,success,0.114025,,true
v_fb1a054beb1f329eb30a,human_action,test,A person is arranging flowers,422,modelscope,modelscope/human_action/A person is arranging flowers-2.mp4,1.0,success,0.115831,,true
v_dd6f5c0ac666342e709f,human_action,test,A person is arranging flowers,423,modelscope,modelscope/human_action/A person is arranging flowers-3.mp4,1.0,success,0.115758,,true
v_051affa24776cccc1f8d,human_action,test,A person is arranging flowers,424,modelscope,modelscope/human_action/A person is arranging flowers-4.mp4,1.0,success,0.114659,,true
v_a98e300ebc50ac1f3abd,human_action,dev,A person is baby waking up,335,modelscope,modelscope/human_action/A person is baby waking up-0.mp4,0.0,success,0.112961,,false
v_faceeb609a0ca047bc72,human_action,dev,A person is baby waking up,336,modelscope,modelscope/human_action/A person is baby waking up-1.mp4,1.0,success,0.111782,,true
v_575c68e87490cdbabcd0,human_action,dev,A person is baby waking up,337,modelscope,modelscope/human_action/A person is baby waking up-2.mp4,0.0,success,0.112874,,false
v_194dede253561f5b6e27,human_action,dev,A person is baby waking up,338,modelscope,modelscope/human_action/A person is baby waking up-3.mp4,1.0,success,0.114909,,true
v_8bd25c6c6ee10e117465,human_action,dev,A person is baby waking up,339,modelscope,modelscope/human_action/A person is baby waking up-4.mp4,1.0,success,0.115084,,true
v_d3af6378095b63a7c192,human_action,test,A person is bandaging,140,modelscope,modelscope/human_action/A person is bandaging-0.mp4,1.0,success,0.114177,,true
v_7b8200fa0470487b904f,human_action,test,A person is bandaging,141,modelscope,modelscope/human_action/A person is bandaging-1.mp4,1.0,success,0.113453,,true
v_a09f949d70ec7573d640,human_action,test,A person is bandaging,142,modelscope,modelscope/human_action/A person is bandaging-2.mp4,1.0,success,0.113749,,true
v_e14838d3f131415d3ee0,human_action,test,A person is bandaging,143,modelscope,modelscope/human_action/A person is bandaging-3.mp4,1.0,success,0.115589,,true
v_5089b9cb5c59dfa5f09e,human_action,test,A person is bandaging,144,modelscope,modelscope/human_action/A person is bandaging-4.mp4,1.0,success,0.115887,,true
v_07983875b1604faf28fd,human_action,dev,A person is barbequing,470,modelscope,modelscope/human_action/A person is barbequing-0.mp4,1.0,success,0.117187,,true
v_3a0176446b80be7e7d72,human_action,dev,A person is barbequing,471,modelscope,modelscope/human_action/A person is barbequing-1.mp4,1.0,success,0.115055,,true
v_fe19b52339c3c328f334,human_action,dev,A person is barbequing,472,modelscope,modelscope/human_action/A person is barbequing-2.mp4,1.0,success,0.114765,,true
v_c147e74c939af27cb201,human_action,dev,A person is barbequing,473,modelscope,modelscope/human_action/A person is barbequing-3.mp4,1.0,success,0.116235,,true
v_ebd1f98b100d96bc66c9,human_action,dev,A person is barbequing,474,modelscope,modelscope/human_action/A person is barbequing-4.mp4,1.0,success,0.115432,,true
v_36bd1505d3b1be8bf0ed,human_action,test,A person is bending back,130,modelscope,modelscope/human_action/A person is bending back-0.mp4,0.0,success,0.115709,,false
v_b0aa4c581ed46a2ae758,human_action,test,A person is bending back,131,modelscope,modelscope/human_action/A person is bending back-1.mp4,1.0,success,0.111782,,true
v_32208137fb837812aa9d,human_action,test,A person is bending back,132,modelscope,modelscope/human_action/A person is bending back-2.mp4,1.0,success,0.113065,,true
v_f883f5373a51d8ad6342,human_action,test,A person is bending back,133,modelscope,modelscope/human_action/A person is bending back-3.mp4,0.0,success,0.116400,,false
v_5da8cdb601a451f56aad,human_action,test,A person is bending back,134,modelscope,modelscope/human_action/A person is bending back-4.mp4,1.0,success,0.114084,,true
v_7b122ee8f6428d70ff30,human_action,test,A person is bending metal,425,modelscope,modelscope/human_action/A person is bending metal-0.mp4,1.0,success,0.119688,,true
v_0ec18f84affffa48865b,human_action,test,A person is bending metal,426,modelscope,modelscope/human_action/A person is bending metal-1.mp4,1.0,success,0.114077,,true
v_0326294ad56b28fcb53c,human_action,test,A person is bending metal,427,modelscope,modelscope/human_action/A person is bending metal-2.mp4,1.0,success,0.114473,,true
v_af2fce43dea1570066f0,human_action,test,A person is bending metal,428,modelscope,modelscope/human_action/A person is bending metal-3.mp4,1.0,success,0.115030,,true
v_964cb940c029e4fc6a33,human_action,test,A person is bending metal,429,modelscope,modelscope/human_action/A person is bending metal-4.mp4,1.0,success,0.116887,,true
v_71bb09cb67ddbbd56ca9,human_action,test,A person is brushing teeth,345,modelscope,modelscope/human_action/A person is brushing teeth-0.mp4,1.0,success,0.110612,,true
v_966ac35dc8e15482c4db,human_action,test,A person is brushing teeth,346,modelscope,modelscope/human_action/A person is brushing teeth-1.mp4,1.0,success,0.112073,,true
v_e9aae7c85dcf7186affe,human_action,test,A person is brushing teeth,347,modelscope,modelscope/human_action/A person is brushing teeth-2.mp4,1.0,success,0.115372,,true
v_c9de9f6ec4ffc2a39d8b,human_action,test,A person is brushing teeth,348,modelscope,modelscope/human_action/A person is brushing teeth-3.mp4,1.0,success,0.110222,,true
v_8f070841dada8c945c1c,human_action,test,A person is brushing teeth,349,modelscope,modelscope/human_action/A person is brushing teeth-4.mp4,1.0,success,0.111814,,true
v_9cfd1449b6d79bcc4139,human_action,dev,A person is bungee jumping,250,modelscope,modelscope/human_action/A person is bungee jumping-0.mp4,1.0,success,0.118177,,true
v_36a66fcc9d0a6c447e81,human_action,dev,A person is bungee jumping,251,modelscope,modelscope/human_action/A person is bungee jumping-1.mp4,1.0,success,0.114918,,true
v_2140f3759fc89b2ecc1c,human_action,dev,A person is bungee jumping,252,modelscope,modelscope/human_action/A person is bungee jumping-2.mp4,1.0,success,0.115298,,true
v_d526482da17b559c7bf5,human_action,dev,A person is bungee jumping,253,modelscope,modelscope/human_action/A person is bungee jumping-3.mp4,1.0,success,0.114334,,true
v_3852f175ec0b31c16c48,human_action,dev,A person is bungee jumping,254,modelscope,modelscope/human_action/A person is bungee jumping-4.mp4,1.0,success,0.116984,,true
v_e66315a5ae6bc5fd9a1a,human_action,test,A person is canoeing or kayaking,105,modelscope,modelscope/human_action/A person is canoeing or kayaking-0.mp4,1.0,success,0.113943,,true
v_1a2e48de04b03d18fbc0,human_action,test,A person is canoeing or kayaking,106,modelscope,modelscope/human_action/A person is canoeing or kayaking-1.mp4,1.0,success,0.113725,,true
v_82aec8a2293cf08ff0e9,human_action,test,A person is canoeing or kayaking,107,modelscope,modelscope/human_action/A person is canoeing or kayaking-2.mp4,1.0,success,0.113986,,true
v_8b7fe364b4db626843e3,human_action,test,A person is canoeing or kayaking,108,modelscope,modelscope/human_action/A person is canoeing or kayaking-3.mp4,1.0,success,0.113711,,true
v_5ec4ba92f963273a4134,human_action,test,A person is canoeing or kayaking,109,modelscope,modelscope/human_action/A person is canoeing or kayaking-4.mp4,1.0,success,0.114659,,true
v_4d6a4eb1d2b5cf1130a3,human_action,dev,A person is catching or throwing baseball,400,modelscope,modelscope/human_action/A person is catching or throwing baseball-0.mp4,1.0,success,0.111621,,true
v_c058a87eb7894683bfce,human_action,dev,A person is catching or throwing baseball,401,modelscope,modelscope/human_action/A person is catching or throwing baseball-1.mp4,1.0,success,0.111754,,true
v_07ce759a94dbb0e065c5,human_action,dev,A person is catching or throwing baseball,402,modelscope,modelscope/human_action/A person is catching or throwing baseball-2.mp4,0.0,success,0.121260,,false
v_8cc4c6989a8255819921,human_action,dev,A person is catching or throwing baseball,403,modelscope,modelscope/human_action/A person is catching or throwing baseball-3.mp4,1.0,success,0.115378,,true
v_f1287bedbb608afd9812,human_action,dev,A person is catching or throwing baseball,404,modelscope,modelscope/human_action/A person is catching or throwing baseball-4.mp4,1.0,success,0.113512,,true
v_123cd13d2f37255a4098,human_action,test,A person is catching or throwing frisbee,150,modelscope,modelscope/human_action/A person is catching or throwing frisbee-0.mp4,1.0,success,0.115748,,true
v_9741883a76c73d37cce8,human_action,test,A person is catching or throwing frisbee,151,modelscope,modelscope/human_action/A person is catching or throwing frisbee-1.mp4,1.0,success,0.113717,,true
v_3a19c38b022f9bd19471,human_action,test,A person is catching or throwing frisbee,152,modelscope,modelscope/human_action/A person is catching or throwing frisbee-2.mp4,1.0,success,0.113226,,true
v_b85c94e5d306eb714e1c,human_action,test,A person is catching or throwing frisbee,153,modelscope,modelscope/human_action/A person is catching or throwing frisbee-3.mp4,1.0,success,0.113076,,true
v_7067b90f63dff8616d52,human_action,test,A person is catching or throwing frisbee,154,modelscope,modelscope/human_action/A person is catching or throwing frisbee-4.mp4,1.0,success,0.111368,,true
v_4cb4d0d93684498060cc,human_action,test,A person is cheerleading,270,modelscope,modelscope/human_action/A person is cheerleading-0.mp4,1.0,success,0.116175,,true
v_9c7d558c9af0ad0b0b04,human_action,test,A person is cheerleading,271,modelscope,modelscope/human_action/A person is cheerleading-1.mp4,1.0,success,0.105194,,true
v_93b976a78e5580a6751b,human_action,test,A person is cheerleading,272,modelscope,modelscope/human_action/A person is cheerleading-2.mp4,1.0,success,0.113519,,true
v_d0b5f1d0052a12a93be1,human_action,test,A person is cheerleading,273,modelscope,modelscope/human_action/A person is cheerleading-3.mp4,0.0,success,0.112391,,false
v_8696dbc50e6fba734a03,human_action,test,A person is cheerleading,274,modelscope,modelscope/human_action/A person is cheerleading-4.mp4,1.0,success,0.113347,,true
v_d122a4016e18d0c22b63,human_action,dev,A person is clapping,20,modelscope,modelscope/human_action/A person is clapping-0.mp4,0.0,success,0.110999,,false
v_68c7d9bd21627df8e28f,human_action,dev,A person is clapping,21,modelscope,modelscope/human_action/A person is clapping-1.mp4,1.0,success,0.112910,,true
v_65bf2125fcdaf17de53e,human_action,dev,A person is clapping,22,modelscope,modelscope/human_action/A person is clapping-2.mp4,1.0,success,0.113886,,true
v_1a8baddde7138b8b9f4a,human_action,dev,A person is clapping,23,modelscope,modelscope/human_action/A person is clapping-3.mp4,1.0,success,0.111467,,true
v_165ab8a1fefab2dcc16c,human_action,dev,A person is clapping,24,modelscope,modelscope/human_action/A person is clapping-4.mp4,1.0,success,0.112889,,true
v_7a03c2061af61eefbf96,human_action,dev,A person is clay pottery making,120,modelscope,modelscope/human_action/A person is clay pottery making-0.mp4,1.0,success,0.115365,,true
v_f0bdbc5be0099b60d8d4,human_action,dev,A person is clay pottery making,121,modelscope,modelscope/human_action/A person is clay pottery making-1.mp4,1.0,success,0.113814,,true
v_c4d56c5a97e9e85ac1a9,human_action,dev,A person is clay pottery making,122,modelscope,modelscope/human_action/A person is clay pottery making-2.mp4,1.0,success,0.113774,,true
v_bffab546e749c48b327e,human_action,dev,A person is clay pottery making,123,modelscope,modelscope/human_action/A person is clay pottery making-3.mp4,1.0,success,0.114912,,true
v_ca6776b1cd9ccb5c4d36,human_action,dev,A person is clay pottery making,124,modelscope,modelscope/human_action/A person is clay pottery making-4.mp4,1.0,success,0.111647,,true
v_abda4df95603da28fa12,human_action,dev,A person is cleaning windows,260,modelscope,modelscope/human_action/A person is cleaning windows-0.mp4,1.0,success,0.112419,,true
v_45516d18640639ba1ba1,human_action,dev,A person is cleaning windows,261,modelscope,modelscope/human_action/A person is cleaning windows-1.mp4,1.0,success,0.112391,,true
v_ea8ae9f19764622308dd,human_action,dev,A person is cleaning windows,262,modelscope,modelscope/human_action/A person is cleaning windows-2.mp4,1.0,success,0.112162,,true
v_675222e821841e4c1179,human_action,dev,A person is cleaning windows,263,modelscope,modelscope/human_action/A person is cleaning windows-3.mp4,1.0,success,0.113831,,true
v_aa3e79b8f377b85fb87c,human_action,dev,A person is cleaning windows,264,modelscope,modelscope/human_action/A person is cleaning windows-4.mp4,1.0,success,0.115163,,true
v_4c4ae5047831c114e66b,human_action,test,A person is climbing a rope,435,modelscope,modelscope/human_action/A person is climbing a rope-0.mp4,1.0,success,0.116881,,true
v_01a15d9fc00023525410,human_action,test,A person is climbing a rope,436,modelscope,modelscope/human_action/A person is climbing a rope-1.mp4,1.0,success,0.114285,,true
v_915be70c2aa2771017d1,human_action,test,A person is climbing a rope,437,modelscope,modelscope/human_action/A person is climbing a rope-2.mp4,1.0,success,0.115145,,true
v_26cda220dbb2927a06b4,human_action,test,A person is climbing a rope,438,modelscope,modelscope/human_action/A person is climbing a rope-3.mp4,1.0,success,0.117124,,true
v_b798bd1dcaecdbe1890c,human_action,test,A person is climbing a rope,439,modelscope,modelscope/human_action/A person is climbing a rope-4.mp4,1.0,success,0.113620,,true
v_c4a84bfc7c13b42f6870,human_action,dev,A person is counting money,465,modelscope,modelscope/human_action/A person is counting money-0.mp4,1.0,success,0.114328,,true
v_1973398264c19f7cbfad,human_action,dev,A person is counting money,466,modelscope,modelscope/human_action/A person is counting money-1.mp4,1.0,success,0.114460,,true
v_e340262ed8ff3e5da9de,human_action,dev,A person is counting money,467,modelscope,modelscope/human_action/A person is counting money-2.mp4,1.0,success,0.113054,,true
v_bd7b3dc2baafde9d86f4,human_action,dev,A person is counting money,468,modelscope,modelscope/human_action/A person is counting money-3.mp4,1.0,success,0.113098,,true
v_0f1450ec90005116cfe5,human_action,dev,A person is counting money,469,modelscope,modelscope/human_action/A person is counting money-4.mp4,1.0,success,0.114785,,true
v_545f9d6bd208b284eb12,human_action,test,A person is crawling baby,350,modelscope,modelscope/human_action/A person is crawling baby-0.mp4,1.0,success,0.112323,,true
v_34963403bfc11a85edd1,human_action,test,A person is crawling baby,351,modelscope,modelscope/human_action/A person is crawling baby-1.mp4,1.0,success,0.114094,,true
v_2826adc41b5c1ac72afc,human_action,test,A person is crawling baby,352,modelscope,modelscope/human_action/A person is crawling baby-2.mp4,1.0,success,0.114348,,true
v_a01d8815694be05c06f8,human_action,test,A person is crawling baby,353,modelscope,modelscope/human_action/A person is crawling baby-3.mp4,1.0,success,0.114927,,true
v_cf9aa96a3e72cb7dd37b,human_action,test,A person is crawling baby,354,modelscope,modelscope/human_action/A person is crawling baby-4.mp4,1.0,success,0.114090,,true
v_9291542c36466ea580ef,human_action,test,A person is crying,440,modelscope,modelscope/human_action/A person is crying-0.mp4,1.0,success,0.112188,,true
v_cdd66907a5f7a2ccc1bb,human_action,test,A person is crying,441,modelscope,modelscope/human_action/A person is crying-1.mp4,1.0,success,0.112484,,true
v_d8533a5900316868768c,human_action,test,A person is crying,442,modelscope,modelscope/human_action/A person is crying-2.mp4,0.0,success,0.112209,,false
v_febb70aa140e56d0e0be,human_action,test,A person is crying,443,modelscope,modelscope/human_action/A person is crying-3.mp4,0.0,success,0.111896,,false
v_51db98568d28fadd886d,human_action,test,A person is crying,444,modelscope,modelscope/human_action/A person is crying-4.mp4,0.0,success,0.112718,,false
v_d3eb7ffd654fb1b77816,human_action,dev,A person is cutting nails,285,modelscope,modelscope/human_action/A person is cutting nails-0.mp4,0.0,success,0.113243,,false
v_e21c632074f9b1ee3655,human_action,dev,A person is cutting nails,286,modelscope,modelscope/human_action/A person is cutting nails-1.mp4,1.0,success,0.112565,,true
v_c39fd293d5cf2827b0e8,human_action,dev,A person is cutting nails,287,modelscope,modelscope/human_action/A person is cutting nails-2.mp4,1.0,success,0.111676,,true
v_e5658000e2b3a93237ab,human_action,dev,A person is cutting nails,288,modelscope,modelscope/human_action/A person is cutting nails-3.mp4,0.0,success,0.111983,,false
v_f87e81fcd96a9c75104b,human_action,dev,A person is cutting nails,289,modelscope,modelscope/human_action/A person is cutting nails-4.mp4,0.0,success,0.113661,,false
v_b6cd3e127c9cc2f98f1a,human_action,test,A person is cutting watermelon,265,modelscope,modelscope/human_action/A person is cutting watermelon-0.mp4,1.0,success,0.114033,,true
v_c20b1f8b46f5ac1632ce,human_action,test,A person is cutting watermelon,266,modelscope,modelscope/human_action/A person is cutting watermelon-1.mp4,1.0,success,0.115075,,true
v_fe031e1f0791c5df2b3e,human_action,test,A person is cutting watermelon,267,modelscope,modelscope/human_action/A person is cutting watermelon-2.mp4,1.0,success,0.113130,,true
v_d5ba382015229194d082,human_action,test,A person is cutting watermelon,268,modelscope,modelscope/human_action/A person is cutting watermelon-3.mp4,1.0,success,0.112940,,true
v_bc996154c564617b5bf2,human_action,test,A person is cutting watermelon,269,modelscope,modelscope/human_action/A person is cutting watermelon-4.mp4,1.0,success,0.120918,,true
v_3d2034c97d5225471877,human_action,dev,A person is dancing ballet,445,modelscope,modelscope/human_action/A person is dancing ballet-0.mp4,1.0,success,0.114422,,true
v_4ca003a45d6eb33f3e30,human_action,dev,A person is dancing ballet,446,modelscope,modelscope/human_action/A person is dancing ballet-1.mp4,1.0,success,0.113267,,true
v_4018309af35848242a09,human_action,dev,A person is dancing ballet,447,modelscope,modelscope/human_action/A person is dancing ballet-2.mp4,1.0,success,0.115441,,true
v_0ef9147c6d15b045cc8a,human_action,dev,A person is dancing ballet,448,modelscope,modelscope/human_action/A person is dancing ballet-3.mp4,1.0,success,0.122499,,true
v_a72713b41c23045da1bc,human_action,dev,A person is dancing ballet,449,modelscope,modelscope/human_action/A person is dancing ballet-4.mp4,1.0,success,0.114707,,true
v_d3492ad413009f56f3e2,human_action,dev,A person is digging,115,modelscope,modelscope/human_action/A person is digging-0.mp4,1.0,success,0.113425,,true
v_dc58a782dc426e999718,human_action,dev,A person is digging,116,modelscope,modelscope/human_action/A person is digging-1.mp4,1.0,success,0.115543,,true
v_4667b1b514344c55fd72,human_action,dev,A person is digging,117,modelscope,modelscope/human_action/A person is digging-2.mp4,1.0,success,0.113699,,true
v_d35a36cff14cbad14ec7,human_action,dev,A person is digging,118,modelscope,modelscope/human_action/A person is digging-3.mp4,1.0,success,0.112851,,true
v_6694ba6e1262fd88d73e,human_action,dev,A person is digging,119,modelscope,modelscope/human_action/A person is digging-4.mp4,1.0,success,0.114276,,true
v_250d721a93790b9ccd77,human_action,test,A person is doing aerobics,380,modelscope,modelscope/human_action/A person is doing aerobics-0.mp4,0.0,success,0.111625,,false
v_e0ecbd82980b76392011,human_action,test,A person is doing aerobics,381,modelscope,modelscope/human_action/A person is doing aerobics-1.mp4,1.0,success,0.113411,,true
v_c840110503aafa1969ea,human_action,test,A person is doing aerobics,382,modelscope,modelscope/human_action/A person is doing aerobics-2.mp4,0.0,success,0.115315,,false
v_ac1e165141bec3bca487,human_action,test,A person is doing aerobics,383,modelscope,modelscope/human_action/A person is doing aerobics-3.mp4,0.0,success,0.123239,,false
v_f9e88b0c4d1c555e565b,human_action,test,A person is doing aerobics,384,modelscope,modelscope/human_action/A person is doing aerobics-4.mp4,0.0,success,0.113966,,false
v_a7726a163e373c0841cc,human_action,test,A person is doing laundry,320,modelscope,modelscope/human_action/A person is doing laundry-0.mp4,1.0,success,0.115624,,true
v_76d179a8cdfecdc351f5,human_action,test,A person is doing laundry,321,modelscope,modelscope/human_action/A person is doing laundry-1.mp4,1.0,success,0.112184,,true
v_94e28ab746a700040b4d,human_action,test,A person is doing laundry,322,modelscope,modelscope/human_action/A person is doing laundry-2.mp4,1.0,success,0.112119,,true
v_0db88384b99abca79aac,human_action,test,A person is doing laundry,323,modelscope,modelscope/human_action/A person is doing laundry-3.mp4,1.0,success,0.116616,,true
v_21c296b49d3fc3aecb27,human_action,test,A person is doing laundry,324,modelscope,modelscope/human_action/A person is doing laundry-4.mp4,1.0,success,0.115093,,true
v_336adf4158718077ab23,human_action,test,A person is drawing,25,modelscope,modelscope/human_action/A person is drawing-0.mp4,1.0,success,0.113025,,true
v_b884e48fefd01f2346fd,human_action,test,A person is drawing,26,modelscope,modelscope/human_action/A person is drawing-1.mp4,1.0,success,0.118062,,true
v_82a03b74acd4e6809359,human_action,test,A person is drawing,27,modelscope,modelscope/human_action/A person is drawing-2.mp4,0.0,success,0.113587,,false
v_42c37be684b949e5ba64,human_action,test,A person is drawing,28,modelscope,modelscope/human_action/A person is drawing-3.mp4,1.0,success,0.117898,,true
v_8c962fedf4d0e605c45d,human_action,test,A person is drawing,29,modelscope,modelscope/human_action/A person is drawing-4.mp4,1.0,success,0.110188,,true
v_6be442b907bd46a83dff,human_action,test,A person is driving car,360,modelscope,modelscope/human_action/A person is driving car-0.mp4,1.0,success,0.112483,,true
v_f63a497dc1955914c9de,human_action,test,A person is driving car,361,modelscope,modelscope/human_action/A person is driving car-1.mp4,1.0,success,0.117138,,true
v_f90b728a242595b640b3,human_action,test,A person is driving car,362,modelscope,modelscope/human_action/A person is driving car-2.mp4,1.0,success,0.123579,,true
v_5546b8a833f02131f5ad,human_action,test,A person is driving car,363,modelscope,modelscope/human_action/A person is driving car-3.mp4,1.0,success,0.105362,,true
v_7c6db66690f33224a6e0,human_action,test,A person is driving car,364,modelscope,modelscope/human_action/A person is driving car-4.mp4,1.0,success,0.105533,,true
v_8ebf32bab8c19320e281,human_action,test,A person is dunking basketball,65,modelscope,modelscope/human_action/A person is dunking basketball-0.mp4,1.0,success,0.112900,,true
v_09d7e11161446c9cee38,human_action,test,A person is dunking basketball,66,modelscope,modelscope/human_action/A person is dunking basketball-1.mp4,1.0,success,0.112455,,true
v_2e85f541670b7a7df4de,human_action,test,A person is dunking basketball,67,modelscope,modelscope/human_action/A person is dunking basketball-2.mp4,1.0,success,0.111778,,true
v_35ac393c81c8d0eed9db,human_action,test,A person is dunking basketball,68,modelscope,modelscope/human_action/A person is dunking basketball-3.mp4,1.0,success,0.111639,,true
v_2792e46c15ccb0c0f6f1,human_action,test,A person is dunking basketball,69,modelscope,modelscope/human_action/A person is dunking basketball-4.mp4,1.0,success,0.114319,,true
v_92017e2acba830e8b0b9,human_action,dev,A person is eating watermelon,35,modelscope,modelscope/human_action/A person is eating watermelon-0.mp4,1.0,success,0.114305,,true
v_3076d511b350c42d0c1c,human_action,dev,A person is eating watermelon,36,modelscope,modelscope/human_action/A person is eating watermelon-1.mp4,1.0,success,0.112863,,true
v_b3258997cb5a508888ba,human_action,dev,A person is eating watermelon,37,modelscope,modelscope/human_action/A person is eating watermelon-2.mp4,1.0,success,0.113513,,true
v_98644b5282bf15367a59,human_action,dev,A person is eating watermelon,38,modelscope,modelscope/human_action/A person is eating watermelon-3.mp4,1.0,success,0.112437,,true
v_08c689b0c532c9bd2f7b,human_action,dev,A person is eating watermelon,39,modelscope,modelscope/human_action/A person is eating watermelon-4.mp4,1.0,success,0.131111,,true
v_3a951efa6fadb79ad2eb,human_action,test,A person is filling eyebrows,165,modelscope,modelscope/human_action/A person is filling eyebrows-0.mp4,1.0,success,0.105734,,true
v_0708dd95f4514614a2f0,human_action,test,A person is filling eyebrows,166,modelscope,modelscope/human_action/A person is filling eyebrows-1.mp4,1.0,success,0.113810,,true
v_a6cfdd768179351da3a6,human_action,test,A person is filling eyebrows,167,modelscope,modelscope/human_action/A person is filling eyebrows-2.mp4,1.0,success,0.121692,,true
v_7c0e9bb894f31b9ae13e,human_action,test,A person is filling eyebrows,168,modelscope,modelscope/human_action/A person is filling eyebrows-3.mp4,1.0,success,0.111530,,true
v_19cf66cf1719d6fd2300,human_action,test,A person is filling eyebrows,169,modelscope,modelscope/human_action/A person is filling eyebrows-4.mp4,1.0,success,0.115736,,true
v_07d92b2cdc34dae76399,human_action,test,A person is finger snapping,100,modelscope,modelscope/human_action/A person is finger snapping-0.mp4,1.0,success,0.117822,,true
v_65f6fb1a99ea4c82425d,human_action,test,A person is finger snapping,101,modelscope,modelscope/human_action/A person is finger snapping-1.mp4,1.0,success,0.110789,,true
v_8279821251382f296b28,human_action,test,A person is finger snapping,102,modelscope,modelscope/human_action/A person is finger snapping-2.mp4,1.0,success,0.114263,,true
v_14dfe2973a6c1e8af92c,human_action,test,A person is finger snapping,103,modelscope,modelscope/human_action/A person is finger snapping-3.mp4,1.0,success,0.117206,,true
v_0f5a65e2e0628fce2902,human_action,test,A person is finger snapping,104,modelscope,modelscope/human_action/A person is finger snapping-4.mp4,1.0,success,0.110384,,true
v_062c72e897031459dc70,human_action,test,A person is flying kite,160,modelscope,modelscope/human_action/A person is flying kite-0.mp4,1.0,success,0.113523,,true
v_dd93d5c0b40ca3343696,human_action,test,A person is flying kite,161,modelscope,modelscope/human_action/A person is flying kite-1.mp4,1.0,success,0.113785,,true
v_1e30ce3110a4f3100adf,human_action,test,A person is flying kite,162,modelscope,modelscope/human_action/A person is flying kite-2.mp4,1.0,success,0.114389,,true
v_139b6767026370be5d0e,human_action,test,A person is flying kite,163,modelscope,modelscope/human_action/A person is flying kite-3.mp4,1.0,success,0.113986,,true
v_7e6771e804254261f713,human_action,test,A person is flying kite,164,modelscope,modelscope/human_action/A person is flying kite-4.mp4,1.0,success,0.115161,,true
v_00d894993826ddb0ee25,human_action,test,A person is folding clothes,175,modelscope,modelscope/human_action/A person is folding clothes-0.mp4,1.0,success,0.112241,,true
v_af7fa501661a4e9d0498,human_action,test,A person is folding clothes,176,modelscope,modelscope/human_action/A person is folding clothes-1.mp4,1.0,success,0.115804,,true
v_ae474e25b1cbf4121004,human_action,test,A person is folding clothes,177,modelscope,modelscope/human_action/A person is folding clothes-2.mp4,1.0,success,0.116911,,true
v_13b5e6d87beb3836cb05,human_action,test,A person is folding clothes,178,modelscope,modelscope/human_action/A person is folding clothes-3.mp4,1.0,success,0.118171,,true
v_c3449c33da63d18b91ef,human_action,test,A person is folding clothes,179,modelscope,modelscope/human_action/A person is folding clothes-4.mp4,1.0,success,0.113912,,true
v_f90fde45b5668eb4fbd4,human_action,test,A person is getting a haircut,450,modelscope,modelscope/human_action/A person is getting a haircut-0.mp4,1.0,success,0.114834,,true
v_48125d0f6b72fd82525e,human_action,test,A person is getting a haircut,451,modelscope,modelscope/human_action/A person is getting a haircut-1.mp4,1.0,success,0.114561,,true
v_b880a42b09508318a5be,human_action,test,A person is getting a haircut,452,modelscope,modelscope/human_action/A person is getting a haircut-2.mp4,1.0,success,0.116545,,true
v_625d11d1b8bffc43730a,human_action,test,A person is getting a haircut,453,modelscope,modelscope/human_action/A person is getting a haircut-3.mp4,1.0,success,0.117286,,true
v_b3c1ca6cd7267b3e1958,human_action,test,A person is getting a haircut,454,modelscope,modelscope/human_action/A person is getting a haircut-4.mp4,1.0,success,0.113717,,true
v_d04e6414f300496df13d,human_action,dev,A person is giving or receiving award,205,modelscope,modelscope/human_action/A person is giving or receiving award-0.mp4,0.0,success,0.109164,,false
v_01341cd591d8f10aa87f,human_action,dev,A person is giving or receiving award,206,modelscope,modelscope/human_action/A person is giving or receiving award-1.mp4,0.0,success,0.114139,,false
v_a8e512292acfc0cff6af,human_action,dev,A person is giving or receiving award,207,modelscope,modelscope/human_action/A person is giving or receiving award-2.mp4,1.0,success,0.110360,,true
v_59ff126745ac15f5ac55,human_action,dev,A person is giving or receiving award,208,modelscope,modelscope/human_action/A person is giving or receiving award-3.mp4,0.0,success,0.115806,,false
v_5df7ecee0fe84fde9828,human_action,dev,A person is giving or receiving award,209,modelscope,modelscope/human_action/A person is giving or receiving award-4.mp4,1.0,success,0.112604,,true
v_f4a80098249ee0d5732f,human_action,test,A person is grooming dog,315,modelscope,modelscope/human_action/A person is grooming dog-0.mp4,1.0,success,0.115291,,true
v_7f6d281254daa3e47150,human_action,test,A person is grooming dog,316,modelscope,modelscope/human_action/A person is grooming dog-1.mp4,1.0,success,0.115083,,true
v_4547f691fccf660a452d,human_action,test,A person is grooming dog,317,modelscope,modelscope/human_action/A person is grooming dog-2.mp4,1.0,success,0.114526,,true
v_8aba06d230c5e8a02dae,human_action,test,A person is grooming dog,318,modelscope,modelscope/human_action/A person is grooming dog-3.mp4,1.0,success,0.114000,,true
v_7723a56e45ea12e2da48,human_action,test,A person is grooming dog,319,modelscope,modelscope/human_action/A person is grooming dog-4.mp4,1.0,success,0.115131,,true
v_59fad4853bbe48e3f90a,human_action,dev,A person is hugging,290,modelscope,modelscope/human_action/A person is hugging-0.mp4,1.0,success,0.112090,,true
v_135c0eac2e8c7d64af0f,human_action,dev,A person is hugging,291,modelscope,modelscope/human_action/A person is hugging-1.mp4,1.0,success,0.113997,,true
v_c3547b91e3f254d2b59e,human_action,dev,A person is hugging,292,modelscope,modelscope/human_action/A person is hugging-2.mp4,1.0,success,0.112050,,true
v_acde40420054125cb4f6,human_action,dev,A person is hugging,293,modelscope,modelscope/human_action/A person is hugging-3.mp4,1.0,success,0.112989,,true
v_002b5a6dade247000f1e,human_action,dev,A person is hugging,294,modelscope,modelscope/human_action/A person is hugging-4.mp4,1.0,success,0.114864,,true
v_b5e69a4863f9bd69898c,human_action,dev,A person is hula hooping,240,modelscope,modelscope/human_action/A person is hula hooping-0.mp4,1.0,success,0.114990,,true
v_bd5e9541ea6671c3b48f,human_action,dev,A person is hula hooping,241,modelscope,modelscope/human_action/A person is hula hooping-1.mp4,1.0,success,0.116899,,true
v_e8e3bdfd3226eda76539,human_action,dev,A person is hula hooping,242,modelscope,modelscope/human_action/A person is hula hooping-2.mp4,1.0,success,0.117940,,true
v_4fc06bd1e7631c26c50f,human_action,dev,A person is hula hooping,243,modelscope,modelscope/human_action/A person is hula hooping-3.mp4,1.0,success,0.115121,,true
v_1300a0a975bf65deaae3,human_action,dev,A person is hula hooping,244,modelscope,modelscope/human_action/A person is hula hooping-4.mp4,1.0,success,0.118758,,true
v_34c139df2f083b044a9c,human_action,dev,A person is ice skating,430,modelscope,modelscope/human_action/A person is ice skating-0.mp4,1.0,success,0.113613,,true
v_7505d0788ecdf923dad8,human_action,dev,A person is ice skating,431,modelscope,modelscope/human_action/A person is ice skating-1.mp4,1.0,success,0.113494,,true
v_6e7a2634713ad5569b78,human_action,dev,A person is ice skating,432,modelscope,modelscope/human_action/A person is ice skating-2.mp4,1.0,success,0.109971,,true
v_63389f58c7e50b514263,human_action,dev,A person is ice skating,433,modelscope,modelscope/human_action/A person is ice skating-3.mp4,1.0,success,0.114081,,true
v_da169b235876719b3b6d,human_action,dev,A person is ice skating,434,modelscope,modelscope/human_action/A person is ice skating-4.mp4,1.0,success,0.111776,,true
v_6f092558ccde9526d660,human_action,test,A person is ironing,280,modelscope,modelscope/human_action/A person is ironing-0.mp4,1.0,success,0.113556,,true
v_dfcb551aba8b80f999a0,human_action,test,A person is ironing,281,modelscope,modelscope/human_action/A person is ironing-1.mp4,1.0,success,0.110864,,true
v_10a4f3f3b2eda7999d62,human_action,test,A person is ironing,282,modelscope,modelscope/human_action/A person is ironing-2.mp4,1.0,success,0.110959,,true
v_2c04f162a47707405afe,human_action,test,A person is ironing,283,modelscope,modelscope/human_action/A person is ironing-3.mp4,1.0,success,0.115067,,true
v_13228d4a490a23921973,human_action,test,A person is ironing,284,modelscope,modelscope/human_action/A person is ironing-4.mp4,1.0,success,0.115224,,true
v_cbf25a43794634a9f5f9,human_action,test,A person is jogging,300,modelscope,modelscope/human_action/A person is jogging-0.mp4,1.0,success,0.112070,,true
v_0b1dfa183cb6b256ff62,human_action,test,A person is jogging,301,modelscope,modelscope/human_action/A person is jogging-1.mp4,1.0,success,0.112069,,true
v_f93e3285151718e9e4a7,human_action,test,A person is jogging,302,modelscope,modelscope/human_action/A person is jogging-2.mp4,1.0,success,0.112658,,true
v_443e0c89a2ddd9fec4cd,human_action,test,A person is jogging,303,modelscope,modelscope/human_action/A person is jogging-3.mp4,1.0,success,0.111640,,true
v_884de82e0a9fe5fbebac,human_action,test,A person is jogging,304,modelscope,modelscope/human_action/A person is jogging-4.mp4,1.0,success,0.114561,,true
v_702611562e783e05a866,human_action,test,A person is kissing,460,modelscope,modelscope/human_action/A person is kissing-0.mp4,0.0,success,0.113360,,false
v_d83a0e3c85001ef1db2d,human_action,test,A person is kissing,461,modelscope,modelscope/human_action/A person is kissing-1.mp4,1.0,success,0.114741,,true
v_a7ef2832c851c61b4a41,human_action,test,A person is kissing,462,modelscope,modelscope/human_action/A person is kissing-2.mp4,1.0,success,0.111867,,true
v_2e0d4f755b6478aca552,human_action,test,A person is kissing,463,modelscope,modelscope/human_action/A person is kissing-3.mp4,1.0,success,0.111714,,true
v_54e71e757238f9cfa03a,human_action,test,A person is kissing,464,modelscope,modelscope/human_action/A person is kissing-4.mp4,1.0,success,0.113339,,true
v_ac3951bbe7f13ab5c538,human_action,dev,A person is knitting,325,modelscope,modelscope/human_action/A person is knitting-0.mp4,1.0,success,0.115064,,true
v_b8bd760474ed7f0bf7f8,human_action,dev,A person is knitting,326,modelscope,modelscope/human_action/A person is knitting-1.mp4,1.0,success,0.113659,,true
v_8c92e0354badb56d9068,human_action,dev,A person is knitting,327,modelscope,modelscope/human_action/A person is knitting-2.mp4,1.0,success,0.114221,,true
v_a2ee13ce185526196a5b,human_action,dev,A person is knitting,328,modelscope,modelscope/human_action/A person is knitting-3.mp4,1.0,success,0.115305,,true
v_36bada3b939800e07dea,human_action,dev,A person is knitting,329,modelscope,modelscope/human_action/A person is knitting-4.mp4,1.0,success,0.115103,,true
v_2080367e9102024a8a30,human_action,dev,A person is laughing,110,modelscope,modelscope/human_action/A person is laughing-0.mp4,1.0,success,0.115274,,true
v_3223de9a9afb6e60f9c1,human_action,dev,A person is laughing,111,modelscope,modelscope/human_action/A person is laughing-1.mp4,1.0,success,0.114902,,true
v_aae3884afa805d4597b3,human_action,dev,A person is laughing,112,modelscope,modelscope/human_action/A person is laughing-2.mp4,1.0,success,0.115785,,true
v_0611032c6d4e0ffd6343,human_action,dev,A person is laughing,113,modelscope,modelscope/human_action/A person is laughing-3.mp4,1.0,success,0.113551,,true
v_20063d53431c7740217c,human_action,dev,A person is laughing,114,modelscope,modelscope/human_action/A person is laughing-4.mp4,1.0,success,0.115536,,true
v_db0ca2662244b4a370df,human_action,dev,A person is making bed,305,modelscope,modelscope/human_action/A person is making bed-0.mp4,1.0,success,0.113252,,true
v_47f53ebed9a89a183ae3,human_action,dev,A person is making bed,306,modelscope,modelscope/human_action/A person is making bed-1.mp4,1.0,success,0.113213,,true
v_a5c5b00f58dbc2ed8c86,human_action,dev,A person is making bed,307,modelscope,modelscope/human_action/A person is making bed-2.mp4,1.0,success,0.118419,,true
v_103c1de42593eaa37143,human_action,dev,A person is making bed,308,modelscope,modelscope/human_action/A person is making bed-3.mp4,1.0,success,0.119219,,true
v_25529360d04255325c87,human_action,dev,A person is making bed,309,modelscope,modelscope/human_action/A person is making bed-4.mp4,1.0,success,0.115281,,true
v_1af59362140cbe18eef7,human_action,test,A person is making snowman,490,modelscope,modelscope/human_action/A person is making snowman-0.mp4,1.0,success,0.113180,,true
v_0178ec93208e6d12ec9b,human_action,test,A person is making snowman,491,modelscope,modelscope/human_action/A person is making snowman-1.mp4,1.0,success,0.113289,,true
v_b6b7368c9151b79588b5,human_action,test,A person is making snowman,492,modelscope,modelscope/human_action/A person is making snowman-2.mp4,1.0,success,0.111548,,true
v_7f7c35a881e6abe41af7,human_action,test,A person is making snowman,493,modelscope,modelscope/human_action/A person is making snowman-3.mp4,1.0,success,0.113745,,true
v_954cbf5c44c7667981e2,human_action,test,A person is making snowman,494,modelscope,modelscope/human_action/A person is making snowman-4.mp4,1.0,success,0.112735,,true
v_15c552fa7b2ad50c2970,human_action,test,A person is marching,5,modelscope,modelscope/human_action/A person is marching-0.mp4,0.0,success,0.116333,,false
v_51164af655e9b5be4dfb,human_action,test,A person is marching,6,modelscope,modelscope/human_action/A person is marching-1.mp4,1.0,success,0.114593,,true
v_96f13980868df2a53187,human_action,test,A person is marching,7,modelscope,modelscope/human_action/A person is marching-2.mp4,0.0,success,0.113115,,false
v_53d240c7d71f6d2c99ba,human_action,test,A person is marching,8,modelscope,modelscope/human_action/A person is marching-3.mp4,1.0,success,0.112227,,true
v_5e7eea965ae1e35154e9,human_action,test,A person is marching,9,modelscope,modelscope/human_action/A person is marching-4.mp4,1.0,success,0.114749,,true
v_934cc47e7b40d20e66a1,human_action,test,A person is massaging legs,340,modelscope,modelscope/human_action/A person is massaging legs-0.mp4,1.0,success,0.113504,,true
v_b087a5c770ce5b0fdecd,human_action,test,A person is massaging legs,341,modelscope,modelscope/human_action/A person is massaging legs-1.mp4,1.0,success,0.108308,,true
v_7ca4f1c7942fd9d4cbdb,human_action,test,A person is massaging legs,342,modelscope,modelscope/human_action/A person is massaging legs-2.mp4,1.0,success,0.113904,,true
v_85812df177c8bbf066c0,human_action,test,A person is massaging legs,343,modelscope,modelscope/human_action/A person is massaging legs-3.mp4,1.0,success,0.113478,,true
v_729ebac33f0805492b51,human_action,test,A person is massaging legs,344,modelscope,modelscope/human_action/A person is massaging legs-4.mp4,1.0,success,0.113226,,true
v_c298e7b4fea59d276857,human_action,dev,A person is milking cow,480,modelscope,modelscope/human_action/A person is milking cow-0.mp4,1.0,success,0.116224,,true
v_2497f3825124b8346e5f,human_action,dev,A person is milking cow,481,modelscope,modelscope/human_action/A person is milking cow-1.mp4,1.0,success,0.114454,,true
v_79115c01609e1e193222,human_action,dev,A person is milking cow,482,modelscope,modelscope/human_action/A person is milking cow-2.mp4,1.0,success,0.115310,,true
v_7867a60d2b190c61b4c0,human_action,dev,A person is milking cow,483,modelscope,modelscope/human_action/A person is milking cow-3.mp4,1.0,success,0.116122,,true
v_1dbdf7bf5778bc6b766a,human_action,dev,A person is milking cow,484,modelscope,modelscope/human_action/A person is milking cow-4.mp4,1.0,success,0.115361,,true
v_2f94985703c3397ec89f,human_action,dev,A person is motorcycling,355,modelscope,modelscope/human_action/A person is motorcycling-0.mp4,1.0,success,0.112660,,true
v_071d83a8dfbda55a1edf,human_action,dev,A person is motorcycling,356,modelscope,modelscope/human_action/A person is motorcycling-1.mp4,1.0,success,0.112777,,true
v_052783d1a7d02d23f58a,human_action,dev,A person is motorcycling,357,modelscope,modelscope/human_action/A person is motorcycling-2.mp4,1.0,success,0.113843,,true
v_3e6774ed58432acb6085,human_action,dev,A person is motorcycling,358,modelscope,modelscope/human_action/A person is motorcycling-3.mp4,1.0,success,0.115749,,true
v_d78bd36d9bd693913906,human_action,dev,A person is motorcycling,359,modelscope,modelscope/human_action/A person is motorcycling-4.mp4,1.0,success,0.114769,,true
v_7ae9e8f513e1133b260c,human_action,dev,A person is peeling apples,475,modelscope,modelscope/human_action/A person is peeling apples-0.mp4,1.0,success,0.119811,,true
v_c3f89d3861424aee1a66,human_action,dev,A person is peeling apples,476,modelscope,modelscope/human_action/A person is peeling apples-1.mp4,1.0,success,0.117638,,true
v_60e685038d5316a16b53,human_action,dev,A person is peeling apples,477,modelscope,modelscope/human_action/A person is peeling apples-2.mp4,1.0,success,0.112172,,true
v_fddf39536bfdd457b03c,human_action,dev,A person is peeling apples,478,modelscope,modelscope/human_action/A person is peeling apples-3.mp4,1.0,success,0.111275,,true
v_c825c80789e952f1134c,human_action,dev,A person is peeling apples,479,modelscope,modelscope/human_action/A person is peeling apples-4.mp4,1.0,success,0.113335,,true
v_f8c4eb46f6322dc6137b,human_action,test,A person is petting animal (not cat),30,modelscope,modelscope/human_action/A person is petting animal (not cat)-0.mp4,1.0,success,0.113460,,true
v_b7d66d0097382b563f1d,human_action,test,A person is petting animal (not cat),31,modelscope,modelscope/human_action/A person is petting animal (not cat)-1.mp4,1.0,success,0.114463,,true
v_b9e9049a41bca621618d,human_action,test,A person is petting animal (not cat),32,modelscope,modelscope/human_action/A person is petting animal (not cat)-2.mp4,1.0,success,0.116567,,true
v_12f9efd1f8341831cecf,human_action,test,A person is petting animal (not cat),33,modelscope,modelscope/human_action/A person is petting animal (not cat)-3.mp4,1.0,success,0.116241,,true
v_619a31d7fbc578c76432,human_action,test,A person is petting animal (not cat),34,modelscope,modelscope/human_action/A person is petting animal (not cat)-4.mp4,1.0,success,0.118150,,true
v_571698f72d019eaaf91e,human_action,dev,A person is planting trees,220,modelscope,modelscope/human_action/A person is planting trees-0.mp4,1.0,success,0.116527,,true
v_41b9bb6b8761e73d2f76,human_action,dev,A person is planting trees,221,modelscope,modelscope/human_action/A person is planting trees-1.mp4,1.0,success,0.115311,,true
v_768dbc448e8e3d32471d,human_action,dev,A person is planting trees,222,modelscope,modelscope/human_action/A person is planting trees-2.mp4,1.0,success,0.116331,,true
v_6762d5c0c2e539212626,human_action,dev,A person is planting trees,223,modelscope,modelscope/human_action/A person is planting trees-3.mp4,1.0,success,0.116235,,true
v_ed8eed2003b7466c3456,human_action,dev,A person is planting trees,224,modelscope,modelscope/human_action/A person is planting trees-4.mp4,1.0,success,0.115189,,true
v_9e6bef33ba8fe8a6c96e,human_action,test,A person is playing chess,405,modelscope,modelscope/human_action/A person is playing chess-0.mp4,1.0,success,0.113793,,true
v_e586153cf6ca671e8fb5,human_action,test,A person is playing chess,406,modelscope,modelscope/human_action/A person is playing chess-1.mp4,1.0,success,0.110419,,true
v_6acc988dfc92845e8da2,human_action,test,A person is playing chess,407,modelscope,modelscope/human_action/A person is playing chess-2.mp4,1.0,success,0.111333,,true
v_b1cec1fc67be57017486,human_action,test,A person is playing chess,408,modelscope,modelscope/human_action/A person is playing chess-3.mp4,1.0,success,0.112035,,true
v_ecaed0e6e055ba219c33,human_action,test,A person is playing chess,409,modelscope,modelscope/human_action/A person is playing chess-4.mp4,1.0,success,0.111445,,true
v_09040228410d92bac46c,human_action,dev,A person is playing controller,195,modelscope,modelscope/human_action/A person is playing controller-0.mp4,1.0,success,0.112572,,true
v_76993019a7fd412d6c33,human_action,dev,A person is playing controller,196,modelscope,modelscope/human_action/A person is playing controller-1.mp4,1.0,success,0.117914,,true
v_3abce9d7e40cdbeae3de,human_action,dev,A person is playing controller,197,modelscope,modelscope/human_action/A person is playing controller-2.mp4,1.0,success,0.111361,,true
v_ee32352926e629b0603b,human_action,dev,A person is playing controller,198,modelscope,modelscope/human_action/A person is playing controller-3.mp4,1.0,success,0.115467,,true
v_d5cd5e4ac0cf0636652c,human_action,dev,A person is playing controller,199,modelscope,modelscope/human_action/A person is playing controller-4.mp4,1.0,success,0.113573,,true
v_1e7e901f433576fd154d,human_action,test,A person is playing flute,70,modelscope,modelscope/human_action/A person is playing flute-0.mp4,1.0,success,0.115155,,true
v_ed5e4ce70d544be58431,human_action,test,A person is playing flute,71,modelscope,modelscope/human_action/A person is playing flute-1.mp4,1.0,success,0.113079,,true
v_71be90ec66f90cb93c1c,human_action,test,A person is playing flute,72,modelscope,modelscope/human_action/A person is playing flute-2.mp4,1.0,success,0.126117,,true
v_4e42960199ff5de52e47,human_action,test,A person is playing flute,73,modelscope,modelscope/human_action/A person is playing flute-3.mp4,0.0,success,0.115037,,false
v_10f42fd2bca076b0895d,human_action,test,A person is playing flute,74,modelscope,modelscope/human_action/A person is playing flute-4.mp4,1.0,success,0.113986,,true
v_19fe3a3a150883473b8d,human_action,test,A person is playing harp,40,modelscope,modelscope/human_action/A person is playing harp-0.mp4,1.0,success,0.116919,,true
v_99058d6485becb508fc2,human_action,test,A person is playing harp,41,modelscope,modelscope/human_action/A person is playing harp-1.mp4,1.0,success,0.107010,,true
v_7b0493cd73e95d518bd2,human_action,test,A person is playing harp,42,modelscope,modelscope/human_action/A person is playing harp-2.mp4,1.0,success,0.112991,,true
v_be55a04819da861ffb2c,human_action,test,A person is playing harp,43,modelscope,modelscope/human_action/A person is playing harp-3.mp4,1.0,success,0.112555,,true
v_644145d256772386fed6,human_action,test,A person is playing harp,44,modelscope,modelscope/human_action/A person is playing harp-4.mp4,1.0,success,0.118014,,true
v_d18d0e9826a74b500a37,human_action,test,A person is playing piano,95,modelscope,modelscope/human_action/A person is playing piano-0.mp4,1.0,success,0.113687,,true
v_f7b545df49b173e02f73,human_action,test,A person is playing piano,96,modelscope,modelscope/human_action/A person is playing piano-1.mp4,1.0,success,0.112923,,true
v_13f319c81942091ab679,human_action,test,A person is playing piano,97,modelscope,modelscope/human_action/A person is playing piano-2.mp4,1.0,success,0.116469,,true
v_8c4e01a0581f5a6557c4,human_action,test,A person is playing piano,98,modelscope,modelscope/human_action/A person is playing piano-3.mp4,1.0,success,0.117397,,true
v_eac3b7ce62bdb69a4820,human_action,test,A person is playing piano,99,modelscope,modelscope/human_action/A person is playing piano-4.mp4,1.0,success,0.111681,,true
v_49fee754dec1c0dba042,human_action,dev,A person is playing trumpet,155,modelscope,modelscope/human_action/A person is playing trumpet-0.mp4,1.0,success,0.112430,,true
v_09fc14badc4932ff9af4,human_action,dev,A person is playing trumpet,156,modelscope,modelscope/human_action/A person is playing trumpet-1.mp4,1.0,success,0.115795,,true
v_c1a7bf0469a5044a0e58,human_action,dev,A person is playing trumpet,157,modelscope,modelscope/human_action/A person is playing trumpet-2.mp4,1.0,success,0.115245,,true
v_7f77dff7bdc3020030fb,human_action,dev,A person is playing trumpet,158,modelscope,modelscope/human_action/A person is playing trumpet-3.mp4,1.0,success,0.115439,,true
v_e83f04315c963599c39c,human_action,dev,A person is playing trumpet,159,modelscope,modelscope/human_action/A person is playing trumpet-4.mp4,1.0,success,0.116887,,true
v_cc611e169011b348cbd9,human_action,test,A person is push up,145,modelscope,modelscope/human_action/A person is push up-0.mp4,1.0,success,0.112591,,true
v_cc9eb3a6af8e639b800b,human_action,test,A person is push up,146,modelscope,modelscope/human_action/A person is push up-1.mp4,1.0,success,0.112792,,true
v_3937debbb6f8ebf342d5,human_action,test,A person is push up,147,modelscope,modelscope/human_action/A person is push up-2.mp4,1.0,success,0.113093,,true
v_55835d6a200c61ce2450,human_action,test,A person is push up,148,modelscope,modelscope/human_action/A person is push up-3.mp4,1.0,success,0.112509,,true
v_d157cae36ca28f2d5d00,human_action,test,A person is push up,149,modelscope,modelscope/human_action/A person is push up-4.mp4,1.0,success,0.112873,,true
v_2b2525c8e45b26c600e4,human_action,dev,A person is pushing cart,255,modelscope,modelscope/human_action/A person is pushing cart-0.mp4,0.0,success,0.112427,,false
v_a5d27005ae53c875672a,human_action,dev,A person is pushing cart,256,modelscope,modelscope/human_action/A person is pushing cart-1.mp4,1.0,success,0.114251,,true
v_3f04ea8dade640888fd3,human_action,dev,A person is pushing cart,257,modelscope,modelscope/human_action/A person is pushing cart-2.mp4,1.0,success,0.114736,,true
v_985b27814814e4dc011f,human_action,dev,A person is pushing cart,258,modelscope,modelscope/human_action/A person is pushing cart-3.mp4,1.0,success,0.113475,,true
v_83365c56c493ed6f7ad4,human_action,dev,A person is pushing cart,259,modelscope,modelscope/human_action/A person is pushing cart-4.mp4,1.0,success,0.111930,,true
v_58c4337e9e9216f7c438,human_action,test,A person is reading book,330,modelscope,modelscope/human_action/A person is reading book-0.mp4,1.0,success,0.114680,,true
v_33a2515b5c2aba82e84e,human_action,test,A person is reading book,331,modelscope,modelscope/human_action/A person is reading book-1.mp4,1.0,success,0.118710,,true
v_9a5a083cdf29455a80d3,human_action,test,A person is reading book,332,modelscope,modelscope/human_action/A person is reading book-2.mp4,1.0,success,0.111867,,true
v_00f4c901b38f3eef431f,human_action,test,A person is reading book,333,modelscope,modelscope/human_action/A person is reading book-3.mp4,1.0,success,0.113304,,true
v_ed5f1f92b8640da69e00,human_action,test,A person is reading book,334,modelscope,modelscope/human_action/A person is reading book-4.mp4,1.0,success,0.112733,,true
v_5006ce0e4112c3d35919,human_action,dev,A person is riding a bike,0,modelscope,modelscope/human_action/A person is riding a bike-0.mp4,1.0,success,0.113408,,true
v_d7bd1999df7998944405,human_action,dev,A person is riding a bike,1,modelscope,modelscope/human_action/A person is riding a bike-1.mp4,1.0,success,0.113388,,true
v_584e459eff701aeff372,human_action,dev,A person is riding a bike,2,modelscope,modelscope/human_action/A person is riding a bike-2.mp4,1.0,success,0.116623,,true
v_2fd08afb4f28f05694f4,human_action,dev,A person is riding a bike,3,modelscope,modelscope/human_action/A person is riding a bike-3.mp4,1.0,success,0.114986,,true
v_8d2b35bed44412a216db,human_action,dev,A person is riding a bike,4,modelscope,modelscope/human_action/A person is riding a bike-4.mp4,1.0,success,0.112808,,true
v_a08494b961417a42dc85,human_action,test,A person is riding or walking with horse,390,modelscope,modelscope/human_action/A person is riding or walking with horse-0.mp4,1.0,success,0.113902,,true
v_df7d3a80caddd031702a,human_action,test,A person is riding or walking with horse,391,modelscope,modelscope/human_action/A person is riding or walking with horse-1.mp4,1.0,success,0.113008,,true
v_d33d27b1d88c9ae4f733,human_action,test,A person is riding or walking with horse,392,modelscope,modelscope/human_action/A person is riding or walking with horse-2.mp4,1.0,success,0.117995,,true
v_dd9159c5ffdc8255e751,human_action,test,A person is riding or walking with horse,393,modelscope,modelscope/human_action/A person is riding or walking with horse-3.mp4,1.0,success,0.115736,,true
v_323938225f33cce627fd,human_action,test,A person is riding or walking with horse,394,modelscope,modelscope/human_action/A person is riding or walking with horse-4.mp4,1.0,success,0.116147,,true
v_7b9bc63f701ce99f69ad,human_action,test,A person is riding scooter,50,modelscope,modelscope/human_action/A person is riding scooter-0.mp4,1.0,success,0.114251,,true
v_612090fe4b27715c04f3,human_action,test,A person is riding scooter,51,modelscope,modelscope/human_action/A person is riding scooter-1.mp4,1.0,success,0.116002,,true
v_a8ddfdd398ad213a0e78,human_action,test,A person is riding scooter,52,modelscope,modelscope/human_action/A person is riding scooter-2.mp4,1.0,success,0.117010,,true
v_479f5bbec342976e35dd,human_action,test,A person is riding scooter,53,modelscope,modelscope/human_action/A person is riding scooter-3.mp4,1.0,success,0.111413,,true
v_0c4d5353bc8c63bfbbd7,human_action,test,A person is riding scooter,54,modelscope,modelscope/human_action/A person is riding scooter-4.mp4,1.0,success,0.114060,,true
v_918584b9634df4f773db,human_action,test,A person is robot dancing,230,modelscope,modelscope/human_action/A person is robot dancing-0.mp4,1.0,success,0.109027,,true
v_8268664714d7b4153698,human_action,test,A person is robot dancing,231,modelscope,modelscope/human_action/A person is robot dancing-1.mp4,1.0,success,0.113156,,true
v_a199a052e9fadb8071ef,human_action,test,A person is robot dancing,232,modelscope,modelscope/human_action/A person is robot dancing-2.mp4,1.0,success,0.117837,,true
v_e51b47e2cc6fb47c8c65,human_action,test,A person is robot dancing,233,modelscope,modelscope/human_action/A person is robot dancing-3.mp4,1.0,success,0.115516,,true
v_f3b2095ca736ae6c76d6,human_action,test,A person is robot dancing,234,modelscope,modelscope/human_action/A person is robot dancing-4.mp4,1.0,success,0.113101,,true
v_3ab5b2290df297563e5c,human_action,dev,A person is rock climbing,235,modelscope,modelscope/human_action/A person is rock climbing-0.mp4,1.0,success,0.114375,,true
v_1a6c1396198c316fa859,human_action,dev,A person is rock climbing,236,modelscope,modelscope/human_action/A person is rock climbing-1.mp4,1.0,success,0.114841,,true
v_f4ced5b58ef088930421,human_action,dev,A person is rock climbing,237,modelscope,modelscope/human_action/A person is rock climbing-2.mp4,1.0,success,0.112867,,true
v_d9940682798b6b90d5cc,human_action,dev,A person is rock climbing,238,modelscope,modelscope/human_action/A person is rock climbing-3.mp4,1.0,success,0.113436,,true
v_c35dd5be0219cbef088f,human_action,dev,A person is rock climbing,239,modelscope,modelscope/human_action/A person is rock climbing-4.mp4,1.0,success,0.114959,,true
v_351e0f9beefb5d80c578,human_action,test,A person is rock scissors paper,410,modelscope,modelscope/human_action/A person is rock scissors paper-0.mp4,1.0,success,0.113640,,true
v_d7eddd2365d7c196daf0,human_action,test,A person is rock scissors paper,411,modelscope,modelscope/human_action/A person is rock scissors paper-1.mp4,1.0,success,0.114053,,true
v_d7ecd5d9f8a764a1a0fc,human_action,test,A person is rock scissors paper,412,modelscope,modelscope/human_action/A person is rock scissors paper-2.mp4,0.0,success,0.112345,,false
v_3e65795fe73554ece36c,human_action,test,A person is rock scissors paper,413,modelscope,modelscope/human_action/A person is rock scissors paper-3.mp4,1.0,success,0.115758,,true
v_2f339f18ab058eaafbcb,human_action,test,A person is rock scissors paper,414,modelscope,modelscope/human_action/A person is rock scissors paper-4.mp4,1.0,success,0.115461,,true
v_aa04337cfde4641fa82e,human_action,test,A person is roller skating,10,modelscope,modelscope/human_action/A person is roller skating-0.mp4,1.0,success,0.114772,,true
v_9b37e57606b68818f1da,human_action,test,A person is roller skating,11,modelscope,modelscope/human_action/A person is roller skating-1.mp4,1.0,success,0.113086,,true
v_d571d882ab4f3e62555d,human_action,test,A person is roller skating,12,modelscope,modelscope/human_action/A person is roller skating-2.mp4,1.0,success,0.112740,,true
v_3b8d37adcdcde52155c8,human_action,test,A person is roller skating,13,modelscope,modelscope/human_action/A person is roller skating-3.mp4,1.0,success,0.113048,,true
v_d0b3301c10749150d9c1,human_action,test,A person is roller skating,14,modelscope,modelscope/human_action/A person is roller skating-4.mp4,1.0,success,0.111861,,true
v_4c85c0aae7162318e2a1,human_action,test,A person is running on treadmill,455,modelscope,modelscope/human_action/A person is running on treadmill-0.mp4,1.0,success,0.115672,,true
v_a6d12f9759825a9745a4,human_action,test,A person is running on treadmill,456,modelscope,modelscope/human_action/A person is running on treadmill-1.mp4,1.0,success,0.113840,,true
v_652702732d869ed25dac,human_action,test,A person is running on treadmill,457,modelscope,modelscope/human_action/A person is running on treadmill-2.mp4,1.0,success,0.114459,,true
v_f93ed50f8c510c5afdd2,human_action,test,A person is running on treadmill,458,modelscope,modelscope/human_action/A person is running on treadmill-3.mp4,1.0,success,0.112896,,true
v_1c59d7f62273862aa5f4,human_action,test,A person is running on treadmill,459,modelscope,modelscope/human_action/A person is running on treadmill-4.mp4,1.0,success,0.113799,,true
v_b3e63e877a48f3b9e549,human_action,test,A person is sailing,495,modelscope,modelscope/human_action/A person is sailing-0.mp4,1.0,success,0.114358,,true
v_f7c522d18a7cdb94144c,human_action,test,A person is sailing,496,modelscope,modelscope/human_action/A person is sailing-1.mp4,1.0,success,0.117510,,true
v_3d33324ca3f93f492a61,human_action,test,A person is sailing,497,modelscope,modelscope/human_action/A person is sailing-2.mp4,1.0,success,0.114252,,true
v_15adb9c49f99d95310a2,human_action,test,A person is sailing,498,modelscope,modelscope/human_action/A person is sailing-3.mp4,1.0,success,0.113896,,true
v_756b7d4f12078c43c58b,human_action,test,A person is sailing,499,modelscope,modelscope/human_action/A person is sailing-4.mp4,1.0,success,0.112222,,true
v_f95bbca4d999f402dd29,human_action,test,A person is shaking hands,135,modelscope,modelscope/human_action/A person is shaking hands-0.mp4,1.0,success,0.110933,,true
v_34da0a3a4347c222dd31,human_action,test,A person is shaking hands,136,modelscope,modelscope/human_action/A person is shaking hands-1.mp4,1.0,success,0.115505,,true
v_149306cb5bf4c174f89e,human_action,test,A person is shaking hands,137,modelscope,modelscope/human_action/A person is shaking hands-2.mp4,0.0,success,0.115269,,false
v_d75a971a1c12bb337223,human_action,test,A person is shaking hands,138,modelscope,modelscope/human_action/A person is shaking hands-3.mp4,1.0,success,0.112574,,true
v_b1fe55cecbad40586ded,human_action,test,A person is shaking hands,139,modelscope,modelscope/human_action/A person is shaking hands-4.mp4,1.0,success,0.112120,,true
v_79f6987357e439c7abb1,human_action,test,A person is shaking head,370,modelscope,modelscope/human_action/A person is shaking head-0.mp4,0.0,success,0.117753,,false
v_6481e769d741449f66a0,human_action,test,A person is shaking head,371,modelscope,modelscope/human_action/A person is shaking head-1.mp4,1.0,success,0.118191,,true
v_45318d10940d04013448,human_action,test,A person is shaking head,372,modelscope,modelscope/human_action/A person is shaking head-2.mp4,0.0,success,0.108097,,false
v_4487715d791c73999bd4,human_action,test,A person is shaking head,373,modelscope,modelscope/human_action/A person is shaking head-3.mp4,0.0,success,0.111881,,false
v_23187b169890147f9ea6,human_action,test,A person is shaking head,374,modelscope,modelscope/human_action/A person is shaking head-4.mp4,0.0,success,0.117711,,false
v_55b77349a39f57092ce6,human_action,test,A person is sharpening knives,225,modelscope,modelscope/human_action/A person is sharpening knives-0.mp4,1.0,success,0.113104,,true
v_dd85f18cc7726b03ae73,human_action,test,A person is sharpening knives,226,modelscope,modelscope/human_action/A person is sharpening knives-1.mp4,1.0,success,0.112902,,true
v_9a198b503cc17278702b,human_action,test,A person is sharpening knives,227,modelscope,modelscope/human_action/A person is sharpening knives-2.mp4,1.0,success,0.114149,,true
v_687c418ac0c4996dd00a,human_action,test,A person is sharpening knives,228,modelscope,modelscope/human_action/A person is sharpening knives-3.mp4,1.0,success,0.113497,,true
v_d8dfbf5a1c774c0b3253,human_action,test,A person is sharpening knives,229,modelscope,modelscope/human_action/A person is sharpening knives-4.mp4,1.0,success,0.114114,,true
v_666aae2e6ffcfbacf7fc,human_action,test,A person is shining shoes,485,modelscope,modelscope/human_action/A person is shining shoes-0.mp4,1.0,success,0.112328,,true
v_620cc41926c6d031a108,human_action,test,A person is shining shoes,486,modelscope,modelscope/human_action/A person is shining shoes-1.mp4,1.0,success,0.113098,,true
v_1baaf32988d0299d18da,human_action,test,A person is shining shoes,487,modelscope,modelscope/human_action/A person is shining shoes-2.mp4,1.0,success,0.113632,,true
v_b476b2d8d1d6e8fbea05,human_action,test,A person is shining shoes,488,modelscope,modelscope/human_action/A person is shining shoes-3.mp4,1.0,success,0.106799,,true
v_b142ebd0ccfb594b55aa,human_action,test,A person is shining shoes,489,modelscope,modelscope/human_action/A person is shining shoes-4.mp4,1.0,success,0.112240,,true
v_e273463ba998c4e80503,human_action,test,A person is shooting basketball,125,modelscope,modelscope/human_action/A person is shooting basketball-0.mp4,1.0,success,0.112377,,true
v_93a28c2ac005c41331db,human_action,test,A person is shooting basketball,126,modelscope,modelscope/human_action/A person is shooting basketball-1.mp4,1.0,success,0.112413,,true
v_ffbd02a465e165f4407f,human_action,test,A person is shooting basketball,127,modelscope,modelscope/human_action/A person is shooting basketball-2.mp4,1.0,success,0.112086,,true
v_3e7a7f8e776f26fa35c0,human_action,test,A person is shooting basketball,128,modelscope,modelscope/human_action/A person is shooting basketball-3.mp4,1.0,success,0.113376,,true
v_29f0ee38cfc0e4667d55,human_action,test,A person is shooting basketball,129,modelscope,modelscope/human_action/A person is shooting basketball-4.mp4,1.0,success,0.110538,,true
v_6e44b951fb57a9041318,human_action,test,A person is shooting goal (soccer),90,modelscope,modelscope/human_action/A person is shooting goal (soccer)-0.mp4,1.0,success,0.115136,,true
v_d1271a19be25291bf4b8,human_action,test,A person is shooting goal (soccer),91,modelscope,modelscope/human_action/A person is shooting goal (soccer)-1.mp4,1.0,success,0.117483,,true
v_ad53e38b467b520d463d,human_action,test,A person is shooting goal (soccer),92,modelscope,modelscope/human_action/A person is shooting goal (soccer)-2.mp4,1.0,success,0.117723,,true
v_5d9c83872344b688bd47,human_action,test,A person is shooting goal (soccer),93,modelscope,modelscope/human_action/A person is shooting goal (soccer)-3.mp4,1.0,success,0.114636,,true
v_f94a500f613ec16684b5,human_action,test,A person is shooting goal (soccer),94,modelscope,modelscope/human_action/A person is shooting goal (soccer)-4.mp4,1.0,success,0.113958,,true
v_6c443a93ba5f7c9e52f9,human_action,dev,A person is shuffling cards,170,modelscope,modelscope/human_action/A person is shuffling cards-0.mp4,1.0,success,0.113680,,true
v_64b23ea4dacc4ec004ca,human_action,dev,A person is shuffling cards,171,modelscope,modelscope/human_action/A person is shuffling cards-1.mp4,1.0,success,0.114681,,true
v_77e6c96d7ac611e3aa74,human_action,dev,A person is shuffling cards,172,modelscope,modelscope/human_action/A person is shuffling cards-2.mp4,1.0,success,0.114576,,true
v_e998551cb532fa337acd,human_action,dev,A person is shuffling cards,173,modelscope,modelscope/human_action/A person is shuffling cards-3.mp4,1.0,success,0.114726,,true
v_cc42f6cb377aac1b7bc7,human_action,dev,A person is shuffling cards,174,modelscope,modelscope/human_action/A person is shuffling cards-4.mp4,1.0,success,0.114475,,true
v_ef2f18ba14d137e0e243,human_action,dev,A person is skateboarding,60,modelscope,modelscope/human_action/A person is skateboarding-0.mp4,1.0,success,0.116732,,true
v_fb0147e5841fcb176a76,human_action,dev,A person is skateboarding,61,modelscope,modelscope/human_action/A person is skateboarding-1.mp4,1.0,success,0.110842,,true
v_729681a2e0144bba1cd0,human_action,dev,A person is skateboarding,62,modelscope,modelscope/human_action/A person is skateboarding-2.mp4,1.0,success,0.113247,,true
v_2efbb1289fa965703400,human_action,dev,A person is skateboarding,63,modelscope,modelscope/human_action/A person is skateboarding-3.mp4,1.0,success,0.115330,,true
v_897993dfa43405a0ed13,human_action,dev,A person is skateboarding,64,modelscope,modelscope/human_action/A person is skateboarding-4.mp4,1.0,success,0.110060,,true
v_ba6f5e57ea626dbd7d15,human_action,dev,A person is skydiving,85,modelscope,modelscope/human_action/A person is skydiving-0.mp4,1.0,success,0.114147,,true
v_6bfe0e56e1776a024f3a,human_action,dev,A person is skydiving,86,modelscope,modelscope/human_action/A person is skydiving-1.mp4,1.0,success,0.116014,,true
v_d68e9cd46f6e9fa86153,human_action,dev,A person is skydiving,87,modelscope,modelscope/human_action/A person is skydiving-2.mp4,1.0,success,0.116433,,true
v_a29a3406b894e95f84b7,human_action,dev,A person is skydiving,88,modelscope,modelscope/human_action/A person is skydiving-3.mp4,1.0,success,0.113972,,true
v_2ed5c87647d140fa8591,human_action,dev,A person is skydiving,89,modelscope,modelscope/human_action/A person is skydiving-4.mp4,1.0,success,0.118179,,true
v_7d5c6266204e4c0bf271,human_action,dev,A person is smoking,180,modelscope,modelscope/human_action/A person is smoking-0.mp4,1.0,success,0.114531,,true
v_08802fff7f5d792b1020,human_action,dev,A person is smoking,181,modelscope,modelscope/human_action/A person is smoking-1.mp4,1.0,success,0.117950,,true
v_159ff3786a4eb8eb2a4f,human_action,dev,A person is smoking,182,modelscope,modelscope/human_action/A person is smoking-2.mp4,1.0,success,0.113593,,true
v_89a037a1074d8fb070bd,human_action,dev,A person is smoking,183,modelscope,modelscope/human_action/A person is smoking-3.mp4,0.0,success,0.113999,,false
v_90b1220de92f634d9cf2,human_action,dev,A person is smoking,184,modelscope,modelscope/human_action/A person is smoking-4.mp4,1.0,success,0.113168,,true
v_a9c628176994a66db22c,human_action,test,A person is squat,190,modelscope,modelscope/human_action/A person is squat-0.mp4,1.0,success,0.113224,,true
v_3b58203f32c0502d0af0,human_action,test,A person is squat,191,modelscope,modelscope/human_action/A person is squat-1.mp4,1.0,success,0.112747,,true
v_ae1bf5a972b58497c591,human_action,test,A person is squat,192,modelscope,modelscope/human_action/A person is squat-2.mp4,1.0,success,0.111964,,true
v_a149a92ea0301bcbab78,human_action,test,A person is squat,193,modelscope,modelscope/human_action/A person is squat-3.mp4,1.0,success,0.114490,,true
v_d6dbe88af76d617e24f3,human_action,test,A person is squat,194,modelscope,modelscope/human_action/A person is squat-4.mp4,1.0,success,0.114410,,true
v_204544d661ef3f15f6bd,human_action,test,A person is sticking tongue out,365,modelscope,modelscope/human_action/A person is sticking tongue out-0.mp4,1.0,success,0.113265,,true
v_159a7fa5762f921d3ef5,human_action,test,A person is sticking tongue out,366,modelscope,modelscope/human_action/A person is sticking tongue out-1.mp4,1.0,success,0.115146,,true
v_383a4261ca2847542ff5,human_action,test,A person is sticking tongue out,367,modelscope,modelscope/human_action/A person is sticking tongue out-2.mp4,1.0,success,0.114299,,true
v_8c12764c35b569cbb774,human_action,test,A person is sticking tongue out,368,modelscope,modelscope/human_action/A person is sticking tongue out-3.mp4,1.0,success,0.112457,,true
v_546d9b6c672a5bac1193,human_action,test,A person is sticking tongue out,369,modelscope,modelscope/human_action/A person is sticking tongue out-4.mp4,1.0,success,0.110804,,true
v_337831483fa724947f17,human_action,dev,A person is stretching leg,75,modelscope,modelscope/human_action/A person is stretching leg-0.mp4,1.0,success,0.112108,,true
v_19dd5953950b7e69139a,human_action,dev,A person is stretching leg,76,modelscope,modelscope/human_action/A person is stretching leg-1.mp4,1.0,success,0.116565,,true
v_466fcf389450564dc394,human_action,dev,A person is stretching leg,77,modelscope,modelscope/human_action/A person is stretching leg-2.mp4,1.0,success,0.112163,,true
v_52ae4fcabf729f997e48,human_action,dev,A person is stretching leg,78,modelscope,modelscope/human_action/A person is stretching leg-3.mp4,1.0,success,0.111143,,true
v_cdf2cbe8f6412fb87b76,human_action,dev,A person is stretching leg,79,modelscope,modelscope/human_action/A person is stretching leg-4.mp4,1.0,success,0.111536,,true
v_d26af5ad0ceb5cef7434,human_action,dev,A person is strumming guitar,385,modelscope,modelscope/human_action/A person is strumming guitar-0.mp4,1.0,success,0.113281,,true
v_7ff31bd3bd336e9f7ed9,human_action,dev,A person is strumming guitar,386,modelscope,modelscope/human_action/A person is strumming guitar-1.mp4,1.0,success,0.114911,,true
v_2e7bfc836b3da42fba88,human_action,dev,A person is strumming guitar,387,modelscope,modelscope/human_action/A person is strumming guitar-2.mp4,1.0,success,0.114458,,true
v_09ca7368b3a95551868b,human_action,dev,A person is strumming guitar,388,modelscope,modelscope/human_action/A person is strumming guitar-3.mp4,1.0,success,0.114701,,true
v_b9cea1c0ee800ad17a1c,human_action,dev,A person is strumming guitar,389,modelscope,modelscope/human_action/A person is strumming guitar-4.mp4,1.0,success,0.115314,,true
v_db3607caa94d484ff749,human_action,test,A person is sweeping floor,55,modelscope,modelscope/human_action/A person is sweeping floor-0.mp4,1.0,success,0.112244,,true
v_ce97124686ac27a78f98,human_action,test,A person is sweeping floor,56,modelscope,modelscope/human_action/A person is sweeping floor-1.mp4,1.0,success,0.112241,,true
v_12317e5f615776de2fd5,human_action,test,A person is sweeping floor,57,modelscope,modelscope/human_action/A person is sweeping floor-2.mp4,1.0,success,0.114254,,true
v_05b968c5fe96cebb3d09,human_action,test,A person is sweeping floor,58,modelscope,modelscope/human_action/A person is sweeping floor-3.mp4,1.0,success,0.115410,,true
v_f431ce959844eb05074b,human_action,test,A person is sweeping floor,59,modelscope,modelscope/human_action/A person is sweeping floor-4.mp4,1.0,success,0.112693,,true
v_995bf3a687fd11eff02e,human_action,dev,A person is sword fighting,375,modelscope,modelscope/human_action/A person is sword fighting-0.mp4,0.0,success,0.114057,,false
v_1ec67db1dde7e42274eb,human_action,dev,A person is sword fighting,376,modelscope,modelscope/human_action/A person is sword fighting-1.mp4,1.0,success,0.113422,,true
v_28dfdc175cc369a4cdbf,human_action,dev,A person is sword fighting,377,modelscope,modelscope/human_action/A person is sword fighting-2.mp4,1.0,success,0.114221,,true
v_4e43bcb19ae9395cfd86,human_action,dev,A person is sword fighting,378,modelscope,modelscope/human_action/A person is sword fighting-3.mp4,1.0,success,0.112988,,true
v_d240ef3613812b117a91,human_action,dev,A person is sword fighting,379,modelscope,modelscope/human_action/A person is sword fighting-4.mp4,1.0,success,0.117635,,true
v_c64816640d5ec24cfc63,human_action,test,A person is tai chi,185,modelscope,modelscope/human_action/A person is tai chi-0.mp4,0.0,success,0.115631,,false
v_91be2b29d76cf97710f3,human_action,test,A person is tai chi,186,modelscope,modelscope/human_action/A person is tai chi-1.mp4,1.0,success,0.116757,,true
v_a2d5243c52ba9b8cd7fd,human_action,test,A person is tai chi,187,modelscope,modelscope/human_action/A person is tai chi-2.mp4,1.0,success,0.111802,,true
v_2cefbe72a2e995a3cf3f,human_action,test,A person is tai chi,188,modelscope,modelscope/human_action/A person is tai chi-3.mp4,1.0,success,0.119870,,true
v_da53e8b42cfefdc7622b,human_action,test,A person is tai chi,189,modelscope,modelscope/human_action/A person is tai chi-4.mp4,1.0,success,0.111770,,true
v_40ff0a0a9864bdcc7f02,human_action,dev,A person is taking a shower,215,modelscope,modelscope/human_action/A person is taking a shower-0.mp4,1.0,success,0.114102,,true
v_da40f828739c987b8fd1,human_action,dev,A person is taking a shower,216,modelscope,modelscope/human_action/A person is taking a shower-1.mp4,1.0,success,0.110185,,true
v_c9751404ec7138b3f76a,human_action,dev,A person is taking a shower,217,modelscope,modelscope/human_action/A person is taking a shower-2.mp4,1.0,success,0.111192,,true
v_2c3ad0eab95059295365,human_action,dev,A person is taking a shower,218,modelscope,modelscope/human_action/A person is taking a shower-3.mp4,1.0,success,0.121021,,true
v_60ca414ecabc0c4358f8,human_action,dev,A person is taking a shower,219,modelscope,modelscope/human_action/A person is taking a shower-4.mp4,1.0,success,0.111352,,true
v_24b78632d961467c4782,human_action,test,A person is tasting beer,15,modelscope,modelscope/human_action/A person is tasting beer-0.mp4,1.0,success,0.113391,,true
v_7ca1e5a11df16a382575,human_action,test,A person is tasting beer,16,modelscope,modelscope/human_action/A person is tasting beer-1.mp4,1.0,success,0.112411,,true
v_0a2045fd00baf0bc81e2,human_action,test,A person is tasting beer,17,modelscope,modelscope/human_action/A person is tasting beer-2.mp4,1.0,success,0.114875,,true
v_54472e0980c79bd0ab7f,human_action,test,A person is tasting beer,18,modelscope,modelscope/human_action/A person is tasting beer-3.mp4,1.0,success,0.112616,,true
v_d46f573518833e800852,human_action,test,A person is tasting beer,19,modelscope,modelscope/human_action/A person is tasting beer-4.mp4,0.0,success,0.111995,,false
v_4b9801648831369fdb07,human_action,test,A person is throwing axe,200,modelscope,modelscope/human_action/A person is throwing axe-0.mp4,1.0,success,0.113505,,true
v_a4edce579d733f1be2dc,human_action,test,A person is throwing axe,201,modelscope,modelscope/human_action/A person is throwing axe-1.mp4,1.0,success,0.114756,,true
v_71315a6605cd59b5d9e5,human_action,test,A person is throwing axe,202,modelscope,modelscope/human_action/A person is throwing axe-2.mp4,1.0,success,0.114000,,true
v_3c2e8a63b7101b4c7014,human_action,test,A person is throwing axe,203,modelscope,modelscope/human_action/A person is throwing axe-3.mp4,1.0,success,0.116261,,true
v_3649f771bc0b24c6b320,human_action,test,A person is throwing axe,204,modelscope,modelscope/human_action/A person is throwing axe-4.mp4,1.0,success,0.112089,,true
v_68a4cddea82841937c29,human_action,test,A person is trimming or shaving beard,295,modelscope,modelscope/human_action/A person is trimming or shaving beard-0.mp4,1.0,success,0.113677,,true
v_ed7d95f0d78fc02188d8,human_action,test,A person is trimming or shaving beard,296,modelscope,modelscope/human_action/A person is trimming or shaving beard-1.mp4,1.0,success,0.112931,,true
v_f4df0c0dac33654ffd37,human_action,test,A person is trimming or shaving beard,297,modelscope,modelscope/human_action/A person is trimming or shaving beard-2.mp4,1.0,success,0.114696,,true
v_7261423b45a693a235ba,human_action,test,A person is trimming or shaving beard,298,modelscope,modelscope/human_action/A person is trimming or shaving beard-3.mp4,1.0,success,0.112764,,true
v_20fc157a11bb550c8ccc,human_action,test,A person is trimming or shaving beard,299,modelscope,modelscope/human_action/A person is trimming or shaving beard-4.mp4,1.0,success,0.113719,,true
v_9207b02d89a8a26036fa,human_action,test,A person is tying tie,80,modelscope,modelscope/human_action/A person is tying tie-0.mp4,1.0,success,0.115271,,true
v_c257b3a98c6a06eb8cdf,human_action,test,A person is tying tie,81,modelscope,modelscope/human_action/A person is tying tie-1.mp4,1.0,success,0.111880,,true
v_264896ed8dc13dfcd75a,human_action,test,A person is tying tie,82,modelscope,modelscope/human_action/A person is tying tie-2.mp4,1.0,success,0.116914,,true
v_eb0014f2ba851c41e692,human_action,test,A person is tying tie,83,modelscope,modelscope/human_action/A person is tying tie-3.mp4,1.0,success,0.112938,,true
v_7952074d25354dd1c4c4,human_action,test,A person is tying tie,84,modelscope,modelscope/human_action/A person is tying tie-4.mp4,1.0,success,0.113859,,true
v_2cf6cfe8eec44734950c,human_action,test,A person is using computer,415,modelscope,modelscope/human_action/A person is using computer-0.mp4,1.0,success,0.116894,,true
v_d979f26e765976b1ed24,human_action,test,A person is using computer,416,modelscope,modelscope/human_action/A person is using computer-1.mp4,1.0,success,0.117516,,true
v_0ed85b0016890f020b5b,human_action,test,A person is using computer,417,modelscope,modelscope/human_action/A person is using computer-2.mp4,1.0,success,0.114423,,true
v_49184160eb89e2cd77c7,human_action,test,A person is using computer,418,modelscope,modelscope/human_action/A person is using computer-3.mp4,1.0,success,0.113509,,true
v_dd920fc87bed923336b3,human_action,test,A person is using computer,419,modelscope,modelscope/human_action/A person is using computer-4.mp4,1.0,success,0.114285,,true
v_ff5646ca3fbf9fde7b94,human_action,dev,A person is washing dishes,310,modelscope,modelscope/human_action/A person is washing dishes-0.mp4,1.0,success,0.111593,,true
v_e8b9fd8dc4ad46322b99,human_action,dev,A person is washing dishes,311,modelscope,modelscope/human_action/A person is washing dishes-1.mp4,1.0,success,0.112890,,true
v_bcc3e3462704fa6f237e,human_action,dev,A person is washing dishes,312,modelscope,modelscope/human_action/A person is washing dishes-2.mp4,1.0,success,0.113861,,true
v_0b6a0d2175a59d42e3af,human_action,dev,A person is washing dishes,313,modelscope,modelscope/human_action/A person is washing dishes-3.mp4,1.0,success,0.112732,,true
v_e1197e79ad2d9bac0192,human_action,dev,A person is washing dishes,314,modelscope,modelscope/human_action/A person is washing dishes-4.mp4,1.0,success,0.114891,,true
v_6673e8fd9b43ceeadf46,human_action,test,A person is washing hands,275,modelscope,modelscope/human_action/A person is washing hands-0.mp4,1.0,success,0.113418,,true
v_563a2e9f8c00564196ff,human_action,test,A person is washing hands,276,modelscope,modelscope/human_action/A person is washing hands-1.mp4,1.0,success,0.112102,,true
v_91ff5c5692f7b603cc42,human_action,test,A person is washing hands,277,modelscope,modelscope/human_action/A person is washing hands-2.mp4,1.0,success,0.112458,,true
v_c287b25709f0de0b27ee,human_action,test,A person is washing hands,278,modelscope,modelscope/human_action/A person is washing hands-3.mp4,1.0,success,0.114751,,true
v_3c55ad73184c0ac276b6,human_action,test,A person is washing hands,279,modelscope,modelscope/human_action/A person is washing hands-4.mp4,1.0,success,0.113433,,true
v_19d5292589cf4215eaae,human_action,dev,A person is wrestling,45,modelscope,modelscope/human_action/A person is wrestling-0.mp4,1.0,success,0.112315,,true
v_50b714c5e1f20f8f5f01,human_action,dev,A person is wrestling,46,modelscope,modelscope/human_action/A person is wrestling-1.mp4,1.0,success,0.112243,,true
v_f3dcd65dd94755727f64,human_action,dev,A person is wrestling,47,modelscope,modelscope/human_action/A person is wrestling-2.mp4,1.0,success,0.113474,,true
v_115d137ca089067772dd,human_action,dev,A person is wrestling,48,modelscope,modelscope/human_action/A person is wrestling-3.mp4,1.0,success,0.112743,,true
v_e2580fb55662b2b2ed33,human_action,dev,A person is wrestling,49,modelscope,modelscope/human_action/A person is wrestling-4.mp4,1.0,success,0.107281,,true
v_e7a4b002f73f7e6a42e8,human_action,dev,A person is writing,245,modelscope,modelscope/human_action/A person is writing-0.mp4,1.0,success,0.112838,,true
v_caae2a9aaca5a6811a1b,human_action,dev,A person is writing,246,modelscope,modelscope/human_action/A person is writing-1.mp4,1.0,success,0.113518,,true
v_1a7dfddc74b1213b6d98,human_action,dev,A person is writing,247,modelscope,modelscope/human_action/A person is writing-2.mp4,1.0,success,0.114850,,true
v_39177de1c28126ea7a94,human_action,dev,A person is writing,248,modelscope,modelscope/human_action/A person is writing-3.mp4,1.0,success,0.111545,,true
v_81eaedb3ce67bade0ffa,human_action,dev,A person is writing,249,modelscope,modelscope/human_action/A person is writing-4.mp4,1.0,success,0.113548,,true
v_e91c4da2f1d6a1c2e959,human_action,test,A person is air drumming,210,videocraft,videocrafter/human_action/A person is air drumming-0.mp4,0.0,success,0.178360,,false
v_52ff9250c5f7b5281d1b,human_action,test,A person is air drumming,211,videocraft,videocrafter/human_action/A person is air drumming-1.mp4,1.0,success,0.177631,,true
v_14f23aee6f3cd607087d,human_action,test,A person is air drumming,212,videocraft,videocrafter/human_action/A person is air drumming-2.mp4,0.0,success,0.174797,,false
v_91ebd20b7b8ddb0515ff,human_action,test,A person is air drumming,213,videocraft,videocrafter/human_action/A person is air drumming-3.mp4,0.0,success,0.159027,,false
v_4cbd9cba17046d201bec,human_action,test,A person is air drumming,214,videocraft,videocrafter/human_action/A person is air drumming-4.mp4,0.0,success,0.179120,,false
v_40169627484ce62c5449,human_action,dev,A person is archery,395,videocraft,videocrafter/human_action/A person is archery-0.mp4,1.0,success,0.179240,,true
v_ddf6341922da89bf2ae5,human_action,dev,A person is archery,396,videocraft,videocrafter/human_action/A person is archery-1.mp4,1.0,success,0.155957,,true
v_655e85826adf7e4a7d9d,human_action,dev,A person is archery,397,videocraft,videocrafter/human_action/A person is archery-2.mp4,1.0,success,0.182976,,true
v_a082541903f49809a2f5,human_action,dev,A person is archery,398,videocraft,videocrafter/human_action/A person is archery-3.mp4,1.0,success,0.179524,,true
v_0053eeea75d3f11d7ee1,human_action,dev,A person is archery,399,videocraft,videocrafter/human_action/A person is archery-4.mp4,1.0,success,0.193349,,true
v_b23a668a4bb343678320,human_action,test,A person is arranging flowers,420,videocraft,videocrafter/human_action/A person is arranging flowers-0.mp4,1.0,success,0.179675,,true
v_0f5ec2a5ddc6ea1f1478,human_action,test,A person is arranging flowers,421,videocraft,videocrafter/human_action/A person is arranging flowers-1.mp4,1.0,success,0.188251,,true
v_41b8e7ab8bf685a87f0e,human_action,test,A person is arranging flowers,422,videocraft,videocrafter/human_action/A person is arranging flowers-2.mp4,1.0,success,0.200552,,true
v_27af862f0d4b139efc3d,human_action,test,A person is arranging flowers,423,videocraft,videocrafter/human_action/A person is arranging flowers-3.mp4,1.0,success,0.186261,,true
v_bcb9f1c552fce295de1d,human_action,test,A person is arranging flowers,424,videocraft,videocrafter/human_action/A person is arranging flowers-4.mp4,1.0,success,0.193871,,true
v_4eb9f1d333e894e95c52,human_action,dev,A person is baby waking up,335,videocraft,videocrafter/human_action/A person is baby waking up-0.mp4,1.0,success,0.169298,,true
v_f9a4ae1a6aae8ded4e08,human_action,dev,A person is baby waking up,336,videocraft,videocrafter/human_action/A person is baby waking up-1.mp4,1.0,success,0.164710,,true
v_42b9e2d70a6bf110bbe5,human_action,dev,A person is baby waking up,337,videocraft,videocrafter/human_action/A person is baby waking up-2.mp4,1.0,success,0.153203,,true
v_8f4711d133cf3d41fef2,human_action,dev,A person is baby waking up,338,videocraft,videocrafter/human_action/A person is baby waking up-3.mp4,1.0,success,0.177925,,true
v_3bf1cc7684396b80d841,human_action,dev,A person is baby waking up,339,videocraft,videocrafter/human_action/A person is baby waking up-4.mp4,1.0,success,0.162688,,true
v_c2f1527d819effc68772,human_action,test,A person is bandaging,140,videocraft,videocrafter/human_action/A person is bandaging-0.mp4,1.0,success,0.178808,,true
v_8fb67c7139c8e19989fa,human_action,test,A person is bandaging,141,videocraft,videocrafter/human_action/A person is bandaging-1.mp4,1.0,success,0.181272,,true
v_4adefaafbe3989133dbf,human_action,test,A person is bandaging,142,videocraft,videocrafter/human_action/A person is bandaging-2.mp4,1.0,success,0.164088,,true
v_2c2dd378eab4f69c65f5,human_action,test,A person is bandaging,143,videocraft,videocrafter/human_action/A person is bandaging-3.mp4,1.0,success,0.173084,,true
v_50a8b8d4e1beefba71a1,human_action,test,A person is bandaging,144,videocraft,videocrafter/human_action/A person is bandaging-4.mp4,1.0,success,0.163069,,true
v_058c7413887b3fd30cc1,human_action,dev,A person is barbequing,470,videocraft,videocrafter/human_action/A person is barbequing-0.mp4,1.0,success,0.177767,,true
v_bf517120306b79314a21,human_action,dev,A person is barbequing,471,videocraft,videocrafter/human_action/A person is barbequing-1.mp4,1.0,success,0.179342,,true
v_a6900a6cc5664e17f656,human_action,dev,A person is barbequing,472,videocraft,videocrafter/human_action/A person is barbequing-2.mp4,1.0,success,0.187579,,true
v_ac3ba278f0f8f14d8dce,human_action,dev,A person is barbequing,473,videocraft,videocrafter/human_action/A person is barbequing-3.mp4,1.0,success,0.175553,,true
v_47304c739b5d151bcebf,human_action,dev,A person is barbequing,474,videocraft,videocrafter/human_action/A person is barbequing-4.mp4,1.0,success,0.179558,,true
v_63c988f49c0bba13ce76,human_action,test,A person is bending back,130,videocraft,videocrafter/human_action/A person is bending back-0.mp4,1.0,success,0.169795,,true
v_b40985f149984252a9e5,human_action,test,A person is bending back,131,videocraft,videocrafter/human_action/A person is bending back-1.mp4,0.0,success,0.177839,,false
v_698174a791a3dd5b52b0,human_action,test,A person is bending back,132,videocraft,videocrafter/human_action/A person is bending back-2.mp4,1.0,success,0.187752,,true
v_2fdf385991c3b4fa7e96,human_action,test,A person is bending back,133,videocraft,videocrafter/human_action/A person is bending back-3.mp4,1.0,success,0.182531,,true
v_e4f036031cc73b47b418,human_action,test,A person is bending back,134,videocraft,videocrafter/human_action/A person is bending back-4.mp4,1.0,success,0.167356,,true
v_72876278d1a6e8597234,human_action,test,A person is bending metal,425,videocraft,videocrafter/human_action/A person is bending metal-0.mp4,0.0,success,0.176729,,false
v_34a4209a9f8cc134c733,human_action,test,A person is bending metal,426,videocraft,videocrafter/human_action/A person is bending metal-1.mp4,0.0,success,0.136967,,false
v_4e6c746c531f9827131d,human_action,test,A person is bending metal,427,videocraft,videocrafter/human_action/A person is bending metal-2.mp4,1.0,success,0.169085,,true
v_829e8e1b78834ee033a3,human_action,test,A person is bending metal,428,videocraft,videocrafter/human_action/A person is bending metal-3.mp4,1.0,success,0.169872,,true
v_d7dd5ff3e1ec56bad17d,human_action,test,A person is bending metal,429,videocraft,videocrafter/human_action/A person is bending metal-4.mp4,1.0,success,0.178078,,true
v_e3feaafa906069dc604b,human_action,test,A person is brushing teeth,345,videocraft,videocrafter/human_action/A person is brushing teeth-0.mp4,1.0,success,0.175241,,true
v_b128cd9ba38c5f3bd0cc,human_action,test,A person is brushing teeth,346,videocraft,videocrafter/human_action/A person is brushing teeth-1.mp4,1.0,success,0.180976,,true
v_cde46710daef78a0c461,human_action,test,A person is brushing teeth,347,videocraft,videocrafter/human_action/A person is brushing teeth-2.mp4,1.0,success,0.172414,,true
v_85613fca83fd491e1927,human_action,test,A person is brushing teeth,348,videocraft,videocrafter/human_action/A person is brushing teeth-3.mp4,1.0,success,0.165870,,true
v_0208fa7f74e011d13b29,human_action,test,A person is brushing teeth,349,videocraft,videocrafter/human_action/A person is brushing teeth-4.mp4,1.0,success,0.174095,,true
v_c4ddb92d3cf765b1264d,human_action,dev,A person is bungee jumping,250,videocraft,videocrafter/human_action/A person is bungee jumping-0.mp4,1.0,success,0.187498,,true
v_35dd025cd6fa434d81e7,human_action,dev,A person is bungee jumping,251,videocraft,videocrafter/human_action/A person is bungee jumping-1.mp4,1.0,success,0.188952,,true
v_275e1ec38331d0de76b5,human_action,dev,A person is bungee jumping,252,videocraft,videocrafter/human_action/A person is bungee jumping-2.mp4,1.0,success,0.191537,,true
v_1d5f3b349dcbeecdecbb,human_action,dev,A person is bungee jumping,253,videocraft,videocrafter/human_action/A person is bungee jumping-3.mp4,1.0,success,0.180823,,true
v_97b6626fa5a0189b6775,human_action,dev,A person is bungee jumping,254,videocraft,videocrafter/human_action/A person is bungee jumping-4.mp4,1.0,success,0.199571,,true
v_a8681b335f7c8b7cb3b4,human_action,test,A person is canoeing or kayaking,105,videocraft,videocrafter/human_action/A person is canoeing or kayaking-0.mp4,1.0,success,0.188975,,true
v_101e7db4e0bb421f61f3,human_action,test,A person is canoeing or kayaking,106,videocraft,videocrafter/human_action/A person is canoeing or kayaking-1.mp4,1.0,success,0.202811,,true
v_faa7158e75c1eef5a8b9,human_action,test,A person is canoeing or kayaking,107,videocraft,videocrafter/human_action/A person is canoeing or kayaking-2.mp4,1.0,success,0.179413,,true
v_8beb3891ae3c2cccc167,human_action,test,A person is canoeing or kayaking,108,videocraft,videocrafter/human_action/A person is canoeing or kayaking-3.mp4,1.0,success,0.170669,,true
v_f70c1c32412b51cc5c25,human_action,test,A person is canoeing or kayaking,109,videocraft,videocrafter/human_action/A person is canoeing or kayaking-4.mp4,1.0,success,0.177155,,true
v_afe2ded69fc5773a66ad,human_action,dev,A person is catching or throwing baseball,400,videocraft,videocrafter/human_action/A person is catching or throwing baseball-0.mp4,1.0,success,0.186475,,true
v_e2345c47033d929ce5b3,human_action,dev,A person is catching or throwing baseball,401,videocraft,videocrafter/human_action/A person is catching or throwing baseball-1.mp4,1.0,success,0.190886,,true
v_1f07431103dc79fca407,human_action,dev,A person is catching or throwing baseball,402,videocraft,videocrafter/human_action/A person is catching or throwing baseball-2.mp4,0.0,success,0.186384,,false
v_4c0f41729bc5051761a7,human_action,dev,A person is catching or throwing baseball,403,videocraft,videocrafter/human_action/A person is catching or throwing baseball-3.mp4,1.0,success,0.193661,,true
v_373c3b1a7c78043c679e,human_action,dev,A person is catching or throwing baseball,404,videocraft,videocrafter/human_action/A person is catching or throwing baseball-4.mp4,1.0,success,0.176718,,true
v_880d43f650d542947c4a,human_action,test,A person is catching or throwing frisbee,150,videocraft,videocrafter/human_action/A person is catching or throwing frisbee-0.mp4,1.0,success,0.176642,,true
v_87cdb11e534425c72158,human_action,test,A person is catching or throwing frisbee,151,videocraft,videocrafter/human_action/A person is catching or throwing frisbee-1.mp4,1.0,success,0.172317,,true
v_c3b8ff9d43c2e3b5ffab,human_action,test,A person is catching or throwing frisbee,152,videocraft,videocrafter/human_action/A person is catching or throwing frisbee-2.mp4,1.0,success,0.193560,,true
v_1c6f6bb0069270fb6e50,human_action,test,A person is catching or throwing frisbee,153,videocraft,videocrafter/human_action/A person is catching or throwing frisbee-3.mp4,1.0,success,0.219637,,true
v_41750caacba80def5f1f,human_action,test,A person is catching or throwing frisbee,154,videocraft,videocrafter/human_action/A person is catching or throwing frisbee-4.mp4,1.0,success,0.189591,,true
v_79f34bdfa7c155119828,human_action,test,A person is cheerleading,270,videocraft,videocrafter/human_action/A person is cheerleading-0.mp4,1.0,success,0.180344,,true
v_f711427fa7d17d89cace,human_action,test,A person is cheerleading,271,videocraft,videocrafter/human_action/A person is cheerleading-1.mp4,1.0,success,0.170296,,true
v_9d806947a44e84e72880,human_action,test,A person is cheerleading,272,videocraft,videocrafter/human_action/A person is cheerleading-2.mp4,1.0,success,0.179517,,true
v_4bfcaecebb2c715891ff,human_action,test,A person is cheerleading,273,videocraft,videocrafter/human_action/A person is cheerleading-3.mp4,1.0,success,0.183718,,true
v_296361df784d5cab255d,human_action,test,A person is cheerleading,274,videocraft,videocrafter/human_action/A person is cheerleading-4.mp4,1.0,success,0.182734,,true
v_bfa3b3b5e3b4c9c225e0,human_action,dev,A person is clapping,20,videocraft,videocrafter/human_action/A person is clapping-0.mp4,1.0,success,0.181367,,true
v_6699587522351f430f93,human_action,dev,A person is clapping,21,videocraft,videocrafter/human_action/A person is clapping-1.mp4,1.0,success,0.171397,,true
v_c02df825e7bd96f69fdf,human_action,dev,A person is clapping,22,videocraft,videocrafter/human_action/A person is clapping-2.mp4,1.0,success,0.172912,,true
v_cc037e1735363d8e2d5c,human_action,dev,A person is clapping,23,videocraft,videocrafter/human_action/A person is clapping-3.mp4,1.0,success,0.167250,,true
v_22f6e3d31f6189874751,human_action,dev,A person is clapping,24,videocraft,videocrafter/human_action/A person is clapping-4.mp4,0.0,success,0.165295,,false
v_2406c45ffd9a62de1c73,human_action,dev,A person is clay pottery making,120,videocraft,videocrafter/human_action/A person is clay pottery making-0.mp4,1.0,success,0.182176,,true
v_5365725a24f1b6326d7b,human_action,dev,A person is clay pottery making,121,videocraft,videocrafter/human_action/A person is clay pottery making-1.mp4,1.0,success,0.175372,,true
v_cb907121f135618fd1a0,human_action,dev,A person is clay pottery making,122,videocraft,videocrafter/human_action/A person is clay pottery making-2.mp4,1.0,success,0.178755,,true
v_caf6195edfb9e29418a3,human_action,dev,A person is clay pottery making,123,videocraft,videocrafter/human_action/A person is clay pottery making-3.mp4,1.0,success,0.180424,,true
v_634eecdc016ed1bfc97b,human_action,dev,A person is clay pottery making,124,videocraft,videocrafter/human_action/A person is clay pottery making-4.mp4,1.0,success,0.184434,,true
v_0aafe8ab18846cf23c51,human_action,dev,A person is cleaning windows,260,videocraft,videocrafter/human_action/A person is cleaning windows-0.mp4,1.0,success,0.175069,,true
v_54e4fc2708376ab86a7c,human_action,dev,A person is cleaning windows,261,videocraft,videocrafter/human_action/A person is cleaning windows-1.mp4,1.0,success,0.184187,,true
v_9bf373003e943fad2f20,human_action,dev,A person is cleaning windows,262,videocraft,videocrafter/human_action/A person is cleaning windows-2.mp4,1.0,success,0.173092,,true
v_0d239b3e57c9805b8755,human_action,dev,A person is cleaning windows,263,videocraft,videocrafter/human_action/A person is cleaning windows-3.mp4,1.0,success,0.171942,,true
v_9bc65c4a2da462efff32,human_action,dev,A person is cleaning windows,264,videocraft,videocrafter/human_action/A person is cleaning windows-4.mp4,1.0,success,0.181964,,true
v_d92d33162e0d9c8465cb,human_action,test,A person is climbing a rope,435,videocraft,videocrafter/human_action/A person is climbing a rope-0.mp4,1.0,success,0.176562,,true
v_f7aded0242f0fc7cb5a5,human_action,test,A person is climbing a rope,436,videocraft,videocrafter/human_action/A person is climbing a rope-1.mp4,1.0,success,0.178503,,true
v_91eb1051ffea8c705d1a,human_action,test,A person is climbing a rope,437,videocraft,videocrafter/human_action/A person is climbing a rope-2.mp4,1.0,success,0.179312,,true
v_edb132f4079c9418a009,human_action,test,A person is climbing a rope,438,videocraft,videocrafter/human_action/A person is climbing a rope-3.mp4,1.0,success,0.180276,,true
v_ad096249b48808797ce4,human_action,test,A person is climbing a rope,439,videocraft,videocrafter/human_action/A person is climbing a rope-4.mp4,1.0,success,0.171757,,true
v_0a1dcc7923987efa30d8,human_action,dev,A person is counting money,465,videocraft,videocrafter/human_action/A person is counting money-0.mp4,1.0,success,0.154170,,true
v_e515c7f9d557c1a0db16,human_action,dev,A person is counting money,466,videocraft,videocrafter/human_action/A person is counting money-1.mp4,1.0,success,0.169720,,true
v_757a01116eb4bbd39445,human_action,dev,A person is counting money,467,videocraft,videocrafter/human_action/A person is counting money-2.mp4,1.0,success,0.152150,,true
v_ce6b788a6ec2fb9b94ae,human_action,dev,A person is counting money,468,videocraft,videocrafter/human_action/A person is counting money-3.mp4,1.0,success,0.160589,,true
v_bd7b5454d618a4f7e75d,human_action,dev,A person is counting money,469,videocraft,videocrafter/human_action/A person is counting money-4.mp4,1.0,success,0.162423,,true
v_f9a8e72240773c434ff2,human_action,test,A person is crawling baby,350,videocraft,videocrafter/human_action/A person is crawling baby-0.mp4,1.0,success,0.180288,,true
v_afb5105a0d2e319038c7,human_action,test,A person is crawling baby,351,videocraft,videocrafter/human_action/A person is crawling baby-1.mp4,1.0,success,0.178081,,true
v_147e5d367025607bb6b3,human_action,test,A person is crawling baby,352,videocraft,videocrafter/human_action/A person is crawling baby-2.mp4,1.0,success,0.199685,,true
v_064a51850b1a275fd72b,human_action,test,A person is crawling baby,353,videocraft,videocrafter/human_action/A person is crawling baby-3.mp4,1.0,success,0.183140,,true
v_6f38e677a6c14daadfad,human_action,test,A person is crawling baby,354,videocraft,videocrafter/human_action/A person is crawling baby-4.mp4,1.0,success,0.174971,,true
v_033714d9472e8e269142,human_action,test,A person is crying,440,videocraft,videocrafter/human_action/A person is crying-0.mp4,1.0,success,0.174445,,true
v_ff4933445ff6a06b7b9b,human_action,test,A person is crying,441,videocraft,videocrafter/human_action/A person is crying-1.mp4,1.0,success,0.191932,,true
v_a88efa21c3229c7a6564,human_action,test,A person is crying,442,videocraft,videocrafter/human_action/A person is crying-2.mp4,1.0,success,0.178586,,true
v_3d1c0658c8242a61f548,human_action,test,A person is crying,443,videocraft,videocrafter/human_action/A person is crying-3.mp4,1.0,success,0.176595,,true
v_9d96d922de124bbf1f4d,human_action,test,A person is crying,444,videocraft,videocrafter/human_action/A person is crying-4.mp4,1.0,success,0.236023,,true
v_dd42e6cdb4375faebca2,human_action,dev,A person is cutting nails,285,videocraft,videocrafter/human_action/A person is cutting nails-0.mp4,1.0,success,0.161814,,true
v_ba551df3d2e5169c4cfa,human_action,dev,A person is cutting nails,286,videocraft,videocrafter/human_action/A person is cutting nails-1.mp4,0.0,success,0.162518,,false
v_1aa08a0ee0535686b586,human_action,dev,A person is cutting nails,287,videocraft,videocrafter/human_action/A person is cutting nails-2.mp4,0.0,success,0.168108,,false
v_2e6cf3ac5d3c371a0b35,human_action,dev,A person is cutting nails,288,videocraft,videocrafter/human_action/A person is cutting nails-3.mp4,1.0,success,0.164708,,true
v_dc673798045ec7571357,human_action,dev,A person is cutting nails,289,videocraft,videocrafter/human_action/A person is cutting nails-4.mp4,0.0,success,0.164523,,false
v_0649809320025dd779a9,human_action,test,A person is cutting watermelon,265,videocraft,videocrafter/human_action/A person is cutting watermelon-0.mp4,1.0,success,0.170295,,true
v_dbb96167631d945e0136,human_action,test,A person is cutting watermelon,266,videocraft,videocrafter/human_action/A person is cutting watermelon-1.mp4,1.0,success,0.169077,,true
v_bc3485282abda69a3422,human_action,test,A person is cutting watermelon,267,videocraft,videocrafter/human_action/A person is cutting watermelon-2.mp4,1.0,success,0.163915,,true
v_2b5c9baed041d7c0214f,human_action,test,A person is cutting watermelon,268,videocraft,videocrafter/human_action/A person is cutting watermelon-3.mp4,1.0,success,0.175748,,true
v_15a2d146b8293a06e9da,human_action,test,A person is cutting watermelon,269,videocraft,videocrafter/human_action/A person is cutting watermelon-4.mp4,1.0,success,0.182734,,true
v_4e5517f2b22ca8f9f3b5,human_action,dev,A person is dancing ballet,445,videocraft,videocrafter/human_action/A person is dancing ballet-0.mp4,1.0,success,0.180976,,true
v_61616e70d0b729d1ecb9,human_action,dev,A person is dancing ballet,446,videocraft,videocrafter/human_action/A person is dancing ballet-1.mp4,1.0,success,0.172241,,true
v_faef5e492791717b09f7,human_action,dev,A person is dancing ballet,447,videocraft,videocrafter/human_action/A person is dancing ballet-2.mp4,1.0,success,0.178203,,true
v_b40aa9104a0f9a9fe24b,human_action,dev,A person is dancing ballet,448,videocraft,videocrafter/human_action/A person is dancing ballet-3.mp4,1.0,success,0.178233,,true
v_f6274936385714103064,human_action,dev,A person is dancing ballet,449,videocraft,videocrafter/human_action/A person is dancing ballet-4.mp4,1.0,success,0.183455,,true
v_9be48ea66d198e5d9a06,human_action,dev,A person is digging,115,videocraft,videocrafter/human_action/A person is digging-0.mp4,1.0,success,0.173940,,true
v_aaa145fac0f672d3dfce,human_action,dev,A person is digging,116,videocraft,videocrafter/human_action/A person is digging-1.mp4,1.0,success,0.179531,,true
v_3917ca6b77a04f0453c1,human_action,dev,A person is digging,117,videocraft,videocrafter/human_action/A person is digging-2.mp4,1.0,success,0.190836,,true
v_54a979bd4d272ea77a2d,human_action,dev,A person is digging,118,videocraft,videocrafter/human_action/A person is digging-3.mp4,1.0,success,0.187634,,true
v_24914f78aa7615aefb4e,human_action,dev,A person is digging,119,videocraft,videocrafter/human_action/A person is digging-4.mp4,1.0,success,0.175929,,true
v_9daed73e4837b692f784,human_action,test,A person is doing aerobics,380,videocraft,videocrafter/human_action/A person is doing aerobics-0.mp4,1.0,success,0.181710,,true
v_9233e6bd32daa7e6270e,human_action,test,A person is doing aerobics,381,videocraft,videocrafter/human_action/A person is doing aerobics-1.mp4,0.0,success,0.181185,,false
v_4af73a68a59fbcf95a4e,human_action,test,A person is doing aerobics,382,videocraft,videocrafter/human_action/A person is doing aerobics-2.mp4,1.0,success,0.163719,,true
v_1f4d43b75202c48ab209,human_action,test,A person is doing aerobics,383,videocraft,videocrafter/human_action/A person is doing aerobics-3.mp4,0.0,success,0.172965,,false
v_9465331e442f2e92e904,human_action,test,A person is doing aerobics,384,videocraft,videocrafter/human_action/A person is doing aerobics-4.mp4,0.0,success,0.162048,,false
v_059635e739a00ae69066,human_action,test,A person is doing laundry,320,videocraft,videocrafter/human_action/A person is doing laundry-0.mp4,1.0,success,0.179055,,true
v_da82a0525b8ec905cdd4,human_action,test,A person is doing laundry,321,videocraft,videocrafter/human_action/A person is doing laundry-1.mp4,1.0,success,0.174409,,true
v_836624cfeee2290383e5,human_action,test,A person is doing laundry,322,videocraft,videocrafter/human_action/A person is doing laundry-2.mp4,1.0,success,0.153786,,true
v_5c06df26e1774de9e66a,human_action,test,A person is doing laundry,323,videocraft,videocrafter/human_action/A person is doing laundry-3.mp4,1.0,success,0.165649,,true
v_5e27962cf869724e59c3,human_action,test,A person is doing laundry,324,videocraft,videocrafter/human_action/A person is doing laundry-4.mp4,1.0,success,0.167156,,true
v_9756ebdcdece2a34ca2d,human_action,test,A person is drawing,25,videocraft,videocrafter/human_action/A person is drawing-0.mp4,1.0,success,0.173472,,true
v_ddeb595e5d852577af10,human_action,test,A person is drawing,26,videocraft,videocrafter/human_action/A person is drawing-1.mp4,1.0,success,0.163241,,true
v_948f566f11c88e2f8bb1,human_action,test,A person is drawing,27,videocraft,videocrafter/human_action/A person is drawing-2.mp4,1.0,success,0.152193,,true
v_a8487dffa767924fbdd3,human_action,test,A person is drawing,28,videocraft,videocrafter/human_action/A person is drawing-3.mp4,1.0,success,0.163300,,true
v_17fc3d10201b8224dcf7,human_action,test,A person is drawing,29,videocraft,videocrafter/human_action/A person is drawing-4.mp4,1.0,success,0.173628,,true
v_712fa231bd368b6523c8,human_action,test,A person is driving car,360,videocraft,videocrafter/human_action/A person is driving car-0.mp4,1.0,success,0.174305,,true
v_a323a1ebea5d0f96dce3,human_action,test,A person is driving car,361,videocraft,videocrafter/human_action/A person is driving car-1.mp4,1.0,success,0.187546,,true
v_767d2cd490f9979cb9c2,human_action,test,A person is driving car,362,videocraft,videocrafter/human_action/A person is driving car-2.mp4,1.0,success,0.184345,,true
v_e5a18a0067128be0d115,human_action,test,A person is driving car,363,videocraft,videocrafter/human_action/A person is driving car-3.mp4,1.0,success,0.161884,,true
v_0719795793246c06ac1e,human_action,test,A person is driving car,364,videocraft,videocrafter/human_action/A person is driving car-4.mp4,1.0,success,0.181639,,true
v_4789108236b58b96724b,human_action,test,A person is dunking basketball,65,videocraft,videocrafter/human_action/A person is dunking basketball-0.mp4,1.0,success,0.168479,,true
v_e1de50805a653e4291cb,human_action,test,A person is dunking basketball,66,videocraft,videocrafter/human_action/A person is dunking basketball-1.mp4,1.0,success,0.159435,,true
v_20936161f3a340779e75,human_action,test,A person is dunking basketball,67,videocraft,videocrafter/human_action/A person is dunking basketball-2.mp4,1.0,success,0.183179,,true
v_bf3129df82a9820f6864,human_action,test,A person is dunking basketball,68,videocraft,videocrafter/human_action/A person is dunking basketball-3.mp4,1.0,success,0.161731,,true
v_91accc7f7cda5ccef19f,human_action,test,A person is dunking basketball,69,videocraft,videocrafter/human_action/A person is dunking basketball-4.mp4,1.0,success,0.167284,,true
v_8d62f6d0e00b813acc54,human_action,dev,A person is eating watermelon,35,videocraft,videocrafter/human_action/A person is eating watermelon-0.mp4,1.0,success,0.169845,,true
v_50e7440fb17a3b984249,human_action,dev,A person is eating watermelon,36,videocraft,videocrafter/human_action/A person is eating watermelon-1.mp4,1.0,success,0.172951,,true
v_cfbe9c7634377757a3ac,human_action,dev,A person is eating watermelon,37,videocraft,videocrafter/human_action/A person is eating watermelon-2.mp4,1.0,success,0.160021,,true
v_a636e67c397d8d962cd8,human_action,dev,A person is eating watermelon,38,videocraft,videocrafter/human_action/A person is eating watermelon-3.mp4,1.0,success,0.172464,,true
v_670abaf7ce6e9dd0db33,human_action,dev,A person is eating watermelon,39,videocraft,videocrafter/human_action/A person is eating watermelon-4.mp4,1.0,success,0.166192,,true
v_d8bf71ab5d3012dda460,human_action,test,A person is filling eyebrows,165,videocraft,videocrafter/human_action/A person is filling eyebrows-0.mp4,1.0,success,0.174155,,true
v_9d0d5b306432abf6f2f6,human_action,test,A person is filling eyebrows,166,videocraft,videocrafter/human_action/A person is filling eyebrows-1.mp4,1.0,success,0.172384,,true
v_99af77391d21acaae881,human_action,test,A person is filling eyebrows,167,videocraft,videocrafter/human_action/A person is filling eyebrows-2.mp4,1.0,success,0.171283,,true
v_cfa5c2d5bd519615b4a3,human_action,test,A person is filling eyebrows,168,videocraft,videocrafter/human_action/A person is filling eyebrows-3.mp4,1.0,success,0.170162,,true
v_d6b29895ef87b6409bf1,human_action,test,A person is filling eyebrows,169,videocraft,videocrafter/human_action/A person is filling eyebrows-4.mp4,1.0,success,0.172459,,true
v_9888ba2ea3b3c6532ce7,human_action,test,A person is finger snapping,100,videocraft,videocrafter/human_action/A person is finger snapping-0.mp4,0.0,success,0.185754,,false
v_02a853843ce09d765a9a,human_action,test,A person is finger snapping,101,videocraft,videocrafter/human_action/A person is finger snapping-1.mp4,1.0,success,0.189069,,true
v_60797504dc5772a8497c,human_action,test,A person is finger snapping,102,videocraft,videocrafter/human_action/A person is finger snapping-2.mp4,1.0,success,0.137544,,true
v_432ac55c617805dadde4,human_action,test,A person is finger snapping,103,videocraft,videocrafter/human_action/A person is finger snapping-3.mp4,1.0,success,0.172597,,true
v_207c8b362ab858eb50e7,human_action,test,A person is finger snapping,104,videocraft,videocrafter/human_action/A person is finger snapping-4.mp4,0.0,success,0.153687,,false
v_1c9ea92b9aa5f52fd320,human_action,test,A person is flying kite,160,videocraft,videocrafter/human_action/A person is flying kite-0.mp4,1.0,success,0.175773,,true
v_9b7239e58b83e61691a7,human_action,test,A person is flying kite,161,videocraft,videocrafter/human_action/A person is flying kite-1.mp4,1.0,success,0.184564,,true
v_faee86562bbab452b770,human_action,test,A person is flying kite,162,videocraft,videocrafter/human_action/A person is flying kite-2.mp4,1.0,success,0.188550,,true
v_6e641dfe43f02dd16903,human_action,test,A person is flying kite,163,videocraft,videocrafter/human_action/A person is flying kite-3.mp4,1.0,success,0.195750,,true
v_d27ef18bcee7556fbcb0,human_action,test,A person is flying kite,164,videocraft,videocrafter/human_action/A person is flying kite-4.mp4,1.0,success,0.179117,,true
v_5d13f5be9cd459e17f4b,human_action,test,A person is folding clothes,175,videocraft,videocrafter/human_action/A person is folding clothes-0.mp4,1.0,success,0.175192,,true
v_af4e6154331997b95da7,human_action,test,A person is folding clothes,176,videocraft,videocrafter/human_action/A person is folding clothes-1.mp4,1.0,success,0.174420,,true
v_5be3dfa106b6d293f86b,human_action,test,A person is folding clothes,177,videocraft,videocrafter/human_action/A person is folding clothes-2.mp4,1.0,success,0.168859,,true
v_87f1eb172e08239a4dd3,human_action,test,A person is folding clothes,178,videocraft,videocrafter/human_action/A person is folding clothes-3.mp4,1.0,success,0.184250,,true
v_f63716db525be2c2a8a1,human_action,test,A person is folding clothes,179,videocraft,videocrafter/human_action/A person is folding clothes-4.mp4,1.0,success,0.170769,,true
v_69b5ad09b2c5ece04d4d,human_action,test,A person is getting a haircut,450,videocraft,videocrafter/human_action/A person is getting a haircut-0.mp4,1.0,success,0.170088,,true
v_6ba931253a3f933de501,human_action,test,A person is getting a haircut,451,videocraft,videocrafter/human_action/A person is getting a haircut-1.mp4,1.0,success,0.168644,,true
v_80630a6ab6773e2f18da,human_action,test,A person is getting a haircut,452,videocraft,videocrafter/human_action/A person is getting a haircut-2.mp4,1.0,success,0.167795,,true
v_d58622d07eac16e5d9f2,human_action,test,A person is getting a haircut,453,videocraft,videocrafter/human_action/A person is getting a haircut-3.mp4,1.0,success,0.163016,,true
v_b5b9839a8adea1c82750,human_action,test,A person is getting a haircut,454,videocraft,videocrafter/human_action/A person is getting a haircut-4.mp4,1.0,success,0.176577,,true
v_82752e513394e23aced0,human_action,dev,A person is giving or receiving award,205,videocraft,videocrafter/human_action/A person is giving or receiving award-0.mp4,1.0,success,0.176679,,true
v_c975a3607ac88f77c49b,human_action,dev,A person is giving or receiving award,206,videocraft,videocrafter/human_action/A person is giving or receiving award-1.mp4,0.0,success,0.163893,,false
v_b0b0110baf6e40a28ad2,human_action,dev,A person is giving or receiving award,207,videocraft,videocrafter/human_action/A person is giving or receiving award-2.mp4,1.0,success,0.174693,,true
v_9329a30f93331a91926a,human_action,dev,A person is giving or receiving award,208,videocraft,videocrafter/human_action/A person is giving or receiving award-3.mp4,1.0,success,0.177531,,true
v_f864754fecf40e7ae921,human_action,dev,A person is giving or receiving award,209,videocraft,videocrafter/human_action/A person is giving or receiving award-4.mp4,1.0,success,0.181658,,true
v_4cb6d6116915006b8b52,human_action,test,A person is grooming dog,315,videocraft,videocrafter/human_action/A person is grooming dog-0.mp4,1.0,success,0.184775,,true
v_24919bb57c59835743be,human_action,test,A person is grooming dog,316,videocraft,videocrafter/human_action/A person is grooming dog-1.mp4,1.0,success,0.182463,,true
v_e7db80b868fc33b872c6,human_action,test,A person is grooming dog,317,videocraft,videocrafter/human_action/A person is grooming dog-2.mp4,1.0,success,0.174071,,true
v_d7c2d1d7825c3607d653,human_action,test,A person is grooming dog,318,videocraft,videocrafter/human_action/A person is grooming dog-3.mp4,1.0,success,0.177045,,true
v_9cc9d137960829c9bc9c,human_action,test,A person is grooming dog,319,videocraft,videocrafter/human_action/A person is grooming dog-4.mp4,1.0,success,0.172039,,true
v_c7e820b4fe23579b8de5,human_action,dev,A person is hugging,290,videocraft,videocrafter/human_action/A person is hugging-0.mp4,1.0,success,0.176041,,true
v_a77175163e43644407bf,human_action,dev,A person is hugging,291,videocraft,videocrafter/human_action/A person is hugging-1.mp4,1.0,success,0.183074,,true
v_41ced96abc1b3bda1651,human_action,dev,A person is hugging,292,videocraft,videocrafter/human_action/A person is hugging-2.mp4,1.0,success,0.182323,,true
v_472d3da9fa340a112b24,human_action,dev,A person is hugging,293,videocraft,videocrafter/human_action/A person is hugging-3.mp4,1.0,success,0.174508,,true
v_4e8e38125d51d28335bd,human_action,dev,A person is hugging,294,videocraft,videocrafter/human_action/A person is hugging-4.mp4,1.0,success,0.184407,,true
v_f49305c14b645f17c898,human_action,dev,A person is hula hooping,240,videocraft,videocrafter/human_action/A person is hula hooping-0.mp4,1.0,success,0.185515,,true
v_d239aafb89fe8f35721f,human_action,dev,A person is hula hooping,241,videocraft,videocrafter/human_action/A person is hula hooping-1.mp4,1.0,success,0.180737,,true
v_85635a6cc9d834d43fe8,human_action,dev,A person is hula hooping,242,videocraft,videocrafter/human_action/A person is hula hooping-2.mp4,1.0,success,0.185527,,true
v_58f2639d3504ff9022e0,human_action,dev,A person is hula hooping,243,videocraft,videocrafter/human_action/A person is hula hooping-3.mp4,1.0,success,0.171064,,true
v_bd6d5a757e971c52a99b,human_action,dev,A person is hula hooping,244,videocraft,videocrafter/human_action/A person is hula hooping-4.mp4,1.0,success,0.182810,,true
v_371ff05b2fd8861ff0c0,human_action,dev,A person is ice skating,430,videocraft,videocrafter/human_action/A person is ice skating-0.mp4,1.0,success,0.170884,,true
v_da72ff0d5d8eb4f5c84a,human_action,dev,A person is ice skating,431,videocraft,videocrafter/human_action/A person is ice skating-1.mp4,1.0,success,0.183588,,true
v_f2fd04d2829c099317ec,human_action,dev,A person is ice skating,432,videocraft,videocrafter/human_action/A person is ice skating-2.mp4,1.0,success,0.181210,,true
v_2f35e66766a01d32f258,human_action,dev,A person is ice skating,433,videocraft,videocrafter/human_action/A person is ice skating-3.mp4,1.0,success,0.169544,,true
v_26363ffdb2cc7ae00172,human_action,dev,A person is ice skating,434,videocraft,videocrafter/human_action/A person is ice skating-4.mp4,1.0,success,0.173550,,true
v_9ff51b0572f99a4c8d98,human_action,test,A person is ironing,280,videocraft,videocrafter/human_action/A person is ironing-0.mp4,1.0,success,0.172162,,true
v_0274eb98cc792e5a8120,human_action,test,A person is ironing,281,videocraft,videocrafter/human_action/A person is ironing-1.mp4,1.0,success,0.178395,,true
v_62de48d4f0a62fcc0f40,human_action,test,A person is ironing,282,videocraft,videocrafter/human_action/A person is ironing-2.mp4,1.0,success,0.172314,,true
v_5da76a1347f319e5f4cc,human_action,test,A person is ironing,283,videocraft,videocrafter/human_action/A person is ironing-3.mp4,1.0,success,0.162544,,true
v_efacca6620570886ada3,human_action,test,A person is ironing,284,videocraft,videocrafter/human_action/A person is ironing-4.mp4,1.0,success,0.175500,,true
v_348c927c85fc18f3fe3d,human_action,test,A person is jogging,300,videocraft,videocrafter/human_action/A person is jogging-0.mp4,1.0,success,0.182211,,true
v_dabef7791d917d52fdb2,human_action,test,A person is jogging,301,videocraft,videocrafter/human_action/A person is jogging-1.mp4,1.0,success,0.183330,,true
v_b36f954134609cff8cfa,human_action,test,A person is jogging,302,videocraft,videocrafter/human_action/A person is jogging-2.mp4,1.0,success,0.169867,,true
v_1843fed6a19a150d9023,human_action,test,A person is jogging,303,videocraft,videocrafter/human_action/A person is jogging-3.mp4,1.0,success,0.178356,,true
v_332ea75fffa7c6edecbd,human_action,test,A person is jogging,304,videocraft,videocrafter/human_action/A person is jogging-4.mp4,1.0,success,0.183617,,true
v_3d71500d53d9105c09f4,human_action,test,A person is kissing,460,videocraft,videocrafter/human_action/A person is kissing-0.mp4,1.0,success,0.188201,,true
v_8f8ccba3fb912709e725,human_action,test,A person is kissing,461,videocraft,videocrafter/human_action/A person is kissing-1.mp4,1.0,success,0.173256,,true
v_e91eb9523743f3e3f69c,human_action,test,A person is kissing,462,videocraft,videocrafter/human_action/A person is kissing-2.mp4,1.0,success,0.175667,,true
v_5bc1de44a9e37c537fcd,human_action,test,A person is kissing,463,videocraft,videocrafter/human_action/A person is kissing-3.mp4,1.0,success,0.181145,,true
v_de5cb8b07c8274d5b88f,human_action,test,A person is kissing,464,videocraft,videocrafter/human_action/A person is kissing-4.mp4,1.0,success,0.178492,,true
v_7488de42c6ac19737e79,human_action,dev,A person is knitting,325,videocraft,videocrafter/human_action/A person is knitting-0.mp4,1.0,success,0.180987,,true
v_7c2cdb5b16d8d3f55de0,human_action,dev,A person is knitting,326,videocraft,videocrafter/human_action/A person is knitting-1.mp4,1.0,success,0.177477,,true
v_15366e78d48188ba828b,human_action,dev,A person is knitting,327,videocraft,videocrafter/human_action/A person is knitting-2.mp4,1.0,success,0.155777,,true
v_ac4eb8dad63b8eaa7802,human_action,dev,A person is knitting,328,videocraft,videocrafter/human_action/A person is knitting-3.mp4,1.0,success,0.183398,,true
v_e660695bb4a634c21ea9,human_action,dev,A person is knitting,329,videocraft,videocrafter/human_action/A person is knitting-4.mp4,1.0,success,0.175987,,true
v_3ceb490fb9d668604f05,human_action,dev,A person is laughing,110,videocraft,videocrafter/human_action/A person is laughing-0.mp4,1.0,success,0.170455,,true
v_4ca92cabef854263ce04,human_action,dev,A person is laughing,111,videocraft,videocrafter/human_action/A person is laughing-1.mp4,1.0,success,0.170115,,true
v_a435196f8bf133634904,human_action,dev,A person is laughing,112,videocraft,videocrafter/human_action/A person is laughing-2.mp4,1.0,success,0.174094,,true
v_6e0fbc95e1385ef76709,human_action,dev,A person is laughing,113,videocraft,videocrafter/human_action/A person is laughing-3.mp4,1.0,success,0.178409,,true
v_936b0e1308ed85e4ee0b,human_action,dev,A person is laughing,114,videocraft,videocrafter/human_action/A person is laughing-4.mp4,1.0,success,0.175190,,true
v_1566e5e627ea90547aca,human_action,dev,A person is making bed,305,videocraft,videocrafter/human_action/A person is making bed-0.mp4,1.0,success,0.172253,,true
v_b9404d785df147145a36,human_action,dev,A person is making bed,306,videocraft,videocrafter/human_action/A person is making bed-1.mp4,1.0,success,0.171553,,true
v_dbe7b4bf17317748dbbe,human_action,dev,A person is making bed,307,videocraft,videocrafter/human_action/A person is making bed-2.mp4,1.0,success,0.178845,,true
v_ce43bf821a31d3ad000c,human_action,dev,A person is making bed,308,videocraft,videocrafter/human_action/A person is making bed-3.mp4,1.0,success,0.174200,,true
v_77bf4d3d57ac076651f2,human_action,dev,A person is making bed,309,videocraft,videocrafter/human_action/A person is making bed-4.mp4,1.0,success,0.174938,,true
v_d9359109a24bc43430ce,human_action,test,A person is making snowman,490,videocraft,videocrafter/human_action/A person is making snowman-0.mp4,1.0,success,0.175552,,true
v_734a04dc7bf48af27019,human_action,test,A person is making snowman,491,videocraft,videocrafter/human_action/A person is making snowman-1.mp4,1.0,success,0.168938,,true
v_747a74831a83b42950e8,human_action,test,A person is making snowman,492,videocraft,videocrafter/human_action/A person is making snowman-2.mp4,1.0,success,0.180545,,true
v_9530efc703a9cacbd662,human_action,test,A person is making snowman,493,videocraft,videocrafter/human_action/A person is making snowman-3.mp4,1.0,success,0.159298,,true
v_11427a1c0cbee77ace57,human_action,test,A person is making snowman,494,videocraft,videocrafter/human_action/A person is making snowman-4.mp4,1.0,success,0.167223,,true
v_ff053ab18c4897ddeb0d,human_action,test,A person is marching,5,videocraft,videocrafter/human_action/A person is marching-0.mp4,1.0,success,0.181136,,true
v_204a3f5c13596409f414,human_action,test,A person is marching,6,videocraft,videocrafter/human_action/A person is marching-1.mp4,1.0,success,0.184997,,true
v_8c74c93a70db395918b2,human_action,test,A person is marching,7,videocraft,videocrafter/human_action/A person is marching-2.mp4,1.0,success,0.209309,,true
v_fabdf618983c76f97c16,human_action,test,A person is marching,8,videocraft,videocrafter/human_action/A person is marching-3.mp4,1.0,success,0.144230,,true
v_09d3e7bba60cd976d978,human_action,test,A person is marching,9,videocraft,videocrafter/human_action/A person is marching-4.mp4,1.0,success,0.178072,,true
v_101e392b2d787446fa81,human_action,test,A person is massaging legs,340,videocraft,videocrafter/human_action/A person is massaging legs-0.mp4,1.0,success,0.182116,,true
v_4e69b90d768773367a47,human_action,test,A person is massaging legs,341,videocraft,videocrafter/human_action/A person is massaging legs-1.mp4,1.0,success,0.179295,,true
v_1baac33abcd97f07fd19,human_action,test,A person is massaging legs,342,videocraft,videocrafter/human_action/A person is massaging legs-2.mp4,1.0,success,0.179964,,true
v_e5533f0833ee284fd51f,human_action,test,A person is massaging legs,343,videocraft,videocrafter/human_action/A person is massaging legs-3.mp4,1.0,success,0.177808,,true
v_b62453fa3a3059e69985,human_action,test,A person is massaging legs,344,videocraft,videocrafter/human_action/A person is massaging legs-4.mp4,1.0,success,0.179626,,true
v_80a144e1b66b21417af1,human_action,dev,A person is milking cow,480,videocraft,videocrafter/human_action/A person is milking cow-0.mp4,1.0,success,0.184535,,true
v_be69dcc46e60c4fcd791,human_action,dev,A person is milking cow,481,videocraft,videocrafter/human_action/A person is milking cow-1.mp4,1.0,success,0.185969,,true
v_3ef62ad31686086caf50,human_action,dev,A person is milking cow,482,videocraft,videocrafter/human_action/A person is milking cow-2.mp4,1.0,success,0.188727,,true
v_012468218287d4d38ec5,human_action,dev,A person is milking cow,483,videocraft,videocrafter/human_action/A person is milking cow-3.mp4,1.0,success,0.176761,,true
v_02f2a151707ba392f0b6,human_action,dev,A person is milking cow,484,videocraft,videocrafter/human_action/A person is milking cow-4.mp4,1.0,success,0.184050,,true
v_3a71ecfd8191ce070a2a,human_action,dev,A person is motorcycling,355,videocraft,videocrafter/human_action/A person is motorcycling-0.mp4,1.0,success,0.185077,,true
v_4d977fbc6ab66d3bda22,human_action,dev,A person is motorcycling,356,videocraft,videocrafter/human_action/A person is motorcycling-1.mp4,1.0,success,0.174711,,true
v_880e27f4c2e2f248e67c,human_action,dev,A person is motorcycling,357,videocraft,videocrafter/human_action/A person is motorcycling-2.mp4,1.0,success,0.178030,,true
v_cbf26cacc46ebedd07cb,human_action,dev,A person is motorcycling,358,videocraft,videocrafter/human_action/A person is motorcycling-3.mp4,1.0,success,0.182056,,true
v_11d15aa24d5d2dd47396,human_action,dev,A person is motorcycling,359,videocraft,videocrafter/human_action/A person is motorcycling-4.mp4,1.0,success,0.188742,,true
v_e8c91389d8e62bc838f6,human_action,dev,A person is peeling apples,475,videocraft,videocrafter/human_action/A person is peeling apples-0.mp4,1.0,success,0.162671,,true
v_52eada41c1ab6def8a13,human_action,dev,A person is peeling apples,476,videocraft,videocrafter/human_action/A person is peeling apples-1.mp4,1.0,success,0.166148,,true
v_9959502051b3ac840f14,human_action,dev,A person is peeling apples,477,videocraft,videocrafter/human_action/A person is peeling apples-2.mp4,1.0,success,0.175289,,true
v_3a298cfad57d09a092ef,human_action,dev,A person is peeling apples,478,videocraft,videocrafter/human_action/A person is peeling apples-3.mp4,1.0,success,0.174797,,true
v_7daa26c3db92afe2cbb6,human_action,dev,A person is peeling apples,479,videocraft,videocrafter/human_action/A person is peeling apples-4.mp4,1.0,success,0.166685,,true
v_a7ac94e59a4cc1031c81,human_action,test,A person is petting animal (not cat),30,videocraft,videocrafter/human_action/A person is petting animal (not cat)-0.mp4,1.0,success,0.173698,,true
v_862856980475ccc12f3d,human_action,test,A person is petting animal (not cat),31,videocraft,videocrafter/human_action/A person is petting animal (not cat)-1.mp4,0.0,success,0.138834,,false
v_182c083cf80f9e395e91,human_action,test,A person is petting animal (not cat),32,videocraft,videocrafter/human_action/A person is petting animal (not cat)-2.mp4,1.0,success,0.171727,,true
v_97c671794e817b7ad5b5,human_action,test,A person is petting animal (not cat),33,videocraft,videocrafter/human_action/A person is petting animal (not cat)-3.mp4,1.0,success,0.181321,,true
v_925097d19fe417ad286f,human_action,test,A person is petting animal (not cat),34,videocraft,videocrafter/human_action/A person is petting animal (not cat)-4.mp4,1.0,success,0.174697,,true
v_870006e0ef6daa0a5704,human_action,dev,A person is planting trees,220,videocraft,videocrafter/human_action/A person is planting trees-0.mp4,1.0,success,0.186255,,true
v_dd4ac3e2e8e9cbf2a677,human_action,dev,A person is planting trees,221,videocraft,videocrafter/human_action/A person is planting trees-1.mp4,1.0,success,0.199003,,true
v_5977c6d2d511bdf87a1d,human_action,dev,A person is planting trees,222,videocraft,videocrafter/human_action/A person is planting trees-2.mp4,0.0,success,0.195520,,false
v_8a6d1dff5d665bc39fef,human_action,dev,A person is planting trees,223,videocraft,videocrafter/human_action/A person is planting trees-3.mp4,1.0,success,0.158201,,true
v_d9ce1ea30c8c46af616d,human_action,dev,A person is planting trees,224,videocraft,videocrafter/human_action/A person is planting trees-4.mp4,1.0,success,0.187985,,true
v_c2e7e3f8636489274817,human_action,test,A person is playing chess,405,videocraft,videocrafter/human_action/A person is playing chess-0.mp4,1.0,success,0.163341,,true
v_2da1dc2ca99fb216e330,human_action,test,A person is playing chess,406,videocraft,videocrafter/human_action/A person is playing chess-1.mp4,1.0,success,0.158304,,true
v_0ab49fbccb0b22df2618,human_action,test,A person is playing chess,407,videocraft,videocrafter/human_action/A person is playing chess-2.mp4,1.0,success,0.146565,,true
v_6777845ef10a14747941,human_action,test,A person is playing chess,408,videocraft,videocrafter/human_action/A person is playing chess-3.mp4,1.0,success,0.154280,,true
v_cbc26e07f26c0cbd33b7,human_action,test,A person is playing chess,409,videocraft,videocrafter/human_action/A person is playing chess-4.mp4,1.0,success,0.159325,,true
v_1a742643a44fe23e119d,human_action,dev,A person is playing controller,195,videocraft,videocrafter/human_action/A person is playing controller-0.mp4,1.0,success,0.174990,,true
v_9b829ad308b85e2b3f11,human_action,dev,A person is playing controller,196,videocraft,videocrafter/human_action/A person is playing controller-1.mp4,1.0,success,0.160102,,true
v_d6d5b399acbc55562180,human_action,dev,A person is playing controller,197,videocraft,videocrafter/human_action/A person is playing controller-2.mp4,1.0,success,0.164981,,true
v_ad7f5f31c09139b52d2b,human_action,dev,A person is playing controller,198,videocraft,videocrafter/human_action/A person is playing controller-3.mp4,1.0,success,0.171777,,true
v_b0a92f0d69d2f47fc740,human_action,dev,A person is playing controller,199,videocraft,videocrafter/human_action/A person is playing controller-4.mp4,1.0,success,0.170929,,true
v_13418c309d6a69306446,human_action,test,A person is playing flute,70,videocraft,videocrafter/human_action/A person is playing flute-0.mp4,1.0,success,0.189782,,true
v_ea9a377c04663442a2db,human_action,test,A person is playing flute,71,videocraft,videocrafter/human_action/A person is playing flute-1.mp4,1.0,success,0.178346,,true
v_8d568330392cc6e3ce69,human_action,test,A person is playing flute,72,videocraft,videocrafter/human_action/A person is playing flute-2.mp4,1.0,success,0.178937,,true
v_1053662468dd9c7d2095,human_action,test,A person is playing flute,73,videocraft,videocrafter/human_action/A person is playing flute-3.mp4,1.0,success,0.191066,,true
v_621257d0241fa78e7c43,human_action,test,A person is playing flute,74,videocraft,videocrafter/human_action/A person is playing flute-4.mp4,1.0,success,0.183717,,true
v_3fb6325f15ba1e3c2924,human_action,test,A person is playing harp,40,videocraft,videocrafter/human_action/A person is playing harp-0.mp4,0.0,success,0.180109,,false
v_be746185b88abc8970f0,human_action,test,A person is playing harp,41,videocraft,videocrafter/human_action/A person is playing harp-1.mp4,1.0,success,0.198669,,true
v_57fc691d1849e091bb45,human_action,test,A person is playing harp,42,videocraft,videocrafter/human_action/A person is playing harp-2.mp4,0.0,success,0.187064,,false
v_0ed88e6dd5a5f3a58f38,human_action,test,A person is playing harp,43,videocraft,videocrafter/human_action/A person is playing harp-3.mp4,1.0,success,0.185024,,true
v_65471d69259a776e713d,human_action,test,A person is playing harp,44,videocraft,videocrafter/human_action/A person is playing harp-4.mp4,1.0,success,0.181205,,true
v_3b909b50823976ddc37d,human_action,test,A person is playing piano,95,videocraft,videocrafter/human_action/A person is playing piano-0.mp4,1.0,success,0.162372,,true
v_1b071deea9126b01905c,human_action,test,A person is playing piano,96,videocraft,videocrafter/human_action/A person is playing piano-1.mp4,1.0,success,0.165032,,true
v_e05e92a38de29457d724,human_action,test,A person is playing piano,97,videocraft,videocrafter/human_action/A person is playing piano-2.mp4,1.0,success,0.150611,,true
v_9027846068e9d71c6d82,human_action,test,A person is playing piano,98,videocraft,videocrafter/human_action/A person is playing piano-3.mp4,1.0,success,0.166816,,true
v_da556beaba44138ecdbe,human_action,test,A person is playing piano,99,videocraft,videocrafter/human_action/A person is playing piano-4.mp4,1.0,success,0.161539,,true
v_67afe2513dc5a77cb33d,human_action,dev,A person is playing trumpet,155,videocraft,videocrafter/human_action/A person is playing trumpet-0.mp4,1.0,success,0.179259,,true
v_cc7ef9011bee59b8e1a0,human_action,dev,A person is playing trumpet,156,videocraft,videocrafter/human_action/A person is playing trumpet-1.mp4,1.0,success,0.185575,,true
v_0f73bb094c70ef480639,human_action,dev,A person is playing trumpet,157,videocraft,videocrafter/human_action/A person is playing trumpet-2.mp4,1.0,success,0.170896,,true
v_dc38ec0c69ed3bbfd411,human_action,dev,A person is playing trumpet,158,videocraft,videocrafter/human_action/A person is playing trumpet-3.mp4,1.0,success,0.177001,,true
v_013e4818e97ba6d62780,human_action,dev,A person is playing trumpet,159,videocraft,videocrafter/human_action/A person is playing trumpet-4.mp4,1.0,success,0.185080,,true
v_4b95f3210fcd08825cac,human_action,test,A person is push up,145,videocraft,videocrafter/human_action/A person is push up-0.mp4,0.0,success,0.182053,,false
v_7196d62e18a0eb46f69b,human_action,test,A person is push up,146,videocraft,videocrafter/human_action/A person is push up-1.mp4,1.0,success,0.178093,,true
v_2fd8b3da029bd18db38d,human_action,test,A person is push up,147,videocraft,videocrafter/human_action/A person is push up-2.mp4,1.0,success,0.164753,,true
v_bac540a7277561cc1e98,human_action,test,A person is push up,148,videocraft,videocrafter/human_action/A person is push up-3.mp4,1.0,success,0.175037,,true
v_86bfee20d1b960a591fc,human_action,test,A person is push up,149,videocraft,videocrafter/human_action/A person is push up-4.mp4,1.0,success,0.165358,,true
v_cdec3d0a288e6ad88097,human_action,dev,A person is pushing cart,255,videocraft,videocrafter/human_action/A person is pushing cart-0.mp4,1.0,success,0.185653,,true
v_c12024832c865a3b97c7,human_action,dev,A person is pushing cart,256,videocraft,videocrafter/human_action/A person is pushing cart-1.mp4,1.0,success,0.146296,,true
v_8ff29aee37b3f8cc403e,human_action,dev,A person is pushing cart,257,videocraft,videocrafter/human_action/A person is pushing cart-2.mp4,1.0,success,0.172440,,true
v_e3407d93061c25d72766,human_action,dev,A person is pushing cart,258,videocraft,videocrafter/human_action/A person is pushing cart-3.mp4,1.0,success,0.180781,,true
v_e63e4ff914687189995a,human_action,dev,A person is pushing cart,259,videocraft,videocrafter/human_action/A person is pushing cart-4.mp4,1.0,success,0.179458,,true
v_6122359fd23caad217e1,human_action,test,A person is reading book,330,videocraft,videocrafter/human_action/A person is reading book-0.mp4,1.0,success,0.166556,,true
v_d1547a1bcbb2ba55cc2a,human_action,test,A person is reading book,331,videocraft,videocrafter/human_action/A person is reading book-1.mp4,1.0,success,0.171761,,true
v_738391390b449039fa35,human_action,test,A person is reading book,332,videocraft,videocrafter/human_action/A person is reading book-2.mp4,1.0,success,0.170735,,true
v_8ffe209ad4104004e7da,human_action,test,A person is reading book,333,videocraft,videocrafter/human_action/A person is reading book-3.mp4,1.0,success,0.148651,,true
v_2150e4b223f02e582a3b,human_action,test,A person is reading book,334,videocraft,videocrafter/human_action/A person is reading book-4.mp4,1.0,success,0.164310,,true
v_b49c5e17e74b95a3d0b7,human_action,dev,A person is riding a bike,0,videocraft,videocrafter/human_action/A person is riding a bike-0.mp4,1.0,success,0.186487,,true
v_7c7a5b08f9d35877ff43,human_action,dev,A person is riding a bike,1,videocraft,videocrafter/human_action/A person is riding a bike-1.mp4,1.0,success,0.186586,,true
v_2ab3ced2b2bcd1320c9e,human_action,dev,A person is riding a bike,2,videocraft,videocrafter/human_action/A person is riding a bike-2.mp4,1.0,success,0.183043,,true
v_eb3f4220d32439a39d6f,human_action,dev,A person is riding a bike,3,videocraft,videocrafter/human_action/A person is riding a bike-3.mp4,1.0,success,0.176013,,true
v_db49320069a19dc6f369,human_action,dev,A person is riding a bike,4,videocraft,videocrafter/human_action/A person is riding a bike-4.mp4,1.0,success,0.187909,,true
v_485420ef93236bb6c20c,human_action,test,A person is riding or walking with horse,390,videocraft,videocrafter/human_action/A person is riding or walking with horse-0.mp4,1.0,success,0.185214,,true
v_fc9bb61201695a51a5ca,human_action,test,A person is riding or walking with horse,391,videocraft,videocrafter/human_action/A person is riding or walking with horse-1.mp4,1.0,success,0.178234,,true
v_8a1db924f2dc7ba904aa,human_action,test,A person is riding or walking with horse,392,videocraft,videocrafter/human_action/A person is riding or walking with horse-2.mp4,1.0,success,0.176683,,true
v_385f1ec2ef32725721ac,human_action,test,A person is riding or walking with horse,393,videocraft,videocrafter/human_action/A person is riding or walking with horse-3.mp4,1.0,success,0.174099,,true
v_a49aef7ced1a251a881b,human_action,test,A person is riding or walking with horse,394,videocraft,videocrafter/human_action/A person is riding or walking with horse-4.mp4,1.0,success,0.190089,,true
v_0e74cb591728f590029a,human_action,test,A person is riding scooter,50,videocraft,videocrafter/human_action/A person is riding scooter-0.mp4,1.0,success,0.177587,,true
v_050d3b3d0c024948a7fa,human_action,test,A person is riding scooter,51,videocraft,videocrafter/human_action/A person is riding scooter-1.mp4,1.0,success,0.187066,,true
v_e290fab9f6e32df3d383,human_action,test,A person is riding scooter,52,videocraft,videocrafter/human_action/A person is riding scooter-2.mp4,1.0,success,0.180384,,true
v_e282d64254b313cdd718,human_action,test,A person is riding scooter,53,videocraft,videocrafter/human_action/A person is riding scooter-3.mp4,1.0,success,0.178600,,true
v_8064597441a67a9e6705,human_action,test,A person is riding scooter,54,videocraft,videocrafter/human_action/A person is riding scooter-4.mp4,1.0,success,0.188534,,true
v_a6ad82c6f09612158612,human_action,test,A person is robot dancing,230,videocraft,videocrafter/human_action/A person is robot dancing-0.mp4,1.0,success,0.181579,,true
v_d0ef099cb888b598c034,human_action,test,A person is robot dancing,231,videocraft,videocrafter/human_action/A person is robot dancing-1.mp4,1.0,success,0.173798,,true
v_b2506241d8c478ddef48,human_action,test,A person is robot dancing,232,videocraft,videocrafter/human_action/A person is robot dancing-2.mp4,1.0,success,0.220261,,true
v_e7be2ea5045f7011e6d2,human_action,test,A person is robot dancing,233,videocraft,videocrafter/human_action/A person is robot dancing-3.mp4,1.0,success,0.196539,,true
v_84fbde133488d811b020,human_action,test,A person is robot dancing,234,videocraft,videocrafter/human_action/A person is robot dancing-4.mp4,1.0,success,0.183881,,true
v_5a9c3e859a5441b68de7,human_action,dev,A person is rock climbing,235,videocraft,videocrafter/human_action/A person is rock climbing-0.mp4,1.0,success,0.183771,,true
v_5e64b252896d219e6e03,human_action,dev,A person is rock climbing,236,videocraft,videocrafter/human_action/A person is rock climbing-1.mp4,1.0,success,0.183531,,true
v_33b86e786ff080a4dffa,human_action,dev,A person is rock climbing,237,videocraft,videocrafter/human_action/A person is rock climbing-2.mp4,1.0,success,0.182214,,true
v_dbcda973a8ab1930ce81,human_action,dev,A person is rock climbing,238,videocraft,videocrafter/human_action/A person is rock climbing-3.mp4,1.0,success,0.181128,,true
v_15751b9e036c27c39fb8,human_action,dev,A person is rock climbing,239,videocraft,videocrafter/human_action/A person is rock climbing-4.mp4,1.0,success,0.204992,,true
v_0ffdf632873b8ac2785b,human_action,test,A person is rock scissors paper,410,videocraft,videocrafter/human_action/A person is rock scissors paper-0.mp4,1.0,success,0.176941,,true
v_82c27fc6d8153811c431,human_action,test,A person is rock scissors paper,411,videocraft,videocrafter/human_action/A person is rock scissors paper-1.mp4,1.0,success,0.172495,,true
v_1e222dbff5ca0e9dfe93,human_action,test,A person is rock scissors paper,412,videocraft,videocrafter/human_action/A person is rock scissors paper-2.mp4,1.0,success,0.170020,,true
v_b13f566c8b80607201c0,human_action,test,A person is rock scissors paper,413,videocraft,videocrafter/human_action/A person is rock scissors paper-3.mp4,1.0,success,0.171278,,true
v_2dc35fb4b4d34acabedd,human_action,test,A person is rock scissors paper,414,videocraft,videocrafter/human_action/A person is rock scissors paper-4.mp4,1.0,success,0.174290,,true
v_c43b831c23538f9752b3,human_action,test,A person is roller skating,10,videocraft,videocrafter/human_action/A person is roller skating-0.mp4,1.0,success,0.173623,,true
v_01805de6be6d6603e53f,human_action,test,A person is roller skating,11,videocraft,videocrafter/human_action/A person is roller skating-1.mp4,1.0,success,0.177594,,true
v_be4dfc1454cf7d5723d0,human_action,test,A person is roller skating,12,videocraft,videocrafter/human_action/A person is roller skating-2.mp4,1.0,success,0.186598,,true
v_d82576c395e2c79f6252,human_action,test,A person is roller skating,13,videocraft,videocrafter/human_action/A person is roller skating-3.mp4,1.0,success,0.184632,,true
v_a88e3c4e428ef6d96429,human_action,test,A person is roller skating,14,videocraft,videocrafter/human_action/A person is roller skating-4.mp4,1.0,success,0.174207,,true
v_2d41c84ddac8a745af3a,human_action,test,A person is running on treadmill,455,videocraft,videocrafter/human_action/A person is running on treadmill-0.mp4,1.0,success,0.168918,,true
v_9f0ad51defc9e80417ce,human_action,test,A person is running on treadmill,456,videocraft,videocrafter/human_action/A person is running on treadmill-1.mp4,1.0,success,0.163382,,true
v_f64e4580a0671f047347,human_action,test,A person is running on treadmill,457,videocraft,videocrafter/human_action/A person is running on treadmill-2.mp4,1.0,success,0.175704,,true
v_4c02df1b855aefc09d6a,human_action,test,A person is running on treadmill,458,videocraft,videocrafter/human_action/A person is running on treadmill-3.mp4,1.0,success,0.162492,,true
v_b6087bb254a88eb010df,human_action,test,A person is running on treadmill,459,videocraft,videocrafter/human_action/A person is running on treadmill-4.mp4,1.0,success,0.159408,,true
v_1b5b0e3b6ed37c12d46c,human_action,test,A person is sailing,495,videocraft,videocrafter/human_action/A person is sailing-0.mp4,1.0,success,0.183217,,true
v_0cbd4efda91dd1868b27,human_action,test,A person is sailing,496,videocraft,videocrafter/human_action/A person is sailing-1.mp4,1.0,success,0.176328,,true
v_498f91b0d78706062e22,human_action,test,A person is sailing,497,videocraft,videocrafter/human_action/A person is sailing-2.mp4,1.0,success,0.174798,,true
v_69165f1848bee35a76d5,human_action,test,A person is sailing,498,videocraft,videocrafter/human_action/A person is sailing-3.mp4,0.0,success,0.175305,,false
v_8a2ce5e118897fc75000,human_action,test,A person is sailing,499,videocraft,videocrafter/human_action/A person is sailing-4.mp4,1.0,success,0.176966,,true
v_51b3bfc712bdc9c153fc,human_action,test,A person is shaking hands,135,videocraft,videocrafter/human_action/A person is shaking hands-0.mp4,1.0,success,0.214282,,true
v_4c3cb794261b424df2bb,human_action,test,A person is shaking hands,136,videocraft,videocrafter/human_action/A person is shaking hands-1.mp4,1.0,success,0.193874,,true
v_01270f9c798cc36f0896,human_action,test,A person is shaking hands,137,videocraft,videocrafter/human_action/A person is shaking hands-2.mp4,1.0,success,0.169659,,true
v_c0fac51109cdf389906d,human_action,test,A person is shaking hands,138,videocraft,videocrafter/human_action/A person is shaking hands-3.mp4,1.0,success,0.185838,,true
v_4b09f0a2d1cd4457d845,human_action,test,A person is shaking hands,139,videocraft,videocrafter/human_action/A person is shaking hands-4.mp4,1.0,success,0.180714,,true
v_a9df0eb85698e3c8d40c,human_action,test,A person is shaking head,370,videocraft,videocrafter/human_action/A person is shaking head-0.mp4,0.0,success,0.180362,,false
v_a45eb938d862b67d620c,human_action,test,A person is shaking head,371,videocraft,videocrafter/human_action/A person is shaking head-1.mp4,0.0,success,0.163172,,false
v_7344ae9d69239482acd5,human_action,test,A person is shaking head,372,videocraft,videocrafter/human_action/A person is shaking head-2.mp4,0.0,success,0.159520,,false
v_c05b7676a7233073a6ba,human_action,test,A person is shaking head,373,videocraft,videocrafter/human_action/A person is shaking head-3.mp4,0.0,success,0.166416,,false
v_b60c866f97f7ea789ad6,human_action,test,A person is shaking head,374,videocraft,videocrafter/human_action/A person is shaking head-4.mp4,0.0,success,0.159521,,false
v_d0bb9adc58769cdd5e5f,human_action,test,A person is sharpening knives,225,videocraft,videocrafter/human_action/A person is sharpening knives-0.mp4,1.0,success,0.166853,,true
v_c684fb56028b3004c57e,human_action,test,A person is sharpening knives,226,videocraft,videocrafter/human_action/A person is sharpening knives-1.mp4,1.0,success,0.184529,,true
v_44d26e77b8e3f82f33cf,human_action,test,A person is sharpening knives,227,videocraft,videocrafter/human_action/A person is sharpening knives-2.mp4,1.0,success,0.167529,,true
v_0c5cff90673a55c184a7,human_action,test,A person is sharpening knives,228,videocraft,videocrafter/human_action/A person is sharpening knives-3.mp4,1.0,success,0.174128,,true
v_e92c57bc2c4f2e3e4a31,human_action,test,A person is sharpening knives,229,videocraft,videocrafter/human_action/A person is sharpening knives-4.mp4,1.0,success,0.182487,,true
v_53d74c94d533eedd0acf,human_action,test,A person is shining shoes,485,videocraft,videocrafter/human_action/A person is shining shoes-0.mp4,1.0,success,0.189294,,true
v_a1073ae8d3577ef9cfeb,human_action,test,A person is shining shoes,486,videocraft,videocrafter/human_action/A person is shining shoes-1.mp4,1.0,success,0.188221,,true
v_05c1c63e5a41f10e1f7b,human_action,test,A person is shining shoes,487,videocraft,videocrafter/human_action/A person is shining shoes-2.mp4,1.0,success,0.192441,,true
v_87d24bd6c33991bf58fd,human_action,test,A person is shining shoes,488,videocraft,videocrafter/human_action/A person is shining shoes-3.mp4,1.0,success,0.180365,,true
v_cf3cfb8e022326f71c13,human_action,test,A person is shining shoes,489,videocraft,videocrafter/human_action/A person is shining shoes-4.mp4,1.0,success,0.167692,,true
v_64c37218af72b9febc92,human_action,test,A person is shooting basketball,125,videocraft,videocrafter/human_action/A person is shooting basketball-0.mp4,1.0,success,0.167681,,true
v_c2cb02d35c38d7d29fd9,human_action,test,A person is shooting basketball,126,videocraft,videocrafter/human_action/A person is shooting basketball-1.mp4,1.0,success,0.172053,,true
v_5173a521c1303eecf71c,human_action,test,A person is shooting basketball,127,videocraft,videocrafter/human_action/A person is shooting basketball-2.mp4,0.0,success,0.173318,,false
v_6cb172b64ab525975db4,human_action,test,A person is shooting basketball,128,videocraft,videocrafter/human_action/A person is shooting basketball-3.mp4,1.0,success,0.174521,,true
v_ab7052d1aa4a1e4d8523,human_action,test,A person is shooting basketball,129,videocraft,videocrafter/human_action/A person is shooting basketball-4.mp4,1.0,success,0.180807,,true
v_4beb3428b42935ad1882,human_action,test,A person is shooting goal (soccer),90,videocraft,videocrafter/human_action/A person is shooting goal (soccer)-0.mp4,1.0,success,0.171208,,true
v_1059b9744a968e5911d4,human_action,test,A person is shooting goal (soccer),91,videocraft,videocrafter/human_action/A person is shooting goal (soccer)-1.mp4,1.0,success,0.183739,,true
v_50819ca0d6c53a4bc96e,human_action,test,A person is shooting goal (soccer),92,videocraft,videocrafter/human_action/A person is shooting goal (soccer)-2.mp4,1.0,success,0.173707,,true
v_a26a0d3cd31fd643e1f5,human_action,test,A person is shooting goal (soccer),93,videocraft,videocrafter/human_action/A person is shooting goal (soccer)-3.mp4,1.0,success,0.177957,,true
v_dc35a63da6c05b3641d2,human_action,test,A person is shooting goal (soccer),94,videocraft,videocrafter/human_action/A person is shooting goal (soccer)-4.mp4,1.0,success,0.177877,,true
v_0a99f63bb7184173d62d,human_action,dev,A person is shuffling cards,170,videocraft,videocrafter/human_action/A person is shuffling cards-0.mp4,1.0,success,0.182422,,true
v_78b192c051fcdd7687a1,human_action,dev,A person is shuffling cards,171,videocraft,videocrafter/human_action/A person is shuffling cards-1.mp4,1.0,success,0.161706,,true
v_9b084435f959d68a0d0c,human_action,dev,A person is shuffling cards,172,videocraft,videocrafter/human_action/A person is shuffling cards-2.mp4,1.0,success,0.160534,,true
v_9dd2deeff3e80d8202f4,human_action,dev,A person is shuffling cards,173,videocraft,videocrafter/human_action/A person is shuffling cards-3.mp4,1.0,success,0.174915,,true
v_5e6a29456a9dfaeee929,human_action,dev,A person is shuffling cards,174,videocraft,videocrafter/human_action/A person is shuffling cards-4.mp4,1.0,success,0.164956,,true
v_940ad6a1641071d7f218,human_action,dev,A person is skateboarding,60,videocraft,videocrafter/human_action/A person is skateboarding-0.mp4,1.0,success,0.182136,,true
v_723f8ce3c36d1970d93e,human_action,dev,A person is skateboarding,61,videocraft,videocrafter/human_action/A person is skateboarding-1.mp4,1.0,success,0.187424,,true
v_c0bf6902990bf94ca691,human_action,dev,A person is skateboarding,62,videocraft,videocrafter/human_action/A person is skateboarding-2.mp4,1.0,success,0.180759,,true
v_02c14c06569a067608c6,human_action,dev,A person is skateboarding,63,videocraft,videocrafter/human_action/A person is skateboarding-3.mp4,1.0,success,0.192264,,true
v_94317d5af5d80962f8b4,human_action,dev,A person is skateboarding,64,videocraft,videocrafter/human_action/A person is skateboarding-4.mp4,1.0,success,0.183933,,true
v_dca54d76a10f18d496de,human_action,dev,A person is skydiving,85,videocraft,videocrafter/human_action/A person is skydiving-0.mp4,1.0,success,0.199845,,true
v_06c416d51c4feba77955,human_action,dev,A person is skydiving,86,videocraft,videocrafter/human_action/A person is skydiving-1.mp4,1.0,success,0.193759,,true
v_039b4ce6ab9ae52a3bff,human_action,dev,A person is skydiving,87,videocraft,videocrafter/human_action/A person is skydiving-2.mp4,1.0,success,0.178722,,true
v_84c94e86f49a22ce8a55,human_action,dev,A person is skydiving,88,videocraft,videocrafter/human_action/A person is skydiving-3.mp4,1.0,success,0.173623,,true
v_144ab1b89f70f9a90246,human_action,dev,A person is skydiving,89,videocraft,videocrafter/human_action/A person is skydiving-4.mp4,1.0,success,0.183030,,true
v_be41734a5f252f503b0c,human_action,dev,A person is smoking,180,videocraft,videocrafter/human_action/A person is smoking-0.mp4,1.0,success,0.162067,,true
v_318ca3b5fa233637adad,human_action,dev,A person is smoking,181,videocraft,videocrafter/human_action/A person is smoking-1.mp4,1.0,success,0.174795,,true
v_73d5ea4353b5b91f084c,human_action,dev,A person is smoking,182,videocraft,videocrafter/human_action/A person is smoking-2.mp4,1.0,success,0.177810,,true
v_7cda73b943e1e04a9a2a,human_action,dev,A person is smoking,183,videocraft,videocrafter/human_action/A person is smoking-3.mp4,1.0,success,0.166924,,true
v_79a813a4c71c297445db,human_action,dev,A person is smoking,184,videocraft,videocrafter/human_action/A person is smoking-4.mp4,1.0,success,0.164410,,true
v_0536b1ca233d1573ed96,human_action,test,A person is squat,190,videocraft,videocrafter/human_action/A person is squat-0.mp4,1.0,success,0.177017,,true
v_32407be16c1d98e34f83,human_action,test,A person is squat,191,videocraft,videocrafter/human_action/A person is squat-1.mp4,1.0,success,0.189528,,true
v_2fea1ee06d2437657a33,human_action,test,A person is squat,192,videocraft,videocrafter/human_action/A person is squat-2.mp4,0.0,success,0.177597,,false
v_ea6def6a8167256f9582,human_action,test,A person is squat,193,videocraft,videocrafter/human_action/A person is squat-3.mp4,1.0,success,0.174209,,true
v_f16f65b3879b8c03b71f,human_action,test,A person is squat,194,videocraft,videocrafter/human_action/A person is squat-4.mp4,1.0,success,0.181725,,true
v_3148360797fda8ad6a69,human_action,test,A person is sticking tongue out,365,videocraft,videocrafter/human_action/A person is sticking tongue out-0.mp4,1.0,success,0.173483,,true
v_cac3d33782f24c61d818,human_action,test,A person is sticking tongue out,366,videocraft,videocrafter/human_action/A person is sticking tongue out-1.mp4,1.0,success,0.169239,,true
v_8429c44141946db9dc99,human_action,test,A person is sticking tongue out,367,videocraft,videocrafter/human_action/A person is sticking tongue out-2.mp4,1.0,success,0.167248,,true
v_807176e5e7f41f6904ac,human_action,test,A person is sticking tongue out,368,videocraft,videocrafter/human_action/A person is sticking tongue out-3.mp4,1.0,success,0.176181,,true
v_4857a263f94daf9181dc,human_action,test,A person is sticking tongue out,369,videocraft,videocrafter/human_action/A person is sticking tongue out-4.mp4,1.0,success,0.180631,,true
v_7cfbf1945e87eaf278e0,human_action,dev,A person is stretching leg,75,videocraft,videocrafter/human_action/A person is stretching leg-0.mp4,1.0,success,0.169353,,true
v_e03aec40636d709ed81b,human_action,dev,A person is stretching leg,76,videocraft,videocrafter/human_action/A person is stretching leg-1.mp4,1.0,success,0.174413,,true
v_c91aad522413cc8b5b25,human_action,dev,A person is stretching leg,77,videocraft,videocrafter/human_action/A person is stretching leg-2.mp4,1.0,success,0.179036,,true
v_aeb7c6833d48115cd95e,human_action,dev,A person is stretching leg,78,videocraft,videocrafter/human_action/A person is stretching leg-3.mp4,1.0,success,0.178632,,true
v_b48631be6f7c10e02cb7,human_action,dev,A person is stretching leg,79,videocraft,videocrafter/human_action/A person is stretching leg-4.mp4,1.0,success,0.177226,,true
v_130f481c1b701beadea7,human_action,dev,A person is strumming guitar,385,videocraft,videocrafter/human_action/A person is strumming guitar-0.mp4,1.0,success,0.174937,,true
v_bd40fe96c1f7cfdbb101,human_action,dev,A person is strumming guitar,386,videocraft,videocrafter/human_action/A person is strumming guitar-1.mp4,1.0,success,0.175254,,true
v_03b017a58ae726ba03bd,human_action,dev,A person is strumming guitar,387,videocraft,videocrafter/human_action/A person is strumming guitar-2.mp4,1.0,success,0.184348,,true
v_a1a4b96594e1be9333b8,human_action,dev,A person is strumming guitar,388,videocraft,videocrafter/human_action/A person is strumming guitar-3.mp4,1.0,success,0.172314,,true
v_7172e51d36364fb0bfa3,human_action,dev,A person is strumming guitar,389,videocraft,videocrafter/human_action/A person is strumming guitar-4.mp4,1.0,success,0.176376,,true
v_504ae71aa216ea0e3910,human_action,test,A person is sweeping floor,55,videocraft,videocrafter/human_action/A person is sweeping floor-0.mp4,1.0,success,0.178419,,true
v_f69098b0110bf016c30a,human_action,test,A person is sweeping floor,56,videocraft,videocrafter/human_action/A person is sweeping floor-1.mp4,1.0,success,0.183041,,true
v_7ed1dbbeb1ce8e9ebff8,human_action,test,A person is sweeping floor,57,videocraft,videocrafter/human_action/A person is sweeping floor-2.mp4,1.0,success,0.176795,,true
v_00383626780922905d75,human_action,test,A person is sweeping floor,58,videocraft,videocrafter/human_action/A person is sweeping floor-3.mp4,1.0,success,0.189286,,true
v_c767a793883261d67671,human_action,test,A person is sweeping floor,59,videocraft,videocrafter/human_action/A person is sweeping floor-4.mp4,1.0,success,0.167375,,true
v_fe93cf9813b1c6e03f9a,human_action,dev,A person is sword fighting,375,videocraft,videocrafter/human_action/A person is sword fighting-0.mp4,1.0,success,0.179034,,true
v_6727a6199d11c0492842,human_action,dev,A person is sword fighting,376,videocraft,videocrafter/human_action/A person is sword fighting-1.mp4,1.0,success,0.174458,,true
v_99084301275ee31c15fa,human_action,dev,A person is sword fighting,377,videocraft,videocrafter/human_action/A person is sword fighting-2.mp4,1.0,success,0.190548,,true
v_38f967920d13a817e265,human_action,dev,A person is sword fighting,378,videocraft,videocrafter/human_action/A person is sword fighting-3.mp4,1.0,success,0.197584,,true
v_5efc24d33808395e295a,human_action,dev,A person is sword fighting,379,videocraft,videocrafter/human_action/A person is sword fighting-4.mp4,1.0,success,0.178023,,true
v_1efb766a62d8823cf4f6,human_action,test,A person is tai chi,185,videocraft,videocrafter/human_action/A person is tai chi-0.mp4,1.0,success,0.176815,,true
v_7129ce99202c86b7c226,human_action,test,A person is tai chi,186,videocraft,videocrafter/human_action/A person is tai chi-1.mp4,0.0,success,0.160882,,false
v_31780e209a9cf1d88e07,human_action,test,A person is tai chi,187,videocraft,videocrafter/human_action/A person is tai chi-2.mp4,1.0,success,0.173380,,true
v_02c27ccd2a296dd6d2f4,human_action,test,A person is tai chi,188,videocraft,videocrafter/human_action/A person is tai chi-3.mp4,1.0,success,0.174414,,true
v_bf8b7556e8c02240e7af,human_action,test,A person is tai chi,189,videocraft,videocrafter/human_action/A person is tai chi-4.mp4,1.0,success,0.183884,,true
v_6f84add3bec453590583,human_action,dev,A person is taking a shower,215,videocraft,videocrafter/human_action/A person is taking a shower-0.mp4,1.0,success,0.175273,,true
v_f651cdd48d44dc3f61c3,human_action,dev,A person is taking a shower,216,videocraft,videocrafter/human_action/A person is taking a shower-1.mp4,1.0,success,0.175876,,true
v_9f2b8c2037fb63d10054,human_action,dev,A person is taking a shower,217,videocraft,videocrafter/human_action/A person is taking a shower-2.mp4,1.0,success,0.182880,,true
v_34b7e5deaa400014195a,human_action,dev,A person is taking a shower,218,videocraft,videocrafter/human_action/A person is taking a shower-3.mp4,1.0,success,0.180857,,true
v_65fc9c61c0e1a0db8a2d,human_action,dev,A person is taking a shower,219,videocraft,videocrafter/human_action/A person is taking a shower-4.mp4,1.0,success,0.208352,,true
v_784380ae1e89a9db21dd,human_action,test,A person is tasting beer,15,videocraft,videocrafter/human_action/A person is tasting beer-0.mp4,1.0,success,0.167392,,true
v_62c6dc93aeb2e1b67d77,human_action,test,A person is tasting beer,16,videocraft,videocrafter/human_action/A person is tasting beer-1.mp4,1.0,success,0.182866,,true
v_49a84d3987731acc0a60,human_action,test,A person is tasting beer,17,videocraft,videocrafter/human_action/A person is tasting beer-2.mp4,1.0,success,0.174629,,true
v_58b819983bd8c9a72faa,human_action,test,A person is tasting beer,18,videocraft,videocrafter/human_action/A person is tasting beer-3.mp4,1.0,success,0.179708,,true
v_2f1844f8720c577034b6,human_action,test,A person is tasting beer,19,videocraft,videocrafter/human_action/A person is tasting beer-4.mp4,1.0,success,0.172827,,true
v_2f51fc9b486b4746b04c,human_action,test,A person is throwing axe,200,videocraft,videocrafter/human_action/A person is throwing axe-0.mp4,0.0,success,0.178143,,false
v_e6f3a0d039ebf5a117f2,human_action,test,A person is throwing axe,201,videocraft,videocrafter/human_action/A person is throwing axe-1.mp4,1.0,success,0.172227,,true
v_7ea9c1ab7fb18196d263,human_action,test,A person is throwing axe,202,videocraft,videocrafter/human_action/A person is throwing axe-2.mp4,1.0,success,0.183005,,true
v_46bd00099f17912cc0a1,human_action,test,A person is throwing axe,203,videocraft,videocrafter/human_action/A person is throwing axe-3.mp4,0.0,success,0.187947,,false
v_d5ee1003096cd322c77d,human_action,test,A person is throwing axe,204,videocraft,videocrafter/human_action/A person is throwing axe-4.mp4,0.0,success,0.168267,,false
v_fe7c0497ae23fb5a3970,human_action,test,A person is trimming or shaving beard,295,videocraft,videocrafter/human_action/A person is trimming or shaving beard-0.mp4,1.0,success,0.168644,,true
v_fffa2f9907d9b8c84203,human_action,test,A person is trimming or shaving beard,296,videocraft,videocrafter/human_action/A person is trimming or shaving beard-1.mp4,1.0,success,0.166055,,true
v_b1700daa52214241bed3,human_action,test,A person is trimming or shaving beard,297,videocraft,videocrafter/human_action/A person is trimming or shaving beard-2.mp4,1.0,success,0.169165,,true
v_732fe62c870677d826ce,human_action,test,A person is trimming or shaving beard,298,videocraft,videocrafter/human_action/A person is trimming or shaving beard-3.mp4,1.0,success,0.172222,,true
v_2738c06002b995003836,human_action,test,A person is trimming or shaving beard,299,videocraft,videocrafter/human_action/A person is trimming or shaving beard-4.mp4,1.0,success,0.172151,,true
v_2be163b7aff74d9dc80d,human_action,test,A person is tying tie,80,videocraft,videocrafter/human_action/A person is tying tie-0.mp4,1.0,success,0.170021,,true
v_c6354f803d2837803edd,human_action,test,A person is tying tie,81,videocraft,videocrafter/human_action/A person is tying tie-1.mp4,1.0,success,0.172183,,true
v_176ddc3c296464dee3de,human_action,test,A person is tying tie,82,videocraft,videocrafter/human_action/A person is tying tie-2.mp4,1.0,success,0.176492,,true
v_fac868ca0d393f7b95dd,human_action,test,A person is tying tie,83,videocraft,videocrafter/human_action/A person is tying tie-3.mp4,1.0,success,0.186904,,true
v_bdc4508f0d52a1b73ce0,human_action,test,A person is tying tie,84,videocraft,videocrafter/human_action/A person is tying tie-4.mp4,1.0,success,0.168117,,true
v_aca55cfa4334d7d0c83a,human_action,test,A person is using computer,415,videocraft,videocrafter/human_action/A person is using computer-0.mp4,1.0,success,0.164534,,true
v_a12d3c353751079c2008,human_action,test,A person is using computer,416,videocraft,videocrafter/human_action/A person is using computer-1.mp4,1.0,success,0.164933,,true
v_afcaa6243f54bb59c830,human_action,test,A person is using computer,417,videocraft,videocrafter/human_action/A person is using computer-2.mp4,1.0,success,0.140049,,true
v_6fe347aa6bf5e303b4ad,human_action,test,A person is using computer,418,videocraft,videocrafter/human_action/A person is using computer-3.mp4,1.0,success,0.162483,,true
v_aa0047e1a82a39cd80a0,human_action,test,A person is using computer,419,videocraft,videocrafter/human_action/A person is using computer-4.mp4,1.0,success,0.159999,,true
v_100c00c2675f90329c85,human_action,dev,A person is washing dishes,310,videocraft,videocrafter/human_action/A person is washing dishes-0.mp4,1.0,success,0.168173,,true
v_166011ec256ec067068f,human_action,dev,A person is washing dishes,311,videocraft,videocrafter/human_action/A person is washing dishes-1.mp4,1.0,success,0.172731,,true
v_43e4d4cbe600419ccdf3,human_action,dev,A person is washing dishes,312,videocraft,videocrafter/human_action/A person is washing dishes-2.mp4,1.0,success,0.182981,,true
v_ac48a1f0b3b6417c4405,human_action,dev,A person is washing dishes,313,videocraft,videocrafter/human_action/A person is washing dishes-3.mp4,1.0,success,0.170089,,true
v_59003374f1272192ae31,human_action,dev,A person is washing dishes,314,videocraft,videocrafter/human_action/A person is washing dishes-4.mp4,1.0,success,0.175552,,true
v_0634932c4ead66ee2972,human_action,test,A person is washing hands,275,videocraft,videocrafter/human_action/A person is washing hands-0.mp4,1.0,success,0.155689,,true
v_c00b3ee149c82eb66b40,human_action,test,A person is washing hands,276,videocraft,videocrafter/human_action/A person is washing hands-1.mp4,1.0,success,0.166143,,true
v_3a4c2a379b7b277459b8,human_action,test,A person is washing hands,277,videocraft,videocrafter/human_action/A person is washing hands-2.mp4,1.0,success,0.160281,,true
v_5ef52e449a818d4fcd83,human_action,test,A person is washing hands,278,videocraft,videocrafter/human_action/A person is washing hands-3.mp4,1.0,success,0.169828,,true
v_da9020935f118f73263d,human_action,test,A person is washing hands,279,videocraft,videocrafter/human_action/A person is washing hands-4.mp4,1.0,success,0.139581,,true
v_da0bb86056a57eb1c1a9,human_action,dev,A person is wrestling,45,videocraft,videocrafter/human_action/A person is wrestling-0.mp4,1.0,success,0.171173,,true
v_02e6ebef5e3e3f2d5732,human_action,dev,A person is wrestling,46,videocraft,videocrafter/human_action/A person is wrestling-1.mp4,1.0,success,0.167384,,true
v_7d02033c5f2db2072810,human_action,dev,A person is wrestling,47,videocraft,videocrafter/human_action/A person is wrestling-2.mp4,1.0,success,0.172767,,true
v_b3461c2f139bfb2009e8,human_action,dev,A person is wrestling,48,videocraft,videocrafter/human_action/A person is wrestling-3.mp4,1.0,success,0.188966,,true
v_daa69152d4b920656b32,human_action,dev,A person is wrestling,49,videocraft,videocrafter/human_action/A person is wrestling-4.mp4,1.0,success,0.174424,,true
v_ada70de81dc53c6eb48c,human_action,dev,A person is writing,245,videocraft,videocrafter/human_action/A person is writing-0.mp4,1.0,success,0.180935,,true
v_2f9d731c1cacf2481a30,human_action,dev,A person is writing,246,videocraft,videocrafter/human_action/A person is writing-1.mp4,1.0,success,0.156775,,true
v_342df53366026c53e2ec,human_action,dev,A person is writing,247,videocraft,videocrafter/human_action/A person is writing-2.mp4,1.0,success,0.159571,,true
v_d18e52bb1becbe95ce3f,human_action,dev,A person is writing,248,videocraft,videocrafter/human_action/A person is writing-3.mp4,1.0,success,0.174283,,true
v_66e1a30c5b5ea5a62be8,human_action,dev,A person is writing,249,videocraft,videocrafter/human_action/A person is writing-4.mp4,1.0,success,0.164725,,true
