dimension,prompt_id,split,seed
aesthetics,"Origami dancers in white paper, 3D render, on white background, studio shot, dancing modern dance.",dev,20260911
aesthetics,A cat wearing sunglasses and working as a lifeguard at a pool.,dev,20260911
aesthetics,Busy freeway at night.,dev,20260911
aesthetics,"A jellyfish floating through the ocean, with bioluminescent tentacles",dev,20260911
aesthetics,"A space shuttle launching into orbit, with flames and smoke billowing out from the engines",dev,20260911
aesthetics,A corgi is playing drum kit.,dev,20260911
aesthetics,Vincent van Gogh is painting in the room,dev,20260911
aesthetics,this is how I do makeup in the morning.,dev,20260911
aesthetics,Robot dancing in Times Square.,dev,20260911
aesthetics,An astronaut flying in space.,dev,20260911
aesthetics,"Splash of turquoise water in extreme slow motion, alpha channel included.",dev,20260911
aesthetics,An animated painting of fluffy white clouds moving in sky.,dev,20260911
aesthetics,A cute fluffy panda eating Chinese food in a restaurant,dev,20260911
aesthetics,A boat sailing leisurely along the Seine River with the Eiffel Tower in background by Vincent van Gogh,dev,20260911
aesthetics,A koala bear playing piano in the forest.,dev,20260911
aesthetics,A fat rabbit wearing a purple robe walking through a fantasy landscape.,dev,20260911
aesthetics,A cute raccoon playing guitar in a boat on the ocean,dev,20260911
aesthetics,A polar bear is playing guitar,dev,20260911
aesthetics,Close up of grapes on a rotating table.,dev,20260911
aesthetics,A fantasy landscape,dev,20260911
aesthetics,"Motion colour drop in water, ink swirling in water, colourful ink in water, abstraction fancy dream cloud of ink.",dev,20260911
aesthetics,A Mars rover moving on Mars,dev,20260911
aesthetics,Few big purple plums rotating on the turntable. water drops appear on the skin during rotation. isolated on the white background. close-up. macro.,dev,20260911
aesthetics,"A lightning striking atop of eiffel tower, dark clouds in the sky",dev,20260911
aesthetics,Flying through fantasy landscapes.,dev,20260911
aesthetics,a shark is swimming in the ocean.,dev,20260911
aesthetics,A super cool giant robot in Cyberpunk Beijing,dev,20260911
aesthetics,golden fish swimming in the ocean.,dev,20260911
aesthetics,An artist brush painting on a canvas close up.,dev,20260911
aesthetics,Gwen Stacy reading a book,dev,20260911
aesthetics,"An epic tornado attacking above a glowing city at night, the tornado is made of smoke",dev,20260911
aesthetics,"Vampire makeup face of beautiful girl, red contact lenses.",dev,20260911
aesthetics,"A drone view of celebration with Christmas tree and fireworks, starry sky - background.",dev,20260911
aesthetics,A cat eating food out of a bowl,dev,20260911
aesthetics,A bigfoot walking in the snowstorm.,dev,20260911
aesthetics,Sunset time lapse at the beach with moving clouds and colors in the sky.,dev,20260911
aesthetics,Hyper-realistic spaceship landing on Mars,dev,20260911
aesthetics,Balloon full of water exploding in extreme slow motion.,test,20260911
aesthetics,a fantasy landscape,test,20260911
aesthetics,A teddy bear washing the dishes,test,20260911
aesthetics,A 3D model of a 1800s victorian house.,test,20260911
aesthetics,A panda drinking coffee in a cafe in Paris,test,20260911
aesthetics,A panda standing on a surfboard in the ocean in sunset.,test,20260911
aesthetics,A panda cooking in the kitchen,test,20260911
aesthetics,"A car moving slowly on an empty street, rainy evening",test,20260911
aesthetics,Macro slo-mo. Slow motion cropped closeup of roasted coffee beans falling into an empty bowl.,test,20260911
aesthetics,"An astronaut feeding ducks on a sunny afternoon, reflection from the water.",test,20260911
aesthetics,"A beautiful coastal beach in spring, waves lapping on sand by Hokusai, in the style of Ukiyo",test,20260911
aesthetics,A future where humans have achieved teleportation technology,test,20260911
aesthetics,"The bund Shanghai, vibrant color",test,20260911
aesthetics,Clown fish swimming through the coral reef,test,20260911
aesthetics,"A beautiful coastal beach in spring, waves lapping on sand by Vincent van Gogh",test,20260911
aesthetics,a teddy bear is swimming in the ocean.,test,20260911
aesthetics,An oil painting of a couple in formal evening wear going home get caught in a heavy downpour with umbrellas,test,20260911
aesthetics,A squirrel eating a burger.,test,20260911
aesthetics,"A raccoon that looks like a turtle, digital art.",test,20260911
aesthetics,time lapse of sunrise on mars.,test,20260911
aesthetics,Yellow flowers swing in the wind,test,20260911
aesthetics,"happy dog wearing a yellow turtleneck, studio, portrait, facing camera, dark background",test,20260911
aesthetics,"Ashtray full of butts on table, smoke flowing on black background, close-up",test,20260911
aesthetics,a drone flying over a snowy forest.,test,20260911
aesthetics,"An Iron man is playing the electronic guitar, high electronic guitar.",test,20260911
aesthetics,A steam train moving on a mountainside,test,20260911
aesthetics,A shark swimming in clear Caribbean ocean,test,20260911
aesthetics,Two pandas discussing an academic paper.,test,20260911
aesthetics,"Pacific coast, carmel by the sea ocean and waves.",test,20260911
aesthetics,Yoda playing guitar on the stage,test,20260911
aesthetics,"Sewing machine, old sewing machine working.",test,20260911
aesthetics,A boat sailing leisurely along the Seine River with the Eiffel Tower in background,test,20260911
aesthetics,A corgi's head depicted as an explosion of a nebula,test,20260911
aesthetics,Turtle swimming in ocean.,test,20260911
aesthetics,Campfire at night in a snowy forest with starry sky in the background.,test,20260911
aesthetics,"A tropical beach at sunrise, with palm trees and crystal-clear water in the foreground",test,20260911
aesthetics,"A happy fuzzy panda playing guitar nearby a campfire, snow mountain in the background",test,20260911
aesthetics,Snow rocky mountains peaks canyon. snow blanketed rocky mountains surround and shadow deep canyons. the canyons twist and bend through the high elevated mountain peaks.,test,20260911
aesthetics,"A modern art museum, with colorful paintings",test,20260911
aesthetics,Aerial panoramic video from a drone of a fantasy land.,test,20260911
aesthetics,"Cinematic shot of Van Gogh's selfie, Van Gogh style",test,20260911
aesthetics,"The bund Shanghai, oil painting",test,20260911
aesthetics,A confused panda in calculus class,test,20260911
aesthetics,An astronaut is riding a horse in the space in a photorealistic style.,test,20260911
aesthetics,A super robot protecting city,test,20260911
aesthetics,A panda playing on a swing set,test,20260911
aesthetics,A teddy bear is playing drum kit in NYC Times Square.,test,20260911
aesthetics,Iron Man flying in the sky,test,20260911
aesthetics,"A cute happy Corgi playing in park, sunset",test,20260911
aesthetics,"A raccoon dressed in suit playing the trumpet, stage background",test,20260911
aesthetics,A raccoon is playing the electronic guitar.,test,20260911
aesthetics,A cat wearing sunglasses at a pool,test,20260911
aesthetics,Fireworks.,test,20260911
aesthetics,"A robot DJ is playing the turntable, in heavy raining futuristic tokyo rooftop cyberpunk night, sci-fi, fantasy",test,20260911
aesthetics,an ice cream is melting on the table.,test,20260911
aesthetics,A storm trooper vacuuming the beach.,test,20260911
appearance_style,"A couple in formal evening wear going home get caught in a heavy downpour with umbrellas, animated style",dev,20260911
appearance_style,"The bund Shanghai, in cyberpunk style",dev,20260911
appearance_style,"A beautiful coastal beach in spring, waves lapping on sand, animated style",dev,20260911
appearance_style,"Snow rocky mountains peaks canyon. snow blanketed rocky mountains surround and shadow deep canyons. the canyons twist and bend through the high elevated mountain peaks, watercolor painting",dev,20260911
appearance_style,"A boat sailing leisurely along the Seine River with the Eiffel Tower in background, oil painting",dev,20260911
appearance_style,"A panda drinking coffee in a cafe in Paris, watercolor painting",dev,20260911
appearance_style,"A couple in formal evening wear going home get caught in a heavy downpour with umbrellas, in cyberpunk style",dev,20260911
appearance_style,"A beautiful coastal beach in spring, waves lapping on sand, surrealism style",dev,20260911
appearance_style,"Snow rocky mountains peaks canyon. snow blanketed rocky mountains surround and shadow deep canyons. the canyons twist and bend through the high elevated mountain peaks by Hokusai, in the style of Ukiyo",dev,20260911
appearance_style,"The bund Shanghai, surrealism style",dev,20260911
appearance_style,"A couple in formal evening wear going home get caught in a heavy downpour with umbrellas, oil painting",dev,20260911
appearance_style,"An astronaut flying in space, surrealism style",dev,20260911
appearance_style,"A cute happy Corgi playing in park, sunset, animated style",dev,20260911
appearance_style,"An astronaut flying in space, pixel art",dev,20260911
appearance_style,"The bund Shanghai, black and white",dev,20260911
appearance_style,"A panda drinking coffee in a cafe in Paris by Hokusai, in the style of Ukiyo",dev,20260911
appearance_style,"A beautiful coastal beach in spring, waves lapping on sand by Hokusai, in the style of Ukiyo",dev,20260911
appearance_style,"A cute happy Corgi playing in park, sunset, surrealism style",dev,20260911
appearance_style,"A boat sailing leisurely along the Seine River with the Eiffel Tower in background, animated style",dev,20260911
appearance_style,"A cute happy Corgi playing in park, sunset, oil painting",dev,20260911
appearance_style,"a shark is swimming in the ocean, pixel art",dev,20260911
appearance_style,"A cute happy Corgi playing in park, sunset, watercolor painting",dev,20260911
appearance_style,"a shark is swimming in the ocean, surrealism style",dev,20260911
appearance_style,"A boat sailing leisurely along the Seine River with the Eiffel Tower in background, watercolor painting",dev,20260911
appearance_style,"Snow rocky mountains peaks canyon. snow blanketed rocky mountains surround and shadow deep canyons. the canyons twist and bend through the high elevated mountain peaks, surrealism style",dev,20260911
appearance_style,"Gwen Stacy reading a book by Hokusai, in the style of Ukiyo",dev,20260911
appearance_style,"a shark is swimming in the ocean, animated style",dev,20260911
appearance_style,"Gwen Stacy reading a book, oil painting",dev,20260911
appearance_style,"A cute happy Corgi playing in park, sunset by Hokusai, in the style of Ukiyo",dev,20260911
appearance_style,"Snow rocky mountains peaks canyon. snow blanketed rocky mountains surround and shadow deep canyons. the canyons twist and bend through the high elevated mountain peaks, black and white",dev,20260911
appearance_style,"Gwen Stacy reading a book, black and white",dev,20260911
appearance_style,"A panda drinking coffee in a cafe in Paris, surrealism style",dev,20260911
appearance_style,"a shark is swimming in the ocean, watercolor painting",dev,20260911
appearance_style,"A panda drinking coffee in a cafe in Paris, oil painting",dev,20260911
appearance_style,"A couple in formal evening wear going home get caught in a heavy downpour with umbrellas by Hokusai, in the style of Ukiyo",dev,20260911
appearance_style,"A boat sailing leisurely along the Seine River with the Eiffel Tower in background, pixel art",dev,20260911
appearance_style,"An astronaut flying in space, in cyberpunk style",test,20260911
appearance_style,"Snow rocky mountains peaks canyon. snow blanketed rocky mountains surround and shadow deep canyons. the canyons twist and bend through the high elevated mountain peaks, Van Gogh style",test,20260911
appearance_style,"A panda drinking coffee in a cafe in Paris, black and white",test,20260911
appearance_style,"A beautiful coastal beach in spring, waves lapping on sand, in cyberpunk style",test,20260911
appearance_style,"A boat sailing leisurely along the Seine River with the Eiffel Tower in background, surrealism style",test,20260911
appearance_style,"A couple in formal evening wear going home get caught in a heavy downpour with umbrellas, surrealism style",test,20260911
appearance_style,"The bund Shanghai, watercolor painting",test,20260911
appearance_style,"Snow rocky mountains peaks canyon. snow blanketed rocky mountains surround and shadow deep canyons. the canyons twist and bend through the high elevated mountain peaks, pixel art",test,20260911
appearance_style,"a shark is swimming in the ocean by Hokusai, in the style of Ukiyo",test,20260911
appearance_style,"A couple in formal evening wear going home get caught in a heavy downpour with umbrellas, watercolor painting",test,20260911
appearance_style,"A panda drinking coffee in a cafe in Paris, animated style",test,20260911
appearance_style,"Snow rocky mountains peaks canyon. snow blanketed rocky mountains surround and shadow deep canyons. the canyons twist and bend through the high elevated mountain peaks, in cyberpunk style",test,20260911
appearance_style,"An astronaut flying in space, animated style",test,20260911
appearance_style,"A boat sailing leisurely along the Seine River with the Eiffel Tower in background, Van Gogh style",test,20260911
appearance_style,"A beautiful coastal beach in spring, waves lapping on sand, watercolor painting",test,20260911
appearance_style,"A panda drinking coffee in a cafe in Paris, pixel art",test,20260911
appearance_style,"A couple in formal evening wear going home get caught in a heavy downpour with umbrellas, Van Gogh style",test,20260911
appearance_style,"A couple in formal evening wear going home get caught in a heavy downpour with umbrellas, black and white",test,20260911
appearance_style,"The bund Shanghai, oil painting",test,20260911
appearance_style,"a shark is swimming in the ocean, black and white",test,20260911
appearance_style,"A boat sailing leisurely along the Seine River with the Eiffel Tower in background, in cyberpunk style",test,20260911
appearance_style,"An astronaut flying in space, oil painting",test,20260911
appearance_style,"A couple in formal evening wear going home get caught in a heavy downpour with umbrellas, pixel art",test,20260911
appearance_style,"The bund Shanghai, pixel art",test,20260911
appearance_style,"The bund Shanghai, Van Gogh style",test,20260911
appearance_style,"A beautiful coastal beach in spring, waves lapping on sand, oil painting",test,20260911
appearance_style,"Snow rocky mountains peaks canyon. snow blanketed rocky mountains surround and shadow deep canyons. the canyons twist and bend through the high elevated mountain peaks, oil painting",test,20260911
appearance_style,"A boat sailing leisurely along the Seine River with the Eiffel Tower in background by Hokusai, in the style of Ukiyo",test,20260911
appearance_style,"A panda drinking coffee in a cafe in Paris, Van Gogh style",test,20260911
appearance_style,"A cute happy Corgi playing in park, sunset, Van Gogh style",test,20260911
appearance_style,"An astronaut flying in space, watercolor painting",test,20260911
appearance_style,"A beautiful coastal beach in spring, waves lapping on sand, black and white",test,20260911
appearance_style,"An astronaut flying in space, Van Gogh style",test,20260911
appearance_style,"a shark is swimming in the ocean, oil painting",test,20260911
appearance_style,"Gwen Stacy reading a book, watercolor painting",test,20260911
appearance_style,"The bund Shanghai by Hokusai, in the style of Ukiyo",test,20260911
appearance_style,"a shark is swimming in the ocean, Van Gogh style",test,20260911
appearance_style,"A beautiful coastal beach in spring, waves lapping on sand, pixel art",test,20260911
appearance_style,"A cute happy Corgi playing in park, sunset, in cyberpunk style",test,20260911
appearance_style,"Gwen Stacy reading a book, in cyberpunk style",test,20260911
appearance_style,"Gwen Stacy reading a book, pixel art",test,20260911
appearance_style,"a shark is swimming in the ocean, in cyberpunk style",test,20260911
appearance_style,"A boat sailing leisurely along the Seine River with the Eiffel Tower in background, black and white",test,20260911
appearance_style,"A cute happy Corgi playing in park, sunset, pixel art",test,20260911
appearance_style,"Snow rocky mountains peaks canyon. snow blanketed rocky mountains surround and shadow deep canyons. the canyons twist and bend through the high elevated mountain peaks, animated style",test,20260911
appearance_style,"A beautiful coastal beach in spring, waves lapping on sand, Van Gogh style",test,20260911
appearance_style,"Gwen Stacy reading a book, surrealism style",test,20260911
appearance_style,"An astronaut flying in space by Hokusai, in the style of Ukiyo",test,20260911
appearance_style,"A panda drinking coffee in a cafe in Paris, in cyberpunk style",test,20260911
appearance_style,"Gwen Stacy reading a book, Van Gogh style",test,20260911
appearance_style,"An astronaut flying in space, black and white",test,20260911
appearance_style,"Gwen Stacy reading a book, animated style",test,20260911
appearance_style,"The bund Shanghai, animated style",test,20260911
appearance_style,"A cute happy Corgi playing in park, sunset, black and white",test,20260911
background_consistency,an outdoor track,dev,20260911
background_consistency,downtown,dev,20260911
background_consistency,a baseball stadium,dev,20260911
background_consistency,a bedroom,dev,20260911
background_consistency,an office,dev,20260911
background_consistency,an ocean,dev,20260911
background_consistency,a harbor,dev,20260911
background_consistency,a campus,dev,20260911
background_consistency,the sky,dev,20260911
background_consistency,a forest road,dev,20260911
background_consistency,a river,dev,20260911
background_consistency,a courtyard,dev,20260911
background_consistency,a ski slope,dev,20260911
background_consistency,a bathroom,dev,20260911
background_consistency,a windmill,dev,20260911
background_consistency,a train station platform,dev,20260911
background_consistency,a junkyard,dev,20260911
background_consistency,a train railway,dev,20260911
background_consistency,a music studio,dev,20260911
background_consistency,a carrousel,dev,20260911
background_consistency,a basement,dev,20260911
background_consistency,a house,dev,20260911
background_consistency,a construction site,dev,20260911
background_consistency,a volcano,dev,20260911
background_consistency,a corridor,dev,20260911
background_consistency,a botanical garden,dev,20260911
background_consistency,a football field,dev,20260911
background_consistency,a beach,dev,20260911
background_consistency,a hospital,dev,20260911
background_consistency,an amusement park,dev,20260911
background_consistency,a food court,dev,20260911
background_consistency,an arch,dev,20260911
background_consistency,a lighthouse,dev,20260911
background_consistency,an industrial area,dev,20260911
background_consistency,a staircase,test,20260911
background_consistency,a pharmacy,test,20260911
background_consistency,a castle,test,20260911
background_consistency,a parking lot,test,20260911
background_consistency,an iceberg,test,20260911
background_consistency,a desert,test,20260911
background_consistency,a marsh,test,20260911
background_consistency,an indoor movie theater,test,20260911
background_consistency,a shower,test,20260911
background_consistency,an art gallery,test,20260911
background_consistency,an indoor library,test,20260911
background_consistency,a ballroom,test,20260911
background_consistency,a palace,test,20260911
background_consistency,a driveway,test,20260911
background_consistency,a bakery shop,test,20260911
background_consistency,an indoor gymnasium,test,20260911
background_consistency,a laboratory,test,20260911
background_consistency,a gas station,test,20260911
background_consistency,a valley,test,20260911
background_consistency,a raceway,test,20260911
background_consistency,a cliff,test,20260911
background_consistency,an underwater coral reef,test,20260911
background_consistency,a cafeteria,test,20260911
background_consistency,a glacier,test,20260911
background_consistency,a mansion,test,20260911
background_consistency,a waterfall,test,20260911
background_consistency,a restaurant,test,20260911
background_consistency,a farm,test,20260911
background_consistency,a cemetery,test,20260911
background_consistency,a highway,test,20260911
background_consistency,a classroom,test,20260911
background_consistency,an indoor museum,test,20260911
background_consistency,an alley,test,20260911
background_consistency,a campsite,test,20260911
background_consistency,a skyscraper,test,20260911
background_consistency,a tower,test,20260911
background_consistency,a jail cell,test,20260911
background_consistency,a barn,test,20260911
background_consistency,an aquarium,test,20260911
background_consistency,a phone booth,test,20260911
background_consistency,a golf course,test,20260911
background_consistency,a supermarket,test,20260911
background_consistency,a science museum,test,20260911
background_consistency,a nursery,test,20260911
background_consistency,a mountain,test,20260911
background_consistency,an indoor swimming pool,test,20260911
background_consistency,a fountain,test,20260911
background_consistency,a street,test,20260911
background_consistency,a crosswalk,test,20260911
background_consistency,a bridge,test,20260911
background_consistency,a kitchen,test,20260911
background_consistency,a bar,test,20260911
color,a green vase,dev,20260911
color,a pink car,dev,20260911
color,a pink vase,dev,20260911
color,a yellow vase,dev,20260911
color,a green bicycle,dev,20260911
color,a white car,dev,20260911
color,a yellow car,dev,20260911
color,a blue car,dev,20260911
color,a pink clock,dev,20260911
color,a pink suitcase,dev,20260911
color,a red bicycle,dev,20260911
color,a blue bicycle,dev,20260911
color,a black bird,dev,20260911
color,a blue vase,dev,20260911
color,a yellow bird,dev,20260911
color,an orange cat,dev,20260911
color,a green bowl,dev,20260911
color,a yellow bicycle,dev,20260911
color,a green clock,dev,20260911
color,a white suitcase,dev,20260911
color,a black vase,dev,20260911
color,an orange bird,dev,20260911
color,a blue bird,dev,20260911
color,an orange vase,dev,20260911
color,a blue umbrella,dev,20260911
color,a purple bicycle,dev,20260911
color,a white bicycle,dev,20260911
color,a yellow suitcase,dev,20260911
color,a blue bowl,dev,20260911
color,a red car,dev,20260911
color,a white bowl,dev,20260911
color,a black clock,dev,20260911
color,a purple car,dev,20260911
color,a black bicycle,dev,20260911
color,a pink bowl,test,20260911
color,an orange umbrella,test,20260911
color,an orange suitcase,test,20260911
color,a yellow umbrella,test,20260911
color,a white chair,test,20260911
color,a white bird,test,20260911
color,a pink bicycle,test,20260911
color,a red bowl,test,20260911
color,a red vase,test,20260911
color,a red clock,test,20260911
color,a blue chair,test,20260911
color,a red umbrella,test,20260911
color,a white umbrella,test,20260911
color,a yellow bowl,test,20260911
color,a purple bowl,test,20260911
color,a black umbrella,test,20260911
color,an orange chair,test,20260911
color,a purple clock,test,20260911
color,a green umbrella,test,20260911
color,a yellow chair,test,20260911
color,a white clock,test,20260911
color,a black bowl,test,20260911
color,a blue clock,test,20260911
color,a yellow clock,test,20260911
color,an orange bicycle,test,20260911
color,a white vase,test,20260911
color,a purple umbrella,test,20260911
color,a purple suitcase,test,20260911
color,a pink bird,test,20260911
color,a yellow cat,test,20260911
color,a red chair,test,20260911
color,a black chair,test,20260911
color,a red bird,test,20260911
color,a pink umbrella,test,20260911
color,a red suitcase,test,20260911
color,a green chair,test,20260911
color,a green car,test,20260911
color,a green suitcase,test,20260911
color,a black car,test,20260911
color,a white cat,test,20260911
color,a purple vase,test,20260911
color,a purple chair,test,20260911
color,a purple bird,test,20260911
color,an orange clock,test,20260911
color,a green bird,test,20260911
color,an orange car,test,20260911
color,a black cat,test,20260911
color,an orange bowl,test,20260911
color,a black suitcase,test,20260911
color,a blue suitcase,test,20260911
color,a pink chair,test,20260911
dynamics_degree,a bird soaring gracefully in the sky,dev,20260911
dynamics_degree,a truck stuck in traffic during rush hour,dev,20260911
dynamics_degree,a giraffe taking a peaceful walk,dev,20260911
dynamics_degree,an elephant running to join a herd of its kind,dev,20260911
dynamics_degree,a train speeding down the tracks,dev,20260911
dynamics_degree,a bicycle slowing down to stop,dev,20260911
dynamics_degree,a bicycle accelerating to gain speed,dev,20260911
dynamics_degree,a horse taking a peaceful walk,dev,20260911
dynamics_degree,a bicycle gliding through a snowy field,dev,20260911
dynamics_degree,a bicycle leaning against a tree,dev,20260911
dynamics_degree,a boat slowing down to stop,dev,20260911
dynamics_degree,a bus accelerating to gain speed,dev,20260911
dynamics_degree,a person drinking coffee in a cafe,dev,20260911
dynamics_degree,a motorcycle turning a corner,dev,20260911
dynamics_degree,a car turning a corner,dev,20260911
dynamics_degree,a bird flying over a snowy forest,dev,20260911
dynamics_degree,a bear catching a salmon in its powerful jaws,dev,20260911
dynamics_degree,an elephant taking a peaceful walk,dev,20260911
dynamics_degree,an airplane taking off,dev,20260911
dynamics_degree,a motorcycle accelerating to gain speed,dev,20260911
dynamics_degree,a giraffe bending down to drink water from a river,dev,20260911
dynamics_degree,a sheep running to join a herd of its kind,dev,20260911
dynamics_degree,a person washing the dishes,dev,20260911
dynamics_degree,a train crossing over a tall bridge,dev,20260911
dynamics_degree,a zebra bending down to drink water from a river,dev,20260911
dynamics_degree,a person playing guitar,dev,20260911
dynamics_degree,a truck turning a corner,dev,20260911
dynamics_degree,a boat sailing smoothly on a calm lake,dev,20260911
dynamics_degree,a truck anchored in a tranquil bay,dev,20260911
dynamics_degree,a zebra taking a peaceful walk,test,20260911
dynamics_degree,a bird building a nest from twigs and leaves,test,20260911
dynamics_degree,a bus turning a corner,test,20260911
dynamics_degree,a cow bending down to drink water from a river,test,20260911
dynamics_degree,an elephant spraying itself with water using its trunk to cool down,test,20260911
dynamics_degree,a cat grooming itself meticulously with its tongue,test,20260911
dynamics_degree,a cat playing in park,test,20260911
dynamics_degree,a horse bending down to drink water from a river,test,20260911
dynamics_degree,a cow chewing cud while resting in a tranquil barn,test,20260911
dynamics_degree,a dog running happily,test,20260911
dynamics_degree,a person eating a burger,test,20260911
dynamics_degree,an airplane soaring through a clear blue sky,test,20260911
dynamics_degree,a cat drinking water,test,20260911
dynamics_degree,a horse galloping across an open field,test,20260911
dynamics_degree,a giraffe running to join a herd of its kind,test,20260911
dynamics_degree,an airplane accelerating to gain speed,test,20260911
dynamics_degree,an airplane landing smoothly on a runway,test,20260911
dynamics_degree,a person walking in the snowstorm,test,20260911
dynamics_degree,a motorcycle gliding through a snowy field,test,20260911
dynamics_degree,a boat accelerating to gain speed,test,20260911
dynamics_degree,a bear hunting for prey,test,20260911
dynamics_degree,a cow running to join a herd of its kind,test,20260911
dynamics_degree,a bus stuck in traffic during rush hour,test,20260911
dynamics_degree,a dog playing in park,test,20260911
dynamics_degree,a person swimming in ocean,test,20260911
dynamics_degree,a car accelerating to gain speed,test,20260911
dynamics_degree,a person giving a presentation to a room full of colleagues,test,20260911
dynamics_degree,a zebra running to join a herd of its kind,test,20260911
dynamics_degree,a sheep taking a peaceful walk,test,20260911
dynamics_degree,a truck slowing down to stop,test,20260911
dynamics_degree,a truck accelerating to gain speed,test,20260911
dynamics_degree,a car slowing down to stop,test,20260911
dynamics_degree,a horse running to join a herd of its kind,test,20260911
dynamics_degree,a motorcycle cruising along a coastal highway,test,20260911
dynamics_degree,a sheep bending down to drink water from a river,test,20260911
dynamics_degree,a bear climbing a tree,test,20260911
dynamics_degree,a motorcycle slowing down to stop,test,20260911
dynamics_degree,a bear sniffing the air for scents of food,test,20260911
dynamics_degree,a dog enjoying a peaceful walk,test,20260911
dynamics_degree,a train accelerating to gain speed,test,20260911
dynamics_degree,a dog drinking water,test,20260911
dynamics_degree,a car stuck in traffic during rush hour,test,20260911
dynamics_degree,a cat running happily,test,20260911
human_action,A person is hula hooping,dev,20260911
human_action,A person is baby waking up,dev,20260911
human_action,A person is cleaning windows,dev,20260911
human_action,A person is peeling apples,dev,20260911
human_action,A person is playing controller,dev,20260911
human_action,A person is planting trees,dev,20260911
human_action,A person is taking a shower,dev,20260911
human_action,A person is wrestling,dev,20260911
human_action,A person is bungee jumping,dev,20260911
human_action,A person is making bed,dev,20260911
human_action,A person is writing,dev,20260911
human_action,A person is laughing,dev,20260911
human_action,A person is giving or receiving award,dev,20260911
human_action,A person is eating watermelon,dev,20260911
human_action,A person is digging,dev,20260911
human_action,A person is playing trumpet,dev,20260911
human_action,A person is milking cow,dev,20260911
human_action,A person is skateboarding,dev,20260911
human_action,A person is cutting nails,dev,20260911
human_action,A person is counting money,dev,20260911
human_action,A person is strumming guitar,dev,20260911
human_action,A person is catching or throwing baseball,dev,20260911
human_action,A person is archery,dev,20260911
human_action,A person is clapping,dev,20260911
human_action,A person is clay pottery making,dev,20260911
human_action,A person is ice skating,dev,20260911
human_action,A person is riding a bike,dev,20260911
human_action,A person is washing dishes,dev,20260911
human_action,A person is smoking,dev,20260911
human_action,A person is pushing cart,dev,20260911
human_action,A person is stretching leg,dev,20260911
human_action,A person is hugging,dev,20260911
human_action,A person is rock climbing,dev,20260911
human_action,A person is dancing ballet,dev,20260911
human_action,A person is shuffling cards,dev,20260911
human_action,A person is motorcycling,dev,20260911
human_action,A person is skydiving,dev,20260911
human_action,A person is sword fighting,dev,20260911
human_action,A person is barbequing,dev,20260911
human_action,A person is knitting,dev,20260911
human_action,A person is ironing,test,20260911
human_action,A person is bandaging,test,20260911
human_action,A person is cheerleading,test,20260911
human_action,A person is flying kite,test,20260911
human_action,A person is sticking tongue out,test,20260911
human_action,A person is climbing a rope,test,20260911
human_action,A person is catching or throwing frisbee,test,20260911
human_action,A person is filling eyebrows,test,20260911
human_action,A person is riding or walking with horse,test,20260911
human_action,A person is rock scissors paper,test,20260911
human_action,A person is cutting watermelon,test,20260911
human_action,A person is finger snapping,test,20260911
human_action,A person is grooming dog,test,20260911
human_action,A person is folding clothes,test,20260911
human_action,A person is petting animal (not cat),test,20260911
human_action,A person is driving car,test,20260911
human_action,A person is roller skating,test,20260911
human_action,A person is throwing axe,test,20260911
human_action,A person is shooting goal (soccer),test,20260911
human_action,A person is crying,test,20260911
human_action,A person is shaking head,test,20260911
human_action,A person is doing laundry,test,20260911
human_action,A person is playing piano,test,20260911
human_action,A person is doing aerobics,test,20260911
human_action,A person is shooting basketball,test,20260911
human_action,A person is making snowman,test,20260911
human_action,A person is push up,test,20260911
human_action,A person is sweeping floor,test,20260911
human_action,A person is massaging legs,test,20260911
human_action,A person is shining shoes,test,20260911
human_action,A person is tasting beer,test,20260911
human_action,A person is using computer,test,20260911
human_action,A person is air drumming,test,20260911
human_action,A person is trimming or shaving beard,test,20260911
human_action,A person is playing chess,test,20260911
human_action,A person is drawing,test,20260911
human_action,A person is canoeing or kayaking,test,20260911
human_action,A person is washing hands,test,20260911
human_action,A person is tying tie,test,20260911
human_action,A person is brushing teeth,test,20260911
human_action,A person is bending metal,test,20260911
human_action,A person is running on treadmill,test,20260911
human_action,A person is marching,test,20260911
human_action,A person is tai chi,test,20260911
human_action,A person is playing harp,test,20260911
human_action,A person is riding scooter,test,20260911
human_action,A person is playing flute,test,20260911
human_action,A person is robot dancing,test,20260911
human_action,A person is sailing,test,20260911
human_action,A person is shaking hands,test,20260911
human_action,A person is kissing,test,20260911
human_action,A person is dunking basketball,test,20260911
human_action,A person is jogging,test,20260911
human_action,A person is crawling baby,test,20260911
human_action,A person is reading book,test,20260911
human_action,A person is bending back,test,20260911
human_action,A person is squat,test,20260911
human_action,A person is sharpening knives,test,20260911
human_action,A person is arranging flowers,test,20260911
human_action,A person is getting a haircut,test,20260911
motion_smoothness,a giraffe running to join a herd of its kind,dev,20260911
motion_smoothness,a cat playing in park,dev,20260911
motion_smoothness,a bus stuck in traffic during rush hour,dev,20260911
motion_smoothness,a person drinking coffee in a cafe,dev,20260911
motion_smoothness,a cat running happily,dev,20260911
motion_smoothness,a person giving a presentation to a room full of colleagues,dev,20260911
motion_smoothness,a cat grooming itself meticulously with its tongue,dev,20260911
motion_smoothness,an airplane landing smoothly on a runway,dev,20260911
motion_smoothness,a person walking in the snowstorm,dev,20260911
motion_smoothness,a person playing guitar,dev,20260911
motion_smoothness,a bear hunting for prey,dev,20260911
motion_smoothness,a zebra running to join a herd of its kind,dev,20260911
motion_smoothness,a truck anchored in a tranquil bay,dev,20260911
motion_smoothness,a motorcycle accelerating to gain speed,dev,20260911
motion_smoothness,an elephant taking a peaceful walk,dev,20260911
motion_smoothness,a bear climbing a tree,dev,20260911
motion_smoothness,an airplane taking off,dev,20260911
motion_smoothness,a motorcycle gliding through a snowy field,dev,20260911
motion_smoothness,a bus turning a corner,dev,20260911
motion_smoothness,a dog playing in park,dev,20260911
motion_smoothness,a truck slowing down to stop,dev,20260911
motion_smoothness,a horse taking a peaceful walk,dev,20260911
motion_smoothness,a motorcycle cruising along a coastal highway,dev,20260911
motion_smoothness,a bear sniffing the air for scents of food,dev,20260911
motion_smoothness,a bird soaring gracefully in the sky,dev,20260911
motion_smoothness,a cat drinking water,dev,20260911
motion_smoothness,an airplane accelerating to gain speed,dev,20260911
motion_smoothness,a sheep running to join a herd of its kind,dev,20260911
motion_smoothness,a zebra bending down to drink water from a river,dev,20260911
motion_smoothness,a giraffe taking a peaceful walk,test,20260911
motion_smoothness,a person eating a burger,test,20260911
motion_smoothness,a motorcycle turning a corner,test,20260911
motion_smoothness,a boat sailing smoothly on a calm lake,test,20260911
motion_smoothness,a sheep taking a peaceful walk,test,20260911
motion_smoothness,a cow chewing cud while resting in a tranquil barn,test,20260911
motion_smoothness,a train crossing over a tall bridge,test,20260911
motion_smoothness,a horse galloping across an open field,test,20260911
motion_smoothness,a bicycle accelerating to gain speed,test,20260911
motion_smoothness,a truck stuck in traffic during rush hour,test,20260911
motion_smoothness,a horse bending down to drink water from a river,test,20260911
motion_smoothness,a person washing the dishes,test,20260911
motion_smoothness,a zebra taking a peaceful walk,test,20260911
motion_smoothness,a sheep bending down to drink water from a river,test,20260911
motion_smoothness,a bird flying over a snowy forest,test,20260911
motion_smoothness,a boat slowing down to stop,test,20260911
motion_smoothness,a car turning a corner,test,20260911
motion_smoothness,a cow running to join a herd of its kind,test,20260911
motion_smoothness,a bear catching a salmon in its powerful jaws,test,20260911
motion_smoothness,an elephant running to join a herd of its kind,test,20260911
motion_smoothness,a bicycle gliding through a snowy field,test,20260911
motion_smoothness,a dog running happily,test,20260911
motion_smoothness,a dog drinking water,test,20260911
motion_smoothness,a car slowing down to stop,test,20260911
motion_smoothness,a car accelerating to gain speed,test,20260911
motion_smoothness,a bicycle leaning against a tree,test,20260911
motion_smoothness,a boat accelerating to gain speed,test,20260911
motion_smoothness,a person swimming in ocean,test,20260911
motion_smoothness,a bus accelerating to gain speed,test,20260911
motion_smoothness,a dog enjoying a peaceful walk,test,20260911
motion_smoothness,a train accelerating to gain speed,test,20260911
motion_smoothness,a horse running to join a herd of its kind,test,20260911
motion_smoothness,an elephant spraying itself with water using its trunk to cool down,test,20260911
motion_smoothness,a giraffe bending down to drink water from a river,test,20260911
motion_smoothness,a bicycle slowing down to stop,test,20260911
motion_smoothness,a cow bending down to drink water from a river,test,20260911
motion_smoothness,a bird building a nest from twigs and leaves,test,20260911
motion_smoothness,a train speeding down the tracks,test,20260911
motion_smoothness,a truck accelerating to gain speed,test,20260911
motion_smoothness,a car stuck in traffic during rush hour,test,20260911
motion_smoothness,a motorcycle slowing down to stop,test,20260911
motion_smoothness,an airplane soaring through a clear blue sky,test,20260911
motion_smoothness,a truck turning a corner,test,20260911
multiplt_object,a backpack and an umbrella,dev,20260911
multiplt_object,a sports ball and a kite,dev,20260911
multiplt_object,a bus and a traffic light,dev,20260911
multiplt_object,a parking meter and a truck,dev,20260911
multiplt_object,skis and a snowboard,dev,20260911
multiplt_object,a train and a boat,dev,20260911
multiplt_object,a tv and a laptop,dev,20260911
multiplt_object,a giraffe and a bird,dev,20260911
multiplt_object,a sink and a toilet,dev,20260911
multiplt_object,a person and a hair drier,dev,20260911
multiplt_object,a suitcase and a vase,dev,20260911
multiplt_object,a cow and an elephant,dev,20260911
multiplt_object,a person and a toothbrush,dev,20260911
multiplt_object,a couch and a potted plant,dev,20260911
multiplt_object,a hair drier and a toothbrush,dev,20260911
multiplt_object,a zebra and a giraffe,dev,20260911
multiplt_object,a carrot and an umbrella,dev,20260911
multiplt_object,a baseball glove and a skateboard,dev,20260911
multiplt_object,a remote and a keyboard,dev,20260911
multiplt_object,a cup and a couch,dev,20260911
multiplt_object,a bottle and a chair,dev,20260911
multiplt_object,a refrigerator and skis,dev,20260911
multiplt_object,a kite and a baseball bat,dev,20260911
multiplt_object,a microwave and a frisbee,dev,20260911
multiplt_object,a car and a motorcycle,dev,20260911
multiplt_object,a sheep and a cow,dev,20260911
multiplt_object,a surfboard and a tennis racket,dev,20260911
multiplt_object,a pizza and a tie,dev,20260911
multiplt_object,a fire hydrant and a stop sign,dev,20260911
multiplt_object,a potted plant and a tv,dev,20260911
multiplt_object,a bear and a zebra,dev,20260911
multiplt_object,a snowboard and a sports ball,dev,20260911
multiplt_object,a bowl and a remote,dev,20260911
multiplt_object,a book and a clock,test,20260911
multiplt_object,a motorcycle and a bus,test,20260911
multiplt_object,a tie and a suitcase,test,20260911
multiplt_object,an elephant and a bear,test,20260911
multiplt_object,a wine glass and a chair,test,20260911
multiplt_object,a car and a train,test,20260911
multiplt_object,a donut and a suitcase,test,20260911
multiplt_object,a motorcycle and a boat,test,20260911
multiplt_object,a horse and a sheep,test,20260911
multiplt_object,a baseball bat and a baseball glove,test,20260911
multiplt_object,a bird and a cat,test,20260911
multiplt_object,a frisbee and skis,test,20260911
multiplt_object,a keyboard and a cell phone,test,20260911
multiplt_object,a person and a sink,test,20260911
multiplt_object,a vase and scissors,test,20260911
multiplt_object,a knife and a tv,test,20260911
multiplt_object,a cat and a dog,test,20260911
multiplt_object,a spoon and a laptop,test,20260911
multiplt_object,a toilet and a hair drier,test,20260911
multiplt_object,an apple and a cell phone,test,20260911
multiplt_object,a bicycle and an airplane,test,20260911
multiplt_object,a stop sign and a parking meter,test,20260911
multiplt_object,a laptop and a remote,test,20260911
multiplt_object,a clock and a backpack,test,20260911
multiplt_object,a cell phone and a book,test,20260911
multiplt_object,an orange and a clock,test,20260911
multiplt_object,scissors and a teddy bear,test,20260911
multiplt_object,a chair and a couch,test,20260911
multiplt_object,a traffic light and a fire hydrant,test,20260911
multiplt_object,a hot dog and a handbag,test,20260911
multiplt_object,a bicycle and a car,test,20260911
multiplt_object,an umbrella and a handbag,test,20260911
multiplt_object,a tennis racket and a bottle,test,20260911
multiplt_object,a toaster and a teddy bear,test,20260911
multiplt_object,a cake and a vase,test,20260911
multiplt_object,broccoli and a backpack,test,20260911
multiplt_object,a dog and a horse,test,20260911
multiplt_object,a fork and a potted plant,test,20260911
multiplt_object,a handbag and a tie,test,20260911
multiplt_object,a skateboard and a surfboard,test,20260911
multiplt_object,a truck and a bicycle,test,20260911
multiplt_object,a toothbrush and a sink,test,20260911
multiplt_object,a teddy bear and a frisbee,test,20260911
multiplt_object,an airplane and a train,test,20260911
multiplt_object,a sandwich and a book,test,20260911
multiplt_object,an oven and scissors,test,20260911
multiplt_object,a person and a toilet,test,20260911
multiplt_object,a banana and a keyboard,test,20260911
multiplt_object,a boat and an airplane,test,20260911
object,a car,dev,20260911
object,a keyboard,dev,20260911
object,a dining table,dev,20260911
object,a backpack,dev,20260911
object,a cow,dev,20260911
object,a bottle,dev,20260911
object,a bird,dev,20260911
object,a bench,dev,20260911
object,an elephant,dev,20260911
object,a baseball glove,dev,20260911
object,a sandwich,dev,20260911
object,a zebra,dev,20260911
object,a hot dog,dev,20260911
object,a refrigerator,dev,20260911
object,a cat,dev,20260911
object,a kite,dev,20260911
object,skis,dev,20260911
object,a toothbrush,dev,20260911
object,a snowboard,dev,20260911
object,an airplane,dev,20260911
object,a bear,dev,20260911
object,a bowl,dev,20260911
object,a cell phone,dev,20260911
object,a laptop,dev,20260911
object,a bicycle,dev,20260911
object,a person,dev,20260911
object,a sheep,dev,20260911
object,a teddy bear,dev,20260911
object,a giraffe,dev,20260911
object,a dog,dev,20260911
object,a couch,dev,20260911
object,broccoli,dev,20260911
object,a toaster,test,20260911
object,a boat,test,20260911
object,a traffic light,test,20260911
object,a toilet,test,20260911
object,an oven,test,20260911
object,a stop sign,test,20260911
object,a baseball bat,test,20260911
object,a fork,test,20260911
object,a wine glass,test,20260911
object,a hair drier,test,20260911
object,a banana,test,20260911
object,a donut,test,20260911
object,an apple,test,20260911
object,a bus,test,20260911
object,a bed,test,20260911
object,a pizza,test,20260911
object,a clock,test,20260911
object,a remote,test,20260911
object,a book,test,20260911
object,a handbag,test,20260911
object,a truck,test,20260911
object,scissors,test,20260911
object,a skateboard,test,20260911
object,a sports ball,test,20260911
object,an orange,test,20260911
object,an umbrella,test,20260911
object,a suitcase,test,20260911
object,a sink,test,20260911
object,a tennis racket,test,20260911
object,a fire hydrant,test,20260911
object,a train,test,20260911
object,a cup,test,20260911
object,a tv,test,20260911
object,a motorcycle,test,20260911
object,a frisbee,test,20260911
object,a spoon,test,20260911
object,a potted plant,test,20260911
object,a tie,test,20260911
object,a vase,test,20260911
object,a microwave,test,20260911
object,a carrot,test,20260911
object,a knife,test,20260911
object,a horse,test,20260911
object,a cake,test,20260911
object,a parking meter,test,20260911
object,a surfboard,test,20260911
object,a chair,test,20260911
overall_consistency,A bigfoot walking in the snowstorm.,dev,20260911
overall_consistency,"Sewing machine, old sewing machine working.",dev,20260911
overall_consistency,A corgi's head depicted as an explosion of a nebula,dev,20260911
overall_consistency,A cat wearing sunglasses and working as a lifeguard at a pool.,dev,20260911
overall_consistency,An artist brush painting on a canvas close up.,dev,20260911
overall_consistency,"The bund Shanghai, oil painting",dev,20260911
overall_consistency,"A drone view of celebration with Christmas tree and fireworks, starry sky - background.",dev,20260911
overall_consistency,Yellow flowers swing in the wind,dev,20260911
overall_consistency,an ice cream is melting on the table.,dev,20260911
overall_consistency,An astronaut is riding a horse in the space in a photorealistic style.,dev,20260911
overall_consistency,An animated painting of fluffy white clouds moving in sky.,dev,20260911
overall_consistency,Fireworks.,dev,20260911
overall_consistency,"A robot DJ is playing the turntable, in heavy raining futuristic tokyo rooftop cyberpunk night, sci-fi, fantasy",dev,20260911
overall_consistency,a shark is swimming in the ocean.,dev,20260911
overall_consistency,Yoda playing guitar on the stage,dev,20260911
overall_consistency,"An astronaut feeding ducks on a sunny afternoon, reflection from the water.",dev,20260911
overall_consistency,A confused panda in calculus class,dev,20260911
overall_consistency,Gwen Stacy reading a book,dev,20260911
overall_consistency,A boat sailing leisurely along the Seine River with the Eiffel Tower in background,dev,20260911
overall_consistency,"Pacific coast, carmel by the sea ocean and waves.",dev,20260911
overall_consistency,"A modern art museum, with colorful paintings",dev,20260911
overall_consistency,Close up of grapes on a rotating table.,dev,20260911
overall_consistency,"A beautiful coastal beach in spring, waves lapping on sand by Vincent van Gogh",dev,20260911
overall_consistency,A Mars rover moving on Mars,dev,20260911
overall_consistency,A steam train moving on a mountainside,dev,20260911
overall_consistency,A cute fluffy panda eating Chinese food in a restaurant,dev,20260911
overall_consistency,A panda drinking coffee in a cafe in Paris,dev,20260911
overall_consistency,"Origami dancers in white paper, 3D render, on white background, studio shot, dancing modern dance.",dev,20260911
overall_consistency,Two pandas discussing an academic paper.,dev,20260911
overall_consistency,Few big purple plums rotating on the turntable. water drops appear on the skin during rotation. isolated on the white background. close-up. macro.,dev,20260911
overall_consistency,a drone flying over a snowy forest.,dev,20260911
overall_consistency,"A cute happy Corgi playing in park, sunset",dev,20260911
overall_consistency,"Vampire makeup face of beautiful girl, red contact lenses.",dev,20260911
overall_consistency,Vincent van Gogh is painting in the room,dev,20260911
overall_consistency,Turtle swimming in ocean.,dev,20260911
overall_consistency,"An epic tornado attacking above a glowing city at night, the tornado is made of smoke",dev,20260911
overall_consistency,Macro slo-mo. Slow motion cropped closeup of roasted coffee beans falling into an empty bowl.,dev,20260911
overall_consistency,"A raccoon that looks like a turtle, digital art.",test,20260911
overall_consistency,"A lightning striking atop of eiffel tower, dark clouds in the sky",test,20260911
overall_consistency,A fat rabbit wearing a purple robe walking through a fantasy landscape.,test,20260911
overall_consistency,A cat eating food out of a bowl,test,20260911
overall_consistency,A shark swimming in clear Caribbean ocean,test,20260911
overall_consistency,A corgi is playing drum kit.,test,20260911
overall_consistency,A cat wearing sunglasses at a pool,test,20260911
overall_consistency,Robot dancing in Times Square.,test,20260911
overall_consistency,An oil painting of a couple in formal evening wear going home get caught in a heavy downpour with umbrellas,test,20260911
overall_consistency,A teddy bear washing the dishes,test,20260911
overall_consistency,Iron Man flying in the sky,test,20260911
overall_consistency,A panda cooking in the kitchen,test,20260911
overall_consistency,"A space shuttle launching into orbit, with flames and smoke billowing out from the engines",test,20260911
overall_consistency,golden fish swimming in the ocean.,test,20260911
overall_consistency,A raccoon is playing the electronic guitar.,test,20260911
overall_consistency,Busy freeway at night.,test,20260911
overall_consistency,A future where humans have achieved teleportation technology,test,20260911
overall_consistency,"A beautiful coastal beach in spring, waves lapping on sand by Hokusai, in the style of Ukiyo",test,20260911
overall_consistency,Clown fish swimming through the coral reef,test,20260911
overall_consistency,"An Iron man is playing the electronic guitar, high electronic guitar.",test,20260911
overall_consistency,Campfire at night in a snowy forest with starry sky in the background.,test,20260911
overall_consistency,An astronaut flying in space.,test,20260911
overall_consistency,A koala bear playing piano in the forest.,test,20260911
overall_consistency,Balloon full of water exploding in extreme slow motion.,test,20260911
overall_consistency,A super cool giant robot in Cyberpunk Beijing,test,20260911
overall_consistency,"A raccoon dressed in suit playing the trumpet, stage background",test,20260911
overall_consistency,"A tropical beach at sunrise, with palm trees and crystal-clear water in the foreground",test,20260911
overall_consistency,Sunset time lapse at the beach with moving clouds and colors in the sky.,test,20260911
overall_consistency,"Ashtray full of butts on table, smoke flowing on black background, close-up",test,20260911
overall_consistency,a teddy bear is swimming in the ocean.,test,20260911
overall_consistency,A 3D model of a 1800s victorian house.,test,20260911
overall_consistency,"Motion colour drop in water, ink swirling in water, colourful ink in water, abstraction fancy dream cloud of ink.",test,20260911
overall_consistency,A cute raccoon playing guitar in a boat on the ocean,test,20260911
overall_consistency,A squirrel eating a burger.,test,20260911
overall_consistency,Flying through fantasy landscapes.,test,20260911
overall_consistency,A super robot protecting city,test,20260911
overall_consistency,"A car moving slowly on an empty street, rainy evening",test,20260911
overall_consistency,A polar bear is playing guitar,test,20260911
overall_consistency,Aerial panoramic video from a drone of a fantasy land.,test,20260911
overall_consistency,"A jellyfish floating through the ocean, with bioluminescent tentacles",test,20260911
overall_consistency,"A happy fuzzy panda playing guitar nearby a campfire, snow mountain in the background",test,20260911
overall_consistency,A storm trooper vacuuming the beach.,test,20260911
overall_consistency,A boat sailing leisurely along the Seine River with the Eiffel Tower in background by Vincent van Gogh,test,20260911
overall_consistency,"happy dog wearing a yellow turtleneck, studio, portrait, facing camera, dark background",test,20260911
overall_consistency,A teddy bear is playing drum kit in NYC Times Square.,test,20260911
overall_consistency,Hyper-realistic spaceship landing on Mars,test,20260911
overall_consistency,"The bund Shanghai, vibrant color",test,20260911
overall_consistency,A panda playing on a swing set,test,20260911
overall_consistency,time lapse of sunrise on mars.,test,20260911
overall_consistency,a fantasy landscape,test,20260911
overall_consistency,A fantasy landscape,test,20260911
overall_consistency,"Splash of turquoise water in extreme slow motion, alpha channel included.",test,20260911
overall_consistency,this is how I do makeup in the morning.,test,20260911
overall_consistency,A panda standing on a surfboard in the ocean in sunset.,test,20260911
overall_consistency,"Cinematic shot of Van Gogh's selfie, Van Gogh style",test,20260911
overall_consistency,Snow rocky mountains peaks canyon. snow blanketed rocky mountains surround and shadow deep canyons. the canyons twist and bend through the high elevated mountain peaks.,test,20260911
scene,a river,dev,20260911
scene,a palace,dev,20260911
scene,a bathroom,dev,20260911
scene,a food court,dev,20260911
scene,an aquarium,dev,20260911
scene,a botanical garden,dev,20260911
scene,a fountain,dev,20260911
scene,a train railway,dev,20260911
scene,a bedroom,dev,20260911
scene,a mountain,dev,20260911
scene,a skyscraper,dev,20260911
scene,a driveway,dev,20260911
scene,a courtyard,dev,20260911
scene,a supermarket,dev,20260911
scene,a campus,dev,20260911
scene,a house,dev,20260911
scene,a basement,dev,20260911
scene,a ski slope,dev,20260911
scene,a corridor,dev,20260911
scene,a classroom,dev,20260911
scene,a cafeteria,dev,20260911
scene,an art gallery,dev,20260911
scene,a construction site,dev,20260911
scene,a beach,dev,20260911
scene,an ocean,dev,20260911
scene,a parking lot,dev,20260911
scene,a lighthouse,dev,20260911
scene,a tower,dev,20260911
scene,downtown,dev,20260911
scene,the sky,dev,20260911
scene,a golf course,dev,20260911
scene,a glacier,dev,20260911
scene,a desert,dev,20260911
scene,a cliff,dev,20260911
scene,an office,test,20260911
scene,a bakery shop,test,20260911
scene,a phone booth,test,20260911
scene,a staircase,test,20260911
scene,a carrousel,test,20260911
scene,an industrial area,test,20260911
scene,an iceberg,test,20260911
scene,a laboratory,test,20260911
scene,a restaurant,test,20260911
scene,an indoor swimming pool,test,20260911
scene,a baseball stadium,test,20260911
scene,a science museum,test,20260911
scene,a valley,test,20260911
scene,a barn,test,20260911
scene,a jail cell,test,20260911
scene,a street,test,20260911
scene,a highway,test,20260911
scene,a football field,test,20260911
scene,an amusement park,test,20260911
scene,an alley,test,20260911
scene,a cemetery,test,20260911
scene,an indoor library,test,20260911
scene,a forest road,test,20260911
scene,a pharmacy,test,20260911
scene,an arch,test,20260911
scene,a marsh,test,20260911
scene,an indoor museum,test,20260911
scene,an underwater coral reef,test,20260911
scene,a gas station,test,20260911
scene,a kitchen,test,20260911
scene,an indoor gymnasium,test,20260911
scene,an indoor movie theater,test,20260911
scene,a bar,test,20260911
scene,a campsite,test,20260911
scene,a bridge,test,20260911
scene,a waterfall,test,20260911
scene,a nursery,test,20260911
scene,a castle,test,20260911
scene,an outdoor track,test,20260911
scene,a crosswalk,test,20260911
scene,a ballroom,test,20260911
scene,a harbor,test,20260911
scene,a train station platform,test,20260911
scene,a farm,test,20260911
scene,a windmill,test,20260911
scene,a music studio,test,20260911
scene,a shower,test,20260911
scene,a mansion,test,20260911
scene,a hospital,test,20260911
scene,a junkyard,test,20260911
scene,a raceway,test,20260911
scene,a volcano,test,20260911
spatial_relationship,"a hot dog on the top of a pizza, front view",dev,20260911
spatial_relationship,"a vase on the right of scissors, front view",dev,20260911
spatial_relationship,"an orange on the top of a carrot, front view",dev,20260911
spatial_relationship,"a zebra on the left of a giraffe, front view",dev,20260911
spatial_relationship,"a bicycle on the left of a car, front view",dev,20260911
spatial_relationship,"skis on the bottom of a snowboard, front view",dev,20260911
spatial_relationship,"a tv on the right of a dining table, front view",dev,20260911
spatial_relationship,"a carrot inside of a refrigerator with door open, front view",dev,20260911
spatial_relationship,"a microwave on the top of an oven, front view",dev,20260911
spatial_relationship,"a sink on the right of a toilet, front view",dev,20260911
spatial_relationship,"a fire hydrant on the right of a stop sign, front view",dev,20260911
spatial_relationship,"a book inside of an open suitcase, top view",dev,20260911
spatial_relationship,"a bench on the left of a truck, front view",dev,20260911
spatial_relationship,"an umbrella inside of an open handbag, top view",dev,20260911
spatial_relationship,"a snowboard on the bottom of a kite, front view",dev,20260911
spatial_relationship,"a microwave on the bottom of an oven, front view",dev,20260911
spatial_relationship,"a carrot on the top of a hot dog, front view",dev,20260911
spatial_relationship,"a toaster on the top of a microwave, front view",dev,20260911
spatial_relationship,"a car on the right of a motorcycle, front view",dev,20260911
spatial_relationship,"a dining table on the left of a chair, front view",dev,20260911
spatial_relationship,"a bear on the right of a zebra, front view",dev,20260911
spatial_relationship,"a tie inside of an open suitcase, top view",dev,20260911
spatial_relationship,"a skateboard on the bottom of a surfboard, front view",dev,20260911
spatial_relationship,"a spoon on the right of a bowl, front view",dev,20260911
spatial_relationship,"an orange on the bottom of a carrot, front view",dev,20260911
spatial_relationship,"a teddy bear on the right of a potted plant, front view",dev,20260911
spatial_relationship,"a hot dog inside of a refrigerator with door open, front view",dev,20260911
spatial_relationship,"a cup on the left of a fork, front view",dev,20260911
spatial_relationship,"an airplane on the left of a train, front view",dev,20260911
spatial_relationship,"a boat on the left of an airplane, front view",dev,20260911
spatial_relationship,"a pizza on the top of a donut, front view",dev,20260911
spatial_relationship,"a person inside of a car, front view",dev,20260911
spatial_relationship,"a cow on the right of an elephant, front view",dev,20260911
spatial_relationship,"a train on the right of a boat, front view",dev,20260911
spatial_relationship,"a carrot on the bottom of a hot dog, front view",dev,20260911
spatial_relationship,"a cell phone inside of an open suitcase, top view",dev,20260911
spatial_relationship,"a laptop inside of an open backpack, top view",dev,20260911
spatial_relationship,"a motorcycle on the left of a bus, front view",dev,20260911
spatial_relationship,"a donut on the bottom of broccoli, front view",dev,20260911
spatial_relationship,"a surfboard on the top of skis, front view",dev,20260911
spatial_relationship,"a pizza on the bottom of a donut, front view",dev,20260911
spatial_relationship,"a frisbee on the left of a sports ball, front view",dev,20260911
spatial_relationship,"a giraffe on the right of a bird, front view",dev,20260911
spatial_relationship,"a donut on the top of broccoli, front view",test,20260911
spatial_relationship,"a remote on the right of a clock, front view",test,20260911
spatial_relationship,"a book inside of an open handbag, top view",test,20260911
spatial_relationship,"a toilet on the left of a hair drier, front view",test,20260911
spatial_relationship,"a bus on the right of a traffic light, front view",test,20260911
spatial_relationship,"a sandwich inside of a refrigerator with door open, front view",test,20260911
spatial_relationship,"a parking meter on the right of a bench, front view",test,20260911
spatial_relationship,"a sheep on the left of a cow, front view",test,20260911
spatial_relationship,"broccoli on the top of a banana, front view",test,20260911
spatial_relationship,"a kite on the bottom of a skateboard, front view",test,20260911
spatial_relationship,"a bowl on the left of a bottle, front view",test,20260911
spatial_relationship,"a cell phone inside of an open backpack, top view",test,20260911
spatial_relationship,"a dog on the left of a horse, front view",test,20260911
spatial_relationship,"a tie inside of an open handbag, top view",test,20260911
spatial_relationship,"a donut inside of a refrigerator with door open, front view",test,20260911
spatial_relationship,"a traffic light on the left of a fire hydrant, front view",test,20260911
spatial_relationship,"a person inside of a bus, front view",test,20260911
spatial_relationship,"a sandwich on the bottom of an orange, front view",test,20260911
spatial_relationship,"a banana on the bottom of an apple, front view",test,20260911
spatial_relationship,"a chair on the left of a couch, front view",test,20260911
spatial_relationship,"a wine glass on the right of a cup, front view",test,20260911
spatial_relationship,"an apple on the bottom of a sandwich, front view",test,20260911
spatial_relationship,"an oven on the top of a toaster, front view",test,20260911
spatial_relationship,"a baseball glove on the right of a tennis racket, front view",test,20260911
spatial_relationship,"a bed on the left of a tv, front view",test,20260911
spatial_relationship,"a banana on the top of an apple, front view",test,20260911
spatial_relationship,"a potted plant on the left of a remote, front view",test,20260911
spatial_relationship,"a skateboard on the top of a surfboard, front view",test,20260911
spatial_relationship,"a toothbrush on the left of a sink, front view",test,20260911
spatial_relationship,"a cake inside of a refrigerator with door open, front view",test,20260911
spatial_relationship,"broccoli inside of a refrigerator with door open, front view",test,20260911
spatial_relationship,"a knife on the left of a spoon, front view",test,20260911
spatial_relationship,"an oven on the bottom of a toaster, front view",test,20260911
spatial_relationship,"an elephant on the left of a bear, front view",test,20260911
spatial_relationship,"a cat on the right of a dog, front view",test,20260911
spatial_relationship,"a cell phone inside of an open handbag, top view",test,20260911
spatial_relationship,"a snowboard on the top of a kite, front view",test,20260911
spatial_relationship,"a tie inside of an open backpack, top view",test,20260911
spatial_relationship,"a fork on the right of a knife, front view",test,20260911
spatial_relationship,"a toaster on the bottom of a microwave, front view",test,20260911
spatial_relationship,"a baseball bat on the left of a baseball glove, front view",test,20260911
spatial_relationship,"an apple on the top of a sandwich, front view",test,20260911
spatial_relationship,"skis on the top of a snowboard, front view",test,20260911
spatial_relationship,"a horse on the right of a sheep, front view",test,20260911
spatial_relationship,"a sports ball on the right of a baseball bat, front view",test,20260911
spatial_relationship,"a person inside of a train, front view",test,20260911
spatial_relationship,"a surfboard on the bottom of skis, front view",test,20260911
spatial_relationship,"a bird on the left of a cat, front view",test,20260911
spatial_relationship,"a tennis racket on the left of a frisbee, front view",test,20260911
spatial_relationship,"a laptop inside of an open suitcase, top view",test,20260911
spatial_relationship,"a book inside of an open backpack, top view",test,20260911
spatial_relationship,"a kite on the top of a skateboard, front view",test,20260911
spatial_relationship,"a bottle on the left of a wine glass, front view",test,20260911
spatial_relationship,"a clock on the left of a vase, front view",test,20260911
spatial_relationship,"a laptop inside of an open handbag, top view",test,20260911
spatial_relationship,"a stop sign on the left of a parking meter, front view",test,20260911
spatial_relationship,"a couch on the right of a bed, front view",test,20260911
spatial_relationship,"scissors on the left of a teddy bear, front view",test,20260911
spatial_relationship,"an umbrella inside of an open backpack, top view",test,20260911
spatial_relationship,"a hot dog on the bottom of a pizza, front view",test,20260911
spatial_relationship,"a sandwich on the top of an orange, front view",test,20260911
spatial_relationship,"a hair drier on the right of a toothbrush, front view",test,20260911
spatial_relationship,"an umbrella inside of an open suitcase, top view",test,20260911
spatial_relationship,"a truck on the right of a bicycle, front view",test,20260911
spatial_relationship,"broccoli on the bottom of a banana, front view",test,20260911
subject_consistency,a bicycle accelerating to gain speed,dev,20260911
subject_consistency,a bear climbing a tree,dev,20260911
subject_consistency,a bear catching a salmon in its powerful jaws,dev,20260911
subject_consistency,an elephant running to join a herd of its kind,dev,20260911
subject_consistency,a person washing the dishes,dev,20260911
subject_consistency,a giraffe running to join a herd of its kind,dev,20260911
subject_consistency,a train accelerating to gain speed,dev,20260911
subject_consistency,a bird flying over a snowy forest,dev,20260911
subject_consistency,an elephant taking a peaceful walk,dev,20260911
subject_consistency,a boat accelerating to gain speed,dev,20260911
subject_consistency,an airplane landing smoothly on a runway,dev,20260911
subject_consistency,a motorcycle turning a corner,dev,20260911
subject_consistency,a dog running happily,dev,20260911
subject_consistency,a cow running to join a herd of its kind,dev,20260911
subject_consistency,an airplane accelerating to gain speed,dev,20260911
subject_consistency,an airplane soaring through a clear blue sky,dev,20260911
subject_consistency,a bear hunting for prey,dev,20260911
subject_consistency,a car slowing down to stop,dev,20260911
subject_consistency,a horse running to join a herd of its kind,dev,20260911
subject_consistency,a car accelerating to gain speed,dev,20260911
subject_consistency,a truck stuck in traffic during rush hour,dev,20260911
subject_consistency,a truck slowing down to stop,dev,20260911
subject_consistency,a person swimming in ocean,dev,20260911
subject_consistency,a horse bending down to drink water from a river,dev,20260911
subject_consistency,a zebra running to join a herd of its kind,dev,20260911
subject_consistency,a car stuck in traffic during rush hour,dev,20260911
subject_consistency,a dog enjoying a peaceful walk,dev,20260911
subject_consistency,a dog playing in park,dev,20260911
subject_consistency,a bicycle leaning against a tree,dev,20260911
subject_consistency,a giraffe taking a peaceful walk,test,20260911
subject_consistency,a motorcycle slowing down to stop,test,20260911
subject_consistency,a motorcycle gliding through a snowy field,test,20260911
subject_consistency,a cat grooming itself meticulously with its tongue,test,20260911
subject_consistency,a car turning a corner,test,20260911
subject_consistency,a truck accelerating to gain speed,test,20260911
subject_consistency,a bird building a nest from twigs and leaves,test,20260911
subject_consistency,a horse taking a peaceful walk,test,20260911
subject_consistency,a truck turning a corner,test,20260911
subject_consistency,a motorcycle cruising along a coastal highway,test,20260911
subject_consistency,a cat playing in park,test,20260911
subject_consistency,a dog drinking water,test,20260911
subject_consistency,a person playing guitar,test,20260911
subject_consistency,a bus stuck in traffic during rush hour,test,20260911
subject_consistency,an airplane taking off,test,20260911
subject_consistency,a person walking in the snowstorm,test,20260911
subject_consistency,a boat sailing smoothly on a calm lake,test,20260911
subject_consistency,a cow bending down to drink water from a river,test,20260911
subject_consistency,an elephant spraying itself with water using its trunk to cool down,test,20260911
subject_consistency,a sheep bending down to drink water from a river,test,20260911
subject_consistency,a bus turning a corner,test,20260911
subject_consistency,a bicycle gliding through a snowy field,test,20260911
subject_consistency,a sheep running to join a herd of its kind,test,20260911
subject_consistency,a cat running happily,test,20260911
subject_consistency,a zebra taking a peaceful walk,test,20260911
subject_consistency,a train speeding down the tracks,test,20260911
subject_consistency,a bus accelerating to gain speed,test,20260911
subject_consistency,a bicycle slowing down to stop,test,20260911
subject_consistency,a train crossing over a tall bridge,test,20260911
subject_consistency,a sheep taking a peaceful walk,test,20260911
subject_consistency,a horse galloping across an open field,test,20260911
subject_consistency,a bear sniffing the air for scents of food,test,20260911
subject_consistency,a truck anchored in a tranquil bay,test,20260911
subject_consistency,a person giving a presentation to a room full of colleagues,test,20260911
subject_consistency,a motorcycle accelerating to gain speed,test,20260911
subject_consistency,a person drinking coffee in a cafe,test,20260911
subject_consistency,a cow chewing cud while resting in a tranquil barn,test,20260911
subject_consistency,a bird soaring gracefully in the sky,test,20260911
subject_consistency,a giraffe bending down to drink water from a river,test,20260911
subject_consistency,a zebra bending down to drink water from a river,test,20260911
subject_consistency,a person eating a burger,test,20260911
subject_consistency,a boat slowing down to stop,test,20260911
subject_consistency,a cat drinking water,test,20260911
technical_quality,A super robot protecting city,dev,20260911
technical_quality,A super cool giant robot in Cyberpunk Beijing,dev,20260911
technical_quality,A panda standing on a surfboard in the ocean in sunset.,dev,20260911
technical_quality,"A car moving slowly on an empty street, rainy evening",dev,20260911
technical_quality,"A beautiful coastal beach in spring, waves lapping on sand by Vincent van Gogh",dev,20260911
technical_quality,A fantasy landscape,dev,20260911
technical_quality,a drone flying over a snowy forest.,dev,20260911
technical_quality,Snow rocky mountains peaks canyon. snow blanketed rocky mountains surround and shadow deep canyons. the canyons twist and bend through the high elevated mountain peaks.,dev,20260911
technical_quality,"A raccoon dressed in suit playing the trumpet, stage background",dev,20260911
technical_quality,A steam train moving on a mountainside,dev,20260911
technical_quality,Flying through fantasy landscapes.,dev,20260911
technical_quality,a fantasy landscape,dev,20260911
technical_quality,A 3D model of a 1800s victorian house.,dev,20260911
technical_quality,a shark is swimming in the ocean.,dev,20260911
technical_quality,A squirrel eating a burger.,dev,20260911
technical_quality,A panda cooking in the kitchen,dev,20260911
technical_quality,A boat sailing leisurely along the Seine River with the Eiffel Tower in background,dev,20260911
technical_quality,Iron Man flying in the sky,dev,20260911
technical_quality,A panda drinking coffee in a cafe in Paris,dev,20260911
technical_quality,A boat sailing leisurely along the Seine River with the Eiffel Tower in background by Vincent van Gogh,dev,20260911
technical_quality,"Vampire makeup face of beautiful girl, red contact lenses.",dev,20260911
technical_quality,Yoda playing guitar on the stage,dev,20260911
technical_quality,"A cute happy Corgi playing in park, sunset",dev,20260911
technical_quality,"happy dog wearing a yellow turtleneck, studio, portrait, facing camera, dark background",dev,20260911
technical_quality,"A jellyfish floating through the ocean, with bioluminescent tentacles",dev,20260911
technical_quality,Busy freeway at night.,dev,20260911
technical_quality,"Sewing machine, old sewing machine working.",dev,20260911
technical_quality,"The bund Shanghai, vibrant color",dev,20260911
technical_quality,Hyper-realistic spaceship landing on Mars,dev,20260911
technical_quality,A polar bear is playing guitar,dev,20260911
technical_quality,a teddy bear is swimming in the ocean.,dev,20260911
technical_quality,"Pacific coast, carmel by the sea ocean and waves.",dev,20260911
technical_quality,Campfire at night in a snowy forest with starry sky in the background.,dev,20260911
technical_quality,Clown fish swimming through the coral reef,dev,20260911
technical_quality,Few big purple plums rotating on the turntable. water drops appear on the skin during rotation. isolated on the white background. close-up. macro.,dev,20260911
technical_quality,Turtle swimming in ocean.,dev,20260911
technical_quality,A confused panda in calculus class,dev,20260911
technical_quality,A panda playing on a swing set,test,20260911
technical_quality,A cat wearing sunglasses and working as a lifeguard at a pool.,test,20260911
technical_quality,A cat wearing sunglasses at a pool,test,20260911
technical_quality,"Motion colour drop in water, ink swirling in water, colourful ink in water, abstraction fancy dream cloud of ink.",test,20260911
technical_quality,Two pandas discussing an academic paper.,test,20260911
technical_quality,A bigfoot walking in the snowstorm.,test,20260911
technical_quality,An astronaut is riding a horse in the space in a photorealistic style.,test,20260911
technical_quality,A shark swimming in clear Caribbean ocean,test,20260911
technical_quality,"A modern art museum, with colorful paintings",test,20260911
technical_quality,Aerial panoramic video from a drone of a fantasy land.,test,20260911
technical_quality,"A raccoon that looks like a turtle, digital art.",test,20260911
technical_quality,Fireworks.,test,20260911
technical_quality,A corgi is playing drum kit.,test,20260911
technical_quality,A corgi's head depicted as an explosion of a nebula,test,20260911
technical_quality,time lapse of sunrise on mars.,test,20260911
technical_quality,this is how I do makeup in the morning.,test,20260911
technical_quality,"A robot DJ is playing the turntable, in heavy raining futuristic tokyo rooftop cyberpunk night, sci-fi, fantasy",test,20260911
technical_quality,"A tropical beach at sunrise, with palm trees and crystal-clear water in the foreground",test,20260911
technical_quality,An astronaut flying in space.,test,20260911
technical_quality,an ice cream is melting on the table.,test,20260911
technical_quality,golden fish swimming in the ocean.,test,20260911
technical_quality,"The bund Shanghai, oil painting",test,20260911
technical_quality,Yellow flowers swing in the wind,test,20260911
technical_quality,"Origami dancers in white paper, 3D render, on white background, studio shot, dancing modern dance.",test,20260911
technical_quality,"A space shuttle launching into orbit, with flames and smoke billowing out from the engines",test,20260911
technical_quality,A cat eating food out of a bowl,test,20260911
technical_quality,"A drone view of celebration with Christmas tree and fireworks, starry sky - background.",test,20260911
technical_quality,"Splash of turquoise water in extreme slow motion, alpha channel included.",test,20260911
technical_quality,A koala bear playing piano in the forest.,test,20260911
technical_quality,Balloon full of water exploding in extreme slow motion.,test,20260911
technical_quality,"A happy fuzzy panda playing guitar nearby a campfire, snow mountain in the background",test,20260911
technical_quality,Gwen Stacy reading a book,test,20260911
technical_quality,A teddy bear washing the dishes,test,20260911
technical_quality,Macro slo-mo. Slow motion cropped closeup of roasted coffee beans falling into an empty bowl.,test,20260911
technical_quality,A future where humans have achieved teleportation technology,test,20260911
technical_quality,"Cinematic shot of Van Gogh's selfie, Van Gogh style",test,20260911
technical_quality,A fat rabbit wearing a purple robe walking through a fantasy landscape.,test,20260911
technical_quality,An animated painting of fluffy white clouds moving in sky.,test,20260911
technical_quality,Sunset time lapse at the beach with moving clouds and colors in the sky.,test,20260911
technical_quality,A Mars rover moving on Mars,test,20260911
technical_quality,A storm trooper vacuuming the beach.,test,20260911
technical_quality,"An Iron man is playing the electronic guitar, high electronic guitar.",test,20260911
technical_quality,A cute raccoon playing guitar in a boat on the ocean,test,20260911
technical_quality,An oil painting of a couple in formal evening wear going home get caught in a heavy downpour with umbrellas,test,20260911
technical_quality,A cute fluffy panda eating Chinese food in a restaurant,test,20260911
technical_quality,A raccoon is playing the electronic guitar.,test,20260911
technical_quality,Vincent van Gogh is painting in the room,test,20260911
technical_quality,An artist brush painting on a canvas close up.,test,20260911
technical_quality,"A lightning striking atop of eiffel tower, dark clouds in the sky",test,20260911
technical_quality,"An epic tornado attacking above a glowing city at night, the tornado is made of smoke",test,20260911
technical_quality,"A beautiful coastal beach in spring, waves lapping on sand by Hokusai, in the style of Ukiyo",test,20260911
technical_quality,A teddy bear is playing drum kit in NYC Times Square.,test,20260911
technical_quality,"Ashtray full of butts on table, smoke flowing on black background, close-up",test,20260911
technical_quality,"An astronaut feeding ducks on a sunny afternoon, reflection from the water.",test,20260911
technical_quality,Close up of grapes on a rotating table.,test,20260911
technical_quality,Robot dancing in Times Square.,test,20260911
temporal_flickering,A tranquil tableau of tower,dev,20260911
temporal_flickering,"a toilet, frozen in time",dev,20260911
temporal_flickering,"A tranquil tableau of the Stonehenge presented itself as an enigmatic puzzle, each colossal stone meticulously placed against the backdrop of tranquility",dev,20260911
temporal_flickering,A tranquil tableau of an apple,dev,20260911
temporal_flickering,"A tranquil tableau of a beautiful, handcrafted ceramic bowl",dev,20260911
temporal_flickering,A tranquil tableau of a bench,dev,20260911
temporal_flickering,"A tranquil tableau of the Parthenon stands resolute in its classical elegance, a timeless symbol of Athens' cultural legacy",dev,20260911
temporal_flickering,"A tranquil tableau of in the serene courtyard, a centuries-old stone well stood as a symbol of a bygone era, its mossy stones bearing witness to the passage of time",dev,20260911
temporal_flickering,"A tranquil tableau of the jail cell was small and dimly lit, with cold, steel bars",dev,20260911
temporal_flickering,A tranquil tableau of a wooden bench in the park,dev,20260911
temporal_flickering,"A tranquil tableau of beside a tranquil pond, a weeping willow tree draped its branches gracefully over the water's surface, creating a serene tableau of reflection and calm",dev,20260911
temporal_flickering,"In a still frame, courtyard",dev,20260911
temporal_flickering,"a laptop, frozen in time",dev,20260911
temporal_flickering,A tranquil tableau of house,dev,20260911
temporal_flickering,A tranquil tableau of a country estate's library featured elegant wooden shelves,dev,20260911
temporal_flickering,A tranquil tableau of cliff,dev,20260911
temporal_flickering,"In a still frame, in the picturesque square, a Gothic-style lamppost adorned with intricate stone carvings added a touch of medieval charm to the setting",dev,20260911
temporal_flickering,A tranquil tableau of a chair,dev,20260911
temporal_flickering,"In a still frame, a tranquil pond was fringed by weeping cherry trees, their blossoms drifting lazily onto the glassy surface",dev,20260911
temporal_flickering,"In a still frame, the Temple of Hephaestus, with its timeless Doric grace, stands stoically against the backdrop of a quiet Athens",dev,20260911
temporal_flickering,"A tranquil tableau of in the heart of Plaka, the neoclassical architecture of the old city harmonizes with the ancient ruins",dev,20260911
temporal_flickering,"In a still frame, parking lot",dev,20260911
temporal_flickering,"In a still frame, amidst the cobblestone streets, an Art Nouveau lamppost stood tall",dev,20260911
temporal_flickering,A tranquil tableau of palace,dev,20260911
temporal_flickering,A tranquil tableau of indoor library,dev,20260911
temporal_flickering,"A tranquil tableau of a tranquil lakeside cabin nestled among tall pines, its reflection mirrored perfectly in the calm water",dev,20260911
temporal_flickering,A tranquil tableau of a dining table,dev,20260911
temporal_flickering,"static view on a desert scene with an oasis, palm trees, and a clear, calm pool of water",dev,20260911
temporal_flickering,A tranquil tableau of kitchen,dev,20260911
temporal_flickering,"A tranquil tableau of the lampposts were adorned with Art Deco motifs, their geometric shapes and frosted glass creating a sense of vintage glamour",dev,20260911
temporal_flickering,"In a still frame, gas station",test,20260911
temporal_flickering,A tranquil tableau of barn,test,20260911
temporal_flickering,"In a still frame, in the vast desert, an oasis nestled among dunes, featuring tall palm trees and an air of serenity",test,20260911
temporal_flickering,"A tranquil tableau of in the quaint village square, a traditional wrought-iron streetlamp featured delicate filigree patterns and amber-hued glass panels",test,20260911
temporal_flickering,A tranquil tableau of a bowl on the kitchen counter,test,20260911
temporal_flickering,A tranquil tableau of restaurant,test,20260911
temporal_flickering,A tranquil tableau of a bed,test,20260911
temporal_flickering,"A tranquil tableau of an ornate Victorian streetlamp standing on a cobblestone street corner, illuminating the empty night",test,20260911
temporal_flickering,"In a still frame, within the desolate desert, an oasis unfolded, characterized by the stoic presence of palm trees and a motionless, glassy pool of water",test,20260911
temporal_flickering,"A tranquil tableau of in the Zen garden, a perfectly raked gravel path led to a serene rock garden",test,20260911
temporal_flickering,A tranquil tableau of a picturesque barn was painted a warm shade of red and nestled in a picturesque meadow,test,20260911
temporal_flickering,"In a still frame, nestled in the Zen garden, a rustic teahouse featured tatami seating and a traditional charcoal brazier",test,20260911
temporal_flickering,"In a still frame, in the heart of the old city, a row of ornate lantern-style streetlamps bathed the narrow alleyway in a warm, welcoming light",test,20260911
temporal_flickering,"In a still frame, the ornate Victorian streetlamp stands solemnly, adorned with intricate ironwork and stained glass panels",test,20260911
temporal_flickering,"A tranquil tableau of in the heart of the Utah desert, a massive sandstone arch spanned the horizon",test,20260911
temporal_flickering,"A tranquil tableau of in the desolate beauty of the American Southwest, Chaco Canyon's ancient ruins whispered tales of an enigmatic civilization that once thrived amidst the arid landscapes",test,20260911
temporal_flickering,A tranquil tableau of a bowl,test,20260911
temporal_flickering,A tranquil tableau of the phone booth was tucked away in a quiet alley,test,20260911
temporal_flickering,"In a still frame, a park bench with a view of the lake",test,20260911
temporal_flickering,A tranquil tableau of a bunch of grapes,test,20260911
temporal_flickering,"In a still frame, a vintage gas lantern, adorned with intricate details, gracing a historic cobblestone square",test,20260911
temporal_flickering,A tranquil tableau of a peaceful orchid garden showcased a variety of delicate blooms,test,20260911
temporal_flickering,"In a still frame, a pear",test,20260911
temporal_flickering,"A tranquil tableau of at the edge of the Arabian Desert, the ancient city of Petra beckoned with its enigmatic rock-carved façades",test,20260911
temporal_flickering,"In a still frame, a stop sign",test,20260911
temporal_flickering,A tranquil tableau of the old red barn stood weathered and iconic against the backdrop of the countryside,test,20260911
temporal_flickering,"A tranquil tableau of in the Arizona desert, a massive stone bridge arched across a rugged canyon",test,20260911
temporal_flickering,A tranquil tableau of an antique bowl,test,20260911
temporal_flickering,"In a still frame, the Parthenon's majestic Doric columns stand in serene solitude atop the Acropolis, framed by the tranquil Athenian landscape",test,20260911
temporal_flickering,A tranquil tableau of a cup,test,20260911
temporal_flickering,"In a still frame, amidst the hushed ambiance of the traditional tea room, a meticulously arranged tea set awaited, with porcelain cups, a bamboo whisk",test,20260911
temporal_flickering,"indoor gymnasium, frozen in time",test,20260911
temporal_flickering,"In a still frame, within the historic library's reading room, rows of antique leather chairs and mahogany tables offered a serene haven for literary contemplation",test,20260911
temporal_flickering,A tranquil tableau of a vintage rocking chair was placed on the porch,test,20260911
temporal_flickering,A tranquil tableau of bathroom,test,20260911
temporal_flickering,A tranquil tableau of bar,test,20260911
temporal_flickering,"A tranquil tableau of beneath the shade of a solitary oak tree, an old wooden park bench sat patiently",test,20260911
temporal_flickering,"In a still frame, a tranquil Japanese tea ceremony room, with tatami mats, a delicate tea set, and a bonsai tree in the corner",test,20260911
temporal_flickering,"A tranquil tableau of in the corner of the minimalist tea room, a bonsai tree added a touch of nature's beauty to the otherwise simple and elegant space",test,20260911
temporal_flickering,"In a still frame, phone booth",test,20260911
temporal_flickering,A tranquil tableau of alley,test,20260911
temporal_flickering,"a dilapidated phone booth stood as a relic of a bygone era on the sidewalk, frozen in time",test,20260911
temporal_flickering,A tranquil tableau of a beautiful wrought-iron bench surrounded by blooming flowers,test,20260911
temporal_flickering,A tranquil tableau of bedroom,test,20260911
temporal_flickering,A tranquil tableau of an exquisite mahogany dining table,test,20260911
temporal_style,"The bund Shanghai, zoom in",dev,20260911
temporal_style,"The bund Shanghai, in super slow motion",dev,20260911
temporal_style,"A couple in formal evening wear going home get caught in a heavy downpour with umbrellas, pan right",dev,20260911
temporal_style,"A couple in formal evening wear going home get caught in a heavy downpour with umbrellas, with an intense shaking effect",dev,20260911
temporal_style,"A beautiful coastal beach in spring, waves lapping on sand, pan left",dev,20260911
temporal_style,"a shark is swimming in the ocean, tilt up",dev,20260911
temporal_style,"A boat sailing leisurely along the Seine River with the Eiffel Tower in background, pan right",dev,20260911
temporal_style,"A cute happy Corgi playing in park, sunset, racking focus",dev,20260911
temporal_style,"Snow rocky mountains peaks canyon. snow blanketed rocky mountains surround and shadow deep canyons. the canyons twist and bend through the high elevated mountain peaks, racking focus",dev,20260911
temporal_style,"A beautiful coastal beach in spring, waves lapping on sand, tilt down",dev,20260911
temporal_style,"Snow rocky mountains peaks canyon. snow blanketed rocky mountains surround and shadow deep canyons. the canyons twist and bend through the high elevated mountain peaks, zoom out",dev,20260911
temporal_style,"A couple in formal evening wear going home get caught in a heavy downpour with umbrellas, tilt up",dev,20260911
temporal_style,"A cute happy Corgi playing in park, sunset, pan right",dev,20260911
temporal_style,"A panda drinking coffee in a cafe in Paris, in super slow motion",dev,20260911
temporal_style,"Snow rocky mountains peaks canyon. snow blanketed rocky mountains surround and shadow deep canyons. the canyons twist and bend through the high elevated mountain peaks, in super slow motion",dev,20260911
temporal_style,"A couple in formal evening wear going home get caught in a heavy downpour with umbrellas, featuring a steady and smooth perspective",dev,20260911
temporal_style,"A boat sailing leisurely along the Seine River with the Eiffel Tower in background, zoom out",dev,20260911
temporal_style,"A cute happy Corgi playing in park, sunset, zoom in",dev,20260911
temporal_style,"Snow rocky mountains peaks canyon. snow blanketed rocky mountains surround and shadow deep canyons. the canyons twist and bend through the high elevated mountain peaks, pan left",dev,20260911
temporal_style,"An astronaut flying in space, featuring a steady and smooth perspective",dev,20260911
temporal_style,"A panda drinking coffee in a cafe in Paris, racking focus",dev,20260911
temporal_style,"Gwen Stacy reading a book, tilt up",dev,20260911
temporal_style,"An astronaut flying in space, tilt up",dev,20260911
temporal_style,"A beautiful coastal beach in spring, waves lapping on sand, tilt up",dev,20260911
temporal_style,"The bund Shanghai, racking focus",dev,20260911
temporal_style,"a shark is swimming in the ocean, tilt down",dev,20260911
temporal_style,"A panda drinking coffee in a cafe in Paris, pan left",dev,20260911
temporal_style,"A panda drinking coffee in a cafe in Paris, tilt up",dev,20260911
temporal_style,"A boat sailing leisurely along the Seine River with the Eiffel Tower in background, racking focus",dev,20260911
temporal_style,"The bund Shanghai, featuring a steady and smooth perspective",dev,20260911
temporal_style,"A boat sailing leisurely along the Seine River with the Eiffel Tower in background, in super slow motion",dev,20260911
temporal_style,"A beautiful coastal beach in spring, waves lapping on sand, with an intense shaking effect",dev,20260911
temporal_style,"A panda drinking coffee in a cafe in Paris, pan right",dev,20260911
temporal_style,"The bund Shanghai, tilt down",dev,20260911
temporal_style,"A cute happy Corgi playing in park, sunset, with an intense shaking effect",dev,20260911
temporal_style,"Snow rocky mountains peaks canyon. snow blanketed rocky mountains surround and shadow deep canyons. the canyons twist and bend through the high elevated mountain peaks, tilt down",dev,20260911
temporal_style,"An astronaut flying in space, racking focus",dev,20260911
temporal_style,"Gwen Stacy reading a book, with an intense shaking effect",dev,20260911
temporal_style,"A beautiful coastal beach in spring, waves lapping on sand, racking focus",dev,20260911
temporal_style,"A couple in formal evening wear going home get caught in a heavy downpour with umbrellas, tilt down",dev,20260911
temporal_style,"An astronaut flying in space, pan right",test,20260911
temporal_style,"A panda drinking coffee in a cafe in Paris, featuring a steady and smooth perspective",test,20260911
temporal_style,"Snow rocky mountains peaks canyon. snow blanketed rocky mountains surround and shadow deep canyons. the canyons twist and bend through the high elevated mountain peaks, pan right",test,20260911
temporal_style,"Gwen Stacy reading a book, pan left",test,20260911
temporal_style,"A beautiful coastal beach in spring, waves lapping on sand, in super slow motion",test,20260911
temporal_style,"A cute happy Corgi playing in park, sunset, tilt down",test,20260911
temporal_style,"a shark is swimming in the ocean, pan right",test,20260911
temporal_style,"Gwen Stacy reading a book, in super slow motion",test,20260911
temporal_style,"A cute happy Corgi playing in park, sunset, pan left",test,20260911
temporal_style,"A boat sailing leisurely along the Seine River with the Eiffel Tower in background, tilt down",test,20260911
temporal_style,"A boat sailing leisurely along the Seine River with the Eiffel Tower in background, with an intense shaking effect",test,20260911
temporal_style,"An astronaut flying in space, tilt down",test,20260911
temporal_style,"An astronaut flying in space, with an intense shaking effect",test,20260911
temporal_style,"A beautiful coastal beach in spring, waves lapping on sand, pan right",test,20260911
temporal_style,"a shark is swimming in the ocean, zoom out",test,20260911
temporal_style,"Snow rocky mountains peaks canyon. snow blanketed rocky mountains surround and shadow deep canyons. the canyons twist and bend through the high elevated mountain peaks, zoom in",test,20260911
temporal_style,"a shark is swimming in the ocean, pan left",test,20260911
temporal_style,"Gwen Stacy reading a book, zoom in",test,20260911
temporal_style,"Gwen Stacy reading a book, featuring a steady and smooth perspective",test,20260911
temporal_style,"A cute happy Corgi playing in park, sunset, zoom out",test,20260911
temporal_style,"a shark is swimming in the ocean, with an intense shaking effect",test,20260911
temporal_style,"A boat sailing leisurely along the Seine River with the Eiffel Tower in background, tilt up",test,20260911
temporal_style,"An astronaut flying in space, pan left",test,20260911
temporal_style,"A panda drinking coffee in a cafe in Paris, zoom out",test,20260911
temporal_style,"The bund Shanghai, with an intense shaking effect",test,20260911
temporal_style,"A beautiful coastal beach in spring, waves lapping on sand, featuring a steady and smooth perspective",test,20260911
temporal_style,"Gwen Stacy reading a book, racking focus",test,20260911
temporal_style,"a shark is swimming in the ocean, featuring a steady and smooth perspective",test,20260911
temporal_style,"A boat sailing leisurely along the Seine River with the Eiffel Tower in background, zoom in",test,20260911
temporal_style,"A beautiful coastal beach in spring, waves lapping on sand, zoom out",test,20260911
temporal_style,"A boat sailing leisurely along the Seine River with the Eiffel Tower in background, pan left",test,20260911
temporal_style,"Gwen Stacy reading a book, zoom out",test,20260911
temporal_style,"An astronaut flying in space, zoom out",test,20260911
temporal_style,"The bund Shanghai, pan left",test,20260911
temporal_style,"A cute happy Corgi playing in park, sunset, featuring a steady and smooth perspective",test,20260911
temporal_style,"A couple in formal evening wear going home get caught in a heavy downpour with umbrellas, in super slow motion",test,20260911
temporal_style,"A couple in formal evening wear going home get caught in a heavy downpour with umbrellas, pan left",test,20260911
temporal_style,"Gwen Stacy reading a book, pan right",test,20260911
temporal_style,"A cute happy Corgi playing in park, sunset, in super slow motion",test,20260911
temporal_style,"The bund Shanghai, pan right",test,20260911
temporal_style,"An astronaut flying in space, zoom in",test,20260911
temporal_style,"A panda drinking coffee in a cafe in Paris, zoom in",test,20260911
temporal_style,"A beautiful coastal beach in spring, waves lapping on sand, zoom in",test,20260911
temporal_style,"a shark is swimming in the ocean, in super slow motion",test,20260911
temporal_style,"Snow rocky mountains peaks canyon. snow blanketed rocky mountains surround and shadow deep canyons. the canyons twist and bend through the high elevated mountain peaks, with an intense shaking effect",test,20260911
temporal_style,"The bund Shanghai, zoom out",test,20260911
temporal_style,"An astronaut flying in space, in super slow motion",test,20260911
temporal_style,"A cute happy Corgi playing in park, sunset, tilt up",test,20260911
temporal_style,"A couple in formal evening wear going home get caught in a heavy downpour with umbrellas, zoom out",test,20260911
temporal_style,"a shark is swimming in the ocean, racking focus",test,20260911
temporal_style,"Snow rocky mountains peaks canyon. snow blanketed rocky mountains surround and shadow deep canyons. the canyons twist and bend through the high elevated mountain peaks, featuring a steady and smooth perspective",test,20260911
temporal_style,"a shark is swimming in the ocean, zoom in",test,20260911
temporal_style,"A boat sailing leisurely along the Seine River with the Eiffel Tower in background, featuring a steady and smooth perspective",test,20260911
temporal_style,"Snow rocky mountains peaks canyon. snow blanketed rocky mountains surround and shadow deep canyons. the canyons twist and bend through the high elevated mountain peaks, tilt up",test,20260911
temporal_style,"Gwen Stacy reading a book, tilt down",test,20260911
temporal_style,"A panda drinking coffee in a cafe in Paris, tilt down",test,20260911
temporal_style,"A couple in formal evening wear going home get caught in a heavy downpour with umbrellas, zoom in",test,20260911
temporal_style,"The bund Shanghai, tilt up",test,20260911
temporal_style,"A panda drinking coffee in a cafe in Paris, with an intense shaking effect",test,20260911
temporal_style,"A couple in formal evening wear going home get caught in a heavy downpour with umbrellas, racking focus",test,20260911
